ruta_relativa,carpeta,archivo,extension,tamano_bytes,fecha_modificacion,sha256,categoria,rol,es_material_piloto,copiado_a_material_piloto,duplicado_byte_a_byte_de
Analisis agosto/.RData,Analisis agosto,.RData,,468653,2026-08-25 21:32:46,ae7fcccd49fc0c6360e92b5149e555be18357483f4d448670c3337738e65907c,AUXILIAR,estado de sesión de R,NO,NO_COPIADO,
Analisis agosto/.Rhistory,Analisis agosto,.Rhistory,,16423,2026-08-25 21:32:39,b634e270e4da196e8e3d47e3befd6eda841be4d49f279be02ca65a7e1726e11e,AUXILIAR,estado de sesión de R,NO,NO_COPIADO,
Analisis agosto/analisis_piloto/README_ANALISIS_PILOTO.txt,Analisis agosto/analisis_piloto,README_ANALISIS_PILOTO.txt,.txt,2145,2026-08-24 21:10:39,f25f84d4327e7f72e13c2b09ec2bff23b9ea12592ed1046f682035239b75d1c7,PILOTO_DOC,reporte de ejecución del análisis del piloto,SI,03_resultados/README_ANALISIS_PILOTO.txt,
Analisis agosto/analisis_piloto/datos/README_DATOS_PILOTO.txt,Analisis agosto/analisis_piloto/datos,README_DATOS_PILOTO.txt,.txt,3982,2026-08-24 21:30:26,217154ae1c5c32dc1a8a420344bfd797a1d9d28d4f7255a9067459cb4ba1dc82,PILOTO_DATO_PROCESADO,objeto procesado del piloto (17 participantes),SI,02_datos_procesados/datos/README_DATOS_PILOTO.txt,
Analisis agosto/analisis_piloto/datos/ancho_piloto_completo.csv,Analisis agosto/analisis_piloto/datos,ancho_piloto_completo.csv,.csv,77351,2026-08-24 21:26:42,0f1a77ded2a987b531bab3850472dcc8286412f53f9c6cef155f5aac5b9799d6,PILOTO_DATO_PROCESADO,objeto procesado del piloto (17 participantes),SI,02_datos_procesados/datos/ancho_piloto_completo.csv,
Analisis agosto/analisis_piloto/datos/ancho_piloto_completo.rds,Analisis agosto/analisis_piloto/datos,ancho_piloto_completo.rds,.rds,13891,2026-08-24 21:26:41,6df82c20ce7d61872349d8b1628dfa1adcbceef1367ca69e472e0551b53c9f2e,PILOTO_DATO_PROCESADO,objeto procesado del piloto (17 participantes),SI,02_datos_procesados/datos/ancho_piloto_completo.rds,
Analisis agosto/analisis_piloto/datos/embeddings_piloto_t1.rds,Analisis agosto/analisis_piloto/datos,embeddings_piloto_t1.rds,.rds,50083,2026-08-24 21:26:39,9f78cbfb82d3c5c686e189d3ae42192ac99d36f167dc65e688d2e32949f05b4d,PILOTO_DATO_PROCESADO,objeto procesado del piloto (17 participantes),SI,02_datos_procesados/datos/embeddings_piloto_t1.rds,
Analisis agosto/analisis_piloto/datos/embeddings_piloto_t2.rds,Analisis agosto/analisis_piloto/datos,embeddings_piloto_t2.rds,.rds,50072,2026-08-24 21:26:40,5906bbdbe8fa002daee6c2a1578d204ddf990465e6f28172134dbce0c131e5ee,PILOTO_DATO_PROCESADO,objeto procesado del piloto (17 participantes),SI,02_datos_procesados/datos/embeddings_piloto_t2.rds,
Analisis agosto/analisis_piloto/datos/embeddings_piloto_t3.rds,Analisis agosto/analisis_piloto/datos,embeddings_piloto_t3.rds,.rds,50067,2026-08-24 21:26:41,c1636e67ed2c3ac35adbbcfcb6df0c1983a6ccd995710dbad8c9a52f9837663c,PILOTO_DATO_PROCESADO,objeto procesado del piloto (17 participantes),SI,02_datos_procesados/datos/embeddings_piloto_t3.rds,
Analisis agosto/analisis_piloto/datos/piloto_identificacion.csv,Analisis agosto/analisis_piloto/datos,piloto_identificacion.csv,.csv,560,2026-08-24 21:26:44,cd369c37e8566929010515f1a3eeb0c5d903b0e25b586b02d214ddc04c5dd3e1,PILOTO_DATO_PROCESADO,objeto procesado del piloto (17 participantes),SI,02_datos_procesados/datos/piloto_identificacion.csv,
Analisis agosto/analisis_piloto/datos/piloto_longitudinal.csv,Analisis agosto/analisis_piloto/datos,piloto_longitudinal.csv,.csv,2987,2026-08-24 21:10:24,9add1c5d8977f90079309c69bea622d05162e6c8babc5e827851cae4eb85ff09,PILOTO_DATO_PROCESADO,objeto procesado del piloto (17 participantes),SI,02_datos_procesados/datos/piloto_longitudinal.csv,
Analisis agosto/analisis_piloto/datos/piloto_metricas_linguisticas.csv,Analisis agosto/analisis_piloto/datos,piloto_metricas_linguisticas.csv,.csv,695,2026-08-24 21:26:46,34ee24e29d7890250657dd8abc3957106d11f0c3cda2d81887b5e4900a413493,PILOTO_DATO_PROCESADO,objeto procesado del piloto (17 participantes),SI,02_datos_procesados/datos/piloto_metricas_linguisticas.csv,
Analisis agosto/analisis_piloto/datos/principal_longitudinal.csv,Analisis agosto/analisis_piloto/datos,principal_longitudinal.csv,.csv,4200,2026-08-24 21:10:25,930f3a7304c2cf0095686f9d55ac4df9ade9b1a0e8a6b2badcde3d41387d04f6,PILOTO_DATO_PROCESADO,objeto procesado del piloto (17 participantes),SI,02_datos_procesados/datos/principal_longitudinal.csv,
Analisis agosto/analisis_piloto/datos_piloto_extra/README_objetos_piloto.txt,Analisis agosto/analisis_piloto/datos_piloto_extra,README_objetos_piloto.txt,.txt,890,2026-08-24 21:13:30,7ffae46881c98b5877e7e1e7d7b4678da96513ae0c0cfeb289c0dd7ac01985ac,PILOTO_DOC,reporte de ejecución del análisis del piloto,SI,02_datos_procesados/datos_piloto_extra/README_objetos_piloto.txt,
Analisis agosto/analisis_piloto/datos_piloto_extra/ancho_piloto_completo.csv,Analisis agosto/analisis_piloto/datos_piloto_extra,ancho_piloto_completo.csv,.csv,40191,2026-08-24 21:13:21,e6f6a4cb81ec9b5432df6f47fcdf3a228ec4b07ea04372a11a639c9e8fa14915,PILOTO_DATO_PROCESADO,objeto procesado del piloto (17 participantes),SI,02_datos_procesados/datos_piloto_extra/ancho_piloto_completo.csv,
Analisis agosto/analisis_piloto/datos_piloto_extra/ancho_piloto_completo.rds,Analisis agosto/analisis_piloto/datos_piloto_extra,ancho_piloto_completo.rds,.rds,9024,2026-08-24 21:13:21,57cd439e8e951d7efb87b8c8066b533ccf3e5388667fe5bf8853a8cc17613540,PILOTO_DATO_PROCESADO,objeto procesado del piloto (17 participantes),SI,02_datos_procesados/datos_piloto_extra/ancho_piloto_completo.rds,
Analisis agosto/analisis_piloto/datos_piloto_extra/ancho_piloto_prototipos.csv,Analisis agosto/analisis_piloto/datos_piloto_extra,ancho_piloto_prototipos.csv,.csv,1342,2026-08-24 21:13:17,1ce43dd85d2b67110d2a6239ffd2ac3922f1e031254e7f4af8ce4454f712fe23,PILOTO_DATO_PROCESADO,objeto procesado del piloto (17 participantes),SI,02_datos_procesados/datos_piloto_extra/ancho_piloto_prototipos.csv,
Analisis agosto/analisis_piloto/datos_piloto_extra/ancho_piloto_prototipos.rds,Analisis agosto/analisis_piloto/datos_piloto_extra,ancho_piloto_prototipos.rds,.rds,486,2026-08-24 21:13:17,0e63329dbca5daf070d017238db56ec499992b3e205db5b2eca1fd0f1fd21467,PILOTO_DATO_PROCESADO,objeto procesado del piloto (17 participantes),SI,02_datos_procesados/datos_piloto_extra/ancho_piloto_prototipos.rds,
Analisis agosto/analisis_piloto/datos_piloto_extra/ancho_piloto_semantica.csv,Analisis agosto/analisis_piloto/datos_piloto_extra,ancho_piloto_semantica.csv,.csv,218,2026-08-24 21:13:20,8fcfe3181a083d286b6f54d4ea890726bc64a93e4a366502fe134c0622f9edc5,PILOTO_DATO_PROCESADO,objeto procesado del piloto (17 participantes),SI,02_datos_procesados/datos_piloto_extra/ancho_piloto_semantica.csv,
Analisis agosto/analisis_piloto/datos_piloto_extra/ancho_piloto_semantica.rds,Analisis agosto/analisis_piloto/datos_piloto_extra,ancho_piloto_semantica.rds,.rds,215,2026-08-24 21:13:20,5ac3ae1620d3a8f9ceb570474347cb33c5816dd36356cab9eed3aedbd0e5cb0a,PILOTO_DATO_PROCESADO,objeto procesado del piloto (17 participantes),SI,02_datos_procesados/datos_piloto_extra/ancho_piloto_semantica.rds,
Analisis agosto/analisis_piloto/datos_piloto_extra/emb_piloto_t1.rds,Analisis agosto/analisis_piloto/datos_piloto_extra,emb_piloto_t1.rds,.rds,73,2026-08-24 21:13:12,9a067c2f139c790b3eb85860549a7f37385b3a85fa4a0b2f89ab01de84b093c3,PILOTO_DATO_PROCESADO,objeto procesado del piloto (17 participantes),SI,02_datos_procesados/datos_piloto_extra/emb_piloto_t1.rds,
Analisis agosto/analisis_piloto/datos_piloto_extra/emb_piloto_t2.rds,Analisis agosto/analisis_piloto/datos_piloto_extra,emb_piloto_t2.rds,.rds,73,2026-08-24 21:13:14,9a067c2f139c790b3eb85860549a7f37385b3a85fa4a0b2f89ab01de84b093c3,PILOTO_DATO_PROCESADO,objeto procesado del piloto (17 participantes),SI,02_datos_procesados/datos_piloto_extra/emb_piloto_t2.rds,Analisis agosto/analisis_piloto/datos_piloto_extra/emb_piloto_t1.rds
Analisis agosto/analisis_piloto/datos_piloto_extra/emb_piloto_t3.rds,Analisis agosto/analisis_piloto/datos_piloto_extra,emb_piloto_t3.rds,.rds,73,2026-08-24 21:13:15,9a067c2f139c790b3eb85860549a7f37385b3a85fa4a0b2f89ab01de84b093c3,PILOTO_DATO_PROCESADO,objeto procesado del piloto (17 participantes),SI,02_datos_procesados/datos_piloto_extra/emb_piloto_t3.rds,Analisis agosto/analisis_piloto/datos_piloto_extra/emb_piloto_t1.rds
Analisis agosto/analisis_piloto/diagnosticos/piloto_n_palabras_calculado_diagnosticos.csv,Analisis agosto/analisis_piloto/diagnosticos,piloto_n_palabras_calculado_diagnosticos.csv,.csv,2110,2026-08-24 21:09:58,ca0dbee142f04bb4f6ad5e1e1fe7d11698171e3740735e1d174fcbcc8a2763b1,PILOTO_DIAGNOSTICO,diagnóstico del modelo del piloto,SI,03_resultados/diagnosticos/piloto_n_palabras_calculado_diagnosticos.csv,
Analisis agosto/analisis_piloto/diagnosticos/piloto_n_palabras_calculado_performance.txt,Analisis agosto/analisis_piloto/diagnosticos,piloto_n_palabras_calculado_performance.txt,.txt,71393,2026-08-24 22:11:51,08806d20094fa85c33ddcef05c81f314db087f6d2a7db5073de9180b36370a35,PILOTO_DIAGNOSTICO,diagnóstico del modelo del piloto,SI,03_resultados/diagnosticos/piloto_n_palabras_calculado_performance.txt,
Analisis agosto/analisis_piloto/figures_en/COMPARISON_n_palabras_calculado_EN.pdf,Analisis agosto/analisis_piloto/figures_en,COMPARISON_n_palabras_calculado_EN.pdf,.pdf,33986,2026-08-24 21:10:13,0bf2ecd59c1a0cee67d8b0f4906bd3d22a4b169c5fc3030e60a33bce86039b2a,DOCUMENTO,"documento de estudio, resultados o resumen",NO,03_resultados/figuras_comparativas/COMPARISON_n_palabras_calculado_EN.pdf,
Analisis agosto/analisis_piloto/figures_en/COMPARISON_n_palabras_calculado_EN.png,Analisis agosto/analisis_piloto/figures_en,COMPARISON_n_palabras_calculado_EN.png,.png,340464,2026-08-24 21:10:13,0fa2ac9ffc1aa6a3ac4e03943c027d608ba1e72543622eaa6e2e8560ec5fd33b,PILOTO_FIGURA,figura comparativa piloto vs principal,SI,03_resultados/figuras_comparativas/COMPARISON_n_palabras_calculado_EN.png,
Analisis agosto/analisis_piloto/figures_en/PILOT_n_palabras_calculado_EN_distribucion.pdf,Analisis agosto/analisis_piloto/figures_en,PILOT_n_palabras_calculado_EN_distribucion.pdf,.pdf,29204,2026-08-24 21:07:18,29b7b7ea12664b21d4eb6b86bd8ccb42bc6d40f5b8ba5b27dda0bf585905bce3,DOCUMENTO,"documento de estudio, resultados o resumen",NO,03_resultados/figuras_piloto/PILOT_n_palabras_calculado_EN_distribucion.pdf,
Analisis agosto/analisis_piloto/figures_en/PILOT_n_palabras_calculado_EN_distribucion.png,Analisis agosto/analisis_piloto/figures_en,PILOT_n_palabras_calculado_EN_distribucion.png,.png,187106,2026-08-24 21:07:18,c1811aa383d13ab0b0a485b45b29642551a6ce2eda46e2d1910827f736bb5408,PILOTO_FIGURA,figura del piloto,SI,03_resultados/figuras_piloto/PILOT_n_palabras_calculado_EN_distribucion.png,
Analisis agosto/analisis_piloto/figures_en/PILOT_n_palabras_calculado_EN_individuales.pdf,Analisis agosto/analisis_piloto/figures_en,PILOT_n_palabras_calculado_EN_individuales.pdf,.pdf,29938,2026-08-24 21:07:16,9e34af7321f84855085fd7d2b87e6e7009c282274d1f7823899125f90a349740,DOCUMENTO,"documento de estudio, resultados o resumen",NO,03_resultados/figuras_piloto/PILOT_n_palabras_calculado_EN_individuales.pdf,
Analisis agosto/analisis_piloto/figures_en/PILOT_n_palabras_calculado_EN_individuales.png,Analisis agosto/analisis_piloto/figures_en,PILOT_n_palabras_calculado_EN_individuales.png,.png,447506,2026-08-24 21:07:16,1d81ccffcb5d06904891d3e94b002274508e79bc23f2ed9897fb9f6282e62d3c,PILOTO_FIGURA,figura del piloto,SI,03_resultados/figuras_piloto/PILOT_n_palabras_calculado_EN_individuales.png,
Analisis agosto/analisis_piloto/figures_en/PILOT_n_palabras_calculado_EN_trayectoria.pdf,Analisis agosto/analisis_piloto/figures_en,PILOT_n_palabras_calculado_EN_trayectoria.pdf,.pdf,33788,2026-08-24 21:07:14,db655ed47a33118f050de07f7f14a5a9b88db20c75ed407d9acc134eb4400af5,DOCUMENTO,"documento de estudio, resultados o resumen",NO,03_resultados/figuras_piloto/PILOT_n_palabras_calculado_EN_trayectoria.pdf,
Analisis agosto/analisis_piloto/figures_en/PILOT_n_palabras_calculado_EN_trayectoria.png,Analisis agosto/analisis_piloto/figures_en,PILOT_n_palabras_calculado_EN_trayectoria.png,.png,246709,2026-08-24 21:07:14,15f3ad4ca85c82421dd1d4e52f99ef1806d16ab8cae360f59438c5f3aef225b2,PILOTO_FIGURA,figura del piloto,SI,03_resultados/figuras_piloto/PILOT_n_palabras_calculado_EN_trayectoria.png,
Analisis agosto/analisis_piloto/graficas_es/COMPARACION_n_palabras_calculado_ES.pdf,Analisis agosto/analisis_piloto/graficas_es,COMPARACION_n_palabras_calculado_ES.pdf,.pdf,32580,2026-08-24 21:10:11,23c0568b0d89630400dfaf43caf643236a5e50be5f8c83fa92aa27be0fc3d952,DOCUMENTO,"documento de estudio, resultados o resumen",NO,03_resultados/figuras_comparativas/COMPARACION_n_palabras_calculado_ES.pdf,
Analisis agosto/analisis_piloto/graficas_es/COMPARACION_n_palabras_calculado_ES.png,Analisis agosto/analisis_piloto/graficas_es,COMPARACION_n_palabras_calculado_ES.png,.png,340551,2026-08-24 21:10:09,a8c48a07faed63177ae9bccc7f2161ac02c8b109c8911f594c98f3cea4c02633,PILOTO_FIGURA,figura comparativa piloto vs principal,SI,03_resultados/figuras_comparativas/COMPARACION_n_palabras_calculado_ES.png,
Analisis agosto/analisis_piloto/graficas_es/PILOTO_n_palabras_calculado_ES_distribucion.pdf,Analisis agosto/analisis_piloto/graficas_es,PILOTO_n_palabras_calculado_ES_distribucion.pdf,.pdf,29396,2026-08-24 21:07:12,fa200491d969656fe600003e117122a1b94ba65343e1594c1402afe14dbf3245,DOCUMENTO,"documento de estudio, resultados o resumen",NO,03_resultados/figuras_piloto/PILOTO_n_palabras_calculado_ES_distribucion.pdf,
Analisis agosto/analisis_piloto/graficas_es/PILOTO_n_palabras_calculado_ES_distribucion.png,Analisis agosto/analisis_piloto/graficas_es,PILOTO_n_palabras_calculado_ES_distribucion.png,.png,193143,2026-08-24 21:07:12,f7e8a00c4ee7c8d99fb1736292d6d9dcd9acac89a0a40e3faa26168d7f543f2b,PILOTO_FIGURA,figura del piloto,SI,03_resultados/figuras_piloto/PILOTO_n_palabras_calculado_ES_distribucion.png,
Analisis agosto/analisis_piloto/graficas_es/PILOTO_n_palabras_calculado_ES_individuales.pdf,Analisis agosto/analisis_piloto/graficas_es,PILOTO_n_palabras_calculado_ES_individuales.pdf,.pdf,29600,2026-08-24 21:07:09,f88f0e03459361fa35685beb33254875bdefb0d1a21ad51e375d740ead942351,DOCUMENTO,"documento de estudio, resultados o resumen",NO,03_resultados/figuras_piloto/PILOTO_n_palabras_calculado_ES_individuales.pdf,
Analisis agosto/analisis_piloto/graficas_es/PILOTO_n_palabras_calculado_ES_individuales.png,Analisis agosto/analisis_piloto/graficas_es,PILOTO_n_palabras_calculado_ES_individuales.png,.png,449872,2026-08-24 21:07:09,9f3de29262235bdca128f177d22d2a674d5e3e36d5c2eb93d39fef4b97f508fe,PILOTO_FIGURA,figura del piloto,SI,03_resultados/figuras_piloto/PILOTO_n_palabras_calculado_ES_individuales.png,
Analisis agosto/analisis_piloto/graficas_es/PILOTO_n_palabras_calculado_ES_trayectoria.pdf,Analisis agosto/analisis_piloto/graficas_es,PILOTO_n_palabras_calculado_ES_trayectoria.pdf,.pdf,32025,2026-08-24 21:07:08,52df314a8a9afede2210f086ca0c4abb080852ef549d491e895030e752e8306e,DOCUMENTO,"documento de estudio, resultados o resumen",NO,03_resultados/figuras_piloto/PILOTO_n_palabras_calculado_ES_trayectoria.pdf,
Analisis agosto/analisis_piloto/graficas_es/PILOTO_n_palabras_calculado_ES_trayectoria.png,Analisis agosto/analisis_piloto/graficas_es,PILOTO_n_palabras_calculado_ES_trayectoria.png,.png,244294,2026-08-24 21:07:07,30c125b1e139a14ec4bfa3afac42bff391cade12d7d4ed251743952ccbcf53e0,PILOTO_FIGURA,figura del piloto,SI,03_resultados/figuras_piloto/PILOTO_n_palabras_calculado_ES_trayectoria.png,
Analisis agosto/analisis_piloto/modelos/.Rhistory,Analisis agosto/analisis_piloto/modelos,.Rhistory,,1097,2026-09-05 00:33:08,e05f5e51a5001618c57fd259b8391d703d2a7d4d3f1409e207db1ab1fde6f11b,PILOTO_COMPARATIVO,modelo mixto del piloto,SI,NO_COPIADO,
Analisis agosto/analisis_piloto/modelos/modelos_comparativos.rds,Analisis agosto/analisis_piloto/modelos,modelos_comparativos.rds,.rds,103077,2026-08-24 21:10:19,0141c5756e6c26a9cf9a996685e7c4efa99355fec0fca3c6fe8b9bef903b5c50,PILOTO_COMPARATIVO,modelo mixto que incluye la cohorte principal,SI,03_resultados/modelos_comparativos/modelos_comparativos.rds,
Analisis agosto/analisis_piloto/modelos/modelos_piloto.rds,Analisis agosto/analisis_piloto/modelos,modelos_piloto.rds,.rds,113390,2026-08-24 21:10:16,3807307857365fc1008480e0dc929841ecd196a2630976c1f78bb1e74ed67192,PILOTO_COMPARATIVO,modelo mixto del piloto,SI,03_resultados/modelos_piloto/modelos_piloto.rds,
Analisis agosto/analisis_piloto/modelos/modelos_principal.rds,Analisis agosto/analisis_piloto/modelos,modelos_principal.rds,.rds,117415,2026-08-24 21:10:18,25a3ae0adf29cf581084d0774e13eb4aa25366157dbc324dba8aaa0f1aebc062,PILOTO_COMPARATIVO,modelo mixto que incluye la cohorte principal,SI,03_resultados/modelos_comparativos/modelos_principal.rds,
Analisis agosto/analisis_piloto/tablas/auditoria_piloto.csv,Analisis agosto/analisis_piloto/tablas,auditoria_piloto.csv,.csv,330,2026-08-24 21:03:28,35f17c77df8b245c53db44243499b009ed577f01e50901f289a669b9b2fb20d8,PILOTO_TABLA,tabla del piloto,SI,03_resultados/tablas_piloto/auditoria_piloto.csv,
Analisis agosto/analisis_piloto/tablas/auditoria_principal.csv,Analisis agosto/analisis_piloto/tablas,auditoria_principal.csv,.csv,299,2026-08-24 21:03:29,8483a2540f3a49c5a0691154066c1eda6256803ab2c946c632bc958bca9fdebd,PILOTO_COMPARATIVO,tabla que incluye la cohorte principal,SI,03_resultados/tablas_comparativas/auditoria_principal.csv,
Analisis agosto/analisis_piloto/tablas/comparacion_n_palabras_calculado_ANOVA.csv,Analisis agosto/analisis_piloto/tablas,comparacion_n_palabras_calculado_ANOVA.csv,.csv,815,2026-08-24 21:10:07,7c6d9f8fd179c0bbcb604c16ebc17586f84848364fc492efc9fd676cc106e3c5,PILOTO_COMPARATIVO,tabla que incluye la cohorte principal,SI,03_resultados/tablas_comparativas/comparacion_n_palabras_calculado_ANOVA.csv,
Analisis agosto/analisis_piloto/tablas/comparacion_n_palabras_calculado_EMM.csv,Analisis agosto/analisis_piloto/tablas,comparacion_n_palabras_calculado_EMM.csv,.csv,2031,2026-08-24 21:10:07,1990b83c64b1984e4abf561da7760b2b1a05ba02990600790eb458bbb2f49e1f,PILOTO_COMPARATIVO,tabla que incluye la cohorte principal,SI,03_resultados/tablas_comparativas/comparacion_n_palabras_calculado_EMM.csv,
Analisis agosto/analisis_piloto/tablas/descriptivos_condicion_tiempo.csv,Analisis agosto/analisis_piloto/tablas,descriptivos_condicion_tiempo.csv,.csv,2926,2026-08-24 21:03:33,77bdebc7ada8458dbf09a5860eb53f88eb81eaf0979ff054b34d5e4f7bb2fe0e,PILOTO_COMPARATIVO,tabla que incluye la cohorte principal,SI,03_resultados/tablas_comparativas/descriptivos_condicion_tiempo.csv,
Analisis agosto/analisis_piloto/tablas/interaccion_fuente_tiempo.csv,Analisis agosto/analisis_piloto/tablas,interaccion_fuente_tiempo.csv,.csv,156,2026-08-24 21:10:07,7eac205535002ff6878bd159dfbf7b02343cd51ea8f059ecbb4441d390d7d424,PILOTO_COMPARATIVO,tabla que incluye la cohorte principal,SI,03_resultados/tablas_comparativas/interaccion_fuente_tiempo.csv,
Analisis agosto/analisis_piloto/tablas/piloto_modelos_excluidos.csv,Analisis agosto/analisis_piloto/tablas,piloto_modelos_excluidos.csv,.csv,23,2026-08-24 21:06:54,acedba0731dd05019218726113357a91e281edea7f995802b082aeaa0b298b10,PILOTO_TABLA,tabla del piloto,SI,03_resultados/tablas_piloto/piloto_modelos_excluidos.csv,
Analisis agosto/analisis_piloto/tablas/piloto_n_palabras_calculado_EMM.csv,Analisis agosto/analisis_piloto/tablas,piloto_n_palabras_calculado_EMM.csv,.csv,965,2026-08-24 21:06:56,6b7bca8cbdd2def5614fd28ee7ab40ac50e36c81dc50c5fa1a12c2b140007b2d,PILOTO_TABLA,tabla del piloto,SI,03_resultados/tablas_piloto/piloto_n_palabras_calculado_EMM.csv,
Analisis agosto/analisis_piloto/tablas/piloto_n_palabras_calculado_contrastes_cond.csv,Analisis agosto/analisis_piloto/tablas,piloto_n_palabras_calculado_contrastes_cond.csv,.csv,1055,2026-08-24 21:06:56,66ded6059f2fe0eea81ffd61f337f442fe95f21801580855caa72f1c75de3f08,PILOTO_TABLA,tabla del piloto,SI,03_resultados/tablas_piloto/piloto_n_palabras_calculado_contrastes_cond.csv,
Analisis agosto/analisis_piloto/tablas/piloto_n_palabras_calculado_contrastes_tiempo.csv,Analisis agosto/analisis_piloto/tablas,piloto_n_palabras_calculado_contrastes_tiempo.csv,.csv,892,2026-08-24 21:06:57,22692dabb50ed6dcc1f21cdf81c9f065ec4e66e5d40d413e47c3e8c802678d79,PILOTO_TABLA,tabla del piloto,SI,03_resultados/tablas_piloto/piloto_n_palabras_calculado_contrastes_tiempo.csv,
Analisis agosto/analisis_piloto/tablas/principal_modelos_excluidos.csv,Analisis agosto/analisis_piloto/tablas,principal_modelos_excluidos.csv,.csv,23,2026-08-24 21:06:55,acedba0731dd05019218726113357a91e281edea7f995802b082aeaa0b298b10,PILOTO_COMPARATIVO,tabla que incluye la cohorte principal,SI,03_resultados/tablas_comparativas/principal_modelos_excluidos.csv,Analisis agosto/analisis_piloto/tablas/piloto_modelos_excluidos.csv
Analisis agosto/analisis_piloto/tablas/resumen_modelos_validos.csv,Analisis agosto/analisis_piloto/tablas,resumen_modelos_validos.csv,.csv,893,2026-08-24 21:06:53,c699891d0d8721e4c3ea48af9b80bc9efb75bb7eb7c837d0754b7c6eb1e13d31,PILOTO_COMPARATIVO,tabla que incluye la cohorte principal,SI,03_resultados/tablas_comparativas/resumen_modelos_validos.csv,
Analisis agosto/analisis_piloto/tablas/variables_comunes.csv,Analisis agosto/analisis_piloto/tablas,variables_comunes.csv,.csv,53,2026-08-24 20:51:09,1429aea44fac7c3a64cafc84613d7e20b0731a7023446ab30e8d71bc6ed15a29,PILOTO_COMPARATIVO,tabla que incluye la cohorte principal,SI,03_resultados/tablas_comparativas/variables_comunes.csv,
Analisis agosto/articulo_1/README_ARTICULO_1.txt,Analisis agosto/articulo_1,README_ARTICULO_1.txt,.txt,1752,2026-08-25 20:25:54,9cf6408e1f820f740adca4d74c26d46c0d568cd3dc9279eb6addde0a114a1b51,ARTICULO_1,material de la carpeta articulo_1 (figuras del conjunto combinado),NO,NO_COPIADO,
Analisis agosto/articulo_1/analisis_piloto/datos/piloto_longitudinal.csv,Analisis agosto/articulo_1/analisis_piloto/datos,piloto_longitudinal.csv,.csv,2987,2026-08-25 20:25:44,9add1c5d8977f90079309c69bea622d05162e6c8babc5e827851cae4eb85ff09,PILOTO_DATO_PROCESADO,objeto procesado del piloto (17 participantes),SI,NO_COPIADO,Analisis agosto/analisis_piloto/datos/piloto_longitudinal.csv
Analisis agosto/articulo_1/analisis_piloto/datos/principal_longitudinal.csv,Analisis agosto/articulo_1/analisis_piloto/datos,principal_longitudinal.csv,.csv,4200,2026-08-25 20:25:44,930f3a7304c2cf0095686f9d55ac4df9ade9b1a0e8a6b2badcde3d41387d04f6,PILOTO_DATO_PROCESADO,objeto procesado del piloto (17 participantes),SI,NO_COPIADO,Analisis agosto/analisis_piloto/datos/principal_longitudinal.csv
Analisis agosto/articulo_1/analisis_piloto/modelos/modelos_comparativos.rds,Analisis agosto/articulo_1/analisis_piloto/modelos,modelos_comparativos.rds,.rds,103077,2026-08-25 20:25:44,0141c5756e6c26a9cf9a996685e7c4efa99355fec0fca3c6fe8b9bef903b5c50,PILOTO_COMPARATIVO,modelo mixto que incluye la cohorte principal,SI,NO_COPIADO,Analisis agosto/analisis_piloto/modelos/modelos_comparativos.rds
Analisis agosto/articulo_1/analisis_piloto/modelos/modelos_piloto.rds,Analisis agosto/articulo_1/analisis_piloto/modelos,modelos_piloto.rds,.rds,113390,2026-08-25 20:25:44,3807307857365fc1008480e0dc929841ecd196a2630976c1f78bb1e74ed67192,PILOTO_COMPARATIVO,modelo mixto del piloto,SI,NO_COPIADO,Analisis agosto/analisis_piloto/modelos/modelos_piloto.rds
Analisis agosto/articulo_1/analisis_piloto/modelos/modelos_principal.rds,Analisis agosto/articulo_1/analisis_piloto/modelos,modelos_principal.rds,.rds,117415,2026-08-25 20:25:44,25a3ae0adf29cf581084d0774e13eb4aa25366157dbc324dba8aaa0f1aebc062,PILOTO_COMPARATIVO,modelo mixto que incluye la cohorte principal,SI,NO_COPIADO,Analisis agosto/analisis_piloto/modelos/modelos_principal.rds
Analisis agosto/articulo_1/analisis_piloto/tablas/auditoria_principal.csv,Analisis agosto/articulo_1/analisis_piloto/tablas,auditoria_principal.csv,.csv,299,2026-08-25 20:25:45,8483a2540f3a49c5a0691154066c1eda6256803ab2c946c632bc958bca9fdebd,PILOTO_COMPARATIVO,tabla que incluye la cohorte principal,SI,NO_COPIADO,Analisis agosto/analisis_piloto/tablas/auditoria_principal.csv
Analisis agosto/articulo_1/analisis_piloto/tablas/descriptivos_condicion_tiempo.csv,Analisis agosto/articulo_1/analisis_piloto/tablas,descriptivos_condicion_tiempo.csv,.csv,2926,2026-08-25 20:25:45,77bdebc7ada8458dbf09a5860eb53f88eb81eaf0979ff054b34d5e4f7bb2fe0e,PILOTO_COMPARATIVO,tabla que incluye la cohorte principal,SI,NO_COPIADO,Analisis agosto/analisis_piloto/tablas/descriptivos_condicion_tiempo.csv
Analisis agosto/articulo_1/auditoria_archivos_generados.csv,Analisis agosto/articulo_1,auditoria_archivos_generados.csv,.csv,20462,2026-08-25 20:21:11,56d631f0b957407fec71e998c618781116fe92ca1211d6d896621c3814881c85,ARTICULO_1,material de la carpeta articulo_1 (figuras del conjunto combinado),NO,NO_COPIADO,Analisis agosto/auditoria_archivos_generados.csv
Analisis agosto/articulo_1/resultados/graficos español/figura_02_linguistica_es.png,Analisis agosto/articulo_1/resultados/graficos español,figura_02_linguistica_es.png,.png,112109,2026-08-25 20:25:45,65ba4f1bc511ab4324701b58335dd229ab463003c111b92ad16b413a1f46da6d,ARTICULO_1,material de la carpeta articulo_1 (figuras del conjunto combinado),NO,NO_COPIADO,Analisis agosto/resultados/graficos español/figura_02_linguistica_es.png
Analisis agosto/articulo_1/resultados/graficos español/figura_03_hopper_es.png,Analisis agosto/articulo_1/resultados/graficos español,figura_03_hopper_es.png,.png,99422,2026-08-25 20:25:45,d034f35cbcaaab387c10ec8477c72ccdb2f07f06052413fbdb18b076e16a1bee,ARTICULO_1,material de la carpeta articulo_1 (figuras del conjunto combinado),NO,NO_COPIADO,Analisis agosto/resultados/graficos español/figura_03_hopper_es.png
Analisis agosto/articulo_1/resultados/graficos español/figura_04_similitud_es.png,Analisis agosto/articulo_1/resultados/graficos español,figura_04_similitud_es.png,.png,71237,2026-08-25 20:25:45,9c60a82ed2d9919440417ef0478dae4b3f67692decc65242f8a9bbae8ecea5cb,ARTICULO_1,material de la carpeta articulo_1 (figuras del conjunto combinado),NO,NO_COPIADO,Analisis agosto/resultados/graficos español/figura_04_similitud_es.png
Analisis agosto/articulo_1/resultados/graficos español/figura_05_prototipos_es.png,Analisis agosto/articulo_1/resultados/graficos español,figura_05_prototipos_es.png,.png,109804,2026-08-25 20:25:45,d62adebc07fd7d597d93021696902f4f1e08f6e4af5c2a6c118790378040ea16,ARTICULO_1,material de la carpeta articulo_1 (figuras del conjunto combinado),NO,NO_COPIADO,Analisis agosto/resultados/graficos español/figura_05_prototipos_es.png
Analisis agosto/articulo_1/resultados/graficos español/figura_06_pca_es.png,Analisis agosto/articulo_1/resultados/graficos español,figura_06_pca_es.png,.png,180215,2026-08-25 20:25:45,d7a8f9020a90c9d09d58b5793c5d2df5e709dc580b3955b49794909d933d7084,ARTICULO_1,material de la carpeta articulo_1 (figuras del conjunto combinado),NO,NO_COPIADO,Analisis agosto/resultados/graficos español/figura_06_pca_es.png
Analisis agosto/articulo_1/resultados/graficos español/figura_07_cambio_semantico_es.png,Analisis agosto/articulo_1/resultados/graficos español,figura_07_cambio_semantico_es.png,.png,70155,2026-08-25 20:25:45,7ecca0bd7035e0fdf390b4fe71905dbeeb5df0e768bfc36edb511d4e153cad23,ARTICULO_1,material de la carpeta articulo_1 (figuras del conjunto combinado),NO,NO_COPIADO,Analisis agosto/resultados/graficos español/figura_07_cambio_semantico_es.png
Analisis agosto/articulo_1/resultados/graficos español/figura_08_correlaciones_es.png,Analisis agosto/articulo_1/resultados/graficos español,figura_08_correlaciones_es.png,.png,13357,2026-08-25 20:25:45,33b5349fbff3d02d191f3c6da5da94ba4d9d514d0bcf9d4b1db3d0aa51da1b32,ARTICULO_1,material de la carpeta articulo_1 (figuras del conjunto combinado),NO,NO_COPIADO,Analisis agosto/resultados/graficos español/figura_08_correlaciones_es.png
Analisis agosto/articulo_1/resultados/tablas/cambios_prototipos.csv,Analisis agosto/articulo_1/resultados/tablas,cambios_prototipos.csv,.csv,597,2026-08-25 20:25:44,d6539371266c6e1559494066a801e875b6257a9bc57092ec6e319d53b2aed9f7,ARTICULO_1,material de la carpeta articulo_1 (figuras del conjunto combinado),NO,NO_COPIADO,Analisis agosto/resultados/tablas/cambios_prototipos.csv
Analisis agosto/articulo_1/resultados/tablas/descriptivos_hopper.csv,Analisis agosto/articulo_1/resultados/tablas,descriptivos_hopper.csv,.csv,4424,2026-08-25 20:25:44,6cbc1c1a28fb93b7dfc220433894881d4b4efd55763d95306f28ccebf9533e51,ARTICULO_1,material de la carpeta articulo_1 (figuras del conjunto combinado),NO,NO_COPIADO,Analisis agosto/resultados/tablas/descriptivos_hopper.csv
Analisis agosto/articulo_1/resultados/tablas/descriptivos_linguistica.csv,Analisis agosto/articulo_1/resultados/tablas,descriptivos_linguistica.csv,.csv,445,2026-08-25 20:25:44,de1fbbae50a9eab725c61b9b479b3004f89677f5b8f90a0e2945e8c05da949fc,ARTICULO_1,material de la carpeta articulo_1 (figuras del conjunto combinado),NO,NO_COPIADO,Analisis agosto/resultados/tablas/descriptivos_linguistica.csv
Analisis agosto/articulo_1/resultados/tablas/descriptivos_semantica.csv,Analisis agosto/articulo_1/resultados/tablas,descriptivos_semantica.csv,.csv,230,2026-08-25 20:25:44,3f4d300defb8823d739c36b6db4dbc31f433ca5e80d4ef955f13c69cdf6df6e8,ARTICULO_1,material de la carpeta articulo_1 (figuras del conjunto combinado),NO,NO_COPIADO,Analisis agosto/resultados/tablas/descriptivos_semantica.csv
Analisis agosto/articulo_1/resultados/tablas/distancia_euclidiana.csv,Analisis agosto/articulo_1/resultados/tablas,distancia_euclidiana.csv,.csv,128,2026-08-25 20:25:45,8820226561c30c59e49f5cc4f9b5532cfe79356a463efb42d3c91347f49abf1c,ARTICULO_1,material de la carpeta articulo_1 (figuras del conjunto combinado),NO,NO_COPIADO,Analisis agosto/resultados/tablas/distancia_euclidiana.csv
Analisis agosto/articulo_1/resultados/tablas/todas_tablas.xlsx,Analisis agosto/articulo_1/resultados/tablas,todas_tablas.xlsx,.xlsx,11905,2026-08-25 20:25:44,2aecc90632f4516375db2e8174327ac4f468c4baee9c089b818c454250965da6,ARTICULO_1,material de la carpeta articulo_1 (figuras del conjunto combinado),NO,NO_COPIADO,Analisis agosto/resultados/tablas/todas_tablas.xlsx
Analisis agosto/auditoria_archivos_generados.csv,Analisis agosto,auditoria_archivos_generados.csv,.csv,20462,2026-08-25 20:07:12,56d631f0b957407fec71e998c618781116fe92ca1211d6d896621c3814881c85,AUXILIAR,auditoría de archivos generados,NO,NO_COPIADO,
Analisis agosto/data/lexicons/nrc_es.rds,Analisis agosto/data/lexicons,nrc_es.rds,.rds,30661,2026-08-24 13:19:14,9d09f52fa60fddea24b244caa21e2109fdd131d19990dea6f2be1d4567b3f1ac,DEPENDENCIA,diccionario/lexicón de apoyo,NO,NO_COPIADO,
Analisis agosto/diccionarios_enriquecidos.RData,Analisis agosto,diccionarios_enriquecidos.RData,.rdata,2119,2026-08-24 13:29:00,398c5c26d1d86d802d072f579d61df614462b72ec41b009d26014aa2e60fa284,AUXILIAR,estado de sesión de R,NO,NO_COPIADO,
Analisis agosto/experimento_log.txt,Analisis agosto,experimento_log.txt,.txt,2012,2026-08-24 20:36:06,cea664416a24b8310e6902b411a72207ba307cbc3628ec5ccfbfdb5d935ec948,PILOTO_DOC,log de la corrida del 24 de agosto (incluye el piloto),SI,05_auditoria/origen/experimento_log_Analisis_agosto.txt,
Analisis agosto/para_articulos/analisis_piloto/README_ANALISIS_PILOTO.txt,Analisis agosto/para_articulos/analisis_piloto,README_ANALISIS_PILOTO.txt,.txt,2145,2026-08-25 20:17:33,f25f84d4327e7f72e13c2b09ec2bff23b9ea12592ed1046f682035239b75d1c7,PILOTO_DOC,reporte de ejecución del análisis del piloto,SI,NO_COPIADO,Analisis agosto/analisis_piloto/README_ANALISIS_PILOTO.txt
Analisis agosto/para_articulos/analisis_piloto/datos/README_DATOS_PILOTO.txt,Analisis agosto/para_articulos/analisis_piloto/datos,README_DATOS_PILOTO.txt,.txt,3982,2026-08-25 20:17:33,217154ae1c5c32dc1a8a420344bfd797a1d9d28d4f7255a9067459cb4ba1dc82,PILOTO_DATO_PROCESADO,objeto procesado del piloto (17 participantes),SI,NO_COPIADO,Analisis agosto/analisis_piloto/datos/README_DATOS_PILOTO.txt
Analisis agosto/para_articulos/analisis_piloto/datos/ancho_piloto_completo.csv,Analisis agosto/para_articulos/analisis_piloto/datos,ancho_piloto_completo.csv,.csv,77351,2026-08-25 20:17:33,0f1a77ded2a987b531bab3850472dcc8286412f53f9c6cef155f5aac5b9799d6,PILOTO_DATO_PROCESADO,objeto procesado del piloto (17 participantes),SI,NO_COPIADO,Analisis agosto/analisis_piloto/datos/ancho_piloto_completo.csv
Analisis agosto/para_articulos/analisis_piloto/datos/ancho_piloto_completo.rds,Analisis agosto/para_articulos/analisis_piloto/datos,ancho_piloto_completo.rds,.rds,13891,2026-08-25 20:17:33,6df82c20ce7d61872349d8b1628dfa1adcbceef1367ca69e472e0551b53c9f2e,PILOTO_DATO_PROCESADO,objeto procesado del piloto (17 participantes),SI,NO_COPIADO,Analisis agosto/analisis_piloto/datos/ancho_piloto_completo.rds
Analisis agosto/para_articulos/analisis_piloto/datos/embeddings_piloto_t1.rds,Analisis agosto/para_articulos/analisis_piloto/datos,embeddings_piloto_t1.rds,.rds,50083,2026-08-25 20:17:33,9f78cbfb82d3c5c686e189d3ae42192ac99d36f167dc65e688d2e32949f05b4d,PILOTO_DATO_PROCESADO,objeto procesado del piloto (17 participantes),SI,NO_COPIADO,Analisis agosto/analisis_piloto/datos/embeddings_piloto_t1.rds
Analisis agosto/para_articulos/analisis_piloto/datos/embeddings_piloto_t2.rds,Analisis agosto/para_articulos/analisis_piloto/datos,embeddings_piloto_t2.rds,.rds,50072,2026-08-25 20:17:33,5906bbdbe8fa002daee6c2a1578d204ddf990465e6f28172134dbce0c131e5ee,PILOTO_DATO_PROCESADO,objeto procesado del piloto (17 participantes),SI,NO_COPIADO,Analisis agosto/analisis_piloto/datos/embeddings_piloto_t2.rds
Analisis agosto/para_articulos/analisis_piloto/datos/embeddings_piloto_t3.rds,Analisis agosto/para_articulos/analisis_piloto/datos,embeddings_piloto_t3.rds,.rds,50067,2026-08-25 20:17:33,c1636e67ed2c3ac35adbbcfcb6df0c1983a6ccd995710dbad8c9a52f9837663c,PILOTO_DATO_PROCESADO,objeto procesado del piloto (17 participantes),SI,NO_COPIADO,Analisis agosto/analisis_piloto/datos/embeddings_piloto_t3.rds
Analisis agosto/para_articulos/analisis_piloto/datos/piloto_identificacion.csv,Analisis agosto/para_articulos/analisis_piloto/datos,piloto_identificacion.csv,.csv,560,2026-08-25 20:17:33,cd369c37e8566929010515f1a3eeb0c5d903b0e25b586b02d214ddc04c5dd3e1,PILOTO_DATO_PROCESADO,objeto procesado del piloto (17 participantes),SI,NO_COPIADO,Analisis agosto/analisis_piloto/datos/piloto_identificacion.csv
Analisis agosto/para_articulos/analisis_piloto/datos/piloto_longitudinal.csv,Analisis agosto/para_articulos/analisis_piloto/datos,piloto_longitudinal.csv,.csv,2987,2026-08-25 20:17:33,9add1c5d8977f90079309c69bea622d05162e6c8babc5e827851cae4eb85ff09,PILOTO_DATO_PROCESADO,objeto procesado del piloto (17 participantes),SI,NO_COPIADO,Analisis agosto/analisis_piloto/datos/piloto_longitudinal.csv
Analisis agosto/para_articulos/analisis_piloto/datos/piloto_metricas_linguisticas.csv,Analisis agosto/para_articulos/analisis_piloto/datos,piloto_metricas_linguisticas.csv,.csv,695,2026-08-25 20:17:33,34ee24e29d7890250657dd8abc3957106d11f0c3cda2d81887b5e4900a413493,PILOTO_DATO_PROCESADO,objeto procesado del piloto (17 participantes),SI,NO_COPIADO,Analisis agosto/analisis_piloto/datos/piloto_metricas_linguisticas.csv
Analisis agosto/para_articulos/analisis_piloto/datos/principal_longitudinal.csv,Analisis agosto/para_articulos/analisis_piloto/datos,principal_longitudinal.csv,.csv,4200,2026-08-25 20:17:33,930f3a7304c2cf0095686f9d55ac4df9ade9b1a0e8a6b2badcde3d41387d04f6,PILOTO_DATO_PROCESADO,objeto procesado del piloto (17 participantes),SI,NO_COPIADO,Analisis agosto/analisis_piloto/datos/principal_longitudinal.csv
Analisis agosto/para_articulos/analisis_piloto/datos_piloto_extra/README_objetos_piloto.txt,Analisis agosto/para_articulos/analisis_piloto/datos_piloto_extra,README_objetos_piloto.txt,.txt,890,2026-08-25 20:17:33,7ffae46881c98b5877e7e1e7d7b4678da96513ae0c0cfeb289c0dd7ac01985ac,PILOTO_DOC,reporte de ejecución del análisis del piloto,SI,NO_COPIADO,Analisis agosto/analisis_piloto/datos_piloto_extra/README_objetos_piloto.txt
Analisis agosto/para_articulos/analisis_piloto/datos_piloto_extra/ancho_piloto_completo.csv,Analisis agosto/para_articulos/analisis_piloto/datos_piloto_extra,ancho_piloto_completo.csv,.csv,40191,2026-08-25 20:17:33,e6f6a4cb81ec9b5432df6f47fcdf3a228ec4b07ea04372a11a639c9e8fa14915,PILOTO_DATO_PROCESADO,objeto procesado del piloto (17 participantes),SI,NO_COPIADO,Analisis agosto/analisis_piloto/datos_piloto_extra/ancho_piloto_completo.csv
Analisis agosto/para_articulos/analisis_piloto/datos_piloto_extra/ancho_piloto_completo.rds,Analisis agosto/para_articulos/analisis_piloto/datos_piloto_extra,ancho_piloto_completo.rds,.rds,9024,2026-08-25 20:17:33,57cd439e8e951d7efb87b8c8066b533ccf3e5388667fe5bf8853a8cc17613540,PILOTO_DATO_PROCESADO,objeto procesado del piloto (17 participantes),SI,NO_COPIADO,Analisis agosto/analisis_piloto/datos_piloto_extra/ancho_piloto_completo.rds
Analisis agosto/para_articulos/analisis_piloto/datos_piloto_extra/ancho_piloto_prototipos.csv,Analisis agosto/para_articulos/analisis_piloto/datos_piloto_extra,ancho_piloto_prototipos.csv,.csv,1342,2026-08-25 20:17:33,1ce43dd85d2b67110d2a6239ffd2ac3922f1e031254e7f4af8ce4454f712fe23,PILOTO_DATO_PROCESADO,objeto procesado del piloto (17 participantes),SI,NO_COPIADO,Analisis agosto/analisis_piloto/datos_piloto_extra/ancho_piloto_prototipos.csv
Analisis agosto/para_articulos/analisis_piloto/datos_piloto_extra/ancho_piloto_prototipos.rds,Analisis agosto/para_articulos/analisis_piloto/datos_piloto_extra,ancho_piloto_prototipos.rds,.rds,486,2026-08-25 20:17:33,0e63329dbca5daf070d017238db56ec499992b3e205db5b2eca1fd0f1fd21467,PILOTO_DATO_PROCESADO,objeto procesado del piloto (17 participantes),SI,NO_COPIADO,Analisis agosto/analisis_piloto/datos_piloto_extra/ancho_piloto_prototipos.rds
Analisis agosto/para_articulos/analisis_piloto/datos_piloto_extra/ancho_piloto_semantica.csv,Analisis agosto/para_articulos/analisis_piloto/datos_piloto_extra,ancho_piloto_semantica.csv,.csv,218,2026-08-25 20:17:33,8fcfe3181a083d286b6f54d4ea890726bc64a93e4a366502fe134c0622f9edc5,PILOTO_DATO_PROCESADO,objeto procesado del piloto (17 participantes),SI,NO_COPIADO,Analisis agosto/analisis_piloto/datos_piloto_extra/ancho_piloto_semantica.csv
Analisis agosto/para_articulos/analisis_piloto/datos_piloto_extra/ancho_piloto_semantica.rds,Analisis agosto/para_articulos/analisis_piloto/datos_piloto_extra,ancho_piloto_semantica.rds,.rds,215,2026-08-25 20:17:33,5ac3ae1620d3a8f9ceb570474347cb33c5816dd36356cab9eed3aedbd0e5cb0a,PILOTO_DATO_PROCESADO,objeto procesado del piloto (17 participantes),SI,NO_COPIADO,Analisis agosto/analisis_piloto/datos_piloto_extra/ancho_piloto_semantica.rds
Analisis agosto/para_articulos/analisis_piloto/datos_piloto_extra/emb_piloto_t1.rds,Analisis agosto/para_articulos/analisis_piloto/datos_piloto_extra,emb_piloto_t1.rds,.rds,73,2026-08-25 20:17:33,9a067c2f139c790b3eb85860549a7f37385b3a85fa4a0b2f89ab01de84b093c3,PILOTO_DATO_PROCESADO,objeto procesado del piloto (17 participantes),SI,NO_COPIADO,Analisis agosto/analisis_piloto/datos_piloto_extra/emb_piloto_t1.rds
Analisis agosto/para_articulos/analisis_piloto/datos_piloto_extra/emb_piloto_t2.rds,Analisis agosto/para_articulos/analisis_piloto/datos_piloto_extra,emb_piloto_t2.rds,.rds,73,2026-08-25 20:17:33,9a067c2f139c790b3eb85860549a7f37385b3a85fa4a0b2f89ab01de84b093c3,PILOTO_DATO_PROCESADO,objeto procesado del piloto (17 participantes),SI,NO_COPIADO,Analisis agosto/analisis_piloto/datos_piloto_extra/emb_piloto_t1.rds
Analisis agosto/para_articulos/analisis_piloto/datos_piloto_extra/emb_piloto_t3.rds,Analisis agosto/para_articulos/analisis_piloto/datos_piloto_extra,emb_piloto_t3.rds,.rds,73,2026-08-25 20:17:33,9a067c2f139c790b3eb85860549a7f37385b3a85fa4a0b2f89ab01de84b093c3,PILOTO_DATO_PROCESADO,objeto procesado del piloto (17 participantes),SI,NO_COPIADO,Analisis agosto/analisis_piloto/datos_piloto_extra/emb_piloto_t1.rds
Analisis agosto/para_articulos/analisis_piloto/diagnosticos/piloto_n_palabras_calculado_diagnosticos.csv,Analisis agosto/para_articulos/analisis_piloto/diagnosticos,piloto_n_palabras_calculado_diagnosticos.csv,.csv,2110,2026-08-25 20:17:33,ca0dbee142f04bb4f6ad5e1e1fe7d11698171e3740735e1d174fcbcc8a2763b1,PILOTO_DIAGNOSTICO,diagnóstico del modelo del piloto,SI,NO_COPIADO,Analisis agosto/analisis_piloto/diagnosticos/piloto_n_palabras_calculado_diagnosticos.csv
Analisis agosto/para_articulos/analisis_piloto/diagnosticos/piloto_n_palabras_calculado_performance.txt,Analisis agosto/para_articulos/analisis_piloto/diagnosticos,piloto_n_palabras_calculado_performance.txt,.txt,71393,2026-08-25 20:17:33,08806d20094fa85c33ddcef05c81f314db087f6d2a7db5073de9180b36370a35,PILOTO_DIAGNOSTICO,diagnóstico del modelo del piloto,SI,NO_COPIADO,Analisis agosto/analisis_piloto/diagnosticos/piloto_n_palabras_calculado_performance.txt
Analisis agosto/para_articulos/analisis_piloto/figures_en/COMPARISON_n_palabras_calculado_EN.pdf,Analisis agosto/para_articulos/analisis_piloto/figures_en,COMPARISON_n_palabras_calculado_EN.pdf,.pdf,33986,2026-08-25 20:17:33,0bf2ecd59c1a0cee67d8b0f4906bd3d22a4b169c5fc3030e60a33bce86039b2a,DOCUMENTO,"documento de estudio, resultados o resumen",NO,NO_COPIADO,Analisis agosto/analisis_piloto/figures_en/COMPARISON_n_palabras_calculado_EN.pdf
Analisis agosto/para_articulos/analisis_piloto/figures_en/COMPARISON_n_palabras_calculado_EN.png,Analisis agosto/para_articulos/analisis_piloto/figures_en,COMPARISON_n_palabras_calculado_EN.png,.png,340464,2026-08-25 20:17:33,0fa2ac9ffc1aa6a3ac4e03943c027d608ba1e72543622eaa6e2e8560ec5fd33b,PILOTO_FIGURA,figura comparativa piloto vs principal,SI,NO_COPIADO,Analisis agosto/analisis_piloto/figures_en/COMPARISON_n_palabras_calculado_EN.png
Analisis agosto/para_articulos/analisis_piloto/figures_en/PILOT_n_palabras_calculado_EN_distribucion.pdf,Analisis agosto/para_articulos/analisis_piloto/figures_en,PILOT_n_palabras_calculado_EN_distribucion.pdf,.pdf,29204,2026-08-25 20:17:33,29b7b7ea12664b21d4eb6b86bd8ccb42bc6d40f5b8ba5b27dda0bf585905bce3,DOCUMENTO,"documento de estudio, resultados o resumen",NO,NO_COPIADO,Analisis agosto/analisis_piloto/figures_en/PILOT_n_palabras_calculado_EN_distribucion.pdf
Analisis agosto/para_articulos/analisis_piloto/figures_en/PILOT_n_palabras_calculado_EN_distribucion.png,Analisis agosto/para_articulos/analisis_piloto/figures_en,PILOT_n_palabras_calculado_EN_distribucion.png,.png,187106,2026-08-25 20:17:33,c1811aa383d13ab0b0a485b45b29642551a6ce2eda46e2d1910827f736bb5408,PILOTO_FIGURA,figura del piloto,SI,NO_COPIADO,Analisis agosto/analisis_piloto/figures_en/PILOT_n_palabras_calculado_EN_distribucion.png
Analisis agosto/para_articulos/analisis_piloto/figures_en/PILOT_n_palabras_calculado_EN_individuales.pdf,Analisis agosto/para_articulos/analisis_piloto/figures_en,PILOT_n_palabras_calculado_EN_individuales.pdf,.pdf,29938,2026-08-25 20:17:33,9e34af7321f84855085fd7d2b87e6e7009c282274d1f7823899125f90a349740,DOCUMENTO,"documento de estudio, resultados o resumen",NO,NO_COPIADO,Analisis agosto/analisis_piloto/figures_en/PILOT_n_palabras_calculado_EN_individuales.pdf
Analisis agosto/para_articulos/analisis_piloto/figures_en/PILOT_n_palabras_calculado_EN_individuales.png,Analisis agosto/para_articulos/analisis_piloto/figures_en,PILOT_n_palabras_calculado_EN_individuales.png,.png,447506,2026-08-25 20:17:33,1d81ccffcb5d06904891d3e94b002274508e79bc23f2ed9897fb9f6282e62d3c,PILOTO_FIGURA,figura del piloto,SI,NO_COPIADO,Analisis agosto/analisis_piloto/figures_en/PILOT_n_palabras_calculado_EN_individuales.png
Analisis agosto/para_articulos/analisis_piloto/figures_en/PILOT_n_palabras_calculado_EN_trayectoria.pdf,Analisis agosto/para_articulos/analisis_piloto/figures_en,PILOT_n_palabras_calculado_EN_trayectoria.pdf,.pdf,33788,2026-08-25 20:17:33,db655ed47a33118f050de07f7f14a5a9b88db20c75ed407d9acc134eb4400af5,DOCUMENTO,"documento de estudio, resultados o resumen",NO,NO_COPIADO,Analisis agosto/analisis_piloto/figures_en/PILOT_n_palabras_calculado_EN_trayectoria.pdf
Analisis agosto/para_articulos/analisis_piloto/figures_en/PILOT_n_palabras_calculado_EN_trayectoria.png,Analisis agosto/para_articulos/analisis_piloto/figures_en,PILOT_n_palabras_calculado_EN_trayectoria.png,.png,246709,2026-08-25 20:17:33,15f3ad4ca85c82421dd1d4e52f99ef1806d16ab8cae360f59438c5f3aef225b2,PILOTO_FIGURA,figura del piloto,SI,NO_COPIADO,Analisis agosto/analisis_piloto/figures_en/PILOT_n_palabras_calculado_EN_trayectoria.png
Analisis agosto/para_articulos/analisis_piloto/graficas_es/COMPARACION_n_palabras_calculado_ES.pdf,Analisis agosto/para_articulos/analisis_piloto/graficas_es,COMPARACION_n_palabras_calculado_ES.pdf,.pdf,32580,2026-08-25 20:17:33,23c0568b0d89630400dfaf43caf643236a5e50be5f8c83fa92aa27be0fc3d952,DOCUMENTO,"documento de estudio, resultados o resumen",NO,NO_COPIADO,Analisis agosto/analisis_piloto/graficas_es/COMPARACION_n_palabras_calculado_ES.pdf
Analisis agosto/para_articulos/analisis_piloto/graficas_es/COMPARACION_n_palabras_calculado_ES.png,Analisis agosto/para_articulos/analisis_piloto/graficas_es,COMPARACION_n_palabras_calculado_ES.png,.png,340551,2026-08-25 20:17:33,a8c48a07faed63177ae9bccc7f2161ac02c8b109c8911f594c98f3cea4c02633,PILOTO_FIGURA,figura comparativa piloto vs principal,SI,NO_COPIADO,Analisis agosto/analisis_piloto/graficas_es/COMPARACION_n_palabras_calculado_ES.png
Analisis agosto/para_articulos/analisis_piloto/graficas_es/PILOTO_n_palabras_calculado_ES_distribucion.pdf,Analisis agosto/para_articulos/analisis_piloto/graficas_es,PILOTO_n_palabras_calculado_ES_distribucion.pdf,.pdf,29396,2026-08-25 20:17:33,fa200491d969656fe600003e117122a1b94ba65343e1594c1402afe14dbf3245,DOCUMENTO,"documento de estudio, resultados o resumen",NO,NO_COPIADO,Analisis agosto/analisis_piloto/graficas_es/PILOTO_n_palabras_calculado_ES_distribucion.pdf
Analisis agosto/para_articulos/analisis_piloto/graficas_es/PILOTO_n_palabras_calculado_ES_distribucion.png,Analisis agosto/para_articulos/analisis_piloto/graficas_es,PILOTO_n_palabras_calculado_ES_distribucion.png,.png,193143,2026-08-25 20:17:33,f7e8a00c4ee7c8d99fb1736292d6d9dcd9acac89a0a40e3faa26168d7f543f2b,PILOTO_FIGURA,figura del piloto,SI,NO_COPIADO,Analisis agosto/analisis_piloto/graficas_es/PILOTO_n_palabras_calculado_ES_distribucion.png
Analisis agosto/para_articulos/analisis_piloto/graficas_es/PILOTO_n_palabras_calculado_ES_individuales.pdf,Analisis agosto/para_articulos/analisis_piloto/graficas_es,PILOTO_n_palabras_calculado_ES_individuales.pdf,.pdf,29600,2026-08-25 20:17:33,f88f0e03459361fa35685beb33254875bdefb0d1a21ad51e375d740ead942351,DOCUMENTO,"documento de estudio, resultados o resumen",NO,NO_COPIADO,Analisis agosto/analisis_piloto/graficas_es/PILOTO_n_palabras_calculado_ES_individuales.pdf
Analisis agosto/para_articulos/analisis_piloto/graficas_es/PILOTO_n_palabras_calculado_ES_individuales.png,Analisis agosto/para_articulos/analisis_piloto/graficas_es,PILOTO_n_palabras_calculado_ES_individuales.png,.png,449872,2026-08-25 20:17:33,9f3de29262235bdca128f177d22d2a674d5e3e36d5c2eb93d39fef4b97f508fe,PILOTO_FIGURA,figura del piloto,SI,NO_COPIADO,Analisis agosto/analisis_piloto/graficas_es/PILOTO_n_palabras_calculado_ES_individuales.png
Analisis agosto/para_articulos/analisis_piloto/graficas_es/PILOTO_n_palabras_calculado_ES_trayectoria.pdf,Analisis agosto/para_articulos/analisis_piloto/graficas_es,PILOTO_n_palabras_calculado_ES_trayectoria.pdf,.pdf,32025,2026-08-25 20:17:33,52df314a8a9afede2210f086ca0c4abb080852ef549d491e895030e752e8306e,DOCUMENTO,"documento de estudio, resultados o resumen",NO,NO_COPIADO,Analisis agosto/analisis_piloto/graficas_es/PILOTO_n_palabras_calculado_ES_trayectoria.pdf
Analisis agosto/para_articulos/analisis_piloto/graficas_es/PILOTO_n_palabras_calculado_ES_trayectoria.png,Analisis agosto/para_articulos/analisis_piloto/graficas_es,PILOTO_n_palabras_calculado_ES_trayectoria.png,.png,244294,2026-08-25 20:17:33,30c125b1e139a14ec4bfa3afac42bff391cade12d7d4ed251743952ccbcf53e0,PILOTO_FIGURA,figura del piloto,SI,NO_COPIADO,Analisis agosto/analisis_piloto/graficas_es/PILOTO_n_palabras_calculado_ES_trayectoria.png
Analisis agosto/para_articulos/analisis_piloto/modelos/modelos_comparativos.rds,Analisis agosto/para_articulos/analisis_piloto/modelos,modelos_comparativos.rds,.rds,103077,2026-08-25 20:17:33,0141c5756e6c26a9cf9a996685e7c4efa99355fec0fca3c6fe8b9bef903b5c50,PILOTO_COMPARATIVO,modelo mixto que incluye la cohorte principal,SI,NO_COPIADO,Analisis agosto/analisis_piloto/modelos/modelos_comparativos.rds
Analisis agosto/para_articulos/analisis_piloto/modelos/modelos_piloto.rds,Analisis agosto/para_articulos/analisis_piloto/modelos,modelos_piloto.rds,.rds,113390,2026-08-25 20:17:33,3807307857365fc1008480e0dc929841ecd196a2630976c1f78bb1e74ed67192,PILOTO_COMPARATIVO,modelo mixto del piloto,SI,NO_COPIADO,Analisis agosto/analisis_piloto/modelos/modelos_piloto.rds
Analisis agosto/para_articulos/analisis_piloto/modelos/modelos_principal.rds,Analisis agosto/para_articulos/analisis_piloto/modelos,modelos_principal.rds,.rds,117415,2026-08-25 20:17:33,25a3ae0adf29cf581084d0774e13eb4aa25366157dbc324dba8aaa0f1aebc062,PILOTO_COMPARATIVO,modelo mixto que incluye la cohorte principal,SI,NO_COPIADO,Analisis agosto/analisis_piloto/modelos/modelos_principal.rds
Analisis agosto/para_articulos/analisis_piloto/tablas/auditoria_piloto.csv,Analisis agosto/para_articulos/analisis_piloto/tablas,auditoria_piloto.csv,.csv,330,2026-08-25 20:17:33,35f17c77df8b245c53db44243499b009ed577f01e50901f289a669b9b2fb20d8,PILOTO_TABLA,tabla del piloto,SI,NO_COPIADO,Analisis agosto/analisis_piloto/tablas/auditoria_piloto.csv
Analisis agosto/para_articulos/analisis_piloto/tablas/auditoria_principal.csv,Analisis agosto/para_articulos/analisis_piloto/tablas,auditoria_principal.csv,.csv,299,2026-08-25 20:17:33,8483a2540f3a49c5a0691154066c1eda6256803ab2c946c632bc958bca9fdebd,PILOTO_COMPARATIVO,tabla que incluye la cohorte principal,SI,NO_COPIADO,Analisis agosto/analisis_piloto/tablas/auditoria_principal.csv
Analisis agosto/para_articulos/analisis_piloto/tablas/comparacion_n_palabras_calculado_ANOVA.csv,Analisis agosto/para_articulos/analisis_piloto/tablas,comparacion_n_palabras_calculado_ANOVA.csv,.csv,815,2026-08-25 20:17:33,7c6d9f8fd179c0bbcb604c16ebc17586f84848364fc492efc9fd676cc106e3c5,PILOTO_COMPARATIVO,tabla que incluye la cohorte principal,SI,NO_COPIADO,Analisis agosto/analisis_piloto/tablas/comparacion_n_palabras_calculado_ANOVA.csv
Analisis agosto/para_articulos/analisis_piloto/tablas/comparacion_n_palabras_calculado_EMM.csv,Analisis agosto/para_articulos/analisis_piloto/tablas,comparacion_n_palabras_calculado_EMM.csv,.csv,2031,2026-08-25 20:17:33,1990b83c64b1984e4abf561da7760b2b1a05ba02990600790eb458bbb2f49e1f,PILOTO_COMPARATIVO,tabla que incluye la cohorte principal,SI,NO_COPIADO,Analisis agosto/analisis_piloto/tablas/comparacion_n_palabras_calculado_EMM.csv
Analisis agosto/para_articulos/analisis_piloto/tablas/descriptivos_condicion_tiempo.csv,Analisis agosto/para_articulos/analisis_piloto/tablas,descriptivos_condicion_tiempo.csv,.csv,2926,2026-08-25 20:17:33,77bdebc7ada8458dbf09a5860eb53f88eb81eaf0979ff054b34d5e4f7bb2fe0e,PILOTO_COMPARATIVO,tabla que incluye la cohorte principal,SI,NO_COPIADO,Analisis agosto/analisis_piloto/tablas/descriptivos_condicion_tiempo.csv
Analisis agosto/para_articulos/analisis_piloto/tablas/interaccion_fuente_tiempo.csv,Analisis agosto/para_articulos/analisis_piloto/tablas,interaccion_fuente_tiempo.csv,.csv,156,2026-08-25 20:17:33,7eac205535002ff6878bd159dfbf7b02343cd51ea8f059ecbb4441d390d7d424,PILOTO_COMPARATIVO,tabla que incluye la cohorte principal,SI,NO_COPIADO,Analisis agosto/analisis_piloto/tablas/interaccion_fuente_tiempo.csv
Analisis agosto/para_articulos/analisis_piloto/tablas/piloto_modelos_excluidos.csv,Analisis agosto/para_articulos/analisis_piloto/tablas,piloto_modelos_excluidos.csv,.csv,23,2026-08-25 20:17:33,acedba0731dd05019218726113357a91e281edea7f995802b082aeaa0b298b10,PILOTO_TABLA,tabla del piloto,SI,NO_COPIADO,Analisis agosto/analisis_piloto/tablas/piloto_modelos_excluidos.csv
Analisis agosto/para_articulos/analisis_piloto/tablas/piloto_n_palabras_calculado_EMM.csv,Analisis agosto/para_articulos/analisis_piloto/tablas,piloto_n_palabras_calculado_EMM.csv,.csv,965,2026-08-25 20:17:33,6b7bca8cbdd2def5614fd28ee7ab40ac50e36c81dc50c5fa1a12c2b140007b2d,PILOTO_TABLA,tabla del piloto,SI,NO_COPIADO,Analisis agosto/analisis_piloto/tablas/piloto_n_palabras_calculado_EMM.csv
Analisis agosto/para_articulos/analisis_piloto/tablas/piloto_n_palabras_calculado_contrastes_cond.csv,Analisis agosto/para_articulos/analisis_piloto/tablas,piloto_n_palabras_calculado_contrastes_cond.csv,.csv,1055,2026-08-25 20:17:33,66ded6059f2fe0eea81ffd61f337f442fe95f21801580855caa72f1c75de3f08,PILOTO_TABLA,tabla del piloto,SI,NO_COPIADO,Analisis agosto/analisis_piloto/tablas/piloto_n_palabras_calculado_contrastes_cond.csv
Analisis agosto/para_articulos/analisis_piloto/tablas/piloto_n_palabras_calculado_contrastes_tiempo.csv,Analisis agosto/para_articulos/analisis_piloto/tablas,piloto_n_palabras_calculado_contrastes_tiempo.csv,.csv,892,2026-08-25 20:17:33,22692dabb50ed6dcc1f21cdf81c9f065ec4e66e5d40d413e47c3e8c802678d79,PILOTO_TABLA,tabla del piloto,SI,NO_COPIADO,Analisis agosto/analisis_piloto/tablas/piloto_n_palabras_calculado_contrastes_tiempo.csv
Analisis agosto/para_articulos/analisis_piloto/tablas/principal_modelos_excluidos.csv,Analisis agosto/para_articulos/analisis_piloto/tablas,principal_modelos_excluidos.csv,.csv,23,2026-08-25 20:17:33,acedba0731dd05019218726113357a91e281edea7f995802b082aeaa0b298b10,PILOTO_COMPARATIVO,tabla que incluye la cohorte principal,SI,NO_COPIADO,Analisis agosto/analisis_piloto/tablas/piloto_modelos_excluidos.csv
Analisis agosto/para_articulos/analisis_piloto/tablas/resumen_modelos_validos.csv,Analisis agosto/para_articulos/analisis_piloto/tablas,resumen_modelos_validos.csv,.csv,893,2026-08-25 20:17:33,c699891d0d8721e4c3ea48af9b80bc9efb75bb7eb7c837d0754b7c6eb1e13d31,PILOTO_COMPARATIVO,tabla que incluye la cohorte principal,SI,NO_COPIADO,Analisis agosto/analisis_piloto/tablas/resumen_modelos_validos.csv
Analisis agosto/para_articulos/analisis_piloto/tablas/variables_comunes.csv,Analisis agosto/para_articulos/analisis_piloto/tablas,variables_comunes.csv,.csv,53,2026-08-25 20:17:33,1429aea44fac7c3a64cafc84613d7e20b0731a7023446ab30e8d71bc6ed15a29,PILOTO_COMPARATIVO,tabla que incluye la cohorte principal,SI,NO_COPIADO,Analisis agosto/analisis_piloto/tablas/variables_comunes.csv
Analisis agosto/para_articulos/auditoria_archivos_generados.csv,Analisis agosto/para_articulos,auditoria_archivos_generados.csv,.csv,20462,2026-08-25 20:17:40,56d631f0b957407fec71e998c618781116fe92ca1211d6d896621c3814881c85,DUPLICADO_ESPEJO,copia espejo de Analisis agosto (mismo hash que su gemelo),NO,NO_COPIADO,Analisis agosto/auditoria_archivos_generados.csv
Analisis agosto/para_articulos/data/lexicons/nrc_es.rds,Analisis agosto/para_articulos/data/lexicons,nrc_es.rds,.rds,30661,2026-08-25 20:17:33,9d09f52fa60fddea24b244caa21e2109fdd131d19990dea6f2be1d4567b3f1ac,DUPLICADO_ESPEJO,copia espejo de Analisis agosto (mismo hash que su gemelo),NO,NO_COPIADO,Analisis agosto/data/lexicons/nrc_es.rds
Analisis agosto/para_articulos/experimento_log.txt,Analisis agosto/para_articulos,experimento_log.txt,.txt,2012,2026-08-25 20:17:33,cea664416a24b8310e6902b411a72207ba307cbc3628ec5ccfbfdb5d935ec948,DUPLICADO_ESPEJO,copia espejo de Analisis agosto (mismo hash que su gemelo),NO,NO_COPIADO,Analisis agosto/experimento_log.txt
Analisis agosto/para_articulos/resultados/deepseek/00_instrucciones.txt,Analisis agosto/para_articulos/resultados/deepseek,00_instrucciones.txt,.txt,1002,2026-08-25 20:17:33,b4023ad07d4dfb9cfb81fcd5375b01476d08ba241ad3f7afb71ae378d5d08463,DUPLICADO_ESPEJO,copia espejo de Analisis agosto (mismo hash que su gemelo),NO,NO_COPIADO,Analisis agosto/resultados/deepseek/00_instrucciones.txt
Analisis agosto/para_articulos/resultados/deepseek/01_todas_tablas.xlsx,Analisis agosto/para_articulos/resultados/deepseek,01_todas_tablas.xlsx,.xlsx,11905,2026-08-25 20:17:33,2aecc90632f4516375db2e8174327ac4f468c4baee9c089b818c454250965da6,DUPLICADO_ESPEJO,copia espejo de Analisis agosto (mismo hash que su gemelo),NO,NO_COPIADO,Analisis agosto/resultados/tablas/todas_tablas.xlsx
Analisis agosto/para_articulos/resultados/deepseek/03_cambios_prototipos.csv,Analisis agosto/para_articulos/resultados/deepseek,03_cambios_prototipos.csv,.csv,597,2026-08-25 20:17:33,d6539371266c6e1559494066a801e875b6257a9bc57092ec6e319d53b2aed9f7,DUPLICADO_ESPEJO,copia espejo de Analisis agosto (mismo hash que su gemelo),NO,NO_COPIADO,Analisis agosto/resultados/tablas/cambios_prototipos.csv
Analisis agosto/para_articulos/resultados/deepseek/04_distancia_euclidiana.csv,Analisis agosto/para_articulos/resultados/deepseek,04_distancia_euclidiana.csv,.csv,128,2026-08-25 20:17:33,8820226561c30c59e49f5cc4f9b5532cfe79356a463efb42d3c91347f49abf1c,DUPLICADO_ESPEJO,copia espejo de Analisis agosto (mismo hash que su gemelo),NO,NO_COPIADO,Analisis agosto/resultados/tablas/distancia_euclidiana.csv
Analisis agosto/para_articulos/resultados/deepseek/10_resumen_para_deepseek.txt,Analisis agosto/para_articulos/resultados/deepseek,10_resumen_para_deepseek.txt,.txt,1819,2026-08-25 20:17:33,301e000ca02982be997e0a6985866883cc912c93133117461aabed1f8f35cbb4,DUPLICADO_ESPEJO,copia espejo de Analisis agosto (mismo hash que su gemelo),NO,NO_COPIADO,Analisis agosto/resultados/deepseek/10_resumen_para_deepseek.txt
Analisis agosto/para_articulos/resultados/embeddings_t1.rds,Analisis agosto/para_articulos/resultados,embeddings_t1.rds,.rds,117686,2026-08-25 20:17:33,77c2483300a3b91197037e2f30770aaad9a58037eb6b8748b0a66e9cf738150a,DUPLICADO_ESPEJO,copia espejo de Analisis agosto (mismo hash que su gemelo),NO,NO_COPIADO,Analisis agosto/resultados/embeddings_t1.rds
Analisis agosto/para_articulos/resultados/embeddings_t2.rds,Analisis agosto/para_articulos/resultados,embeddings_t2.rds,.rds,117702,2026-08-25 20:17:33,91406a7a3304412620a5f7f400ad86a27bc230f64ec3e7260a75c5b130e66ec0,DUPLICADO_ESPEJO,copia espejo de Analisis agosto (mismo hash que su gemelo),NO,NO_COPIADO,Analisis agosto/resultados/embeddings_t2.rds
Analisis agosto/para_articulos/resultados/embeddings_t3.rds,Analisis agosto/para_articulos/resultados,embeddings_t3.rds,.rds,117715,2026-08-25 20:17:33,2f87226eb496394da39f7489914de96adba998af59d33503eb1f87b33672d09c,DUPLICADO_ESPEJO,copia espejo de Analisis agosto (mismo hash que su gemelo),NO,NO_COPIADO,Analisis agosto/resultados/embeddings_t3.rds
Analisis agosto/para_articulos/resultados/graficos español/figura_02_linguistica_es.pdf,Analisis agosto/para_articulos/resultados/graficos español,figura_02_linguistica_es.pdf,.pdf,28607,2026-08-25 20:17:33,e4ec0f86e9efdf687e8a03589205227cfb089ca0aba252a6692ca42a03cc1730,DOCUMENTO,"documento de estudio, resultados o resumen",NO,NO_COPIADO,Analisis agosto/resultados/graficos español/figura_02_linguistica_es.pdf
Analisis agosto/para_articulos/resultados/graficos español/figura_02_linguistica_es.png,Analisis agosto/para_articulos/resultados/graficos español,figura_02_linguistica_es.png,.png,112109,2026-08-25 20:17:33,65ba4f1bc511ab4324701b58335dd229ab463003c111b92ad16b413a1f46da6d,DUPLICADO_ESPEJO,copia espejo de Analisis agosto (mismo hash que su gemelo),NO,NO_COPIADO,Analisis agosto/resultados/graficos español/figura_02_linguistica_es.png
Analisis agosto/para_articulos/resultados/graficos español/figura_03_hopper_es.pdf,Analisis agosto/para_articulos/resultados/graficos español,figura_03_hopper_es.pdf,.pdf,34153,2026-08-25 20:17:33,270a555c72b914f38d5be82b467b4d24feb6a1977a8bb5e31f70e280cc0c9ea4,DOCUMENTO,"documento de estudio, resultados o resumen",NO,NO_COPIADO,Analisis agosto/resultados/graficos español/figura_03_hopper_es.pdf
Analisis agosto/para_articulos/resultados/graficos español/figura_03_hopper_es.png,Analisis agosto/para_articulos/resultados/graficos español,figura_03_hopper_es.png,.png,99422,2026-08-25 20:17:33,d034f35cbcaaab387c10ec8477c72ccdb2f07f06052413fbdb18b076e16a1bee,DUPLICADO_ESPEJO,copia espejo de Analisis agosto (mismo hash que su gemelo),NO,NO_COPIADO,Analisis agosto/resultados/graficos español/figura_03_hopper_es.png
Analisis agosto/para_articulos/resultados/graficos español/figura_04_similitud_es.pdf,Analisis agosto/para_articulos/resultados/graficos español,figura_04_similitud_es.pdf,.pdf,30612,2026-08-25 20:17:33,2159faf9fa77a0c0b2920be7af14d1a87e18f0363160c344fb0a5f8f0348fb11,DOCUMENTO,"documento de estudio, resultados o resumen",NO,NO_COPIADO,Analisis agosto/resultados/graficos español/figura_04_similitud_es.pdf
Analisis agosto/para_articulos/resultados/graficos español/figura_04_similitud_es.png,Analisis agosto/para_articulos/resultados/graficos español,figura_04_similitud_es.png,.png,71237,2026-08-25 20:17:33,9c60a82ed2d9919440417ef0478dae4b3f67692decc65242f8a9bbae8ecea5cb,DUPLICADO_ESPEJO,copia espejo de Analisis agosto (mismo hash que su gemelo),NO,NO_COPIADO,Analisis agosto/resultados/graficos español/figura_04_similitud_es.png
Analisis agosto/para_articulos/resultados/graficos español/figura_05_prototipos_es.pdf,Analisis agosto/para_articulos/resultados/graficos español,figura_05_prototipos_es.pdf,.pdf,32094,2026-08-25 20:17:33,607cef09e2be82853a394134ea31d3de2027f782bef6dd732c3387cc178bede5,DOCUMENTO,"documento de estudio, resultados o resumen",NO,NO_COPIADO,Analisis agosto/resultados/graficos español/figura_05_prototipos_es.pdf
Analisis agosto/para_articulos/resultados/graficos español/figura_05_prototipos_es.png,Analisis agosto/para_articulos/resultados/graficos español,figura_05_prototipos_es.png,.png,109804,2026-08-25 20:17:33,d62adebc07fd7d597d93021696902f4f1e08f6e4af5c2a6c118790378040ea16,DUPLICADO_ESPEJO,copia espejo de Analisis agosto (mismo hash que su gemelo),NO,NO_COPIADO,Analisis agosto/resultados/graficos español/figura_05_prototipos_es.png
Analisis agosto/para_articulos/resultados/graficos español/figura_06_pca_es.pdf,Analisis agosto/para_articulos/resultados/graficos español,figura_06_pca_es.pdf,.pdf,31485,2026-08-25 20:17:33,f4f858a4ad7beffe650050a765cd46d98fb4f1a4d5e3874c32a5b42a204dc46c,DOCUMENTO,"documento de estudio, resultados o resumen",NO,NO_COPIADO,Analisis agosto/resultados/graficos español/figura_06_pca_es.pdf
Analisis agosto/para_articulos/resultados/graficos español/figura_06_pca_es.png,Analisis agosto/para_articulos/resultados/graficos español,figura_06_pca_es.png,.png,180215,2026-08-25 20:17:33,d7a8f9020a90c9d09d58b5793c5d2df5e709dc580b3955b49794909d933d7084,DUPLICADO_ESPEJO,copia espejo de Analisis agosto (mismo hash que su gemelo),NO,NO_COPIADO,Analisis agosto/resultados/graficos español/figura_06_pca_es.png
Analisis agosto/para_articulos/resultados/graficos español/figura_07_cambio_semantico_es.pdf,Analisis agosto/para_articulos/resultados/graficos español,figura_07_cambio_semantico_es.pdf,.pdf,34889,2026-08-25 20:17:33,b710c1dc7c26736b70a5f0c7c0de75ec4180e8fd0e5d6ebf14e6256a538a7970,DOCUMENTO,"documento de estudio, resultados o resumen",NO,NO_COPIADO,Analisis agosto/resultados/graficos español/figura_07_cambio_semantico_es.pdf
Analisis agosto/para_articulos/resultados/graficos español/figura_07_cambio_semantico_es.png,Analisis agosto/para_articulos/resultados/graficos español,figura_07_cambio_semantico_es.png,.png,70155,2026-08-25 20:17:33,7ecca0bd7035e0fdf390b4fe71905dbeeb5df0e768bfc36edb511d4e153cad23,DUPLICADO_ESPEJO,copia espejo de Analisis agosto (mismo hash que su gemelo),NO,NO_COPIADO,Analisis agosto/resultados/graficos español/figura_07_cambio_semantico_es.png
Analisis agosto/para_articulos/resultados/graficos español/figura_08_correlaciones_es.pdf,Analisis agosto/para_articulos/resultados/graficos español,figura_08_correlaciones_es.pdf,.pdf,7940,2026-08-25 20:17:33,085080983efa0c8271fcb6b40d33e634e30ca258c1eaa5e1d058a6cce750164f,DOCUMENTO,"documento de estudio, resultados o resumen",NO,NO_COPIADO,Analisis agosto/resultados/graficos español/figura_08_correlaciones_es.pdf
Analisis agosto/para_articulos/resultados/graficos español/figura_08_correlaciones_es.png,Analisis agosto/para_articulos/resultados/graficos español,figura_08_correlaciones_es.png,.png,13357,2026-08-25 20:17:33,33b5349fbff3d02d191f3c6da5da94ba4d9d514d0bcf9d4b1db3d0aa51da1b32,DUPLICADO_ESPEJO,copia espejo de Analisis agosto (mismo hash que su gemelo),NO,NO_COPIADO,Analisis agosto/resultados/graficos español/figura_08_correlaciones_es.png
Analisis agosto/para_articulos/resultados/graficos ingles/figura_02_linguistica_en.pdf,Analisis agosto/para_articulos/resultados/graficos ingles,figura_02_linguistica_en.pdf,.pdf,27318,2026-08-25 20:17:33,de30a06a98cb927f02bb7d4450f5c3269596844d112697fb0bdcb144ee1df955,DOCUMENTO,"documento de estudio, resultados o resumen",NO,NO_COPIADO,Analisis agosto/resultados/graficos ingles/figura_02_linguistica_en.pdf
Analisis agosto/para_articulos/resultados/graficos ingles/figura_02_linguistica_en.png,Analisis agosto/para_articulos/resultados/graficos ingles,figura_02_linguistica_en.png,.png,103267,2026-08-25 20:17:33,2b6c4491790f600febfb42c8069c988dde928c1a2d858666e8cf2926fef711ec,DUPLICADO_ESPEJO,copia espejo de Analisis agosto (mismo hash que su gemelo),NO,NO_COPIADO,Analisis agosto/resultados/graficos ingles/figura_02_linguistica_en.png
Analisis agosto/para_articulos/resultados/graficos ingles/figura_03_hopper_en.pdf,Analisis agosto/para_articulos/resultados/graficos ingles,figura_03_hopper_en.pdf,.pdf,34205,2026-08-25 20:17:33,a359a160ca1944111c243bf4f4b4ef9193ee7f86343b09a40ee8014480828e47,DOCUMENTO,"documento de estudio, resultados o resumen",NO,NO_COPIADO,Analisis agosto/resultados/graficos ingles/figura_03_hopper_en.pdf
Analisis agosto/para_articulos/resultados/graficos ingles/figura_03_hopper_en.png,Analisis agosto/para_articulos/resultados/graficos ingles,figura_03_hopper_en.png,.png,99870,2026-08-25 20:17:33,400a2d3a586127854168a12e9a64cad19967c62b7955377d1f7b02991eddc3ee,DUPLICADO_ESPEJO,copia espejo de Analisis agosto (mismo hash que su gemelo),NO,NO_COPIADO,Analisis agosto/resultados/graficos ingles/figura_03_hopper_en.png
Analisis agosto/para_articulos/resultados/graficos ingles/figura_04_similitud_en.pdf,Analisis agosto/para_articulos/resultados/graficos ingles,figura_04_similitud_en.pdf,.pdf,30936,2026-08-25 20:17:33,8d5a79338edfe9e0c93f694460b5f405ddc88aee3eeae4435f917d10677ea9ca,DOCUMENTO,"documento de estudio, resultados o resumen",NO,NO_COPIADO,Analisis agosto/resultados/graficos ingles/figura_04_similitud_en.pdf
Analisis agosto/para_articulos/resultados/graficos ingles/figura_04_similitud_en.png,Analisis agosto/para_articulos/resultados/graficos ingles,figura_04_similitud_en.png,.png,73142,2026-08-25 20:17:33,3941519ed101ea7ce2fb49f4e6939607e44505031c2b8f8ec89e7be3daf8d7c1,DUPLICADO_ESPEJO,copia espejo de Analisis agosto (mismo hash que su gemelo),NO,NO_COPIADO,Analisis agosto/resultados/graficos ingles/figura_04_similitud_en.png
Analisis agosto/para_articulos/resultados/graficos ingles/figura_05_prototipos_en.pdf,Analisis agosto/para_articulos/resultados/graficos ingles,figura_05_prototipos_en.pdf,.pdf,34307,2026-08-25 20:17:33,6eb8ffe5ce9a67d3a3ee8036726eef2678198553df78e2d15fd1a26639dd42cd,DOCUMENTO,"documento de estudio, resultados o resumen",NO,NO_COPIADO,Analisis agosto/resultados/graficos ingles/figura_05_prototipos_en.pdf
Analisis agosto/para_articulos/resultados/graficos ingles/figura_05_prototipos_en.png,Analisis agosto/para_articulos/resultados/graficos ingles,figura_05_prototipos_en.png,.png,115885,2026-08-25 20:17:33,28e41ab5c37b963d1a3f0c4ffe96b7dceaaa4674d0327c08a475049ac61fdfa4,DUPLICADO_ESPEJO,copia espejo de Analisis agosto (mismo hash que su gemelo),NO,NO_COPIADO,Analisis agosto/resultados/graficos ingles/figura_05_prototipos_en.png
Analisis agosto/para_articulos/resultados/graficos ingles/figura_06_pca_en.pdf,Analisis agosto/para_articulos/resultados/graficos ingles,figura_06_pca_en.pdf,.pdf,31243,2026-08-25 20:17:33,f7a159a1dc7af92137b3a5c4b6d0a586ed1fe363a702410f77322fda96fbca55,DOCUMENTO,"documento de estudio, resultados o resumen",NO,NO_COPIADO,Analisis agosto/resultados/graficos ingles/figura_06_pca_en.pdf
Analisis agosto/para_articulos/resultados/graficos ingles/figura_06_pca_en.png,Analisis agosto/para_articulos/resultados/graficos ingles,figura_06_pca_en.png,.png,179353,2026-08-25 20:17:33,89b2ca3f49b7b5413f4883cd513e3b4693625efeba76c6539ca30a72913811b1,DUPLICADO_ESPEJO,copia espejo de Analisis agosto (mismo hash que su gemelo),NO,NO_COPIADO,Analisis agosto/resultados/graficos ingles/figura_06_pca_en.png
Analisis agosto/para_articulos/resultados/graficos ingles/figura_07_cambio_semantico_en.pdf,Analisis agosto/para_articulos/resultados/graficos ingles,figura_07_cambio_semantico_en.pdf,.pdf,34844,2026-08-25 20:17:33,0aa4961318c1080e2cc76d531c2879fc7a6c69eb46b32a0c16630ee713c01b64,DOCUMENTO,"documento de estudio, resultados o resumen",NO,NO_COPIADO,Analisis agosto/resultados/graficos ingles/figura_07_cambio_semantico_en.pdf
Analisis agosto/para_articulos/resultados/graficos ingles/figura_07_cambio_semantico_en.png,Analisis agosto/para_articulos/resultados/graficos ingles,figura_07_cambio_semantico_en.png,.png,68597,2026-08-25 20:17:33,1a44e7a4009ab9ca228742cb46209f8c6d5d9e63b8db0f8cd87cc0e6199757e1,DUPLICADO_ESPEJO,copia espejo de Analisis agosto (mismo hash que su gemelo),NO,NO_COPIADO,Analisis agosto/resultados/graficos ingles/figura_07_cambio_semantico_en.png
Analisis agosto/para_articulos/resultados/graficos ingles/figura_08_correlaciones_en.pdf,Analisis agosto/para_articulos/resultados/graficos ingles,figura_08_correlaciones_en.pdf,.pdf,7940,2026-08-25 20:17:33,17afc4334207ac3bc4ea7cb3bc0cf34caf57c3622beb77a8a592f050dd3c935c,DOCUMENTO,"documento de estudio, resultados o resumen",NO,NO_COPIADO,Analisis agosto/resultados/graficos ingles/figura_08_correlaciones_en.pdf
Analisis agosto/para_articulos/resultados/graficos ingles/figura_08_correlaciones_en.png,Analisis agosto/para_articulos/resultados/graficos ingles,figura_08_correlaciones_en.png,.png,13329,2026-08-25 20:17:33,9d615f91fb93a52dad8a863b9ce17ce250b5c466496e4dbbcb2ea7094a6982b5,DUPLICADO_ESPEJO,copia espejo de Analisis agosto (mismo hash que su gemelo),NO,NO_COPIADO,Analisis agosto/resultados/graficos ingles/figura_08_correlaciones_en.png
Analisis agosto/para_articulos/resultados/metadata_embeddings.txt,Analisis agosto/para_articulos/resultados,metadata_embeddings.txt,.txt,540,2026-08-25 20:17:33,fcafae001b1957f5c0130e212b2e580da60f6716804dd394ce23709d43387f29,DUPLICADO_ESPEJO,copia espejo de Analisis agosto (mismo hash que su gemelo),NO,NO_COPIADO,Analisis agosto/resultados/metadata_embeddings.txt
Analisis agosto/para_articulos/resultados/modelos/modelos_mixtos_con_FDR.txt,Analisis agosto/para_articulos/resultados/modelos,modelos_mixtos_con_FDR.txt,.txt,70,2026-08-25 20:17:33,44d9c826e12004d755f399954b31d9799ac8de441917b90e4bb26cb202ea1a3a,DUPLICADO_ESPEJO,copia espejo de Analisis agosto (mismo hash que su gemelo),NO,NO_COPIADO,Analisis agosto/resultados/modelos/modelos_mixtos_con_FDR.txt
Analisis agosto/para_articulos/resultados/pca_embeddings.rds,Analisis agosto/para_articulos/resultados,pca_embeddings.rds,.rds,442153,2026-08-25 20:17:33,d398e890ef69d66c926f2b0299195c61f0a7fc024fbf9bb927e6d2bdc612f136,DUPLICADO_ESPEJO,copia espejo de Analisis agosto (mismo hash que su gemelo),NO,NO_COPIADO,Analisis agosto/resultados/pca_embeddings.rds
Analisis agosto/para_articulos/resultados/prototipos_semanticos.rds,Analisis agosto/para_articulos/resultados,prototipos_semanticos.rds,.rds,59181,2026-08-25 20:17:33,72ed970a0a7a0dbe808a06b11cfbc4a853f48b465132cbdff8ee82cf353add07,DUPLICADO_ESPEJO,copia espejo de Analisis agosto (mismo hash que su gemelo),NO,NO_COPIADO,Analisis agosto/resultados/prototipos_semanticos.rds
Analisis agosto/para_articulos/resultados/resumen_metricas.csv,Analisis agosto/para_articulos/resultados,resumen_metricas.csv,.csv,6194,2026-08-25 20:17:33,2a111acdc594d4af8430623d5b810178a800b61dad14b791faaea9699813c0be,DUPLICADO_ESPEJO,copia espejo de Analisis agosto (mismo hash que su gemelo),NO,NO_COPIADO,Analisis agosto/resultados/resumen_metricas.csv
Analisis agosto/para_articulos/resultados/tabla_prototipos.csv,Analisis agosto/para_articulos/resultados,tabla_prototipos.csv,.csv,3007,2026-08-25 20:17:33,28a3c0f6da1bc4a6943a42216f1321aae6316434f4ee353fc7c88be5050fcf60,DUPLICADO_ESPEJO,copia espejo de Analisis agosto (mismo hash que su gemelo),NO,NO_COPIADO,Analisis agosto/resultados/tabla_prototipos.csv
Analisis agosto/para_articulos/resultados/tablas/cambios_prototipos.csv,Analisis agosto/para_articulos/resultados/tablas,cambios_prototipos.csv,.csv,597,2026-08-25 20:17:33,d6539371266c6e1559494066a801e875b6257a9bc57092ec6e319d53b2aed9f7,DUPLICADO_ESPEJO,copia espejo de Analisis agosto (mismo hash que su gemelo),NO,NO_COPIADO,Analisis agosto/resultados/tablas/cambios_prototipos.csv
Analisis agosto/para_articulos/resultados/tablas/descriptivos_hopper.csv,Analisis agosto/para_articulos/resultados/tablas,descriptivos_hopper.csv,.csv,4424,2026-08-25 20:17:33,6cbc1c1a28fb93b7dfc220433894881d4b4efd55763d95306f28ccebf9533e51,DUPLICADO_ESPEJO,copia espejo de Analisis agosto (mismo hash que su gemelo),NO,NO_COPIADO,Analisis agosto/resultados/tablas/descriptivos_hopper.csv
Analisis agosto/para_articulos/resultados/tablas/descriptivos_linguistica.csv,Analisis agosto/para_articulos/resultados/tablas,descriptivos_linguistica.csv,.csv,445,2026-08-25 20:17:33,de1fbbae50a9eab725c61b9b479b3004f89677f5b8f90a0e2945e8c05da949fc,DUPLICADO_ESPEJO,copia espejo de Analisis agosto (mismo hash que su gemelo),NO,NO_COPIADO,Analisis agosto/resultados/tablas/descriptivos_linguistica.csv
Analisis agosto/para_articulos/resultados/tablas/descriptivos_semantica.csv,Analisis agosto/para_articulos/resultados/tablas,descriptivos_semantica.csv,.csv,230,2026-08-25 20:17:33,3f4d300defb8823d739c36b6db4dbc31f433ca5e80d4ef955f13c69cdf6df6e8,DUPLICADO_ESPEJO,copia espejo de Analisis agosto (mismo hash que su gemelo),NO,NO_COPIADO,Analisis agosto/resultados/tablas/descriptivos_semantica.csv
Analisis agosto/para_articulos/resultados/tablas/distancia_euclidiana.csv,Analisis agosto/para_articulos/resultados/tablas,distancia_euclidiana.csv,.csv,128,2026-08-25 20:17:33,8820226561c30c59e49f5cc4f9b5532cfe79356a463efb42d3c91347f49abf1c,DUPLICADO_ESPEJO,copia espejo de Analisis agosto (mismo hash que su gemelo),NO,NO_COPIADO,Analisis agosto/resultados/tablas/distancia_euclidiana.csv
Analisis agosto/para_articulos/resultados/tablas/todas_tablas.xlsx,Analisis agosto/para_articulos/resultados/tablas,todas_tablas.xlsx,.xlsx,11905,2026-08-25 20:17:33,2aecc90632f4516375db2e8174327ac4f468c4baee9c089b818c454250965da6,DUPLICADO_ESPEJO,copia espejo de Analisis agosto (mismo hash que su gemelo),NO,NO_COPIADO,Analisis agosto/resultados/tablas/todas_tablas.xlsx
Analisis agosto/para_articulos/scores_diccionarios_long.csv,Analisis agosto/para_articulos,scores_diccionarios_long.csv,.csv,32556222,2026-08-25 20:17:33,b624af0a911b3c5111a67f450a40b0102b6458e343adfef67f6141d45bbe7da3,DUPLICADO_ESPEJO,copia espejo de Analisis agosto (mismo hash que su gemelo),NO,NO_COPIADO,Analisis agosto/scores_diccionarios_long.csv
Analisis agosto/para_articulos/scores_diccionarios_wide.csv,Analisis agosto/para_articulos,scores_diccionarios_wide.csv,.csv,5032,2026-08-25 20:17:33,706fbf3c132671679895b69cbfe321d1398cddc4d1d9549932b7f36dbc28b23a,DUPLICADO_ESPEJO,copia espejo de Analisis agosto (mismo hash que su gemelo),NO,NO_COPIADO,Analisis agosto/scores_diccionarios_wide.csv
Analisis agosto/resultados/deepseek/00_instrucciones.txt,Analisis agosto/resultados/deepseek,00_instrucciones.txt,.txt,1002,2026-08-24 14:02:46,b4023ad07d4dfb9cfb81fcd5375b01476d08ba241ad3f7afb71ae378d5d08463,COMBINADO_40,resultado del conjunto combinado piloto+principal (40),NO,NO_COPIADO,
Analisis agosto/resultados/deepseek/01_todas_tablas.xlsx,Analisis agosto/resultados/deepseek,01_todas_tablas.xlsx,.xlsx,11905,2026-08-24 14:02:50,2aecc90632f4516375db2e8174327ac4f468c4baee9c089b818c454250965da6,COMBINADO_40,resultado del conjunto combinado piloto+principal (40),NO,NO_COPIADO,Analisis agosto/resultados/tablas/todas_tablas.xlsx
Analisis agosto/resultados/deepseek/03_cambios_prototipos.csv,Analisis agosto/resultados/deepseek,03_cambios_prototipos.csv,.csv,597,2026-08-24 14:02:51,d6539371266c6e1559494066a801e875b6257a9bc57092ec6e319d53b2aed9f7,COMBINADO_40,resultado del conjunto combinado piloto+principal (40),NO,NO_COPIADO,Analisis agosto/resultados/tablas/cambios_prototipos.csv
Analisis agosto/resultados/deepseek/04_distancia_euclidiana.csv,Analisis agosto/resultados/deepseek,04_distancia_euclidiana.csv,.csv,128,2026-08-24 14:02:53,8820226561c30c59e49f5cc4f9b5532cfe79356a463efb42d3c91347f49abf1c,COMBINADO_40,resultado del conjunto combinado piloto+principal (40),NO,NO_COPIADO,Analisis agosto/resultados/tablas/distancia_euclidiana.csv
Analisis agosto/resultados/deepseek/10_resumen_para_deepseek.txt,Analisis agosto/resultados/deepseek,10_resumen_para_deepseek.txt,.txt,1819,2026-08-24 14:02:55,301e000ca02982be997e0a6985866883cc912c93133117461aabed1f8f35cbb4,COMBINADO_40,resultado del conjunto combinado piloto+principal (40),NO,NO_COPIADO,
Analisis agosto/resultados/embeddings_t1.rds,Analisis agosto/resultados,embeddings_t1.rds,.rds,117686,2026-08-24 13:43:08,77c2483300a3b91197037e2f30770aaad9a58037eb6b8748b0a66e9cf738150a,COMBINADO_40,resultado del conjunto combinado piloto+principal (40),NO,NO_COPIADO,
Analisis agosto/resultados/embeddings_t2.rds,Analisis agosto/resultados,embeddings_t2.rds,.rds,117702,2026-08-24 13:43:08,91406a7a3304412620a5f7f400ad86a27bc230f64ec3e7260a75c5b130e66ec0,COMBINADO_40,resultado del conjunto combinado piloto+principal (40),NO,NO_COPIADO,
Analisis agosto/resultados/embeddings_t3.rds,Analisis agosto/resultados,embeddings_t3.rds,.rds,117715,2026-08-24 13:43:09,2f87226eb496394da39f7489914de96adba998af59d33503eb1f87b33672d09c,COMBINADO_40,resultado del conjunto combinado piloto+principal (40),NO,NO_COPIADO,
Analisis agosto/resultados/graficos español/figura_02_linguistica_es.pdf,Analisis agosto/resultados/graficos español,figura_02_linguistica_es.pdf,.pdf,28607,2026-08-24 13:59:20,e4ec0f86e9efdf687e8a03589205227cfb089ca0aba252a6692ca42a03cc1730,DOCUMENTO,"documento de estudio, resultados o resumen",NO,NO_COPIADO,
Analisis agosto/resultados/graficos español/figura_02_linguistica_es.png,Analisis agosto/resultados/graficos español,figura_02_linguistica_es.png,.png,112109,2026-08-24 13:59:18,65ba4f1bc511ab4324701b58335dd229ab463003c111b92ad16b413a1f46da6d,COMBINADO_40,resultado del conjunto combinado piloto+principal (40),NO,NO_COPIADO,
Analisis agosto/resultados/graficos español/figura_03_hopper_es.pdf,Analisis agosto/resultados/graficos español,figura_03_hopper_es.pdf,.pdf,34153,2026-08-24 13:59:45,270a555c72b914f38d5be82b467b4d24feb6a1977a8bb5e31f70e280cc0c9ea4,DOCUMENTO,"documento de estudio, resultados o resumen",NO,NO_COPIADO,
Analisis agosto/resultados/graficos español/figura_03_hopper_es.png,Analisis agosto/resultados/graficos español,figura_03_hopper_es.png,.png,99422,2026-08-24 13:59:45,d034f35cbcaaab387c10ec8477c72ccdb2f07f06052413fbdb18b076e16a1bee,COMBINADO_40,resultado del conjunto combinado piloto+principal (40),NO,NO_COPIADO,
Analisis agosto/resultados/graficos español/figura_04_similitud_es.pdf,Analisis agosto/resultados/graficos español,figura_04_similitud_es.pdf,.pdf,30612,2026-08-24 14:00:06,2159faf9fa77a0c0b2920be7af14d1a87e18f0363160c344fb0a5f8f0348fb11,DOCUMENTO,"documento de estudio, resultados o resumen",NO,NO_COPIADO,
Analisis agosto/resultados/graficos español/figura_04_similitud_es.png,Analisis agosto/resultados/graficos español,figura_04_similitud_es.png,.png,71237,2026-08-24 14:00:06,9c60a82ed2d9919440417ef0478dae4b3f67692decc65242f8a9bbae8ecea5cb,COMBINADO_40,resultado del conjunto combinado piloto+principal (40),NO,NO_COPIADO,
Analisis agosto/resultados/graficos español/figura_05_prototipos_es.pdf,Analisis agosto/resultados/graficos español,figura_05_prototipos_es.pdf,.pdf,32094,2026-08-24 14:00:12,607cef09e2be82853a394134ea31d3de2027f782bef6dd732c3387cc178bede5,DOCUMENTO,"documento de estudio, resultados o resumen",NO,NO_COPIADO,
Analisis agosto/resultados/graficos español/figura_05_prototipos_es.png,Analisis agosto/resultados/graficos español,figura_05_prototipos_es.png,.png,109804,2026-08-24 14:00:12,d62adebc07fd7d597d93021696902f4f1e08f6e4af5c2a6c118790378040ea16,COMBINADO_40,resultado del conjunto combinado piloto+principal (40),NO,NO_COPIADO,
Analisis agosto/resultados/graficos español/figura_06_pca_es.pdf,Analisis agosto/resultados/graficos español,figura_06_pca_es.pdf,.pdf,31485,2026-08-24 14:01:22,f4f858a4ad7beffe650050a765cd46d98fb4f1a4d5e3874c32a5b42a204dc46c,DOCUMENTO,"documento de estudio, resultados o resumen",NO,NO_COPIADO,
Analisis agosto/resultados/graficos español/figura_06_pca_es.png,Analisis agosto/resultados/graficos español,figura_06_pca_es.png,.png,180215,2026-08-24 14:01:22,d7a8f9020a90c9d09d58b5793c5d2df5e709dc580b3955b49794909d933d7084,COMBINADO_40,resultado del conjunto combinado piloto+principal (40),NO,NO_COPIADO,
Analisis agosto/resultados/graficos español/figura_07_cambio_semantico_es.pdf,Analisis agosto/resultados/graficos español,figura_07_cambio_semantico_es.pdf,.pdf,34889,2026-08-24 14:01:27,b710c1dc7c26736b70a5f0c7c0de75ec4180e8fd0e5d6ebf14e6256a538a7970,DOCUMENTO,"documento de estudio, resultados o resumen",NO,NO_COPIADO,
Analisis agosto/resultados/graficos español/figura_07_cambio_semantico_es.png,Analisis agosto/resultados/graficos español,figura_07_cambio_semantico_es.png,.png,70155,2026-08-24 14:01:26,7ecca0bd7035e0fdf390b4fe71905dbeeb5df0e768bfc36edb511d4e153cad23,COMBINADO_40,resultado del conjunto combinado piloto+principal (40),NO,NO_COPIADO,
Analisis agosto/resultados/graficos español/figura_08_correlaciones_es.pdf,Analisis agosto/resultados/graficos español,figura_08_correlaciones_es.pdf,.pdf,7940,2026-08-24 14:01:34,085080983efa0c8271fcb6b40d33e634e30ca258c1eaa5e1d058a6cce750164f,DOCUMENTO,"documento de estudio, resultados o resumen",NO,NO_COPIADO,
Analisis agosto/resultados/graficos español/figura_08_correlaciones_es.png,Analisis agosto/resultados/graficos español,figura_08_correlaciones_es.png,.png,13357,2026-08-24 14:01:34,33b5349fbff3d02d191f3c6da5da94ba4d9d514d0bcf9d4b1db3d0aa51da1b32,COMBINADO_40,resultado del conjunto combinado piloto+principal (40),NO,NO_COPIADO,
Analisis agosto/resultados/graficos ingles/figura_02_linguistica_en.pdf,Analisis agosto/resultados/graficos ingles,figura_02_linguistica_en.pdf,.pdf,27318,2026-08-24 13:59:22,de30a06a98cb927f02bb7d4450f5c3269596844d112697fb0bdcb144ee1df955,DOCUMENTO,"documento de estudio, resultados o resumen",NO,NO_COPIADO,
Analisis agosto/resultados/graficos ingles/figura_02_linguistica_en.png,Analisis agosto/resultados/graficos ingles,figura_02_linguistica_en.png,.png,103267,2026-08-24 13:59:21,2b6c4491790f600febfb42c8069c988dde928c1a2d858666e8cf2926fef711ec,COMBINADO_40,resultado del conjunto combinado piloto+principal (40),NO,NO_COPIADO,
Analisis agosto/resultados/graficos ingles/figura_03_hopper_en.pdf,Analisis agosto/resultados/graficos ingles,figura_03_hopper_en.pdf,.pdf,34205,2026-08-24 13:59:47,a359a160ca1944111c243bf4f4b4ef9193ee7f86343b09a40ee8014480828e47,DOCUMENTO,"documento de estudio, resultados o resumen",NO,NO_COPIADO,
Analisis agosto/resultados/graficos ingles/figura_03_hopper_en.png,Analisis agosto/resultados/graficos ingles,figura_03_hopper_en.png,.png,99870,2026-08-24 13:59:46,400a2d3a586127854168a12e9a64cad19967c62b7955377d1f7b02991eddc3ee,COMBINADO_40,resultado del conjunto combinado piloto+principal (40),NO,NO_COPIADO,
Analisis agosto/resultados/graficos ingles/figura_04_similitud_en.pdf,Analisis agosto/resultados/graficos ingles,figura_04_similitud_en.pdf,.pdf,30936,2026-08-24 14:00:07,8d5a79338edfe9e0c93f694460b5f405ddc88aee3eeae4435f917d10677ea9ca,DOCUMENTO,"documento de estudio, resultados o resumen",NO,NO_COPIADO,
Analisis agosto/resultados/graficos ingles/figura_04_similitud_en.png,Analisis agosto/resultados/graficos ingles,figura_04_similitud_en.png,.png,73142,2026-08-24 14:00:07,3941519ed101ea7ce2fb49f4e6939607e44505031c2b8f8ec89e7be3daf8d7c1,COMBINADO_40,resultado del conjunto combinado piloto+principal (40),NO,NO_COPIADO,
Analisis agosto/resultados/graficos ingles/figura_05_prototipos_en.pdf,Analisis agosto/resultados/graficos ingles,figura_05_prototipos_en.pdf,.pdf,34307,2026-08-24 14:00:13,6eb8ffe5ce9a67d3a3ee8036726eef2678198553df78e2d15fd1a26639dd42cd,DOCUMENTO,"documento de estudio, resultados o resumen",NO,NO_COPIADO,
Analisis agosto/resultados/graficos ingles/figura_05_prototipos_en.png,Analisis agosto/resultados/graficos ingles,figura_05_prototipos_en.png,.png,115885,2026-08-24 14:00:13,28e41ab5c37b963d1a3f0c4ffe96b7dceaaa4674d0327c08a475049ac61fdfa4,COMBINADO_40,resultado del conjunto combinado piloto+principal (40),NO,NO_COPIADO,
Analisis agosto/resultados/graficos ingles/figura_06_pca_en.pdf,Analisis agosto/resultados/graficos ingles,figura_06_pca_en.pdf,.pdf,31243,2026-08-24 14:01:24,f7a159a1dc7af92137b3a5c4b6d0a586ed1fe363a702410f77322fda96fbca55,DOCUMENTO,"documento de estudio, resultados o resumen",NO,NO_COPIADO,
Analisis agosto/resultados/graficos ingles/figura_06_pca_en.png,Analisis agosto/resultados/graficos ingles,figura_06_pca_en.png,.png,179353,2026-08-24 14:01:23,89b2ca3f49b7b5413f4883cd513e3b4693625efeba76c6539ca30a72913811b1,COMBINADO_40,resultado del conjunto combinado piloto+principal (40),NO,NO_COPIADO,
Analisis agosto/resultados/graficos ingles/figura_07_cambio_semantico_en.pdf,Analisis agosto/resultados/graficos ingles,figura_07_cambio_semantico_en.pdf,.pdf,34844,2026-08-24 14:01:29,0aa4961318c1080e2cc76d531c2879fc7a6c69eb46b32a0c16630ee713c01b64,DOCUMENTO,"documento de estudio, resultados o resumen",NO,NO_COPIADO,
Analisis agosto/resultados/graficos ingles/figura_07_cambio_semantico_en.png,Analisis agosto/resultados/graficos ingles,figura_07_cambio_semantico_en.png,.png,68597,2026-08-24 14:01:29,1a44e7a4009ab9ca228742cb46209f8c6d5d9e63b8db0f8cd87cc0e6199757e1,COMBINADO_40,resultado del conjunto combinado piloto+principal (40),NO,NO_COPIADO,
Analisis agosto/resultados/graficos ingles/figura_08_correlaciones_en.pdf,Analisis agosto/resultados/graficos ingles,figura_08_correlaciones_en.pdf,.pdf,7940,2026-08-24 14:01:34,17afc4334207ac3bc4ea7cb3bc0cf34caf57c3622beb77a8a592f050dd3c935c,DOCUMENTO,"documento de estudio, resultados o resumen",NO,NO_COPIADO,
Analisis agosto/resultados/graficos ingles/figura_08_correlaciones_en.png,Analisis agosto/resultados/graficos ingles,figura_08_correlaciones_en.png,.png,13329,2026-08-24 14:01:34,9d615f91fb93a52dad8a863b9ce17ce250b5c466496e4dbbcb2ea7094a6982b5,COMBINADO_40,resultado del conjunto combinado piloto+principal (40),NO,NO_COPIADO,
Analisis agosto/resultados/metadata_embeddings.txt,Analisis agosto/resultados,metadata_embeddings.txt,.txt,540,2026-08-24 13:43:11,fcafae001b1957f5c0130e212b2e580da60f6716804dd394ce23709d43387f29,COMBINADO_40,resultado del conjunto combinado piloto+principal (40),NO,NO_COPIADO,
Analisis agosto/resultados/modelos/modelos_mixtos_con_FDR.txt,Analisis agosto/resultados/modelos,modelos_mixtos_con_FDR.txt,.txt,70,2026-08-24 13:55:52,44d9c826e12004d755f399954b31d9799ac8de441917b90e4bb26cb202ea1a3a,COMBINADO_40,resultado del conjunto combinado piloto+principal (40),NO,NO_COPIADO,
Analisis agosto/resultados/pca_embeddings.rds,Analisis agosto/resultados,pca_embeddings.rds,.rds,442153,2026-08-24 13:42:53,d398e890ef69d66c926f2b0299195c61f0a7fc024fbf9bb927e6d2bdc612f136,COMBINADO_40,resultado del conjunto combinado piloto+principal (40),NO,NO_COPIADO,
Analisis agosto/resultados/prototipos_semanticos.rds,Analisis agosto/resultados,prototipos_semanticos.rds,.rds,59181,2026-08-24 13:42:14,72ed970a0a7a0dbe808a06b11cfbc4a853f48b465132cbdff8ee82cf353add07,COMBINADO_40,resultado del conjunto combinado piloto+principal (40),NO,NO_COPIADO,
Analisis agosto/resultados/resumen_metricas.csv,Analisis agosto/resultados,resumen_metricas.csv,.csv,6194,2026-08-24 13:49:04,2a111acdc594d4af8430623d5b810178a800b61dad14b791faaea9699813c0be,COMBINADO_40,resultado del conjunto combinado piloto+principal (40),NO,NO_COPIADO,
Analisis agosto/resultados/tabla_prototipos.csv,Analisis agosto/resultados,tabla_prototipos.csv,.csv,3007,2026-08-24 13:42:37,28a3c0f6da1bc4a6943a42216f1321aae6316434f4ee353fc7c88be5050fcf60,COMBINADO_40,resultado del conjunto combinado piloto+principal (40),NO,NO_COPIADO,
Analisis agosto/resultados/tablas/cambios_prototipos.csv,Analisis agosto/resultados/tablas,cambios_prototipos.csv,.csv,597,2026-08-24 13:54:57,d6539371266c6e1559494066a801e875b6257a9bc57092ec6e319d53b2aed9f7,COMBINADO_40,resultado del conjunto combinado piloto+principal (40),NO,NO_COPIADO,
Analisis agosto/resultados/tablas/descriptivos_hopper.csv,Analisis agosto/resultados/tablas,descriptivos_hopper.csv,.csv,4424,2026-08-24 13:53:44,6cbc1c1a28fb93b7dfc220433894881d4b4efd55763d95306f28ccebf9533e51,COMBINADO_40,resultado del conjunto combinado piloto+principal (40),NO,NO_COPIADO,
Analisis agosto/resultados/tablas/descriptivos_linguistica.csv,Analisis agosto/resultados/tablas,descriptivos_linguistica.csv,.csv,445,2026-08-24 13:53:41,de1fbbae50a9eab725c61b9b479b3004f89677f5b8f90a0e2945e8c05da949fc,COMBINADO_40,resultado del conjunto combinado piloto+principal (40),NO,NO_COPIADO,
Analisis agosto/resultados/tablas/descriptivos_semantica.csv,Analisis agosto/resultados/tablas,descriptivos_semantica.csv,.csv,230,2026-08-24 13:53:50,3f4d300defb8823d739c36b6db4dbc31f433ca5e80d4ef955f13c69cdf6df6e8,COMBINADO_40,resultado del conjunto combinado piloto+principal (40),NO,NO_COPIADO,
Analisis agosto/resultados/tablas/distancia_euclidiana.csv,Analisis agosto/resultados/tablas,distancia_euclidiana.csv,.csv,128,2026-08-24 13:55:01,8820226561c30c59e49f5cc4f9b5532cfe79356a463efb42d3c91347f49abf1c,COMBINADO_40,resultado del conjunto combinado piloto+principal (40),NO,NO_COPIADO,
Analisis agosto/resultados/tablas/todas_tablas.xlsx,Analisis agosto/resultados/tablas,todas_tablas.xlsx,.xlsx,11905,2026-08-24 14:02:38,2aecc90632f4516375db2e8174327ac4f468c4baee9c089b818c454250965da6,COMBINADO_40,resultado del conjunto combinado piloto+principal (40),NO,NO_COPIADO,
Analisis agosto/scores_diccionarios.RData,Analisis agosto,scores_diccionarios.RData,.rdata,208439,2026-08-24 13:34:40,012ceae8f55b64af51d53e21b7210efdf66164aea85416c2780e240eaa7f2e79,AUXILIAR,estado de sesión de R,NO,NO_COPIADO,
Analisis agosto/scores_diccionarios_long.csv,Analisis agosto,scores_diccionarios_long.csv,.csv,32556222,2026-08-24 13:34:42,b624af0a911b3c5111a67f450a40b0102b6458e343adfef67f6141d45bbe7da3,COMBINADO_40,puntajes de diccionarios del conjunto combinado (40),NO,NO_COPIADO,
Analisis agosto/scores_diccionarios_wide.csv,Analisis agosto,scores_diccionarios_wide.csv,.csv,5032,2026-08-24 13:34:42,706fbf3c132671679895b69cbfe321d1398cddc4d1d9549932b7f36dbc28b23a,COMBINADO_40,puntajes de diccionarios del conjunto combinado (40),NO,NO_COPIADO,
DATOS EXPERIMENTO 1.docx,.,DATOS EXPERIMENTO 1.docx,.docx,642939,2026-05-13 16:16:26,9a200148aeef106bcd21edd0354a162aae31d3e57dd74a289120a4456cbbde02,DOCUMENTO,"documento de estudio, resultados o resumen",NO,NO_COPIADO,
Datos Exp Interrelacion.xlsx,.,Datos Exp Interrelacion.xlsx,.xlsx,35717,2026-06-13 18:24:36,26ccc73e5c11ac18ffcab618a57a2f2b17a2f10226ca6848be26e459f5bc1d22,RAIZ,archivo de la raíz sin clasificar,NO,NO_COPIADO,
HABITACIÓN DE HOTEL.docx,.,HABITACIÓN DE HOTEL.docx,.docx,14444,2026-05-13 16:16:20,d7c873142adad95eccaabf5b6c5f80b04d7d368cabe4dcd5203ebda9d784d408,DOCUMENTO,"documento de estudio, resultados o resumen",NO,NO_COPIADO,
Metodología del Pipeline NLP Longitudinal.docx,.,Metodología del Pipeline NLP Longitudinal.docx,.docx,42465,2026-09-01 22:24:46,16cd562c3f17dfccf5af2ad582a4b9a399ba5a046e3a1960eaed9d34e549e5ad,DOCUMENTO,"documento de estudio, resultados o resumen",NO,NO_COPIADO,
QLeTTo-B.jpg,.,QLeTTo-B.jpg,.jpg,83078,2026-05-13 16:16:11,53117e231018613d1312d24a983202599884805c203d5a2247f9ce14b95d635a,DOCUMENTO,"documento de estudio, resultados o resumen",NO,NO_COPIADO,
Resultados ALOC ART 1.docx,.,Resultados ALOC ART 1.docx,.docx,260500,2026-08-25 21:30:39,7c102bbca37b57287030788c91eebf16306c6e8a6c051dbe5e966e5e0dd175a6,DOCUMENTO,"documento de estudio, resultados o resumen",NO,NO_COPIADO,
Resultados experimento Alfonso Lopez corral.docx,.,Resultados experimento Alfonso Lopez corral.docx,.docx,37645,2026-06-15 16:43:40,77d33af683dafad2fcb1eb2964f9671fe3f264823eb309a98cb26ac1bd041893,DOCUMENTO,"documento de estudio, resultados o resumen",NO,NO_COPIADO,
Resultados v2 para articulo 1.docx,.,Resultados v2 para articulo 1.docx,.docx,32862,2026-08-25 21:21:28,424b770b076530d65984275497153180d8cf3befa87de41c4e94336da7997dd4,DOCUMENTO,"documento de estudio, resultados o resumen",NO,NO_COPIADO,
Resumen DCSA .pdf,.,Resumen DCSA .pdf,.pdf,139823,2026-08-12 12:21:14,3447b2e0b13e9160cabf518a853f49c10f42600c8d099e56846a569a6db77c7d,DOCUMENTO,"documento de estudio, resultados o resumen",NO,NO_COPIADO,
Resumen Simposio CMAC.docx,.,Resumen Simposio CMAC.docx,.docx,14214,2026-08-12 00:36:58,bd8653ac6dd7fe36c45d850ac2935138725a9990a6b9f61172e4a1f737d8535d,DOCUMENTO,"documento de estudio, resultados o resumen",NO,NO_COPIADO,
Resumen modulacion comunitaria.pdf,.,Resumen modulacion comunitaria.pdf,.pdf,137814,2026-08-12 12:17:50,0dc70f44df292eeaea759e3b51ffacff460825ae475f5881ea8203c23c751588,DOCUMENTO,"documento de estudio, resultados o resumen",NO,NO_COPIADO,
Script en R/.RDataTmp,Script en R,.RDataTmp,,3735552,2026-06-13 22:01:22,30b07f8be05bdd6d5ffef7272e658d0246c16e6990db313d5cfa40ec0fa64e46,LEGADO_JUNIO,salida de la corrida de junio 2026,NO,NO_COPIADO,
Script en R/.Rhistory,Script en R,.Rhistory,,26344,2026-06-13 22:01:10,a83ee2777ac347b32faa530af57a8f153f92f649e0cbca4449573d924b6603bf,LEGADO_JUNIO,salida de la corrida de junio 2026,NO,NO_COPIADO,
Script en R/Experimento ALC.R,Script en R,Experimento ALC.R,.r,310791,2026-08-25 20:45:55,a781da40333aa7c7ee0a401ea9ab404f57b0260e876e6555acfbd4c1088b5950,CODIGO,script principal del pipeline NLP (junio/agosto 2026),NO,04_codigo/Experimento ALC.R,
Script en R/Experimento ALC.md,Script en R,Experimento ALC.md,.md,310791,2026-09-07 08:02:00,a781da40333aa7c7ee0a401ea9ab404f57b0260e876e6555acfbd4c1088b5950,CODIGO,script principal del pipeline NLP (junio/agosto 2026),NO,NO_COPIADO,Script en R/Experimento ALC.R
Script en R/correlacion_variables.png,Script en R,correlacion_variables.png,.png,0,2026-06-13 21:18:32,e3b0c44298fc1c149afbf4c8996fb92427ae41e4649b934ca495991b7852b855,LEGADO_JUNIO,salida de la corrida de junio 2026,NO,NO_COPIADO,
Script en R/evolucion_metricas_principales.png,Script en R,evolucion_metricas_principales.png,.png,267472,2026-06-13 21:18:30,629266d0f12ba3d836ab527c67c816ba210d03d11b746a81db7f0222cd507c8a,LEGADO_JUNIO,salida de la corrida de junio 2026,NO,NO_COPIADO,
Script en R/experimento_log.txt,Script en R,experimento_log.txt,.txt,16367,2026-06-15 15:14:28,7f9ee8e05d3f6263fbcb02e0e5bcdf318e7964d63fed732ac26af420f14cc90f,LEGADO_JUNIO,salida de la corrida de junio 2026,NO,NO_COPIADO,
Script en R/files (1).zip,Script en R,files (1).zip,.zip,36912,2026-05-26 22:22:44,d3b4fe0f9c58310b15a1680558261ec80cb2979d722d38f0d4b7f58f1d93c939,LEGADO_JUNIO,salida de la corrida de junio 2026,NO,NO_COPIADO,
Script en R/interaccion_tiempo_demora.png,Script en R,interaccion_tiempo_demora.png,.png,114716,2026-06-13 21:19:56,e0d0a2dff6376bdef0a959afbedffe141df53db1f0413b0e3bbe4fa111a11655,LEGADO_JUNIO,salida de la corrida de junio 2026,NO,NO_COPIADO,
Script en R/normalidad_n_palabras.csv,Script en R,normalidad_n_palabras.csv,.csv,33,2026-06-13 20:39:01,571de7de957305401c1f09c74c611925674fd0410f135106a1b98a56c4c52d1c,LEGADO_JUNIO,salida de la corrida de junio 2026,NO,NO_COPIADO,
Script en R/resultados/cambios_y_scores.csv,Script en R/resultados,cambios_y_scores.csv,.csv,4219,2026-06-15 15:13:58,1e4435c41f08c1693ce05ef8f252927eb0c52aba7eb5ab0de92042886e45f8b3,LEGADO_JUNIO,salida de la corrida de junio 2026,NO,NO_COPIADO,
Script en R/resultados/datos_completos_ancho.csv,Script en R/resultados,datos_completos_ancho.csv,.csv,64440,2026-06-15 15:13:54,ae783ebe33f9e364001ce1918440a7bf57c96cf1bf5fd246808b2967fe553e29,LEGADO_JUNIO,salida de la corrida de junio 2026,NO,NO_COPIADO,
Script en R/resultados/datos_formato_largo.csv,Script en R/resultados,datos_formato_largo.csv,.csv,55883,2026-06-15 15:13:56,07081a3af99325539b76904c4c1262a1a4a1a62ec81b7094b343761a13b4345d,LEGADO_JUNIO,salida de la corrida de junio 2026,NO,NO_COPIADO,
Script en R/resultados/diagnostico_palabras_qq.png,Script en R/resultados,diagnostico_palabras_qq.png,.png,8394,2026-06-15 17:13:39,de002013e9e251ac1bc7adf45cb8e8b2fbc4665b9ee440901e38e7642670c869,LEGADO_JUNIO,salida de la corrida de junio 2026,NO,NO_COPIADO,
Script en R/resultados/diagnostico_palabras_resid_fitted.png,Script en R/resultados,diagnostico_palabras_resid_fitted.png,.png,8583,2026-06-15 17:13:39,3cc2d32bee80bed9fa209e13be28f45e97cf2f073a6b30ab7459d59ea054a252,LEGADO_JUNIO,salida de la corrida de junio 2026,NO,NO_COPIADO,
Script en R/resultados/diagnostico_sentimiento_qq.png,Script en R/resultados,diagnostico_sentimiento_qq.png,.png,7846,2026-06-15 17:13:39,8ba281e6d10aa45fa45357996acbef4d0fe6d5bdd13b6ff22c267291bed5f92c,LEGADO_JUNIO,salida de la corrida de junio 2026,NO,NO_COPIADO,
Script en R/resultados/diagnostico_sentimiento_resid_fitted.png,Script en R/resultados,diagnostico_sentimiento_resid_fitted.png,.png,7441,2026-06-15 17:13:39,409a94bcaef2e6a2b3d91416fe105d1018446b2e02750f059341f081f6b93d6f,LEGADO_JUNIO,salida de la corrida de junio 2026,NO,NO_COPIADO,
Script en R/resultados/diagnostico_ttr_qq.png,Script en R/resultados,diagnostico_ttr_qq.png,.png,7936,2026-06-15 17:13:39,b1b4cbad6f8ab67b07464eece4fef5855003daa34d2f8ea692797f0654f3abb3,LEGADO_JUNIO,salida de la corrida de junio 2026,NO,NO_COPIADO,
Script en R/resultados/diagnostico_ttr_resid_fitted.png,Script en R/resultados,diagnostico_ttr_resid_fitted.png,.png,7843,2026-06-15 17:13:39,e996383fb52798df0b723121a1c3e5872df21f657276c76d8dcc99c9c754bc12,LEGADO_JUNIO,salida de la corrida de junio 2026,NO,NO_COPIADO,
Script en R/resultados/fig1_palabras_condicion.png,Script en R/resultados,fig1_palabras_condicion.png,.png,167258,2026-06-15 15:03:05,29d2db8154427a25ab2a1f1bb76608ea28e68ab7859085ce0087c9b5237adf45,LEGADO_JUNIO,salida de la corrida de junio 2026,NO,NO_COPIADO,
Script en R/resultados/fig2_palabras_demora.png,Script en R/resultados,fig2_palabras_demora.png,.png,125939,2026-06-15 15:03:07,0da3003c1aa0f2c43ec512acd4141b5afc8117bd3edddf1ef660fbf34342ecd5,LEGADO_JUNIO,salida de la corrida de junio 2026,NO,NO_COPIADO,
Script en R/resultados/fig3_emociones.png,Script en R/resultados,fig3_emociones.png,.png,183826,2026-06-15 15:03:08,b64468075edd1c73f981580bbe6fc53e373f5c23df55140a933622ff095c2c86,LEGADO_JUNIO,salida de la corrida de junio 2026,NO,NO_COPIADO,
Script en R/resultados/fig4_ttr.png,Script en R/resultados,fig4_ttr.png,.png,133441,2026-06-15 15:03:09,095b34785903b54090799c9bd32bc9ec8efc90f5936eca60e957c928f2f69b9d,LEGADO_JUNIO,salida de la corrida de junio 2026,NO,NO_COPIADO,
Script en R/resultados/fig5_modelo_estimado.png,Script en R/resultados,fig5_modelo_estimado.png,.png,122928,2026-06-15 15:03:09,d144a9fa7d0e9d031537bb35e8b2bb6d25bed7e4862beb3ddf5e51f5870da768,LEGADO_JUNIO,salida de la corrida de junio 2026,NO,NO_COPIADO,
Script en R/resultados/fig6_scores.png,Script en R/resultados,fig6_scores.png,.png,149689,2026-06-15 15:03:10,04822d7ebfa915d041e99298caed72f1dadc1f0b7726eedb289cef91c3024c53,LEGADO_JUNIO,salida de la corrida de junio 2026,NO,NO_COPIADO,
Script en R/resultados/fig7_correlaciones.png,Script en R/resultados,fig7_correlaciones.png,.png,62831,2026-06-15 15:03:12,41ffe08ce25c9330ebfa2f558438ca73f0435bc84082121428530c5b1548f235,LEGADO_JUNIO,salida de la corrida de junio 2026,NO,NO_COPIADO,
Script en R/resultados/modelos_mixtos.rds,Script en R/resultados,modelos_mixtos.rds,.rds,279523,2026-06-15 15:14:05,0efc8d8fcf682519966995e879351506e0d6c45fcaa24b6d2a981dece60d1008,LEGADO_JUNIO,salida de la corrida de junio 2026,NO,NO_COPIADO,
Script en R/resultados/panel_principal.png,Script en R/resultados,panel_principal.png,.png,323017,2026-06-15 15:03:12,dd57f90c0a5ac2bbffa2c2a86af39fe1ffedacd7ee4340dd4fe52dae32a37287,LEGADO_JUNIO,salida de la corrida de junio 2026,NO,NO_COPIADO,
Script en R/resultados/resultados_cambios_y_scores.csv,Script en R/resultados,resultados_cambios_y_scores.csv,.csv,4519,2026-06-13 21:21:03,1759922a9302eb0cd4c9dc3d15ff49aa6da412f32a21094ec197d5b2e5b4c9f9,LEGADO_JUNIO,salida de la corrida de junio 2026,NO,NO_COPIADO,
Script en R/resultados/resultados_datos_completos.csv,Script en R/resultados,resultados_datos_completos.csv,.csv,118105,2026-06-13 21:21:03,3f6ffaaab873049cf36c9941c91d85f548f969e3556445e20eacf6eecfe002fa,LEGADO_JUNIO,salida de la corrida de junio 2026,NO,NO_COPIADO,
Script en R/resultados/resultados_sentimientos_detallados.csv,Script en R/resultados,resultados_sentimientos_detallados.csv,.csv,1867,2026-06-13 21:21:03,1e6cecf25d065e07dad0ee851f0aad95f70a414cdcfc18e108414d825ae77edc,LEGADO_JUNIO,salida de la corrida de junio 2026,NO,NO_COPIADO,
Script en R/resultados/resultados_temas_detallados.csv,Script en R/resultados,resultados_temas_detallados.csv,.csv,10563,2026-06-13 21:21:03,e398e6d71490b33d33a0ea6633df6e3e04c5c63e6ea296aaf39d3fb4eb4a67f7,LEGADO_JUNIO,salida de la corrida de junio 2026,NO,NO_COPIADO,
Script en R/resultados/sentimientos.csv,Script en R/resultados,sentimientos.csv,.csv,2104,2026-06-15 15:14:01,2cb6e1283b6256d8cd71b24078e61df9c025691233687c76927d0ead9b229a0f,LEGADO_JUNIO,salida de la corrida de junio 2026,NO,NO_COPIADO,
Script en R/resultados/temas_hopper.csv,Script en R/resultados,temas_hopper.csv,.csv,2330,2026-06-15 15:14:03,c9c224458a03386e3083366d6778e87a10c665840a95c6ad6243b157adf7a509,LEGADO_JUNIO,salida de la corrida de junio 2026,NO,NO_COPIADO,
Script en R/resultados/tests_estadisticos.rds,Script en R/resultados,tests_estadisticos.rds,.rds,87910,2026-06-13 21:21:09,d11cee4b7755f0c04ac5aee1d55f68485638eb7a73279ae31f066ef1867077cc,LEGADO_JUNIO,salida de la corrida de junio 2026,NO,NO_COPIADO,
Script en R/resultados_graficos/reporte_graficos.pdf,Script en R/resultados_graficos,reporte_graficos.pdf,.pdf,9847,2026-06-13 20:38:48,f30e071911000ccf7ad87b5ac6c6e41d7278a6b147bf30a14243c7a38b361872,LEGADO_JUNIO,salida de la corrida de junio 2026,NO,NO_COPIADO,
Script en R/tabla_descriptiva_completa.csv,Script en R,tabla_descriptiva_completa.csv,.csv,2016,2026-06-13 20:38:56,434e876b8b197dcb52cbf386ec83bfd2cd689a828230fef2f78668ed12c2a9f2,LEGADO_JUNIO,salida de la corrida de junio 2026,NO,NO_COPIADO,
Vaciado Datos piloto Interrelación.xlsx,.,Vaciado Datos piloto Interrelación.xlsx,.xlsx,23995,2026-08-18 16:36:51,5e77d8a0f6e34f476576cd0f1ff875a1ce8bcd7ecc6367734e289cd473b9d2a5,RAIZ,archivo de la raíz sin clasificar,NO,01_datos_crudos/Vaciado Datos piloto Interrelación.xlsx,
auditoria_rds.R,.,auditoria_rds.R,.r,1227,2026-09-07 10:36:33,14204c39efc2a8f0da1cd3784d65d75a8ca4ccfd1efa8b37fd7f5f6b3f3f49d6,CODIGO,sonda de auditoría de objetos .rds,NO,04_codigo/auditoria_rds.R,
datos_experimento.xlsx,.,datos_experimento.xlsx,.xlsx,35034,2026-06-13 18:12:02,42392107c03464fa90c4881469f240efbba54d9eaf3113eded0cc24cfa7c5a7d,RAIZ,archivo de la raíz sin clasificar,NO,NO_COPIADO,
files.zip,.,files.zip,.zip,36912,2026-05-26 18:24:57,7ab3c60a78f0f3d1399cb222fd2fa860ed734e191aafa6766c5c5bf50195b62c,RECURSO_ZIP,archivo comprimido sin documentar,NO,NO_COPIADO,
inventario_figuras.csv,.,inventario_figuras.csv,.csv,47373,2026-09-07 10:32:15,9df2eaedc6cfb2d7f24123747a54df1fd7fa4b4d574e69f71f946036bc905eb7,AUXILIAR,inventario de figuras,NO,NO_COPIADO,
piloto_interrelacion_formato_largo.xlsx,.,piloto_interrelacion_formato_largo.xlsx,.xlsx,16859,2026-08-18 16:41:45,be68f6f6e40b8c34319be697e1a6a1c53a4032dabf3a76d1d7e9918881c0b25d,RAIZ,archivo de la raíz sin clasificar,NO,01_datos_crudos/piloto_interrelacion_formato_largo.xlsx,
resultados en latex/Metodologia/Metodologia exp ALC.aux,resultados en latex/Metodologia,Metodologia exp ALC.aux,.aux,6494,2026-09-01 22:20:25,f25b38820ff875a5efffd7626f807e09e20f947fa3693fde7bf7353c53a563d8,LATEX_GENERADO,artefacto de compilación LaTeX (regenerable),NO,NO_COPIADO,
resultados en latex/Metodologia/Metodologia exp ALC.log,resultados en latex/Metodologia,Metodologia exp ALC.log,.log,32955,2026-09-01 22:20:25,64eb9d661144906c8a9f67dea46181ad8eea0bc53f370eeb251014e2a85809d2,LATEX_GENERADO,artefacto de compilación LaTeX (regenerable),NO,NO_COPIADO,
resultados en latex/Metodologia/Metodologia exp ALC.out,resultados en latex/Metodologia,Metodologia exp ALC.out,.out,7697,2026-09-01 22:20:25,5c7b265e747cbad0f75e79f6e64dd1e09fdb79d455c87695b31aef01487ae5fa,LATEX_GENERADO,artefacto de compilación LaTeX (regenerable),NO,NO_COPIADO,
resultados en latex/Metodologia/Metodologia exp ALC.pdf,resultados en latex/Metodologia,Metodologia exp ALC.pdf,.pdf,339825,2026-09-01 22:20:25,8c1fc2af4da3283de9aef13c627bc726c8c5a516d1d1e5a47401694253fd56f8,LATEX_FUENTE,documento LaTeX del manuscrito/resultados,NO,NO_COPIADO,
resultados en latex/Metodologia/Metodologia exp ALC.synctex.gz,resultados en latex/Metodologia,Metodologia exp ALC.synctex.gz,.gz,107826,2026-09-01 22:20:25,92c3f62b66a2a47702f2ba8c2f4d4e0ee8015ccefead363593ff2e577bcd2365,LATEX_GENERADO,artefacto de compilación LaTeX (regenerable),NO,NO_COPIADO,
resultados en latex/Metodologia/Metodologia exp ALC.tex,resultados en latex/Metodologia,Metodologia exp ALC.tex,.tex,42496,2026-09-01 22:17:25,998b16797abf8351f0a1b3cd0a9e9f0643ad8fb83b27947d3ef2bf7e5221f91d,LATEX_FUENTE,documento LaTeX del manuscrito/resultados,NO,NO_COPIADO,
resultados en latex/resultados.aux,resultados en latex,resultados.aux,.aux,7398,2026-09-05 00:28:59,b7842ca63f22399e8fb096cd80cad6cd980fec70fef8db869c734537777422aa,LATEX_GENERADO,artefacto de compilación LaTeX (regenerable),NO,NO_COPIADO,
resultados en latex/resultados.log,resultados en latex,resultados.log,.log,16068,2026-09-05 00:28:59,a2f0065a1bcd143bf5984d666e4c09d75246abd6a6641dbe3e5d057654e64a16,LATEX_GENERADO,artefacto de compilación LaTeX (regenerable),NO,NO_COPIADO,
resultados en latex/resultados.out,resultados en latex,resultados.out,.out,3491,2026-06-15 11:42:57,3c83225a6e44c93fcd7973ec7ef4e018adfbbeae29cd7c950cb29fa21028d4de,LATEX_GENERADO,artefacto de compilación LaTeX (regenerable),NO,NO_COPIADO,
resultados en latex/resultados.pdf,resultados en latex,resultados.pdf,.pdf,164554,2026-09-05 00:28:59,97f4f43d8c9029ec26b909c29f0f6eeb07a55e6d9ad1e399ffd819b0c6989750,LATEX_FUENTE,documento LaTeX del manuscrito/resultados,NO,NO_COPIADO,
resultados en latex/resultados.synctex.gz,resultados en latex,resultados.synctex.gz,.gz,163815,2026-09-05 00:28:59,f5544c4bded2a0de45476ad5136d22039b65dc103eb7756af6695b6da38c6a7b,LATEX_GENERADO,artefacto de compilación LaTeX (regenerable),NO,NO_COPIADO,
resultados en latex/resultados.tex,resultados en latex,resultados.tex,.tex,55488,2026-09-05 00:28:56,69b0faf7a5713f642a7e81c9dee4a37ae6d601a3856d85674caa46b1e1dddf96,LATEX_FUENTE,documento LaTeX del manuscrito/resultados,NO,NO_COPIADO,
resultados septiembre revisar.pdf,.,resultados septiembre revisar.pdf,.pdf,163479,2026-09-05 00:30:08,f2189946d1ee724fd8e446b1d7819c571800037f3b5b2a20e68f4abc19459dab,DOCUMENTO,"documento de estudio, resultados o resumen",NO,NO_COPIADO,
¿QUÉ SUCEDE AL ESCRIBIR_INTERRELACIÓN DE MODOS LINGÜÍSTICOS COMO PROPUESTA METODOLÓGICA PARA EL ESTUDIO DE LA ESCRITURpdf.pdf,.,¿QUÉ SUCEDE AL ESCRIBIR_INTERRELACIÓN DE MODOS LINGÜÍSTICOS COMO PROPUESTA METODOLÓGICA PARA EL ESTUDIO DE LA ESCRITURpdf.pdf,.pdf,4060679,2026-08-25 22:11:45,88f5087c0f04bb430b025f4486cbbb5b76fd2132351bd0800a069a73ab6030c3,DOCUMENTO,"documento de estudio, resultados o resumen",NO,NO_COPIADO,
