"","PC1","PC2","PC3","PC4","PC5","PC6","PC7","PC8","PC9","PC10","PC11","PC12","PC13","PC14","PC15","PC16","PC17","PC18","PC19","PC20","PC21","PC22","PC23","PC24","PC25","PC26","PC27","PC28","PC29","PC30","PC31","PC32","PC33","PC34","PC35","PC36","PC37","PC38","PC39","PC40","PC41","PC42","PC43","PC44","PC45","PC46","PC47","PC48","PC49","PC50","PC51","PC52","PC53","PC54","PC55","PC56","PC57","PC58","PC59","PC60","PC61","PC62","PC63","PC64","PC65","PC66","PC67","PC68","PC69","PC70","PC71","PC72","PC73","PC74","PC75","PC76","PC77","PC78","PC79","PC80","PC81","PC82","PC83","PC84","PC85","PC86","PC87","PC88","PC89","PC90","PC91","PC92","PC93","PC94","PC95","PC96","PC97","PC98","PC99","PC100","PC101","PC102","PC103","PC104","PC105","PC106","PC107","PC108","PC109","PC110","PC111","PC112","PC113","PC114","PC115","PC116","PC117","PC118","PC119","PC120"
"1",-0.0542813682557652,0.0496513375144363,0.035080351574554,-0.0749762164742812,0.0389110676404034,-0.0428408503763744,-0.0302998228525672,-0.0142094698741921,-0.0724240636830927,-0.0221434596491178,-0.0363705465159883,0.0330864853364343,-0.016396635583363,0.0656290417253549,0.104994429485887,-0.036427943997686,0.0284100389662964,-0.0145288001382811,-0.0633045847716171,0.033945839353066,0.10979692842367,-0.0441095323913009,0.00575053979237974,-0.0776978624166024,-0.0319437033923768,0.0242252411654782,0.0257997248207658,-0.010907794511471,-0.0597476652046137,-0.0211704253855291,-0.0408338632099533,-0.0314243366674691,0.0706330317595147,-0.020549922026856,0.0459040121399705,0.00479129484513451,-0.0146406911813821,0.0176262682164145,0.149796871277446,0.100053298463377,-0.0964426866011189,0.0224559524041856,0.0389891438520975,0.0908165426371793,-0.0822529429435478,-0.0589880272051478,-0.012138614062877,0.065112301511859,0.00336376075072496,0.0658662099541465,-0.0273747097566732,-0.0305769449840483,-0.0224062441589345,0.129104264143975,0.00660688085781642,-0.00931644350294261,-0.0798206570524012,-0.00168346061529883,0.016916044698974,-0.1205901316645,-0.0296635139527507,-0.0374957293731377,0.0329575122414446,-0.0403146085279995,-0.0267669404117454,-0.03558635073484,0.0447027800496986,-0.023569314922789,0.00510675077516639,-0.0565332124632842,-0.067859203652335,-0.0261218050375347,-0.0183276803905747,-0.00285334904093518,-0.0869451898830374,0.0536713658131401,0.0423581206940262,-0.00587736074858782,-0.00550436673962373,-0.0665791432103827,-0.0380819460679412,-0.0388079597309221,-0.00725634999533846,0.0860338471411693,-0.0400383440525312,-0.00675435344143417,-0.0444558937841217,-0.00201528057346645,-0.0164331114946607,0.0329240895403574,0.00740313127016659,0.121857794597135,0.086544800109879,0.000677032460464526,-0.191282175914124,0.093004528695168,-0.0877117798162328,0.0176027241726049,-0.0326425745082386,-0.0592597572485696,-0.00777307783428083,0.0170373076049627,-0.00305542353730824,-0.0514707555332281,-0.00830564316781995,0.0193928186510881,0.0546172086266406,-0.0362576995512197,-0.0664873393764654,-0.0217699454167966,0.00689858942469909,0.0779099207873396,-0.00673149357424939,-0.0184031255864274,0.0390712594370278,-0.0791695076266406,-0.00477485233157774,-0.0827943220280483,0.068602030606542,-0.0061121000233204
"2",0.0683951940504547,0.0118042296730106,0.0312855547606669,-0.0418377699337852,0.0533339483150023,0.00407255353126815,0.0868122309685839,0.0401589251273955,-0.0874886809872193,0.0549658854446814,0.0573018307085759,0.0184485849984949,-0.00651615913738404,0.0386617573782142,0.0377136732731136,-0.0448256315085546,-0.0282481983430984,-0.0240766960135209,-0.0354595698939294,0.111366739108768,-0.0469277833840337,-0.0595331312740898,0.052763649481525,0.0056867203365063,0.0234082878144986,0.0156427590026452,-0.0395147224988213,0.0289675238890035,-0.00885547905147397,-0.0949973143298654,0.102022360702451,0.0181265067169787,0.0357163767763726,0.059639558788227,-0.0179432735914205,0.00575248827499409,0.0659764723841354,0.0228928703552523,0.00940987085263899,0.0160769236077437,0.0242354812186383,-0.0367454345245268,0.0249148810702186,0.0122741518812903,0.0551939776092864,0.0699382946493005,-0.0358630622031147,-0.00531851016837884,-0.00111860919989117,-0.0163450707574002,0.107411042511855,0.0327387400835799,-0.0898650853960747,0.0547513747118325,0.0666412243469401,0.0576774052749323,-0.0114639273796179,0.031750472948767,-0.0436478578091244,-0.0715318200999892,-0.00377104421961619,-0.100394018154079,0.0417121564363015,-0.0184481003099323,0.0172761051843905,0.0240588316969393,-0.00239507308426932,0.037479776944469,0.000789115265415988,-0.0456242358586819,-0.0148363435909628,0.112639490215032,0.0428206385753043,0.0931724031935315,-0.064842304162613,-0.00393742075038467,-0.025177136592723,0.0207611857403434,0.067317414704453,0.0577215970985082,0.0582353019650742,0.00412432738327201,0.0265308141947025,0.0683691524526509,-0.0510098190874844,0.0235977020095794,-0.0574784201744592,0.0545267030030622,0.0281024216894146,0.00917935204968312,-0.106587198608256,0.0523325378719184,-0.0529534121050515,0.0491672945238426,0.0724123402315994,-0.0985718575765197,-0.0129860706142246,-0.0235808538513639,0.0113134953329454,0.0551385948197172,0.088927927902271,0.0847690308297182,-0.0309030097403451,-0.0236515647277525,-0.0391971214615631,0.0310126044582894,0.0522869106078567,-0.00456585317324995,0.028339644882587,0.0150337467790475,-0.00287442748946098,-0.119728194934513,0.049613210343363,0.080321387368565,-0.0363128598190972,0.0737889509626873,0.0616054011776442,-0.027290242037442,-0.0245564599973828,0.12946376560354
"3",0.0190799508710253,0.050495555848936,0.133228843721624,-0.0349505994710613,0.0262946584930192,0.0197180099199503,0.00121169910798285,-0.0490175806824574,0.00769141211742617,-0.0056768699646834,-0.0414977631442032,-0.0614445863118664,-0.0425815053019469,-0.0300251490819481,-0.0961551405816768,0.040587971700489,-0.0208887051203638,-0.042421985862834,-0.0638602701629895,-0.0401280888415722,-0.0492112786232392,0.0126089234646575,-0.0816681200644238,0.0356195149430595,-0.0283459128777583,0.00994487576633026,0.000173249091235938,0.0205538065406896,-0.0848157746141825,0.00125443493791493,-0.017721935127085,-0.0243282735081682,-0.0251058301366808,0.00503397716601864,0.0304557082155508,0.00566567242113421,-0.0288712893750195,0.00217874627301441,0.0257010327427241,0.0187768911165369,-0.0525555747311521,0.0144152292299193,-0.00812152231459162,0.0908544678645907,0.053117132045845,-0.0774853105841204,0.00445251340188339,-0.0267955832488357,-0.00331518500394178,0.0347019639644036,-0.00745135713689231,0.0661131279159143,-0.00332917373268772,-0.141096753206439,0.0726413910166749,-0.0247860348210082,0.0043118983645243,0.02826376777015,0.0700986076087092,0.0357819819582986,-0.0454550485469398,-0.0603114202216087,-0.000398808582476139,-0.0288741204143458,-0.0323902255105075,0.00588266931038042,-0.00136187661825741,-0.0532372785991108,0.00729083997856823,-0.00857832075811554,0.0282569993957797,-0.011539685683945,-0.00820779160104703,0.0266096645335031,0.0915896130953831,0.101242038015363,0.0415539080830342,-0.0352031987965247,-0.0654325783842901,0.00780877019856244,0.0282512826947503,-0.0014438688047103,0.00300719853889974,-0.1215846599039,0.0187460648083764,0.00629195256736213,0.0277954345852299,-0.0642649816448065,-0.0924365040089681,0.00253020885847462,-0.0163574298484243,-0.0023957860440641,-0.0200510765762668,-0.0242243755343821,0.011945606799479,0.0153024413292935,0.0702590004644567,-0.0193196809152329,-0.0164371987796885,0.0230763494716224,0.0501785001226122,-0.0851003461286518,0.00483968436903286,-0.0202683554013037,0.053706764392691,0.0505661310254737,-0.0744005875852897,-0.00171116544808897,-0.0876255923023627,-0.0566847160325693,0.05054980219065,-0.00697359945823683,0.0500787191596253,0.0578414302278617,-0.018236846904705,-0.130586703567576,0.0583472947296197,-0.0204425825449841,0.107625278485857,0.0412306474905431
"4",0.0268944097929993,0.000110040892186756,0.090567105149025,0.0868817276303022,0.0629135476070957,-0.0134863725318006,-0.00498440096288916,0.0233247484651713,0.112260326458794,-0.0337271629669667,0.0164163798944025,0.00947798772911965,0.0453785234311369,0.007260451262724,0.0423147303661878,-0.0610944835072354,0.0662338925771194,-0.073679013508804,-0.0116240150711353,-0.0543661140497219,-0.0347430754587168,0.00292104335975451,-0.082148198344286,0.022760065632926,0.0267307176889195,-0.0487673372565443,0.00591087021880496,-0.00191271010048367,-0.053376280805715,0.00271464835633919,-0.0360884955311853,-0.0205703893728776,0.0270743176027722,0.0353597214395145,0.0981918734154967,0.0100859004588071,0.0593751162364929,0.0143058582198347,0.037723937810747,-0.0127034777801995,-0.0622962536695647,-0.0143150332850213,0.0720065659998717,0.0666697354514737,0.0111730779863805,-0.0418105281801711,-0.0994801227653851,0.00225262740969472,-0.0317656173967308,0.0185715234705265,0.0025197116787291,0.0586290576085279,-0.00134861463372852,0.0236375832147739,-0.0487983624569524,-0.0372339645404547,0.0322842999483643,0.0332682863369185,0.0721534169721859,-0.0127345848893281,0.0492479841861301,-0.0560197755574848,0.024987125885397,-0.0222631514612235,-0.0214873318279566,-0.0310779467956045,0.0350566220752244,-0.0145959167774906,-0.0756982613544341,0.0806879852685281,0.0280952290035428,0.119344882593566,0.078264661295009,0.0633486375852919,0.0311024277041798,-0.069397470074505,-0.0741864197613648,-0.00371718255810621,-0.0412911981087837,0.0827172682202571,-0.0458286359000799,-0.0655445909883143,0.015164286766587,0.00780117921459411,-0.00476338129111412,0.0260801052814148,-0.0134721481349024,-0.117797554745639,0.0644045671837976,-0.031309617735534,-0.0280654064558532,-0.00866702185363122,-0.00936893046821848,-0.0374732691973585,-0.116817170672071,0.13282559216792,-0.372073148419644,0.00516273420486026,-0.237064765892268,0.125377680429797,-0.0506364022543953,-0.164850686037128,0.080448986078625,-0.0471167189031551,-0.0140974107957185,-0.0156925604250358,-0.0173763777271318,0.0174750573030288,0.0561357399014028,-0.0444293129275708,-0.0449148154599719,0.0101269526897618,0.0231988902971217,0.0287746606448548,0.0244870385253845,-0.00357299470628699,0.0261212338912069,0.514271996961334,-0.384572095930839,-0.18087395539549
"5",0.0139677811650076,-0.045953679627626,0.0108222153565025,-0.0203033110512597,0.0854767261473209,-0.00665133249080709,0.0937539183548834,-0.0683374341378215,0.0117060704411613,-0.0536860754029006,0.0212832573017247,0.0361605051493664,0.0968502852018035,0.117904727735236,-0.0046070736086256,-0.0124465932720345,0.0163811377402286,0.0248797526398278,-0.0188737590342631,-0.0663194598225456,-0.00554971046259136,0.0687290587068608,-0.0334820418270631,-0.0538990870747439,0.0505541472587948,-0.0949551790135379,0.0171015946047038,0.0676441571689251,0.0261582415829699,-0.0207398341652429,-0.0568950453305355,0.084795252615178,0.0753736558261669,-0.0848520368405605,0.0101352414591501,-0.0816150568495157,-0.0415777171514612,0.000832684288082987,0.0511305007807305,-0.0793048020431012,0.0285513454040785,-0.0505889484575573,-0.028686096061797,-0.00481478350362038,0.082707740417506,-0.0970897128538692,0.0332281288798909,-0.0432547949302552,-0.0227422576422009,0.0423950114260059,0.0309057390912892,-0.102512742703019,-0.0368215734529143,0.0257054618715193,0.0523920876161769,-0.0561078022836807,-0.0197746870151091,0.0381679602335695,-0.0609009748189597,-0.0168262480440435,0.0814125060957579,0.0176569914837312,0.0099579379493687,-0.0644792185972642,0.0153556959437213,0.0337766388600948,0.073858025284761,0.0975454763532447,0.0161098070849967,0.0134519546633661,0.0967633695281797,-0.00443505652061742,0.0769832216577491,0.0473413881735961,-0.0166242426347003,0.0290208327547702,-0.0735996925520093,-0.0931567707475511,-0.087803149375499,-0.0298162987520161,0.0311827335058193,0.00860815435618338,-0.096281958037062,0.0387784560399774,-0.0620703452909081,0.0155796368398688,-0.0521605965173531,0.0305953183303788,0.0152972524207689,-0.00580903135505182,-0.100305322174688,0.0892265345146972,-0.0222326402144716,-0.0451883947440237,-0.0804739703446064,0.111972384220389,0.760961635459022,0.0376955504469612,-0.146869886671396,0.0493267632368785,0.00673512196833489,-0.00809058034735831,0.0142270519742362,-0.0251867198780944,-0.00111914451607011,-0.0148787164045881,0.0249410670236044,-0.00716468439762105,-0.0242091405922551,0.0170976289935883,0.000690666872362695,0.00443599197527412,0.00376308176369807,0.0133006349179326,0.00739333165132932,0.00592714997861275,-0.00334246418258621,0.156389770776147,-0.22176696264952,-0.0906546091037816
"6",0.0736150774994832,-0.0460712777706412,0.0224712202051775,0.00464872116629513,-0.0223502570675501,0.00370103818048928,-0.096695944768756,-0.0211552561076509,0.0464923102381651,-0.00127248380773747,-0.0701442292639036,0.047190634306417,-0.043070645926264,0.0141163198670833,0.0260524106257307,-0.0298961724059827,-0.058654826609557,0.021986890685842,0.091580612268526,0.0678689031752307,-0.00784436488798697,0.0623357171307086,-0.102209884494747,-0.101697231669697,0.00456071618718336,0.0285118738971073,-0.0688464856599065,0.0258444987905526,0.0979338043878227,0.0626092237158086,-0.0201522740721316,0.0228043569512335,0.0460034898703286,0.0103320824185063,-0.0294986618261747,0.0351296841845892,0.0701915281340338,0.0437473845584951,0.0100335869006798,-0.0752057414677987,-0.0223835326348769,-0.0565303603138828,-0.0221695598000758,-0.0178355828640044,0.0482885683049415,0.0332822437419534,-0.00186471264164134,0.0704857581929088,0.0268642684992119,0.0139557096476899,0.0226164691813346,-0.0137129996439144,-0.00913939618647417,-0.0577105717127892,-0.0103180905135736,0.0233792118035519,0.0920502258680682,0.0608308825229523,-0.0618385716910109,0.0369188926830518,0.00769509692312689,-0.0207499110711366,-0.08079793371488,-0.00137700106913673,0.0100437496471334,0.0305118370030307,0.0420168035970767,0.00327863298392048,0.0341742121944419,-0.0149646579271295,0.0461409857865468,0.0509906184533837,-0.0212292655109978,0.0292735282974136,-0.0419857719948798,0.0218697103639691,-0.0453450918095043,-0.0271179537692055,-0.0750648090662055,-0.0197230853091817,0.0245830156755508,-0.113062520324505,-0.0103426266302901,0.00511395327443097,0.100882105518993,0.119587505921693,0.0104002868532979,0.0598867677265983,0.0302239409293695,0.00564227730102473,-0.00512081472578775,0.075811824876076,-0.103266072520103,-0.0611405687886472,-0.089596261565555,0.0264255789561376,-0.0394353176885336,-0.0337776887263938,0.0148664182647591,0.0206028101276374,-0.0160842824069818,-0.0500353884307274,0.0605987285467296,-0.0132374747394198,-0.00712990363148806,0.038570284021387,-0.00566924697483687,-0.0622784910772842,-0.0305571942454988,0.0150488257956623,0.0145634789447315,-0.192587433782386,0.0690251916773081,0.0385921497458567,0.0482739722351376,-0.0358141608704998,-0.00784393144437372,-0.0554738407447937,0.0228120471190001,0.064528731064078
"7",7.34617502209293e-05,0.0538528826152754,0.0910105969297402,-0.0185062650539785,-0.0641062873387199,0.0140051956154193,0.0735538610201689,0.00227327815449977,-0.0417971054887409,0.0191627397692748,-0.0923361869382776,0.0280400502502123,0.0219202147715851,-0.000327216328176559,0.045299464846874,-0.053848557035585,0.0606790672984814,-0.0549771827722941,-0.0963044107653858,-0.0562875654380466,0.00472548078794774,-0.00564520181458196,0.0553596710471693,-0.0266641776539252,0.0946514532990976,0.0202230945116041,0.00936059249336002,0.0831840351322583,-0.0478851859409667,-0.0642480195983717,0.0161490339732854,0.084225714001613,-0.0092628770467192,0.110267354479751,-0.0143141651444814,0.0739919883923247,0.0548399638009998,0.0330494237798299,-0.017528823392659,-0.00131389125152217,0.0471760149133411,-0.00667399204642245,0.0647317750516043,-0.0158153621884024,0.071087793363429,-0.0660806817016781,-0.0763361174644331,-0.00322326463422877,-0.00988996305301365,-0.080349195622105,0.0608574403778598,0.0441904783272912,0.0539867287447083,0.00172992644221192,-0.0754293237499654,0.108232175783432,-0.00524840087993313,0.0132708978030773,-0.0914320050458786,0.0460214708585783,-0.0744032319691992,0.0101262852578018,-0.030202896462593,0.00947494440514251,-0.00797302202808398,-0.0013838533669759,0.00681296418995187,0.0105751112245344,-0.00781072648438808,0.0265327765042776,0.0331293766978693,-0.030912855332959,-0.0456497328980253,-0.0338393715337489,0.00834925119736427,-0.00928602772311935,-0.0290777766005113,-0.0731300030376458,0.0115403428792187,0.00643356900624083,0.0139684239009637,-0.00905869340809402,-0.0245278810436408,0.0111274709069943,0.0759076311908215,-0.0247806253053217,0.00407248808056361,-0.0446797932286716,-0.0241319702350473,0.0138701558434327,0.043993420925495,-0.111988692258519,0.0610295709083586,0.0114005300916734,-0.0919907332392787,-0.00527767048208044,0.0280570807293263,-0.120210598437212,-0.0124661742459981,-0.0312989064561232,-0.02142219904372,-0.014203608897725,-0.094602821433914,-0.0694528914241389,0.0574715877677724,0.010059185589119,-0.0263199136678646,0.0285749453177887,-0.04576454039642,-0.0287607446815334,0.0688600455684456,-0.0169673383262414,-0.0263794041855242,-0.0430834496186765,-0.0143360520974745,-0.146959588117211,0.0377970873881855,0.0267557705067105,-0.00941588519404911,0.0463871486434654
"8",-0.043951867390914,-0.074038524844692,-0.000991629496507047,-0.053294565857946,-0.0503701464223826,-0.0851728498248621,0.0431818684878412,-0.00180398810114433,0.0602814936051529,-0.00317264971389397,0.0268628159670283,0.051623725084523,-0.100685166468431,0.0145890987407923,-0.0178141586135182,-0.0132413917583794,0.00604714013140429,-0.083845382149186,-0.00815765208391206,-0.0073684030428928,-0.0617410522363549,0.0758898808677398,0.0355409692207206,-0.0192791150000236,0.0545767152559777,-0.0440266720800546,-0.0638326179573617,0.0683856262479221,-0.0610296259616295,-0.0768310445876744,-0.0374234582128172,0.0441688713124719,-0.0849042188808118,0.0910920878790763,-0.0133835249998158,0.0376989648256386,-0.00683842466333074,0.0136529189671439,-0.0641980414693605,-0.0375170296312051,0.00580963654394744,-0.0648477168692007,-0.0620335109165748,0.0182310305926453,0.0217998372106951,0.105069704761081,-0.0273097479749937,-0.0388500016918644,-0.00604869833609158,-0.0156500836524576,0.0586225689295324,-0.00708406500455864,0.0101321900635291,-0.0276343681499424,-0.00921872567130663,0.0808978282332626,0.0315201872051002,0.029654570659429,0.0594934902181344,0.0135348770626033,-0.068978388969981,-0.00951803878700706,0.0216071257765936,0.0952867835055889,-0.0340531053854322,-0.0500081438464154,-0.0168277208102068,-0.0433227594969217,0.0106648245154129,-0.120486069826907,0.0140171051801154,0.0428794880885082,-0.0196512136049402,0.016437914857665,-0.0100763848017225,0.055001651775326,-0.053905238265447,-0.0526298749419007,0.0171518353074097,-0.0435684705577198,-0.0980477279318993,0.0893639439069332,-0.0663658356593283,-0.0268621670669352,-0.0509094681958354,-0.105118332662592,-0.127461619973193,0.046837755168692,-0.0825372999739266,-0.0305413837854449,0.0701647252844497,-0.0176995840359694,0.0082919693116508,0.0559741398765063,-0.0694903604009032,0.0797932168227435,-0.000157909649017387,0.0135407330230766,0.00639057805361658,0.0263468574109319,0.0507826059258881,-0.0507936134451207,-0.0548743529140545,-0.0635587613650708,-0.018035680423092,0.0217692943497609,0.0204878995691184,-0.0913654078687005,-0.00326877655983012,-0.0706416745849289,0.00374549848872281,0.0430508995248014,-0.0631923574331323,-0.0676507346600038,-0.0156727024447678,-0.0308108999009934,-0.0244127160350054,-0.0221243566059268,0.0151965325060049,-0.0685682832829008
"9",-0.0126069251161207,0.00176451724535265,-0.0690198843947227,0.0734784277546142,0.0880065810132968,0.0271287888689068,-0.0957319005592504,0.0240506004614367,0.0151887654653095,0.0551164047127973,-0.0632166156190234,-0.0558303047987468,-0.0349732507744143,-0.000809245206830581,-0.0807491843816153,-0.0639814052053134,-0.00222171935165227,-0.00287984559411566,0.0247364918637754,-0.00183226455171588,-0.00234511658856533,-0.00852840726234355,-0.0481997809889594,0.00400334085126791,-0.0397746891613932,0.107319384971942,0.0596351941080673,0.011319527927789,-0.0692705652764029,0.000166693938436623,-0.0112863311546382,0.0723096884355765,-0.00652518693293959,0.0126985736829849,0.0683209648445487,0.033987526479534,0.0315696343696684,-0.0282198002834812,0.0157329307780456,-0.0117717057125533,0.0944665577328124,0.0943297369937732,0.0120460441306473,0.0561459608934291,-0.0312618692075138,0.149912125957143,0.0704255585904267,-0.00218404514802173,0.0114976755758539,0.0315202557432903,0.0417792580670548,-0.0613857025371304,-0.0644999399320433,0.0366887127191848,0.0918609797958267,0.0183314994045275,0.0209055938787648,-0.0394954868034523,-0.0114995818079978,-0.0691698524805822,-0.0513413557019341,0.0181433022513741,-0.087355399854554,-0.0438492782471151,0.13838272521482,-0.0210598069928455,-0.025993669149607,0.000319825568782703,-0.00510944838375132,0.0330717284848591,0.07797119583317,0.0221320326830031,0.0171930177899751,0.0103093542824311,-0.00849860962460729,0.0300069583540748,-0.122999976815816,-0.0725390634092564,-0.0539898342703828,0.0481721689676155,0.0222834676193729,0.0459003874852369,-0.0379742479769298,0.0257215298410684,0.0519159729239751,-0.031729976839142,0.0836905645233861,0.0379496588094183,-0.0777206613254529,0.0204787682532043,-0.00362641873178776,0.0892519647903184,0.0868267417959384,-0.0219073764346219,0.10888345818918,0.0181298964590202,-0.0132636983797048,-0.126589951878083,-0.0219515489890184,-0.0150892504205637,0.00472995641670318,0.0220067038463334,-0.0499054464569102,-0.0430006832284029,0.0621043529807421,-0.067416423258092,-0.0449959543668123,0.00767345425514135,0.068562341192853,-0.0241948969226203,-0.0107486944153828,0.0143383397067955,0.0485096476793883,0.0974052227096984,-0.0222493396411376,-0.00969618286195576,0.0204389589117553,-0.0543070418534987,-0.0766832003576565,-0.0530008308254923
"10",0.0625947938383936,-0.0210061870197099,-0.08429692417569,-0.00726578987733194,-0.0705011780569167,-0.010845439476488,0.0172820159676768,-0.043204129720707,0.00317821294229191,-0.00171995520423257,-0.0508681147745505,0.11929884753725,0.0397329571118605,-0.059677371151517,-0.00484519821657082,-0.0528125318534274,0.022594442192994,0.0126294909825773,-0.0201044661110168,0.0204049006738835,0.068620961832286,0.0203009487315434,-0.028561422560242,0.0833770327271159,-0.08175077749556,-0.0289987779438829,0.0592133504420272,-0.05269790433644,-0.036922980269247,-0.019763355272477,0.033214041793085,0.0538732774420677,0.0437535562693392,-0.0022692141028559,0.0213931509321388,0.0688840673988557,-0.0385181885898937,0.0311553394543675,0.0255730284161689,-0.0157085390248461,-0.0590188783992221,0.0405824856453158,-0.0704321038831005,0.0212885411395149,-0.0148753574224818,0.0192037670938451,0.105143198737662,-0.0499973095386999,0.0386482944448623,-0.0922110377289438,-0.00591153183596444,-0.00165140490858769,0.0566634623003531,0.0631773643081569,-0.0167614832630475,-0.0114724488823081,-0.0741349570141015,0.112893563785186,0.0300960124383609,-0.0430948264210183,-0.0922090758490115,0.0729434348122605,0.105844691107181,-0.0179209410527951,-0.043481521481379,-0.0725323365364872,0.0645944920390357,0.0593883129601495,-0.0926125627718838,0.00724747852294117,-0.0327561534311079,-0.000456082266357709,-0.0616939477135822,0.00320412703517941,-0.0835030700019215,-0.0525748092852656,-0.0285202665076318,-0.0315678225006659,0.0546870029431531,-0.0219172878347251,0.128930431287105,-0.0244253010465669,-0.0260971556580598,-0.0230591982858162,-0.0602303974198141,0.0101245568216679,-0.0186777682486583,-0.0103298975009902,-0.0366685674420942,-0.0086075776618773,-0.0247083483212908,0.0195129285468803,-0.0343748744518957,0.0672617809419596,-0.0539022035906871,-0.105819851647315,-0.00330545494863169,-0.263578438908896,-0.403174950563946,-0.180373999777439,0.432350510264112,-0.0630287577422372,0.0780068632480152,0.0466477083944004,0.203837747510632,0.219714934445368,-0.0973417530675567,-0.0296400976349633,-0.00299826666282254,0.0954588893872393,0.102495223959146,-0.071111845543532,-0.00168038805880122,-0.130878232215148,-0.0206439905367775,0.0605858193025674,0.0388446691690996,0.165606525178092,0.188545157073156,0.166587348657543
"11",-0.0374893369118846,5.41868669238358e-05,0.0218955832612478,0.0084753973042458,0.0415688517967063,0.0672009190612964,-0.0644104588364402,0.081561754554958,-0.110411503748477,0.00693409478097216,0.00216678146311397,-0.00524894569026109,0.100630800507451,0.0777646265517911,-0.0304261399324406,0.0840875710540437,-0.0416980217141997,0.0387122637340684,-0.0173266576234106,-0.0859451437087459,-0.00177380269395981,-0.0401876098104316,0.058213341615632,0.0372291732230855,0.0053928886436343,-0.00477154136413315,-0.00135763062759265,0.0252378484319237,-0.0146390570438944,-0.0884623390758213,0.0594116306674006,0.00765684591387792,0.0430740178579413,-0.0666029856095916,0.0336011479128375,-0.135506703328809,-0.00328434169488844,-0.0174594013093962,-0.00196654041912471,0.0897595772059135,0.0448749366038521,0.00932859126716973,0.0212110439595432,0.00019287595532779,-0.00462498495254482,0.0690871344507328,-0.0575952107149522,0.0526028993399752,-0.0215466037787009,-0.0122196885984691,0.0181776847750965,0.120323247829229,0.0273849131465787,0.0279105603901276,-0.0681849511432863,-0.00789664780050448,0.108680946068592,-0.0374642795658159,-0.0533254125220746,-0.0121556213837441,-0.0195415596607828,-0.0159372652254657,0.0182821271319024,0.0397500250173634,0.00936064872906434,-0.00109334728284775,0.151251009467623,0.0366865176135101,0.0743214190585527,-0.0333059372570969,0.0985346022661784,-0.0768552884340211,-0.0735976172383179,0.0548874979912754,0.00494465463666532,0.00651175488613098,-0.0198934291410675,-0.0180899903650448,-0.0572440831251482,-0.0320146306171491,0.0097707045995265,-0.0418426289988194,0.0405135457725175,-0.0120696491117039,-0.0499322257180381,0.0591130123719352,0.0040050084141511,-0.0163299270398198,-0.0121436009671872,0.0221693200466488,-0.0590948988238453,0.0340398605103909,-0.0150795473603801,-0.027597043555908,-0.190427349634257,-0.770481671531304,-0.0242921875785143,0.183143750389031,-0.122474706977553,0.00269185076180349,-0.00353141885571753,-0.0162081513813263,-0.0200809033231612,-0.0188766005042582,0.00928954498225167,-0.0371170026071043,-0.0073289481132596,-0.0250118184643122,-0.0174450228680156,0.0123868641234786,-0.0192788149889565,0.0106364196539254,0.00586399665687737,-0.0367251350392199,0.014580978712182,-0.0300650724243057,1.92922050250362e-05,-0.056843697143465,-0.137769157179689,-0.12272077868793
"12",-0.0233171282640895,-0.0704837765416047,-0.0714606571106155,-0.0286791685072791,0.0217341863131745,-0.0411649488630988,-0.0614234368432208,-0.0217571252273465,0.00492478789557674,-0.0421562300396806,0.0307269717330849,-0.13671875000276,0.0140380515712995,-0.0290086952070829,0.00203819605900102,0.0584727676043968,-0.0967826418017752,0.00470871654137507,0.066374758730157,0.0732962060023992,0.015438053206272,-0.0508090353966766,-0.0250628093388016,-0.0248822844449141,-0.0115820993437406,-0.00718539928022801,0.031927665353519,0.0362508795974526,-0.0203259036560348,-0.10508117094045,0.0147365754788653,0.0718429893155848,-0.0528803466731339,-0.0996179994103904,-0.0213007024931713,0.0217083472902229,-0.0721086675766041,0.0174168786548948,-0.043699751813897,-0.0215495517488375,-0.0279355141210358,-0.0432780740751694,0.0241818805293387,0.00517872516643195,-0.0121254860524447,0.0178879938647295,0.0257717390689924,0.0487978371581362,0.087814958752102,-0.0950219300751532,0.0801448227318285,-0.164334833046665,0.0405054198682842,-0.0224250120471123,0.0331979213909069,-0.00364875160534822,-0.0224104816490386,-0.0084847586106796,-0.0102637626740299,0.0205193038245162,-0.0164555084705831,0.0838873968378187,0.100583254698405,0.0610269007088118,0.104836582490819,0.00904493063036233,0.00878285071710527,-0.0454847640809884,0.0497164475183388,0.0422696080230894,-0.0101473933208331,0.0639162957139145,0.0643751288080373,0.0677462471939403,-0.00749495553089011,0.0345688873508934,-0.0176503021873815,-0.0340243913819257,-0.0239521719478639,0.0204073133843881,-0.0300083447474794,-0.0153909429184378,0.0343290547527008,-0.0238675085848624,0.0374896390972835,0.00342701281422549,-0.0314824116439738,0.0603334012913066,0.0587824774575931,-0.0383020079082678,0.0833327362443216,0.0625768348186263,0.0846435160405375,-0.00586235310901806,0.00606768315415608,-0.0315121436876642,-0.0291816212293802,-0.00579310407438647,0.0180950996729969,0.0840844396572126,0.0152296982425668,-0.0134321116005859,0.00425724660556463,-0.0781904318368697,-0.0125681911759449,-0.0436783937300624,-0.0129635557476868,0.056710611340426,-0.0109883589506795,0.0530350707922376,0.0207631132373188,-0.0757103978199324,0.0763390209990756,-0.0845106781737817,-0.00889178234849757,-0.110427208780902,0.0307070860325163,0.0695912841028789,-0.00114952383162967,0.0652540735036657
"13",-0.00914482478541667,-0.0278735460802818,0.0234856430744192,-0.034025790708791,0.148738510971874,-0.0178099838056152,-0.0658673317420291,0.0289872790337138,0.0203598461840522,-0.0712869116194016,-0.032456113800395,0.0242688317506829,-0.0235158465402599,-0.0588381144862093,0.0102077889201028,-0.0440130550457902,0.0441853931179966,0.0496649979817622,0.0196679963806467,0.0200867195755383,0.0324349023237997,0.0576048250741951,0.122787238862187,-0.00322700431953708,-0.0545425457298259,0.0118678188952029,-0.0436789816278388,0.0222056429433365,0.0320712225350066,-0.0423141217913182,0.0551334436992425,0.0179582145883233,-0.0223334277401083,-0.0391991448679096,-0.014935524571162,-0.0366335944523275,-0.0498026169607832,0.0248925942074008,-0.0162912560858513,-0.0454837344412141,-0.0150368862045051,0.0231039655174992,0.0747841768896071,-0.08732436165774,-0.100137474789385,0.00543928460770671,0.0254892215589324,0.110193124900764,0.00828975421695447,0.00354829935411253,0.118045134487386,-0.0324241522033914,0.0408817288966753,-0.0277720503652956,0.0798397956899098,-0.0458478497971187,-0.0300173790309978,-0.0102434240735131,-0.039522833449662,-0.0208089828793811,0.00158195033592196,-0.0246965786586897,-0.00153297836396403,0.0144889604918105,-0.0798254990856392,-0.0642432843756735,0.0552900520916416,0.0212052472566694,0.0184939743969455,0.0589869839835735,-0.0820216549953513,-0.00839319267680438,0.0162468034240862,0.00854433648491803,-0.066647208192506,-0.0216636441743529,-0.0630175950388395,0.101652326818544,-0.0270533465861567,0.0918775710515848,-0.0635824391020608,0.0923833369245419,-0.0570441119688096,0.0687688401384768,0.0238845115456427,-0.136506518536173,0.00770547815336091,-0.126714685654819,-0.0260972699244091,-0.0404058541027109,0.0176276972662248,-0.0269733264368161,-0.0252925073746983,0.0147610218508236,-0.103753720955191,0.0272414266566137,0.013246325764784,0.0933343040901917,-0.0393970464582565,0.0213859319242882,0.00705731335104737,-0.0932342589796804,0.0187354187260123,0.0102494158697889,-0.0144419838633331,0.0747551824390429,0.0543580339999644,0.0712594776003345,0.0500872998114469,-0.0431123153126765,-0.0156251334762309,0.0230713896242533,-0.055372017781305,0.0207439619522877,-0.0340517349648872,-0.0122151767227575,-0.0778855153700008,-0.0543045948090887,0.0222185574559213,0.0910012570424946
"14",-0.0291022383052084,0.00964658333144452,-0.0273191902542337,-0.0144725790643345,-0.0034350454877174,-0.000130752315441429,-0.0328920490246227,0.0583321202714749,-0.0130943081969147,0.0272497134147155,0.0556541997742438,0.121907183106868,0.048629329327487,-0.0651805931726244,-0.059910383146638,-0.0443844607508697,-0.104059991560042,-0.0457713939018566,-0.0136566802061961,0.105745702931621,0.0244788912754332,0.0890483531947652,-0.0502383636012714,-0.0314790016724006,-0.119140183422312,-0.0724618923713922,-0.0313156924152494,0.150145416103377,-0.0977912009274034,-0.0247332268036117,0.141966721402325,0.0152239276064706,-0.013870221561769,-0.0327703516847001,-0.0708539556474569,0.00488003465666949,0.0503018433706361,0.0150207762567148,0.0047266019014105,-0.0604884192782551,-0.0591340479185134,0.0460501555274332,-0.0511285261858217,0.040312746923333,-0.100973436076527,-0.0268999572592496,-0.0655912766177559,-0.0311789424721754,-0.0134121045050107,-0.113312171042423,-0.082991086457661,0.0155343901143041,0.0215302263433857,0.0130475372972701,-0.0469816599137095,0.0931348169022872,-0.0344845978082899,0.0521828525753849,-0.0102562817823699,0.031818175593464,-0.0689640516315272,-0.00199433468969694,-0.0698245681857711,-0.124134159841683,0.0148990137841481,-0.058161486030042,0.0570961346634492,0.0300397662535416,0.109606431683415,-0.0719190325812132,0.0137937597684287,-0.0117754396984091,0.0184798461640049,0.0284135128808342,0.030410377021007,-0.071939396270396,-0.0228301911801429,-0.0818481887495177,0.000998832148337291,-0.113726732076191,0.027480505319195,0.0363183416888219,-0.0402759362476298,0.0198120886756613,-0.0367494677637132,0.0605732301403212,-0.0026528276274083,-0.0626944538329455,-0.0309903081356613,0.0229144826142608,0.0249657234338733,0.000200741097746698,-0.00474491344448062,-0.0603309997648685,-0.0347791923332584,0.0376604628766396,-0.0177586759972053,0.00129227171620064,-0.0103975609306149,0.0958237555625404,-0.0422773098712296,-0.0097866608600487,0.03652537811623,0.0367963210626358,-0.0750296711635098,-0.0462586845298536,0.0275505478271008,0.00349764660399448,0.0682661942657946,0.010551522649519,-0.0704467728568912,0.00841424612050926,-0.0232163710225307,-0.020517522843773,0.00353189112082312,0.0137389166586924,-0.0131681917118787,-0.035072134628242,-0.0158534826913678,0.0367684847094923
"15",-0.119421279314262,0.0317858491267767,-0.00235299348342224,-0.033169383333831,0.0148701697788316,-0.00086218201170727,-0.0416159624158499,0.00957460423251254,0.000809042717107375,-0.0537803175331705,-0.0568256223037555,-0.00177548093615484,0.00686603740432218,-0.0013342996285651,0.0313511896438884,-0.0473307341357059,0.0101414791227595,0.0200962160033184,-0.0215552605894379,0.0302531555246796,-0.0140782912269918,-0.0385549061750636,0.0541216927261814,0.0215912148772711,0.00529849703488527,-0.0112590882597969,-0.0433460435347727,-0.048160440826713,0.0478896907421111,0.0721285196533421,0.0217199485303725,-0.0156228686972208,0.0320173189991722,0.00321761521793699,0.027858457687716,-0.0258770749018081,0.0618443617450747,-0.00845778310804218,0.0114538666087301,0.0111239315248542,-0.0664844807352628,-0.0371902451986779,0.000590898593483932,0.0663393905802763,0.0545208207757928,-0.0399962779627943,-0.00329559765368188,0.00170745342416682,0.016066158106562,0.0270664448618986,0.0483624667687194,0.0225550919983512,-0.00822630905514998,0.00375563711557483,-0.00531771042054149,-0.0449938149838418,0.0315080727109538,-0.0310034268031815,0.0318847464121953,0.0275916524398192,0.0446212786608486,-0.0193717060128398,0.117264328801651,0.0213071298969773,0.0376803915064063,0.0218450398899646,0.0418691650484783,-0.00553167908473243,0.011501066771084,-0.0102810429730161,-0.00103116708488775,-0.0317418194642585,-0.0170333109331782,-0.0129152524694544,0.055705817054499,0.0578214776112312,0.0760731275604101,-0.00287453368995309,-0.0397974882551893,0.0776551561234741,0.0127538027062697,0.0267888948593548,-0.00592413161147297,0.0174028625618143,-0.00485830382427428,0.00123780909862024,-0.0143476153795025,-0.0448832057644925,0.0137054524063301,-0.00130442528824999,0.0217537263418654,-0.0134530047056872,0.0192599863972937,-0.013968957626169,-0.100159952266763,0.0432847657493442,0.00636211003469746,-0.0529248985511546,-0.0863684809491071,0.00591247402747786,-0.0479687187485842,0.0359845502418592,-0.0679095079072285,0.0428815350219529,-0.0958627598492737,0.00397463126045854,-0.0747804571455564,-0.0690846964577416,0.00340645381638138,0.0814916443900499,-0.0395265895911544,-0.0643379206025386,-0.062640332020597,-0.0133088374360585,-0.125357364839926,0.0335993842972638,-0.0406057879311114,-0.0582975866455213,0.0276230885015597,-0.0121060144750794
"16",0.0443457967091634,0.0365009452481785,0.0828370165223288,0.0602087592765111,0.0108163363888164,0.0960782109352277,-0.00880345580252992,0.036566783888728,-0.00981678995269818,-0.031849361645621,0.0215636676189579,-0.0420213232281789,-0.0421945261680383,0.046496662314932,0.0904904393607566,-0.0167762835578173,-0.0748994786741903,0.0331369607120869,0.00475669571204545,0.0280732055710728,-0.0108943442118218,-0.0479302820126943,0.0207336981762271,0.0709372687327853,-0.0457389313822641,0.00319088728541096,-0.0240697275925175,-0.00135175756953513,-0.012597078070694,-0.0994521630872211,0.0049056867717639,-0.0710289721566026,0.0359633123686891,0.0674848109036692,-0.0385566654003742,0.0964634343583941,-0.0336212594054394,0.0615741702468398,-0.126742976976559,-0.0961467831172128,-0.0210809476719926,-0.0848941967178945,0.0397528580125133,-0.071179943761842,0.0608514242866756,-0.0059311364361488,0.046493344858132,0.038981290860348,0.0318550558817354,0.00228121679843513,-0.0271311557628217,-0.0941300095481128,0.0485902955074123,0.0775298064453319,-0.0221872107028419,0.0441220113074805,-0.0547009119439752,-0.0674614451144012,-0.0656454900407543,-0.0192427763424682,0.0580962563643875,0.0282009272275606,0.032547850860798,-0.0211880385957381,-0.0180451487478533,0.0100826797216411,-0.0181481514742392,-0.0342949381218312,0.0385524270080533,0.119404645388212,-0.0643568933460549,0.00660264155907411,-0.147546446945704,0.0332446179496609,0.0420524935190386,-0.018706836105762,-0.0562191254731701,0.0356612549654738,-0.122220469088348,0.0164521407048723,-0.0351006105700506,-0.0677736169951353,0.0166967218189044,-0.100749340441039,0.0701553219519191,-0.110203130753024,-0.0412819323590268,-0.0760391380385589,0.0770205034719147,0.0569432070364303,0.0315013885600897,-0.0300070359573511,0.103370184579088,0.0580572620112891,0.029035718017475,0.00484134728267269,0.041957046773466,0.0947229424385955,-0.0510352697624728,0.00651684263263284,-0.00550777214644778,-0.0397519913374485,0.0671164637787597,0.00771977600891103,0.00962819928336005,-0.0181315199697374,0.0154231791697989,0.00139404845565137,-0.0526967093626398,-0.0114146125181316,0.0502660587132292,0.0297326196823188,0.0293231418757199,-0.0269874974897775,0.0335876680032588,0.0554579455434732,-0.00759014112966434,-0.0118390293975789,0.0268774816487494,0.012533041216101
"17",-0.0462599509560218,-0.0273425114140123,-0.0316942019368996,-0.0658988511898434,-0.0700656481970265,0.041920722701429,-0.117478126292595,0.0363531413824264,0.047923208608133,-0.065718794366596,-0.0405138142565209,0.0429568558637846,0.061503526877797,0.0532048843539325,0.0331238945596335,0.00221249236070761,-0.0103961208136497,-0.0182404781659733,0.0577727400907463,-0.0846291298512954,0.000910643564809627,0.0270470400508884,-0.0401043475000567,-0.0321514976356268,0.0131718539235148,-0.0324602708032852,0.0977283963826414,-0.0111198372596611,-0.0339975788544043,0.0164081861673277,-0.0201169039136942,-0.0364037501154445,0.0142721470250017,-0.0393834404494712,0.0105343057110173,-0.0271521277388408,0.055941687032068,-0.0032188948618265,0.0382006309812016,0.0557489951176142,0.0236648754763739,-0.0106665372851128,-0.0446888480952158,-0.00772745105486536,-0.0345814477576105,-0.0277491328156169,-0.00528699009544936,0.00990886778995086,0.0101377972447264,-0.0678591992575873,-0.117264038454606,0.0267783890665121,-0.00659533223796513,-0.0664749754955614,-0.0200848960749128,-0.0146370862776891,-0.0932824404115689,-0.00978948289753246,0.051640252630253,-0.00462686066440068,-0.0409316107900036,0.00853430215184555,-0.0135913802925418,0.032488263638548,-0.0582372656634499,0.0788226740296204,-0.0191234767223083,0.0287939441096875,-0.0166105242633437,0.00877503167968196,0.0510440644015833,0.0763969721249476,0.0229073125750051,0.0223159930994703,-0.0265441796915155,-0.0132341797418353,-0.0283989329110031,-0.0481457948371656,-0.0348697251248449,0.072784537573815,0.00396281230258262,-0.00592549017032569,0.0391928641629296,0.0429864272233943,-0.00625804873269232,-0.0515656915476161,0.0157233059151949,0.0361394437986952,0.0158404605244737,0.0311644058055868,0.0503975063176844,-0.012260650149532,0.0176390089379831,0.0820910608417432,0.225177767954866,-0.0754764832735119,0.0275594965984123,-0.0315071596533892,0.0692438210075863,0.0111149352462443,-0.0738504581770768,0.115541214806972,-0.0224101401982218,0.048748589992951,0.0421715046181374,0.0339515355392534,0.0143618949556173,0.0174797058685167,0.0103682134894064,0.0413120475327179,-0.0292588554748844,0.081998133434139,0.0152280379361313,-0.00622463628579775,-0.0191892239771507,-0.00998677478095823,0.0852950256173872,0.109111650258521,-0.0187627678389195,0.0482419356972846
"18",0.0540507858047357,-0.0556025975078282,0.0212890301113804,-0.0695886817875627,0.0341864489514717,0.0431392033377963,-0.0477530123649877,-0.0356002473890935,-0.0150154042158937,0.058429123245259,-0.0628473970092693,-0.0331874439567007,0.0170105432139971,-0.0590144759643189,0.027641880506902,0.0836941989125404,-0.0649142470198466,0.0144562270986131,-0.0194746483134543,-0.0333509662366739,-0.0668143576317328,0.0421243235262795,0.0546805208710559,0.0923803228998118,-0.0219983187372225,0.023230454487951,-0.0744835897130268,0.0194442507038759,-0.0205539347809633,0.0619445412835561,-0.0158787894207362,-0.134426539504738,0.0551121626688072,0.00324723298468494,-0.0475488863209405,0.0399319719086482,-0.0505154241574648,0.00331593997359836,0.0505928283629079,-0.0563822258548092,0.034983442246233,-0.0847789916169689,-0.0486154893412722,-0.0405949291324394,-0.00166201861475321,-0.0257336923496784,-0.111981990932024,0.0804126505507778,-0.0955397549115049,-0.0950836712950628,0.176618347134196,0.0370250874057981,0.0465069069459692,-0.0429562711843403,0.124382316015707,0.0503054231659541,0.0923259977620526,-0.0473040738398371,-0.112853363550371,0.0662021602808991,-0.0748952916807472,-0.113581139532927,0.021565099368777,-0.107976704520438,0.0180402524716198,0.0723796865992615,-0.00544836297662269,-0.0853496353411012,-0.00548606247670743,-0.0571717846579518,-0.0733936234098791,0.00809350654802403,0.0338682935643764,-0.0260111623437382,-0.091389281791752,0.0090136340287205,-0.0582477305894833,0.0707248008077466,0.0455104664120337,0.0316276133306971,0.0720209694840772,-0.0256688201257833,-0.0998200102096201,-0.0757076604373912,0.00361973973826827,-0.0064074586114861,0.0345870457755663,0.0520465855645323,-0.0224467538561284,-0.0191812884067559,0.042097563565287,0.095137908131882,0.108862112357145,0.0901299858878518,-0.0295054516415562,0.144936296214884,-0.0825797247231526,0.0725603530894356,-0.0544192567542165,-0.285394297991376,0.169010897174266,0.295016456732325,-0.147962089725667,0.0699367215585692,0.0309527961957613,0.0503421222206855,0.097467608803627,-0.0870276050513795,-0.170775675324695,0.0815784740283936,0.113585987659043,-0.0739603744192009,-0.0132157142165822,-0.114544347259999,-0.0419184672846374,-0.0661109665218715,-0.00527196053798398,-0.0922761522660715,-0.278106815134154,-0.295589624698044
"19",0.0330529213111706,-0.0655632263493745,-0.0644358956126631,-0.0657259086223498,-0.0412557242234481,0.0529899169477123,0.0610862315410395,0.000888476910706751,0.0503779109641947,0.0198892222052473,0.00760397769038725,0.0903340622132517,0.0911381777637578,-0.0571112771349892,0.00582861598841245,-0.00251339730958516,0.0148331735998128,0.000137421785094765,0.111098436849092,-0.0318083962448869,0.0109252961760666,-0.0582726953624871,0.0814295824809516,0.011396034135771,-0.0408294355793457,0.0343388819998325,-0.018651146910102,-0.00461101402226574,0.0415217315094769,0.00449059612742484,-0.027920687858199,-0.0125279124926214,0.124226603619336,-0.0460248122608393,-0.0060282828664111,0.0689358007909539,0.0115195250255401,-0.0171277210187229,-0.0129345154696926,-0.0172873316648537,-0.00973179800166083,0.00956514386372818,0.0153827476965129,-0.0301019370125333,-0.0727638763328715,0.0485143922879751,0.0235960050223867,-0.0180846178022363,0.0121795014983062,-0.0351104195917055,-0.0180488103741093,-0.0602550505813276,0.033885434005296,-0.0263020109897792,-0.0417875027601763,-0.00547178374976894,0.0661894760638175,0.000374305819075951,0.0850341009434271,0.0227212343438895,-0.022520710234643,-0.0737852705190243,-0.0862297364914296,-0.073532177439231,-0.0214251508836038,0.0654434053443562,0.0192868950224764,0.0396428699454204,0.0658952415696838,-0.0412569089963298,-0.0106518594293995,-0.0466375029786303,0.171143542683452,0.0511508127820515,0.0180021086217133,-0.0259329339664517,-0.0531754973272228,-0.0155431565920822,-0.0680958915988583,-0.0156817089375889,-0.0840657583314551,0.102317735647783,0.0246410642820188,-0.0110282986832154,0.0706521819315907,-0.0549261945454254,0.0546956664611275,-0.0534116847627018,0.0217882903424099,0.0836538931466158,0.00345104145684346,0.00281683460204976,-0.0195972144396084,0.0483073257019723,-0.0152064014107708,0.0020153636597137,-0.0135006410364765,-0.00114479612390552,-0.0524726754627093,-0.0654272177148089,-0.023024894166757,-4.48297969120223e-05,0.0607091875440302,0.0137193338810035,-0.0180735656000514,-0.0599892336721947,-0.0362292483654407,-0.0181152240825214,-0.00982411139968851,-0.0233446777913345,-0.0136256017999865,-0.0220543183579101,-0.0131986661584343,-0.00471123587618609,-0.00285802800015327,-0.0612308444234159,0.0312385584339731,-0.0198116675150084,-0.0106083625168254,0.072923950171131
"20",0.0152420634261913,-0.0805796637989111,-0.0340469160428542,0.132608489599666,0.0311249585177057,0.0165257298121111,-0.00722374726481499,-0.0674117590022536,0.00741071037700453,-0.0434867868377661,-0.00208643075471568,-0.00981198959645452,-0.00222062280999628,0.067593836677852,0.0217522826779474,-0.00765362366921053,-0.000890132762385895,-0.00417089850089975,-0.0457673135475334,0.0279239574741579,-0.0456456790270999,0.00297231772780608,0.0104772051783584,-0.111839406963218,-0.00933746747158929,0.020764818069394,0.00340178388687532,-0.061210133262232,-0.0393161714976541,0.0666884531651829,0.0979407061616792,0.0637645135206801,-0.0531934707416301,-0.0583954786452047,-0.00285222142045559,-0.0746070642763941,-0.0845512116524692,0.00837454185737354,-0.00926128438467363,0.0304929220134229,0.012232189021395,-0.059583435345524,0.00604160620409647,0.0556665428752641,0.0644673287468544,-0.040382493964191,-0.0536394139394617,0.00324594213087631,0.0117274411519378,-0.0307500007083429,-0.00348243859687762,0.097937126998428,0.0195913193957356,-0.0119119847122803,0.0546680275777599,-0.0348036260553197,0.00615951965860204,0.00300701560905007,0.0918118885905205,0.00461504558215616,-0.0520161762813513,-0.0246387212336274,0.0370188838160692,0.0354127667255834,0.0298139046591487,-0.138117493900893,0.0137655056991055,0.0245768526944754,0.0280163323453934,0.0380867459219686,-0.026154218530171,0.0182698782634085,-0.0120411744115132,-0.0306226584014108,-0.0467149757427864,-0.00455731310278491,0.0380832907252102,-0.032515369124585,0.0237821524022186,0.0412850351780746,-0.00318006032210692,0.0463343356672336,-0.00656756779034968,-0.0697521142830045,0.00221772644950876,-0.0385460814378745,-0.0795862517318981,-0.00616852757239753,-0.0516403697086242,0.0479248024492311,0.0578286473030302,0.136710581214812,-0.099368481636076,0.0502794783951114,-0.0624361263076319,0.0303115499495569,-0.0137272400064491,0.0279009648529785,-0.0140377251168054,-0.0502697426920425,0.00827233985689383,-0.023381255738999,-0.0151826285023471,0.0409284098008116,-0.0354677525871826,-0.0983424079621235,0.00942018029139367,0.0688280383348569,0.0360423239474102,0.00363592386940786,-0.00492048365554662,-0.00822657926879206,-0.00969391833077685,0.0198708533653433,-0.00593405796450801,0.0132912685091183,-0.0207099047362261,-0.0226913517738119,0.0354937275973518,-0.0183693313137241
"21",0.0662903327984794,-0.0232964815263432,-0.0623535007957763,0.0680349943482264,0.000607066653931286,0.0372544783207176,-0.0115669014057297,0.129389869151238,-0.00401637480763327,0.0525227743428718,0.0294179989146295,0.0480466327218664,0.0283577604977351,0.00663370463648811,-0.0147475331129847,-0.0511183670163423,0.0373816960849459,0.0151616629173192,-0.0860928574597836,0.0100305021474961,-0.0407394314700771,-0.00873989012122536,0.000389018363819834,-0.0293933804620647,-0.0013954935576629,-0.016127038041187,0.0309600853627971,0.0444070505029793,0.0452713185782571,-0.0425991386649266,0.0426097774745877,-0.0489311857368921,-0.0958342468091129,-0.00171796590812504,0.0265517490194017,0.057332827330051,-0.00738911844798444,0.0164273580819634,-0.0369079599388854,0.00221267781188569,0.0381434427811648,-0.00737731589153076,-0.0179616667833279,0.034109039381358,0.0167287589976917,-0.00345437923657858,0.0615413047047933,0.0409704264351055,-0.0630430659644424,0.0320327879494645,-0.114696110616815,-0.00549187148466586,0.0536353776412644,-0.00857882427620452,0.0132799282449089,-0.0310965950954277,0.0932745874881812,-0.0967913110485687,0.0319445058738058,0.0769170563598207,-0.0225700676706935,0.00741438815459093,0.0773643367241872,0.0215579584737438,-0.00457410851798128,0.0459173827731149,0.108296337849163,0.108198554080531,-0.0663202263573341,-0.10202364087559,-0.0479309689692831,0.0141835988214874,0.0160214130395632,-0.0183070944237935,-0.0220073286290308,-0.0126435857220501,0.0338898462843874,0.0417412455391326,-0.000714347326279471,-0.0402312192878471,-0.0381964549676638,0.0226999228711138,0.0303612172116491,-0.1068716606755,0.0540468743211779,0.0613304926712195,0.0521944397354339,0.18863071278129,-0.0237055108723038,-0.0622521310572874,-0.0794069937375061,0.087191597245345,0.024192510318864,-0.0385850489838247,0.0326201455671447,0.0503951333468184,-0.00778662351447586,0.0973031596644502,0.0654455406906707,-0.0174287122116693,0.0274844975594583,0.00949397855976018,0.0334339621471067,-0.0812906501483154,0.0535028139615519,0.0642109612796569,-0.0352597708576854,0.092235467166918,0.0622440307932897,0.0508171945911962,0.0193988832206659,0.0474541213189449,-0.0119248476807524,-0.09272914600179,0.0325544819028609,-0.003219066335918,0.0285119337700824,0.0273232413708366,-0.049663517197722,0.0520445053226377
"22",0.0579108170780528,0.0797920159995593,-0.0207649436222264,0.0314473947930273,-0.063617245451885,0.0649469838964282,-0.037457009596354,0.0104592033926071,0.0166157759459808,-0.0442787299087572,-0.00723524271221148,-0.00666543832959847,0.0811709647861696,0.0497951445527372,-0.0495600886611467,0.0649776306729443,0.0583015166249271,-0.0438827832231267,-0.0200292054123641,0.00954067474354546,-0.0277051725616379,0.0545054005939604,0.0966772023640138,0.0275623879406254,-0.0266990395903767,-0.0236798549572037,-0.0531285426023014,0.0592950701326207,-0.00750927536431881,0.0268050099495194,-0.0393574700477051,-0.00120852981291127,-0.0877952464545766,0.114171226106006,0.0266062234797802,0.0628334644099311,-0.0664619198018107,0.0432058589369347,0.0323483338958006,0.0200632991131799,-0.01620772191003,0.0471358669112881,-0.0988055241343816,-0.0321479925484115,-0.108209565785498,-0.0250995697297592,-0.0484019895481878,-0.0133081223710612,0.0666970843975373,-0.00153718925174534,-0.0402686610530053,-0.0553409293433563,-0.0365756556450872,0.0730135730133737,0.105714150962904,0.0190431774029211,0.107489755027657,-0.00815431121496371,-0.0220126913712953,-0.098351934440338,-0.00726917111594971,0.0679720229282801,0.00910667279383051,-0.055108528262331,-0.0086701122366039,-0.0335306078520991,0.0676864416626272,-0.0240328982477993,0.00108162799131087,-0.0419429868251198,-0.050300158514786,0.0510714784450522,0.0220247082984496,0.0223508765955186,-0.0225199940882716,-0.0166332464749627,0.0142881290314057,-0.030287666607484,-0.00539752911078282,0.00187831395172402,0.0285299078970965,-0.0691802715726566,-0.0318050069236105,0.0511724741954413,0.0022901093300302,-0.0717339122367197,0.00777960742463894,-0.0205320023251883,0.0623982303664462,0.0526914806879067,-0.0518256240120173,-0.0415326369329327,-0.0924539878699007,-0.00106023495478688,-0.248207180892171,-0.0136126148067738,0.0308352693766568,0.226096434384361,0.465251628340292,-0.366516759054357,0.0915367476341196,-0.0441411892727708,0.0454334328964901,-0.0125510111469891,0.0187659804591621,0.071290497319066,-0.130385739969515,-0.000103919844307105,-0.0227590886345573,-0.0663084710973846,-0.0341989236289384,0.0297413433288808,-0.00248560605564513,0.053401645603121,-0.0102521948823131,-0.00484236780692155,-0.00517569801669911,0.251598822012043,-0.140654764909705,0.347267653246644
"23",0.0865365690086903,0.0576269991619729,-0.083989948194996,0.0226803052142759,-0.0299670797564885,-0.0439823273401226,-0.0199340098196784,0.0507624171228551,0.00870884064678062,-0.0203789793734573,0.037950139794359,0.0514269673678582,0.0492872654536899,0.0206879059235071,0.0340816908845093,-0.00165807421237179,-0.0084363404816039,0.00489397594402071,0.0922816765402038,-0.0123338915155253,0.0137373426306974,0.047966888062462,-0.0151448649129989,-0.0730246660021002,0.0399688304867034,0.023599435238847,-0.0345097809361333,0.0563341968304334,-0.0554468370981944,0.03809609714115,-0.0166788674481103,0.00961319879039643,0.0295390234595913,-0.0172704602806025,-0.0318922201970107,-0.0349699114077247,-0.0176354874229201,0.0482571230170333,0.0155432642136675,0.0023777975971192,-0.0193383996301366,-0.0103054183875741,-0.0207511665052694,-0.0193368184470059,-0.0259552353547533,0.0425025908958697,0.0198163191589039,0.0245121064225622,-0.00138350138917779,0.00420568431618648,-0.0241457473022058,-0.0055684035816256,-0.0242630789127052,0.0332078532776044,0.0233590868606506,0.0127396999465577,-0.00705650729087647,-0.000664279366704087,-0.05000965414926,-0.020154002910954,0.0696919411056471,-0.0283453478671496,-0.0476302467410747,-0.0426494952258283,0.0553145504311046,-0.0311607211338247,0.0498138113037615,0.0140526126355291,-0.0106854411776914,-0.0173236588163204,0.0660046856215317,0.0492093596861312,0.0774177554702087,-0.00855411640554242,-0.0619574273312702,0.0259685387312159,0.0406717150584694,0.0237263138577418,0.0350168123308264,0.0113574680011924,-0.0220426737697696,-0.0520266009325949,-0.00435203115352723,0.0301757538362285,-0.000629454843395656,0.00500429618921965,-0.0273420402457033,0.00764421001701435,-0.0156094971025766,-0.0517262147807029,0.0140741490386948,-0.00371717984239629,-0.0334801205224776,-0.0310135115938237,-0.130144368566171,0.0564098007008459,-0.0334687803283734,0.0632047098835371,-0.0437796856421971,0.0235474135862516,0.035106617453878,-0.093019377335182,0.00461375206580942,0.0505242221280459,0.0861779812911104,-0.0550067850554136,0.0596143945232178,0.017017258387068,0.0526830574929321,-0.00960423904047539,-0.00194826247471765,-0.0225690385710798,-0.0393423071162633,-0.0338934325446921,-0.0474526312233951,-0.00963319542875442,0.027729567260874,-0.116478056770376,0.0714868149816036,-0.0471311094882473
"24",0.0223628483264277,0.0244418937481236,0.089273818695104,-0.0223887436359753,-0.066177857988905,-0.0128961396652135,0.0292245465080196,-0.0395610287803705,-0.0974480195631212,-0.0881837993158236,-0.0141897112335999,-0.0665700784620259,0.0557958602336511,0.0956011018323042,0.016298308834169,0.0743177832113698,-0.0430503660519227,-0.0547790042178859,0.0300427176976179,-0.00290112756053562,0.0604796105109902,-0.00669716430451411,0.0488447044400689,-0.0268890642568834,-0.0329163834060113,-0.0198445395422218,0.0412909768962217,0.05796457234663,-0.0240867851208986,0.0201558507907862,0.0398629476812579,-0.0263335660630023,-0.0288169104824975,-0.0307811748131347,0.0289004617968923,0.0263672594577806,-0.0135689742874607,-0.00698467987928703,0.0379404925958967,0.0240136760689897,-0.0278366951438895,0.0811877223216931,-0.0265272778650982,-0.0744937770913891,0.0224523301755547,-0.069856625929802,-0.00572237665724193,0.0236003798085463,-0.0749987509496979,-0.00752152545741678,0.0684220327983538,-0.107511655668979,0.056015585263213,0.000483453032303113,-0.0638061495791457,0.040476708146671,0.0530026333945971,0.03419054102831,-0.0315366826807735,-0.0406407323378237,0.00113062041762278,0.0448646987585355,-0.00719507273805806,0.0510106988244518,-0.0451965448104328,-0.0141847128848867,-0.0294850991385569,-0.0784536289787826,-0.0476775108140646,0.030210765700517,0.0124638065638606,0.0438154505852489,-0.0449888370678116,0.0843457488408773,-0.0191465799359038,0.00853234542890562,-0.0114846609105952,0.00525185688708148,0.0637019189492492,0.0253740654726126,0.029037098153694,0.0249696866398934,-0.0157400711632508,-0.0804018287881314,0.0033471424612435,-0.0559631202506333,0.033187591431006,0.0237136499884813,0.0438851659548019,0.0982852470441516,-0.0382439591029571,-0.00111127747767482,0.026068757050261,0.0451452987639732,0.0927240255603936,-0.0101397057577892,-0.0205721379326425,0.0089565771355254,-0.0168660542201003,-0.0247004338924761,-0.00404758728327991,0.0283460189484674,0.0757376072456975,0.0374420514538521,0.0262530322032981,-0.0509518956934073,-0.00349123789979494,-0.0536817806641368,0.0217313466240607,-0.0134041980309504,0.00868296937631494,-0.0168613823197186,-0.104501688641121,0.060864040089722,-0.0422071398661146,-0.00694910113275681,0.109671314118574,0.00490888232511973,-0.0304557983950301,-0.0687045428701688
"25",0.0110984154722971,-0.124337369640037,0.0258133754957698,0.0575612582347452,0.0517316395416516,-0.0109044543168448,0.0182451769121665,-0.0376397586595807,-0.00742865313204137,0.0171651275805996,0.109895446099786,-0.0722904468226728,-0.00764399549655522,-0.0542771504303967,-0.0631879428369474,0.0342902489717458,-0.036685496340599,-0.0101284210852954,0.0197942584456453,-0.0117663447816822,-0.0474031752502339,-0.0525310729827346,-0.0290057823856381,0.0416202063196704,-0.0267793164817595,-0.0611982115644263,0.00959548546835607,0.0147547596500496,-0.0285308716800061,0.0343605385448946,-0.004343769160033,-0.0126495736139957,0.0157750322552849,-0.0388985344469421,-0.0807715566278342,-0.00852477726159288,-0.00405646213023118,0.0109685502859207,0.0134903419785052,-0.00939016146926851,0.034145600255043,-0.0199595226348726,0.0350450762324326,-0.0297192664888098,0.0264136047364841,0.0215957127749376,-0.00927332304125494,0.074900657839735,0.0396424898904223,-2.51424488458067e-05,0.0105282537806283,0.0138729757178089,0.0404399805028576,-0.00206383565971862,0.028959912474847,-0.0155206014967189,0.0306018073870876,0.0438069425691088,0.0212702527752318,-0.050769161258588,0.0243129746747944,-0.0266788912442715,-0.027640957592489,0.00606368237571726,0.0044280853359663,0.0348864738055355,0.00892695573487814,-0.0479085014876614,0.0129017563795591,0.0244134599308448,0.0021777178062868,-0.0769311106412695,0.0529643326410809,-0.0470218232399687,-0.0152200087029712,0.114839576323949,0.0125782660019549,0.0613384985712798,-0.00093284342805497,0.0035939999547891,-0.0322892617527251,0.0484869816693004,0.0716869642328993,-0.0054861622608691,0.0437772547377621,0.0231710982950732,0.0353077884090014,0.053351150249493,-0.0534644499642215,0.00517352033235099,0.000227311163937212,0.0119404838831895,-0.0420289576580631,-0.00941237972324554,-0.0935732238203385,0.032303511321075,-0.000115511202868964,0.00606706437599173,-0.0355426184602813,-0.0286775261651946,-0.00269495845043016,-0.0381500453758527,-0.0427642628499917,0.0516390548428583,0.0480729982157105,-0.0645326922612654,-0.0704127593231374,-0.0557942052588917,0.00707225323328648,0.0220090658854034,-0.0909198258211585,0.0404648298093393,-0.128447104163767,-0.051730561231317,0.0813512746974883,0.0777508645892392,0.11383688241496,0.042453836828634,0.0647187452629967,0.0267130291708939
"26",0.0101762446098264,0.0559920521650682,-0.0367248753698953,0.02313478270919,0.071251843381841,-0.0744300480264715,0.0574431845907179,-0.0141135200610013,-0.0158080619711535,-0.01211909451789,0.0481021994009222,-0.0942743960524758,-0.0675897100894697,-0.0906735860399452,0.0412091865014469,0.102823565961447,-0.0501646544594594,0.00625337840495055,-0.0680733984410854,0.00312647746461019,0.10768693392472,-0.036142473792569,-0.0326950437913349,0.000575639432539619,0.0476676292932358,0.000902972422657885,-0.0429914382219074,0.071565640200365,-0.0897231119349447,0.00143253369414368,0.0231176669387967,0.0288510249999727,0.0581258687074124,0.017968410805141,-0.0108238766380211,0.0604169830957341,-0.035481709515382,-0.0578764817199525,0.0791578768226418,0.00122393841075449,-0.0312297605280313,-0.0194577017764495,-0.0187036104528933,-0.10804895778613,0.0330606939980834,0.0171146362475374,0.0176518636146129,-0.00286946247390917,-0.104663250953267,0.00218715934912346,0.0266957307968367,0.0710562779783164,0.042238166521339,0.0203639706702796,0.0141496227438336,0.0159172536869522,-0.0804448283345713,0.0588901986520929,-0.0362819279399448,0.0278476648698398,0.0236204283075283,-0.0119198841298157,0.0496819882498918,0.0951901444580544,0.0579323018731251,0.120674127087926,0.00030174589665408,0.118070501031086,0.0661289790202957,0.0427085146882478,0.0223552671440437,-0.0288735950135132,0.0662663356151218,-0.0449570121543413,0.00427437020050076,0.0861326493250713,0.0148473096618663,-0.0890749094864526,-0.0523410700981718,-0.0724530303823044,-0.0146281331770043,-0.0477664287427259,-0.0362488145029354,0.018049858637759,0.0610446845508359,-0.0149712237895823,0.0245599074067252,0.0259024734065966,0.0398472652923801,0.04206392624774,-0.021975362053637,0.00252147586007958,0.014767316604111,0.0375643331282646,0.0403919084232869,0.0216435347267735,-0.0399918580819135,0.0744553986460755,0.00979666451006806,-0.0419782533784157,0.0795572783094552,-0.0594706289769596,0.111155315178988,0.0138208621393965,-0.0374313109467201,-0.0185411867120833,-0.143563388998847,0.053822332505613,0.0166661861297492,-0.0309932445804614,0.0138866028408459,-0.00575553065921722,0.0116815587155281,0.0105254651503239,-0.0317706665640671,0.00658414939291956,-0.00175681208508775,-0.0276761263614503,-0.0155310477985939,-0.0225438697775063
"27",-0.0760509330842147,-0.0186458448234731,0.0111262618003585,-0.0122049734262939,-0.0633898930701363,-0.0671381252181156,0.0593030222211624,-0.00939715599247604,0.0177198681907365,0.0266137434106933,-0.0152876758457025,0.0177205887339054,0.0901217039900086,-0.0733594531841356,0.0164819789038823,-0.0565456386621186,0.0444074317815178,-0.0463749411103087,0.0786138839047413,0.0360867744185021,-0.0262041071045064,-0.0252772639777681,0.0704603499927633,-0.0688721620148234,-0.0363718834875429,0.107319432205691,-0.0262515247885587,0.0306652162559853,0.0679582667267006,0.0196276125944863,-0.00658968667327305,-0.0640503091722941,0.0299502074733483,0.0182804498518903,-0.09444914842927,0.0042007399648757,0.0876588572413839,-0.0830444581076886,-0.0519636570253838,-0.0103334115239333,-0.0791579123703555,0.027612006276094,-0.0569961600698071,0.0318453428763601,0.0103131357679506,-0.0587442165712465,-0.0996449886982696,0.116990187044713,0.0339424224411367,0.0429868491720858,-0.0336824374172329,-0.00835463743697362,-0.00370522824026839,-0.00576902663520127,0.0462134555314019,-0.0285181494600515,0.0393404883086489,-0.0736219949572822,0.0390750473772826,-0.0367938101210429,-0.0401238035555381,-0.0591723548509724,-0.0193995147742925,-0.0195336213719425,0.0467934676278002,-0.0779381515636478,-0.0412621434245334,0.0426034251867167,-0.0671024713987586,-0.0220480369714766,-0.00250815702246451,0.0495809603173842,-0.0171778963448354,-0.0102208152341962,-0.0109494156783276,-0.0275863919177767,-0.00194436637188475,0.00609989690430585,0.0727610552106805,0.0657699590923496,0.028009821397237,-0.0957067005689415,-0.0146820316439304,0.0556303728478246,0.0411283434423385,0.0185458274904012,0.0403892911301476,0.00752764917956615,0.0136598634706806,0.0539140370078591,-0.0363164414356205,-0.0118258944115899,0.0704856374802337,-0.0308307998599763,0.199624610344266,-0.0357158085309052,0.0775787767963972,0.0254343776341138,0.114634580829391,-0.0889858121981367,0.225584245943929,-0.489820252713001,0.230113171683071,-0.283634309416786,0.101252344858787,0.0504356753040084,-0.0807265549976754,-0.0366091565867747,0.0283849309145842,0.0245748606702793,-0.0193789638921662,0.0648915892072705,-0.00561815937013102,0.00777037753311398,0.0312649544914092,-0.0367845848491992,-0.0122711310986119,-0.202885646070765,-0.0660680924464908,-0.298753002123065
"28",0.0181386357791834,-0.0363382863118966,0.119519609189581,0.0109833875843789,-0.0328955832828495,0.028507610490596,0.0399621057917022,0.0411710192375905,0.0507325786968052,0.0399703477373963,0.073178392952197,0.0761051233617569,-0.0220836791081894,-0.0489314154859911,-0.0635704416174734,-0.0464532783453753,-0.00806147123083903,0.0916859500176788,-0.0462235370833278,0.017088941946132,0.0332826434779999,-0.0130952413651525,-0.015244527346879,0.0143587911374697,-0.0467545219692122,0.00270290142680569,0.0983836899482154,-0.0244823839740278,0.0366257812484551,0.0351490462136428,-0.125906240212702,-0.0135259037235173,-0.0390414309668831,-7.41382683874017e-05,-0.0188214661424156,0.0423933825327406,-0.00883039500804707,-0.018011437917174,0.0394084245056978,0.0164957924178596,-0.0394276702672604,-0.0334356240740083,-0.0299310335184593,-0.061320835674842,0.026495247592919,0.0086306351962216,-0.0846671333201139,0.0418214938008871,-0.0499243776126501,0.0898837538572284,0.0282094905708509,-0.0545763212591093,-0.00724844606968083,-0.0108198758283986,0.00856960312806564,-0.0244855121219794,-0.0363901916542023,0.0277642524543381,-0.00923256849903768,0.0271114598541331,0.0682970388752697,-0.0585419881054358,-0.0368021023236958,0.00294974723163872,0.0341106205070732,0.0236791719843026,0.02425918508622,0.0144595608953412,-0.0663251999432962,0.0357907942651798,0.049031450916003,-0.0188231285518451,-0.0758408734019136,0.0787681125368524,-0.043248522565832,-0.0222529259121301,-0.00408807106361683,-0.0188728971727738,0.0407523078029417,0.069537258341811,0.0314787021794028,0.0370491990297706,-0.133042977764897,-0.0749347064522409,0.0504766586097613,-0.0236600211034859,-0.0493574506991338,-0.0224942380901284,-0.0349132346210534,0.0722723319962727,0.0208829929920922,-0.0474613755185771,-0.00603014796109935,-0.0170304962297319,-0.0761583876086555,-0.043464609576843,-0.0227545690546182,-0.00423026583539297,-0.0699485155545339,-0.118977025162425,0.0276911938886227,0.156633277720901,-0.00335735640917266,-0.453887120631375,0.0166544063878973,-0.291984804996771,0.174249109979192,0.153093679496778,-0.116463915578299,-0.172243158789971,-0.0266728957318047,-0.0098290504571054,0.0763631871860514,0.0558972015685819,-0.0505112772777942,0.135466690271203,0.00089096046025239,0.0666004047597815,0.150565803168712,0.0348488538193885
"29",-0.00230780737813494,0.0840642032033144,0.0174867393983407,0.0193886466410889,-0.013743623585868,0.0262598847916127,0.0346769569331082,0.0605200684485259,0.0280154004671755,0.0818264453382483,0.0441047846310527,0.128345465980445,-0.0870495764130375,-0.00289185397303663,0.0480888389179667,-0.0280413450211049,-0.0616991417525012,0.0101740430861624,0.0693469771351436,0.0749537139966,-0.00762337546742044,0.027461053124276,-0.0864444065669085,0.0234321981860774,0.060111483552462,0.0367908525997788,-0.036985863391729,0.0106508537556874,0.0361299710467574,-0.0275860420522288,0.109175620309695,0.0434322993799334,0.0538261464539323,0.0711217298043789,0.000512250674225839,0.0296571668314892,-0.0142579612702806,0.056723824963971,-0.0290747368394614,0.0183464720829812,0.0124537181782881,-0.0475667160309044,0.00789274845880911,-0.0570317320072625,-0.00396179262886156,0.0873998402909018,0.0368233662021441,0.10545082287791,0.0948343602243675,0.021469820251172,-0.0243200210459141,0.116233920520383,-0.0444481018031258,-0.0138853444985134,-0.0248880999396762,0.0855322481639431,-0.143280357414505,-0.0571523904045957,0.0440640572238785,-0.0455606576351761,-0.0406405849559038,-0.0150363880411516,0.0569194339061084,0.0369908787294029,-0.0648402862018615,0.0418172385313064,0.0481179215095241,-0.143186578739972,-0.00411169589961764,-0.0377254227063735,-0.017494915736206,-0.0406601223417909,0.00693526364672477,-0.0982697155351195,-0.034011445580801,0.148632625973964,0.0608971523131482,0.0312237889856807,-0.00479212120420884,0.00994904077264148,-0.0100438533913943,-0.0313960797479549,0.0204138482614448,-0.0231745378345472,0.0526950414210223,-0.0414278042876223,0.0136271926414099,0.0890753508246193,0.0970988444478393,-0.132844197604693,-0.101011595538306,0.0694499509616043,0.00224143529483568,-0.109380320185974,0.0365485717882752,-0.0125465795740384,0.0606611755050974,-0.0178886215100328,-0.019858723772378,-0.076947071902055,-0.0302690832950223,0.00412484361980586,0.0232269129500565,-0.00480528824721836,-0.0905580779706285,-0.0164240148128067,0.0114732582462084,-0.0564635356881189,0.0151562856581884,-0.00298021476379041,0.00812020812940225,0.0154385684359539,0.0220502814340761,-0.00125942182592606,-0.000581206152859318,-0.0357337544855001,0.106123128513512,0.0857514162610963,-0.0280590835942831,-0.0107978900221613
"30",-0.0642088751231822,0.0834892333518307,0.0211841102631876,0.0293456883763171,-0.0807966664028175,0.0128080723949604,0.0214373426335408,0.0399202456161332,-0.0373772923985954,-0.0518136868574136,0.00678782161096098,-0.0497066755162846,0.0320457558941017,-0.0579105963441124,-0.0427648853314524,-0.0038887915703514,-0.0306134418942768,0.0530884403614755,-0.0123153452087954,-0.0513206034291149,-0.0359728930968539,0.0624380685366074,-0.022618832280684,-0.0290953181486782,0.0956082190239452,-0.119926407446156,0.000441454128171761,0.0582455299560855,-0.0546970457808145,0.0140669204378588,0.037649576232227,-0.109086918570926,-0.00537575063987055,0.0407836917790252,0.0406042956816313,-0.0647638471185636,-0.0073396679119381,0.0169745923883288,0.00679845373184469,0.0117457602891812,-0.0493815716694426,-0.0645611985067707,-0.0258997833905991,-0.0466560435371514,-0.00627825662681521,0.0142413925691514,-0.00156366937857373,-0.0324913535720738,0.00306807837333293,-0.00405906272242782,0.0570817330572303,0.0387607389331484,-0.0346317818317638,-0.0319742262662375,0.0150640357200453,0.0306502776034633,0.0018375046409305,-0.00240826869631636,0.000749992834702074,0.0260796247599637,-0.00951543278609302,8.05889932954499e-05,4.208811045006e-05,-0.00773842749492625,-0.0252988972392743,-0.00839970242948364,0.0277923221450272,0.038169263468276,-0.049228843121019,0.00147623726436464,-0.00314761498074357,0.0554885894211461,0.0202232017568754,-0.0190518621565318,-0.11521510050102,0.00965016268478285,0.0435790950941023,-0.0378658839055161,-0.0790223707643685,0.131630003382536,0.0118369337353102,0.0071025336782951,0.0416426434427258,-0.00448294342593329,0.0869179300739697,0.0479621518779836,0.0655373526069942,-0.0182971920028202,-0.0726989731421021,-0.0012936227985364,0.0349150677511091,-0.0589837542520026,-0.0633651091847642,0.00827561536108175,-0.00778744359585153,0.00455356843997849,0.0179949540890998,0.00939730795643698,0.0269086438823033,0.0538864156046675,0.0852314143008842,0.014941148693162,0.0351089949294073,0.0402604465805718,-0.0471640125307495,0.039749900295514,0.0090640798203517,0.173195448286573,-0.0273914045961893,-0.0153809899688485,-0.0087655238825995,-0.0147859349536303,0.0385113966673571,0.0266300692584989,-0.0620186666058843,0.00652589766652466,0.0752988337269516,-0.0110012980018971,0.0513534708073194,-0.0506612507718297
"31",-0.0610091312529959,-0.0131800883370516,-0.0129628000343127,-0.0113302287710694,0.0194858011261495,0.100265010117323,0.0767080070614338,0.0234694034347818,-0.0230166875993127,0.00802647297279461,-0.0252587251547441,-0.0964534223262871,-0.0322975503298288,-0.111558900579311,0.0861550011839109,-0.00308358664685383,-0.0126458904993721,0.0622572288796822,0.0644066482763318,0.0117752790336812,-0.0252479823641885,0.0747620523816322,0.0934845707720973,0.019658525129013,0.0192017553406185,0.0217533431575488,0.025549355341934,-0.0369785599404232,-0.000864802349158786,-0.0474412010837168,0.0472714601027712,0.00432206752134908,-0.0015358003471127,0.0136740484398352,0.027216332623833,0.0130425567901136,0.116199018785607,0.0967694561724857,-0.0361762310812161,0.0225373818040983,-0.0316158271914529,-0.0491004016474865,0.0245567475990573,-0.0328855014723829,-0.0175500598722879,0.0133071286386479,0.0263397143120722,-0.0697594652260572,0.0216270728906433,-0.00972060123746461,-0.00967370513881004,0.00941207872502948,0.0427134529320451,-0.0305349857902007,0.0792053370416391,0.0604174089104369,-0.0736776865704579,0.00834138904808477,0.0246330056129221,-0.0386608152099106,0.0555385070596314,-0.0244041038968806,-0.0267268194115492,-0.0457414226679784,-0.00328327094474167,0.0409597709156936,-0.0676191095697141,-0.0221956834826919,0.0769587245939846,0.0396398572292704,0.0603326337374698,-0.0381048382003415,-0.00321933584326388,-0.0605597304815266,0.0115665047220146,-0.072747960939091,0.0414165824580202,-0.00806850138589291,0.027051613202803,0.00808012599839495,-0.0417214275598204,0.0107689149523954,0.0628457280329923,-0.00190204368688261,-0.00984693746737145,0.0148769565936837,-0.00233447288871203,-0.0232224106856412,-0.0274684697831535,0.0355540279944629,-0.0350937293507233,-0.0356914589768902,-0.0073532229464712,-0.0943509926400085,-0.00522495464055691,-0.00125712916162804,0.0303369725955748,0.0278172718482992,-0.0453010359083227,-0.118828330983144,-0.0551364367333075,0.0195190532782645,0.053327666050192,-0.00847686515311505,-0.0322032078787628,0.0681514979025281,0.0774577913784112,0.0304001777987691,0.0497043766397274,0.0130181600894723,0.0542712710201014,-0.034264162576311,0.0387662540988518,-0.0502111546370896,0.0498577583188187,-0.086023639324315,-0.034463307240456,0.0521747955613146,-0.0216938921385407,0.0029540197360815
"32",0.000910000895661717,-0.0718188807356437,-0.0194059614176546,-0.0361794082781012,-0.0593285360069247,0.0542926965206153,-0.00857123218471544,-0.0973315333963609,-0.0265165697096923,-0.0282584053074912,0.106247869152789,-0.0120621666467022,0.00608468555155611,-0.122004805907231,-0.0636596979140998,-0.100476966525407,-0.0631584937504223,-0.0644244272667227,0.0107663670081559,0.0340156816358172,0.0154140471482362,-0.00772792826603139,-0.0398657043355832,-0.00322671250209863,0.0486187972102312,0.034833558642889,0.0117675957368363,-0.0245682951599368,0.00429256210790662,0.0560119133134967,0.0223656563546176,-0.0201672674094234,-0.00930308537378804,-0.0320303595167381,0.0480808932749588,-0.0424680537646944,0.0139043729992655,0.0139660922770077,-0.0212902960829797,0.0555686395189491,0.0129559687856118,-0.0459742824130139,-0.0077736926570269,0.0595159120762118,0.0404449045388605,0.0158943806860885,-0.0093030028904457,-0.0631625094833109,0.0208227071937132,0.0481852356412206,-0.0573801010179671,-0.0115144409888638,0.0491487556881974,-0.01133666348125,0.00332921285682256,0.0828414076035126,0.0502250167517228,-0.045528839996165,0.0853977249443881,-0.074100001672008,-0.0313721211165251,0.131374886326663,0.0438489084688855,0.0579775333915511,-0.081092443743501,0.00579062943754508,-0.00721356719327286,-0.0228463629633397,0.0261163470145222,-0.0271854707337268,0.057238653102449,-0.0360446372858259,0.0510143125696678,-0.0247184259424038,-0.00447343588741509,0.0779024204223987,-0.0365854192647309,0.10455503027748,0.0146586966822716,-0.0228122821145195,-0.070037909016908,-0.0685973405294548,0.00464064373767341,0.0317936361406525,-0.024437563345819,-0.0295686378781569,-0.0665477109464667,-0.0343474893201257,0.0732467721030724,-0.0154241967183749,0.0414545382289185,0.0604232584555026,-0.0327346388144648,0.068478472283719,0.0821365565329507,-0.0533344745668195,0.0225776711072707,-0.0238517021719479,0.0697832713779382,0.0531698267821411,0.0931337567709546,0.0358255360725009,0.0394990763445798,-0.00121259078297334,-0.0847688611749017,-0.0211243121167919,-0.0428470750236253,0.10194086710423,-0.225474253612776,-0.0609444210488682,0.0229025461030817,-0.00135460152042844,-0.0783292716691648,-0.0236839792964157,-0.0892145029154039,0.0301803814407389,-0.0578352089952099,0.0528314454618995,-0.0410289079042135,-0.0456673121764854
"33",-0.0265340279545657,0.0441042348754206,-0.0690771197564487,-0.0706323687653978,-0.0661436772506232,-0.0342289428872945,-0.0572119266371828,-0.0365647561170904,-0.0838849362980518,-0.0110800379281024,0.000889918868631831,0.0115137864160418,0.0384660787875178,-0.00865241698886688,-0.0153495767187011,0.133288569106303,-0.0698765766890253,-0.0310477763494122,0.060737367123596,0.0167104469521806,-0.0225162880022905,0.0131385995716702,0.0750944775343901,-0.0605105032531017,-0.00316805502721142,0.0350998577978395,-0.0313206418006776,0.014708483202029,0.0480392862764482,-0.0867400457240466,-0.000287929858377937,-0.0129182118776135,0.0122109224992841,0.117700769338021,-0.000490938933489831,-0.0236233632394233,-0.0240057382152924,0.040915493634711,0.00140259574433074,-0.00983976134665984,-0.0447879403414916,-0.026266899843634,0.012172060319632,0.0173951402920007,0.134548576534231,0.0413921505474464,-0.0438113567553576,0.0411772894444145,-0.0129439169517325,0.0152400045308427,-0.00681956181824051,0.00263360896328465,-0.0356796008371168,-0.00811780356846223,0.0323848315338466,-0.113735719650685,-0.00690473808961347,-0.0023760114308616,0.124857209719548,0.00479300294474621,-0.0166901312003607,0.0605983992634476,0.043898549695859,-0.0103028726962452,0.00154170915846334,0.0619452901919031,-0.0609512850793907,0.0593121433110917,0.0827991334843064,0.0104997792181863,-0.0372613407576865,0.00199837941620337,-0.0923774501525534,-0.0244389578125512,0.0228833644711112,-0.0290743060859354,-0.156456644510939,0.0517907463225937,0.0352966203839361,0.0272877366854445,0.0543293601229235,0.0619537057252976,0.0773666643136109,0.102875120927725,-0.065514178383624,0.0488207109595599,0.0409112046885774,-0.00676066357169789,0.0548848537367015,-0.0470726139575976,0.0320343903880684,-0.047115481978834,0.0462796569429772,0.0186520765117287,-0.0258209563908574,0.0211405523891638,0.00399783943964897,-0.0481710801179306,0.013060734210652,0.0140306854005359,0.028183558773577,0.0682482648035359,0.0107291183842705,-0.0199314724510387,0.022689194113471,-0.0641918137323732,-0.0108045631083587,0.00295310744353735,-0.0268599499689543,0.00988147426711035,-0.00234510707388259,0.023094506410085,-0.0053189304882898,-0.0168231845935295,-0.00478195556730015,-0.00111138008425673,0.0664736158398171,0.0446276000917672,-0.0428458001638468,0.0182855770993964
"34",0.0701079541873231,-0.0534039384484495,0.0634478211386093,0.0458529211214279,-0.0729271526247879,0.0253928767430647,0.0329134515184352,-0.0109394377358797,-0.063418873577291,0.00309345192688119,-0.058412234503001,-0.00190837882961539,0.0451105678472661,0.0526258687713433,0.00199047939169108,0.0323020999043727,0.0520399745970308,0.01209862237505,-0.00467202388938155,-0.0868500701185692,0.0407721455220117,-0.0318794387098112,-0.0210187368051484,0.0271753572724426,-0.00397119840304364,-0.036698035679556,-0.0824238394722306,-0.0658713287659679,0.0396090039080668,0.00965395096944158,0.0811138673654574,-0.0534526807160828,-0.0494523589759711,0.0322889509162648,0.0322408089676916,0.0374825427022775,-0.075454792155824,-0.00684990298282469,0.0574296860525929,-0.0651002821339539,-0.0152639379686769,0.0630639706015514,0.117832359541292,0.0237299124020405,0.0570331334267539,-0.045653822811402,0.0522364775973594,0.0374168888279448,-0.00178372916810783,0.0146160608539555,0.00863995106743002,-0.0425490310053561,0.0138294760492587,-0.0279872633455563,0.00851421430913837,-0.0610385174865632,-0.0538026596156148,-0.078707793974894,0.00267157636867806,-0.0262069264616525,-0.0553975475333119,0.0257082893419192,0.00235164585378883,-0.0186863022365201,-0.00273486247585681,-0.0207238768843705,-0.0311671590844721,0.0643827536263645,0.0367363257393063,-0.0649476032668354,0.01311334986941,-0.0287641496658819,0.0444653868671201,0.0234230957984699,0.0323515157724321,0.0628169212085946,-0.0199033574387187,-0.0104143046807987,0.059838395455584,0.0199144808403959,0.0288017293072643,0.0622569651583247,-0.0586311573188384,0.0262479413289572,-0.00214327458356547,0.0260154292044256,-0.0537509053805468,0.0242577195729194,0.0273431888225559,0.0216075603975124,0.0548570427627348,-0.0475818841225934,-0.0331055281736954,-0.0339554552392368,-0.0921093924150958,0.0152032100718563,-0.0234551801508537,-0.00584054996430512,-0.0123004866706539,-0.0291711762236711,-0.05548655511862,0.0151168658567935,0.0715351549795245,-0.0625833208411253,-0.0188103822404236,0.0217788140516578,-0.0299645358159127,0.0774306197190051,0.0328105403018865,0.0335667072979096,-0.0103602057352698,-0.0193207026979765,-0.00879579689495561,-0.00672400032355798,0.0376049480608923,-0.0154827217119814,-0.0127220423247537,-0.0398715070725726,0.0354751765297111,-0.0588840165304986
"35",0.0108320194905686,-0.0403289462996544,0.00544158014715659,0.0492112659607838,0.134227029966414,0.0497192493029032,0.037224361190268,-0.00900420391352901,0.056645060171728,-0.0659627303305205,0.0734729795810054,0.0840452703063292,-0.0745971956161065,0.0289725551429171,0.0379850110717651,0.0584532983353453,0.00783241684907445,0.00069022431622917,0.022288296506231,-0.0357478366153438,0.0489286272050176,0.0119302919247377,-0.00146496995471903,-0.0467961352729556,0.0112319112236711,0.0201927276018239,0.0628309949738146,0.00665564788939596,-0.0306249342605056,-0.0265065088452731,0.0329377344666071,-0.045660087102955,-0.0596721330203421,-0.0290845608716125,0.05075985426755,-0.0447129697905687,-0.0176965809566917,-0.00753326917849845,0.00875535180678292,-0.0268155715901809,-0.0423673832038172,-0.0691571844658998,-0.000875835142064824,0.0433740406498507,0.0146091237101792,-0.0294331635907017,-0.0483314282099444,-0.0505786064704651,-0.0180062734439229,5.90892101272421e-05,0.0333780110002173,-0.0484175109408201,0.0113618850648255,0.113968849499453,-0.0131532844548955,0.00244695454332642,-0.0726319117354398,0.0571037716212649,0.0107994154480801,0.0550626994557124,0.0426315058246095,-0.084175557964683,0.0350559168544302,0.0465510503922509,-0.0511645451393361,0.0287221042928332,-0.0105131646102657,0.0426414988123362,0.0441848224604638,0.0451597736077221,0.0417963318112742,-0.015768177822441,0.0293698109682529,0.0424865565914218,0.0258447023032881,0.00367864079835215,0.0195621419198138,0.00759513820304952,-0.00391007664233991,0.012607089078122,0.0233147912829616,0.0844118503351901,-0.0692569554004293,-0.0117505822127435,0.0869422212774427,-0.0495143935170395,0.0665559050640146,-0.019225193321974,0.0356584488285888,-0.105663254326698,-0.0249041478185365,0.0155025329011953,-0.00673321770272398,-0.066841091430735,-0.224893960913024,-0.139943123905548,-0.00287911308803998,-0.661747372973065,0.415777626263603,-0.0693368638970366,0.0135682423031969,-0.000286708262360846,0.0467162740542898,0.0710919016018249,0.0107899743064455,-0.0204621255859508,0.0435389363259162,-0.0358881642464182,0.0580769385497725,0.05417539097938,0.0249173960990983,0.0295273593158619,0.00509435212303286,-0.0408419745491864,0.0276047644334297,0.0195544261009486,0.00432887366636054,-0.0110626299239326,-0.0691518930610775,-0.189727288993566
"36",-0.0813499749494747,0.0179207690041011,0.0345154528418738,0.0392987579883805,-0.1084577690851,-0.0439503622055897,0.0102746056636254,0.00688242637741947,0.00737024601879336,0.0302417112371815,0.0171716951016355,0.0012085307734999,-0.00126032519311298,-0.00045266981052272,0.0206605531554122,-0.0498553202727179,0.102489632430481,-0.0141543899194342,0.0122823709957497,-0.0325159793930917,0.0840757292330001,0.00236908482120952,0.0525878076527008,0.00811159632163976,-0.0839822707709996,0.0100785636606077,-0.0144110997885894,0.0951980126988088,-0.0245346466724558,0.0152882408242911,0.0175297961866568,-0.015910372131863,-0.0363082543026782,-0.0442315792779229,0.056624610483315,-0.0825591616869002,-0.0362087355533896,-0.054143061894107,0.00883474002408508,0.0608969863804084,-0.0569793961401327,0.0384936079666383,-0.00740326886183744,-0.0538811752914557,0.00173478765984664,0.058543175102554,0.00927113363408915,0.0383365990881853,0.0433689844518457,0.0475492133946201,-0.0325850763616986,0.0274585316009385,0.0203507703126732,0.0301186894385767,-0.032731334105637,0.0510162521425584,-0.137749301908495,-0.0500187674757562,-0.0387993420630426,-0.018542069120057,-0.0125424976751336,-0.0579911703797219,-0.0593650800540304,0.00246170952254105,-0.0296943390459431,0.0801261958292136,-0.0940512920473409,-0.0172106339467153,0.0786017650215078,-0.104898417086453,-0.107105905148761,-0.0748123540397546,-0.100378540222077,0.0127842085805139,0.106778334841955,0.0808889249646875,0.107333076147407,0.0715324818945103,0.0915025791770846,-0.0101461322968727,-0.0448600150979194,0.0275808572332778,-0.0541137805412457,-0.0176005989546739,-0.00309592598516173,-0.0664807608788098,-0.0148587715660819,0.0692173261682418,0.0577444591569971,-0.0255792563477094,0.0166603000205318,0.101754068214209,0.0327444813537448,0.0475690200719388,-0.0523510804532963,0.0158904059382179,0.0315160644856955,-0.00093666999539012,-0.0617752089261719,-0.000272324892104352,-0.0152073053622272,0.00770487252802329,-0.00674033686796857,-0.00488819032894164,0.0399601056267822,0.0519276277565907,0.0282258737394156,0.035127508460028,0.0329991987978438,0.0250133706538648,-0.0299364151667764,0.0378963433530494,-0.095858529964543,0.0176518781825909,-0.0219710701160748,0.117703966662082,0.0114031554157613,0.0429079184293742,-0.0713472303762877,-0.00058027865505319
"37",0.0565997368806093,-0.0470114258353443,-0.0185927980373265,-0.0686762389784432,-0.0244838125339316,-0.049778291294666,-0.00724484467315322,0.0975957240309234,-0.072541658777512,-0.0195016844020604,0.0370200586010244,-0.0460714360948121,0.0420644298943749,0.0156872003738685,-0.0644577482375151,0.0448565872767259,0.00312725624502658,0.0331462906239988,-0.0562198677763284,0.0201315497629575,-0.0668248457313494,0.0442844221679552,0.00363278950729761,-0.0509215461737613,0.0552559030927701,-0.0044576952213686,-0.104728494589977,0.00951806730619508,-0.0220579697431885,-0.000609187639826847,-0.0570253802630857,-0.055905175800054,0.0764103822392596,0.0238930258784087,0.0557480323578521,-0.0808689983806286,0.0603250286224477,-0.109709889033884,0.054824984795478,0.114084116436816,0.085416855873854,0.0152090530366268,0.0809564577660809,-0.0209299658493813,-0.0267675539662395,-0.00764893718523599,-0.0110519413652918,0.0278612897051044,0.00585089556965218,0.0428624700873194,-0.00867748043995912,0.0385375968247382,0.0352712645759063,0.024157042886972,0.0239368209350305,0.0497020107073481,0.0845097025650246,0.0878349976790718,-0.0541258499794226,-0.0525359649390775,0.0461704091041791,-0.000708635912495065,0.0407414367068414,-0.0118034084396744,0.0137444713454872,0.0559067014494624,0.0793784332801602,0.000750956095661213,-0.150995475264174,0.0635217447764903,0.00873054948530029,-0.00113424892564892,0.0988110008919242,0.00451446005485976,0.0103898598144719,-0.0857771660107344,0.0233324794467204,-0.0470383752173362,0.0632066727872442,0.0059950395609166,0.0291001643968343,0.164060109721321,0.00102485032163788,-0.0011731776940142,-0.043691118669863,-0.0380845821513273,-0.00424626224086279,0.031733519118733,0.142829202174821,0.0825577699981268,0.0178544978304117,-0.016198978371303,-0.0585672539069069,0.0237037685588997,0.0530230679454861,0.0232555501389711,-0.0118222767407551,-0.0677929185890779,0.01339093461476,0.0275002172187087,0.0138482865014554,0.0658962357305931,-0.0261878656009352,-0.0726685310279511,0.0242601475596065,0.0229380089154442,-0.0791988628028398,-0.0942592508378465,-0.0204777189998541,0.0285524437635224,0.0197357675559853,0.0932222150762589,-0.0303428417809991,0.0782385803179319,-0.138800318677006,0.120266480678166,-0.0588312880138151,0.00103245849457562,0.0512256646029619,-0.00938493490983696
"38",0.0476385313115627,0.00611339561576358,-0.0885605322782566,0.0811438617625931,0.0401085188872825,-0.0379787364891617,-0.0218985693740135,-0.0290221232356629,0.0792027435496248,0.0656431047884729,-0.00596735854431165,-0.0232911617792159,-0.0169034606961186,-0.0375995679889405,-0.0205708440110412,0.0438878571770716,0.00125098558134424,-0.0138175514565064,0.0503509897603936,-0.00645731058154314,-0.027784083732098,-0.0118708338087918,-0.00661856703993324,0.028561549683337,0.096713019603281,0.032611965958624,-0.0925849076952698,0.0318946498725207,-0.0529288839969083,0.012053953175706,0.0278952222279857,0.0547821821481223,0.118044119943654,-0.0584674277064266,-0.104040472200191,0.0294062911365961,0.064081952566632,0.0168453537344629,-0.0509677885831651,-0.00659373773383412,0.0362727556118011,-0.000901687389754912,-0.0166053997990558,0.105831406895208,0.00909059095731976,-0.069004152544976,-0.0260058911930278,0.13656273952562,-0.134089873810106,0.00113606993958751,0.00687421460049205,-0.064398049575205,-0.0644086112015995,0.0369020859992621,-0.00481671310108539,0.0678563351315432,-0.0315950777531665,0.0203101872353984,-0.0683090345889943,-0.0324442474529063,0.0223950721456712,-0.0347954386307881,-0.0450274341500941,-0.0384849050476715,0.0594509127489987,-0.0599197268039127,0.0768946552154016,-0.0109178561015942,0.0358611376483291,0.00645280319957626,0.0231154645487684,0.0547152524103354,-0.106993446588286,-0.0646838681693227,0.0679353154681111,-0.00469663283275048,0.0987957311375718,0.0478690580859005,0.016485239246981,-0.0463287497836778,0.0743613259138076,0.0454812477262909,-0.0534361550965268,0.133797873044515,-0.0178176314072965,0.106400385942471,0.0158344582514682,-0.0360783966957146,0.00547842509554712,-0.00363798211570591,0.0580381262529425,0.0214730951146009,-0.042264689213601,0.0556402355469726,0.125706733714532,-0.0343279886028626,-0.0011773731652396,-0.0130627381635978,0.0602929389607773,0.00827263665141318,-0.0382540925184354,-0.00517504702047912,-0.0774576072534493,-0.0699247333119467,-0.00517648659355263,0.0127476350493925,-0.0375996382560319,0.00431309991433334,-0.0419892360574297,0.00771824627430352,0.150290293303167,0.0489539805552064,0.0296018900809228,-0.0765471133050409,0.0886971061975941,-0.0120754383400185,0.113785840806522,0.133363593197732,0.0154890305165083,0.0389369705636423
"39",-0.00996774891916983,-0.00598391334840899,-0.0742582280127136,0.0675360367510847,-0.0150978829489449,-0.0747614977778738,-0.0791727471885287,-0.105566251028499,-0.0119262415063858,-0.0131018108332701,0.0376824129019511,0.0130142103243154,-0.031496738208929,0.0670166724268003,0.0343732552570487,-0.057387560987961,0.0413640129283073,0.0195573742746635,-0.0357640934350119,-0.0445047625293543,-0.00862465141925471,0.0410161607457939,-0.0137860003936308,0.085700750454059,0.0230192574391744,0.0370029809585487,-0.0250367553729987,-0.016797075063358,-0.0259181590508447,-0.104053925373319,0.0951310491898413,0.0723992566075393,0.0383414889101678,-0.026757172293585,0.067819587131007,-0.0680866213122352,0.0441827607717758,-0.0284369039775968,0.10504534535468,-0.0763874771264801,2.29784980296065e-05,-0.00151709447470137,0.0979079433476239,-0.0943711912622364,-0.0456118949623017,-0.102092003465042,0.00823270256351126,-0.0103715708519054,-0.0119484787641526,0.0151983831595098,-0.0450816176101217,0.0363073712180337,0.0332503770491976,-0.0267007343428865,0.0418501499345692,0.0385903763000979,-0.0252787433996402,0.0308919803118482,-0.073644324949665,-0.000676592985505044,-0.0079324633664358,-0.0227338800250345,0.0882143893295393,0.0728756854254515,-0.0171815973336315,-0.00486367944907153,-0.0113888846308759,0.0580405006528361,0.0701711794506246,-0.0749608857712948,0.0170217530080321,0.0703281409656204,0.0574373366453303,-0.0756844821874169,0.0607008938396955,-0.058604740549846,-0.0164045348131362,0.0204663994408031,-0.0362869487233414,0.0162771491254477,0.0269730566036295,-0.00619455949558261,0.045845131325485,-0.00294591593467402,0.129925900151944,0.0575576620071456,0.0693102534697509,-0.0102735318305592,-0.0379445727431179,0.0967156577499687,0.0631309163339047,0.0162507529723788,0.0200150133114894,-0.0479820928243723,-0.058321524705885,0.0290888438594545,-0.0221008256793973,0.0291901392725095,0.0263579034193458,0.0273914229098588,0.0435254904875916,-0.0566894784347708,-0.0316012512600995,-0.00862755438490138,0.0272424929160133,0.0369978792576228,0.149474582034728,0.00403885342533904,-0.00910110278966885,0.0351212445190285,0.0216755955130626,0.0762778124720046,0.0166814960227755,-0.0181336381752809,-0.0874995594293972,0.0771653017812349,-0.0108070276520429,-0.0643602410385177,-0.0252613913882289,0.0567962159389932
"40",0.0342076757574752,0.117722936778725,-0.00695011967752506,-0.0115564930806825,0.00174094500078584,0.00699278708024781,0.0404442510358751,0.0103226546462264,-0.0371075702881179,-0.00514135935766948,-0.016217032779368,0.00206209157892231,-0.0732806510889211,0.0207366174913445,-0.0259554067400849,0.0670477972749377,-0.0425616097993473,0.0620459393267239,-0.0586432622497855,0.0505688806741408,0.0517430898660261,-0.00306552750260179,-0.0755237222839607,-0.0700475452911271,0.11182839249394,-0.0867519736467178,0.0311656996675586,-0.0402432206915008,0.136137572881524,0.0147765669104724,0.0537337390547785,-0.0409659964187714,-0.0852908191689266,-0.0457612101950136,-0.0520306928066679,-0.0285426211788737,0.0339403419857557,0.0793478070981697,0.00388517025264237,-0.0145407072777557,-0.0501046390597972,0.00378614124993269,0.10650395938336,0.0606822145685541,-0.0290691446940789,0.0182666228058293,0.00116709225293549,0.0589650091567758,0.0383387434576744,0.00416225511949027,-0.00527846828432862,-0.106800238866573,-0.00691854708481849,-0.0973004650919717,-0.022307980593582,0.0411494547615392,0.0468851202327659,0.0297250797501446,-0.0124400950358458,0.0728612908438442,-0.0116352118469242,-0.0289274434310297,0.0468212268293152,-0.0222407191263172,-0.0283038597340163,0.0146259318480184,-0.0102249527231569,0.042933544339199,-0.0434791647174016,-0.0916961114044429,0.079914143950569,0.0290018383967613,0.0504705703601846,0.109312419702584,0.0584223672303797,-0.0457322333359036,-0.0540085767050147,0.0931696912708742,-0.0160479253210482,0.0443721152017979,-0.0108133688404654,0.00803463554146971,-0.0507941502651953,0.0127129269075087,-0.0475978284218402,-0.0921797036170962,0.0600881251016222,-0.0474657680490879,0.0172468209034969,-0.0214814190684005,-0.050662040120364,0.0315146283763951,0.0428425497027011,-0.0490757329097193,0.0340312012820496,-0.0135149494487788,-0.0121079326673767,0.0411825290139451,0.0020250035124399,-0.0543128479450272,0.0495535338099676,0.0382399029414121,-0.0621939786452879,0.0498786071558731,-0.0601202807546019,0.0299957040699874,-0.0812334360937281,-0.0102165687163731,0.023072718434111,-0.0491996924390671,0.0087252269134515,-0.0391183451405108,-0.0199102829894046,-0.0485466009150875,0.11897764219976,0.0130492182229379,0.018149864494776,0.0667772132159366,0.0765051559046235,-0.0693567077257244
"41",-0.00823709096165352,0.0724643704405579,0.0350674698216133,0.0175529064379301,-0.0289340786425778,0.0367695573076976,-0.0271523850380287,0.0538460015182991,0.0410580415570094,0.0714056239798615,0.0482023242643975,-0.0100280907041754,-0.0484045666076579,0.016621097533339,0.0589272563217442,-0.0140400146892743,-0.0571743718949425,-0.00553925946623535,0.074878205066665,0.124903605858051,-0.0621796071605523,0.0266249039197506,-0.100053015519299,0.0428516856312797,0.0575780050854817,-0.0708535271016539,0.0112243851904099,-0.096677169425573,-0.0563373471358563,0.0795677256120647,0.025114442226877,0.0297364499041603,0.0324292089727292,0.115969011496321,-0.158539999933894,0.0657925001791796,0.0379190975800245,-0.0105714177877618,-0.0209533624699555,0.128295435311706,-0.0103300153807235,-0.0696331546445915,0.0757034873720258,-0.0504828161862084,-0.00263513434258522,-0.0903309697011354,0.0945330670730481,-0.06189041398893,-0.0602367569290652,0.113960768337015,-0.0842639987192,-0.103050636768883,-0.0731825658525886,0.0393235059556042,0.0328066345220538,-0.015950291224357,-0.0925538690588179,-0.0202647015397596,0.0121599045269854,-0.0821047079379261,-0.0466344106893694,-0.0143909095848455,-0.0206584540289337,0.00575987871780481,0.00970850083722434,-0.102126199469202,-0.0637846386388152,-0.032708090871103,0.0821807619463118,-0.0507393623048191,0.0552194269863954,0.0323215279601723,-0.0397990860700576,0.00737888363138428,-0.0769094124453831,0.0273590249330407,0.0285457016042452,-0.0516067307479279,0.039372515747658,0.00606544158058097,0.107604199045287,0.224084642950414,-0.0155833559289327,-0.0375973255244099,0.0294640325757227,-0.024044728400712,0.0290551871581751,-0.029390407263908,-0.0117454893950256,0.0954922538193493,-0.0382177207445423,-0.0101644571809164,0.00543930051169853,0.097411632063082,-0.0211986572256131,-0.0840168285527864,0.0127222806957559,0.0147691477257452,-0.00112976016462763,-0.00866538317078865,-0.018940911978406,-0.0720540648702303,-0.136925609074223,-0.0575777926560553,-0.0884687338401854,0.181193823822567,0.0933329866042751,-0.0194942947747504,0.0511800589704383,-0.0782831470096581,0.129634539738513,-0.0326692601379453,-0.0825562266285606,0.0388456294378561,-0.127190193105893,-0.0154626824526107,0.0212849950147938,0.0253118488097404,-0.0901584679158873,-0.053030054880512
"42",-0.0485560478426897,0.014984168117026,0.0257568272316392,0.0320416131435899,0.115126409927427,0.0478872613258149,-0.0581538646816716,0.08311782650577,-0.0174682464318571,0.061861785782923,-0.0451627271322849,-0.010358537711714,0.0592749996184573,-0.0122541409416553,-0.0439794225574309,0.0121668828595707,-0.0766486136209205,0.00375498240076026,0.0645422223398747,-0.0681051548671024,0.0297618435261661,0.0220846128787381,0.00471091196055218,-0.0218548956201911,-0.0174218951323575,0.0251885249341692,0.00451486379819049,0.032605107465615,0.032499483832909,0.00581916994711561,0.0184162849063156,-0.0371737145796684,0.0022491381492109,-0.00299060866294826,-0.0674248118966203,0.0611784297516208,0.149004699400022,-0.00250427485280951,-0.0143681764529957,-0.0134124134233645,0.0186692764860328,0.00850457367219606,0.0411461346112971,-0.0806672323722542,-0.0955105583917706,-0.0417284850947476,-0.0670265169258657,-0.0681995506968684,0.0292277857867353,0.0253407099888285,0.0651090109612647,0.120907880424222,-0.00203098664476137,-0.0375888050202492,0.103894167834511,0.0411370336005109,0.011893249041145,0.000572946674468398,0.0937487037093213,-0.0258325174386461,0.00630252776782056,0.108588740985102,0.0589882610653136,0.0112241298964975,0.0113618228989584,-0.0232919968448582,0.0113502992977274,-0.00286745016089566,0.0231911130189075,-0.0636460806542793,0.0505987651620166,-0.01653943076896,-0.042853821381187,-0.0123163522219252,0.0677640726292869,0.0423301184888908,-0.0182958182290619,0.0154262481067332,-0.0238784944538412,-0.0444469710427992,-0.0395795612179972,0.0457777444320407,-0.0386678648447014,-0.0461991043812663,0.0163775513614734,0.057517856306436,-0.0740968437052493,0.0234519291322771,0.0116898622283319,0.0233695323550493,-0.0228378215756154,-0.0553917703018235,-0.00451158707530159,0.0321819505461237,-0.0218142161747415,0.0390793980793603,0.012446040472509,-0.0133399962274348,0.013999552677056,0.0576380617909595,0.0678037334162594,-0.00155673158170123,-0.00497503289983732,0.0247615635815649,0.0994588442951843,-0.0040581762756632,0.0828838197101296,-0.0667095982445944,-0.00438006516567214,0.0393741557730227,-0.0107260242002587,0.000164919795929629,0.0802503361982845,0.0576952467213875,0.00908738679941098,0.0253089076977148,0.012489548037188,0.0160606487890416,-0.00017077414789231,0.047808735349242
"43",-0.055201496238282,-0.0506142957681885,0.0967522287836829,-0.0218484924640907,0.0384767507724053,0.00162284164446539,0.00931940471353541,-0.0791189244593998,-0.0465844645557672,-0.0166351642433218,0.0795398930843833,-0.0653445670912212,0.00552545171181116,-0.0632751537967635,0.0210426837502112,-0.0595602128800538,-0.00656012624241783,-0.00591542323709064,0.0242882420627705,0.00520463011198661,0.0496422393412428,0.0156755923028295,0.0416237475127576,-0.0212716307797162,-0.0199235015497866,0.0432927186841873,-0.0605595528087303,-0.0519774848452165,0.00233256357226856,0.0414069322583076,0.0280526320493456,0.0687209482805338,0.050618297777002,-0.0299106970758155,-0.0131208783049914,-0.0173698622467203,0.029067620335994,-0.129077388387653,0.0796909741167774,0.0549979852693699,0.00598544359512434,-0.0400538620075148,-0.0256632151519736,0.00427351641756025,0.0727527551264584,-0.00628837077880878,0.00950859379746209,-0.0131078637872288,-0.0611884363239484,-0.0839747245221941,0.000343773988061055,-0.0397849503118244,-0.0755664011868094,-0.00518460001431816,0.0521391431675554,-0.0129893849203853,-0.019927738848777,-0.0227938835719033,0.154089877641174,0.0202539544856456,-0.0315364815750113,0.0413691124503602,0.00762891109226924,-0.0591398579564495,0.00520636493128741,-0.018087842705185,0.00574747435526782,0.00174031869736784,-0.044045930452198,0.0208661565465872,-0.0536201740542504,0.110262076256345,-0.0012829989871324,0.0579297516730244,0.0832972652738749,0.00292611237707914,-0.0149543455566192,-0.0462929691681367,0.0717300789114796,-0.10907869158166,-0.0623095801956398,0.00831213699130787,-0.0284159244860595,-0.00208416663401654,-0.0478788952213843,-0.0307315795985648,0.0528818714402377,0.0966254397145673,0.0456466349987766,-0.0138309899288656,-0.0998566913632287,-0.0842371115710659,-0.0506506554234992,0.0243834596541572,-0.0617773226280039,-0.0313861047304764,-0.0156486320370771,0.023736712584757,0.0199410314376382,0.0248350349120344,-0.0215598587645227,0.0310677390765333,-0.0754350264749112,-0.0240079505976046,0.105875188233709,0.0321255421434296,-0.00461444591851453,-0.00197782915034684,-0.00368938292999364,-0.0547125405307132,0.0460948651230842,0.024563053579866,-0.00600902226218094,-0.00392758545076222,-0.0536263548689037,0.00216104814007832,-0.0288666441921472,0.0112059268882638,0.014621971993063,-0.0235649909825355
"44",-0.0849456737885054,0.0559344980716028,-0.0337204144917371,-0.0330191712465243,0.0460391859710965,-0.00170686973968083,0.00726479259498629,-0.0318739872242996,-0.0499098257252826,0.0120308191902614,0.0651464283844587,0.0123526874480489,-0.0604647079481397,-0.00424879036920403,0.00422862493478148,-0.0795339409384707,-0.0487737101524684,-0.0563698021020554,0.0424228021333711,-0.0974681614242252,-0.0769736932790446,-0.00346092582239798,-0.00787183817695375,0.0721636647522697,-0.0571377604959373,-0.0449927137127366,0.0210339976141129,0.029898514319818,0.0217081168157269,0.00751477313002111,-0.0132763037682763,0.0549119677846477,-0.0719874418633027,0.049537122621565,-0.039669067647004,-0.0727552753527315,0.0585082192697123,-0.00659738102399581,-0.0797412652731565,0.00522280651372714,0.0112831245343,-0.0339319055968048,0.0386439954369591,0.0883993326021151,-0.0442078930986326,-0.00433620144214835,0.0483876645065009,0.0348416432468401,0.00497431409005745,0.0182595168597565,-0.00368920062955155,-0.00636720108024808,0.0286176293252015,0.00378684323600973,-0.023470611493302,-0.0275442552754257,-0.0552562355987877,0.00777311341760324,0.0488627570075529,0.00943916021206847,-0.0762180704147063,0.0176496111571024,-0.0702956988277922,-0.0682644530766268,-0.00830275024785526,0.0394634286652684,0.129541091959482,0.00626493077688486,-0.022415870551263,-0.0983101766615988,-0.0438368100830017,-0.000711944689064786,0.0382162056169757,-0.103205636132821,-0.0394965595903913,-0.0336042735931386,-0.0639017049041806,0.0152838463296719,0.111354570548689,0.014604734380089,0.0517201768698848,-0.0268681445480697,-0.0277724557390089,0.0856767619441298,0.0432313773523545,0.00430574389030985,-0.0379893092107769,-0.0605953839826308,-0.0599411269774154,-0.0422078021859826,0.0328073766300331,-0.0385689295947315,0.0942648221131701,0.00784538745153793,-0.0507757000852851,-0.0317569236505979,0.0194688208180652,0.0969301365058611,0.0746128731204626,0.0267508024368725,0.012296914400683,0.147211587443607,0.249417195209422,0.18359847631961,0.134931636767591,-0.0622178464832726,-0.121041068703681,-0.065025163479911,-0.0439778725713324,-0.157457990352733,0.307995608673365,-0.221417532458287,0.123623425631673,0.409252768496528,0.150088355438078,0.205070909950048,-0.158588872897077,0.117898166666656,0.153652457087745,-0.211623299809472
"45",0.0493862188778695,0.0617971160186005,0.0360089320325218,0.0230483876698885,0.0525077659368716,-0.032775540579958,-0.00625596891317845,-0.0241983661621345,-0.00126783255031283,0.0844586490858799,-0.0433490214570954,0.0678018108796436,-0.0218399588746585,0.0619288564547319,-0.0463545924865609,-0.0357614471386699,-0.0740183501583862,-0.114892022557582,0.0980515841701216,0.0249102737593392,0.0681040063798017,0.0675480067999548,0.0582682611742938,-0.0105599310296448,0.0878219679495109,0.0714088883221487,0.0187595712567995,0.00760582222542098,0.0168940336535097,0.11839917306849,-0.00350289780702919,-0.0125062162178856,-0.0408961922399146,0.0783056852984856,0.0199457436291335,-0.0170917084318377,0.0279820538213112,-0.056791090568163,0.0445962641805339,-0.032600816427386,-0.0377671313266989,0.0233897373369767,0.0302715033119527,0.0384856792135571,0.0228873297208145,-0.0410900339508863,0.0152416783589607,0.0403743436756537,-0.00665263868357755,-0.0654061573583691,0.024965867334411,0.0558217565731244,0.0981613046861597,0.00156425385838449,0.00024901772000428,-0.0437414655509389,-0.0710289307730387,-0.108507244236257,0.0164879383379127,0.0230686198734446,-0.017302927927119,5.68462663394789e-05,-0.0752792808386206,0.0336575605142716,0.0298993079057793,-0.0189818047590041,-0.0681693670562452,0.0910486752138389,-0.0475228797341964,0.0168886612586333,-0.0471363146526808,-0.0310434528125479,-0.0607667939014514,0.00815478199665868,0.0237942632645865,-0.0547767799829562,-0.0154329045005505,-0.0266972167325432,-0.0074795971507369,0.0760912396943476,0.0425942008107621,0.0659463189641985,0.101227103585518,-0.0400637459722465,-0.011649681749031,0.0181592492398871,0.0809966678544059,0.0622028892949056,-0.032033914876561,-0.0493103419385481,-0.041549875851156,0.0461105693852975,-0.0575405910094056,0.0649309859067193,0.00600017249234938,-0.0236367631187686,0.0289937053257617,0.0451703305093379,0.0148422227504756,-0.010076215921691,0.0216362552002165,0.00253364473813703,-0.0474834187178427,0.0184837408338741,0.0116048560733597,-0.0899954165870709,0.026147075568237,0.053869255052273,-0.00148791186966177,0.0842923418999357,-0.0284351948206494,-0.0493788632204865,0.0588676645367071,0.0412231427562575,-0.0181354998400393,-0.0323011694656432,0.0305949103577896,0.0863795793593051,0.0119204052033993,0.0128206292971497
"46",-0.0160879736329004,0.0635717239030723,-0.0181534364067743,0.0537021923572091,-0.00764544056040286,0.0151939259989703,0.0427683003670445,-0.0280408482921387,-0.104577256262883,0.0318951083650829,-0.000157698986918616,0.038637859276099,0.099086892311638,0.0468853901810881,0.0408075808525049,-0.0369644176798033,-0.0458855675138124,-0.0504879052031564,-0.0863073284167415,0.0895743542963199,-0.0747414707512646,0.00674586454799505,-0.0326107428240706,-0.0365458917671875,0.0658694747543044,0.0377994786276536,-0.0213267191062948,-0.0560920164519553,0.0955018437594893,0.114602798246512,-0.0228568888767215,-0.109056927963552,-0.0959277760481925,-0.0577381647546863,0.0477110714212876,0.0609215227970524,0.0356563760759775,-0.0473029873385097,-0.0187496815825382,-0.0304645821850759,-0.0529032066348254,-0.0578420399189945,0.0778729729087616,0.0856156275283683,-0.14630055410926,-0.0463733143918272,-0.00630050314126597,-0.0366416764947162,-0.00879918852072152,-0.016478483086898,-0.000179778095648442,0.0238987214508374,0.0424285435143947,0.0646899703256811,-0.0552960660444725,-0.0635128678371022,-0.0524730378766735,0.0824549840696935,-0.0169187713215844,-0.0290669148454789,0.0223500245394798,0.0893362780696893,-0.0967567977387218,-0.0165689177354937,0.0286445488244931,-0.0801252626981607,0.0622466536143728,-0.00028569281293478,0.117005259671837,0.00109047099398609,-0.18975032107545,0.0246799010975726,0.0424547336186807,-0.0663341601538361,-0.000781578577307476,0.0393378008550287,0.0521061865070244,-0.0465938396127104,-0.0659396515501139,-0.00531495329669807,0.0834673971157635,-0.0698433110679541,-0.0259408347319895,-0.0691309632798148,0.00953996079711388,0.0745098112107956,0.120609898468845,0.00964653920105313,-0.00352637867184429,-0.00756351685486214,0.158424045025263,-0.0707970278553187,-0.0538965846004143,-0.0655583295972153,-0.0155827725776832,-0.00214557113681405,0.0285805881428816,0.00465028068421296,-0.00985310705280431,0.0335136886959805,0.0444417746690152,0.0102328623460432,-0.0806806103391685,-0.016714379471121,0.0264016809131886,0.00970609490914319,0.0516395001168723,0.0505843758285236,0.00534872274438827,0.0450535716768823,-0.021789638064067,0.0249400385545637,-0.0549331894033372,-0.000636552365251562,-0.0388729026327487,0.021611585761039,-0.0677932432896836,-0.000634563919880144,-0.0120389209123322,-0.0537720674891296
"47",0.0645731091020876,0.00922072415113999,0.023453393815415,0.121890785247324,0.0651351559638419,-0.0577145570306492,0.0163436476103337,-0.051505613775756,-0.0635080917475112,-0.0479384233714071,-0.00527769865657414,-0.0227433191538356,-0.00206906350008701,0.00666124549712972,-0.00741983952459529,-0.0403326382298312,0.0125568574762799,0.0381597183408549,-0.0502597492358841,0.0242766813139074,0.000308228486551686,0.0458592643893303,0.0379723008583618,-0.0140347118954667,0.00508363175523772,-0.072076459270985,0.0515283818369587,0.012885304623925,-0.0264236858188201,-0.0265830818680517,0.0204996844621905,0.0361146095926209,0.00163781157765189,-0.0677235515787468,-0.0254345619703788,0.0158809203147291,0.00634444756360364,0.0124558774065517,0.0700332073817138,-0.07626009856383,0.0185146350206415,-0.00195528673655061,0.0596843133776453,-0.0602786089002688,0.1018583693511,0.00155292351131778,-0.0368781030064849,-0.00744149075634036,0.0422531749607305,0.0493427505506186,0.0261092126748656,0.0301564730277834,-0.0845530042781501,0.0199097131705179,-0.0856667417621929,0.0236194452214828,-0.0682294938887258,0.0142799761393131,0.111548355281928,-5.26550675911455e-05,-0.0640964185258777,0.0278463519728453,-0.0552948745010839,-0.0469442590553145,0.0323701120430169,0.0295122522773044,0.00600291794783976,-0.0686128242598063,-0.0827477235932414,0.0284248734898409,0.00894599491393031,-0.0927723541137212,-0.0205773660694471,0.0387556704751004,-0.0478439391204573,0.0380993753407775,0.0248233923655487,-0.0161272251763586,-0.00220152068753167,0.0215404985657172,0.0704215438085027,-0.00599775817592368,0.0914914086933077,-0.00555678462485105,-0.117281721360971,0.0318280737991606,-0.0118919507246628,0.00452485317185321,0.0363442935904736,0.0225055257203097,0.0174905852773801,0.0688666559863985,0.00718418295161985,-0.0573197532118899,0.00673669638066081,0.00553137123206095,-0.0358846100233678,0.0272725427418305,0.0628802026894994,-0.0125401519293561,-0.000795640573780497,0.0180684267469337,0.0371442702018356,0.011275440209482,0.0588732516437411,0.0465781861365223,-0.0134045103395252,-0.024678095952784,-0.0576056248831776,0.0354313401556532,-0.0540294973358291,0.0017758331179719,0.018094900522741,0.000823712272456785,-0.0199916989011612,-0.0591550212258022,-0.0775816732549173,-0.0145491991789506,0.017216716048955,-0.012612052392786
"48",0.00316608600084236,0.00962900442305671,0.0283856696992318,0.078950190348433,-0.0680891883182776,0.0381623568105625,-0.0116080018949401,0.0175380564635871,-0.128418669207747,-0.0136525251210752,0.014321462586459,-0.0776438657326949,0.0254764945000359,0.0579396504892863,0.012924744071649,0.0605646406993208,-0.00093505282360762,-0.029736970387064,-0.0463714134379024,-0.110196610917361,0.0725389826858344,0.0146696422529985,0.0323869535007884,0.0121784822860717,0.0219491944088558,0.0611976324786141,-0.0755188541559351,-0.0991516451192696,-0.0241226849718645,0.00308444583712784,-0.00191729359067884,0.00265879021588068,-0.0336010664384178,-0.0107770735589274,-0.0274104702163838,-0.0470936888263386,0.0548703101527791,0.0336816395866564,0.0441868432582316,0.0315978240738353,-0.106987072185601,-0.157881337113407,0.0120112259386115,0.0690365262823897,-0.0274478333069441,-0.0361010834172572,0.0222922091972489,0.160322692461932,0.0580047920678184,0.0420758091500963,-0.0352057229266209,-0.0874527086471788,0.139320124592823,0.0729250076011801,-0.00297271959673415,0.0863522645698106,0.0989276759078244,0.0163428224443249,0.0499262085385557,-0.00682364208427789,0.0509787964268345,-0.0580093996400326,0.0519450011724366,0.00286317525216063,0.0276408102793343,-0.0513388777849159,-0.0126148902728365,-0.0455132787536033,-0.0518974198186874,0.0369846502094172,-0.0812718496348057,-0.0422030826713249,-0.0302280620957887,-0.0606823748067446,0.0593801478741131,0.0489636267573901,-0.0543967696318126,-0.0350409683734731,-0.0669061753910849,-0.0603918852968756,-0.0164871285938506,0.0676068944845493,-0.0758054944180469,0.0528134421492649,-0.000154075376525338,0.0294425947970307,0.0104733928808114,-0.0344926803990427,-0.109936483225438,0.0743889249799153,-0.0144394671194875,0.0168787873210354,0.000269687294894386,-0.102104276648987,0.161894257705875,0.00137614430866154,0.00395304976963443,-0.0813543483398405,0.00207880989915326,0.105852446886043,0.115858852434656,0.207358225763095,0.267122581719805,-0.0475433473531423,0.00626470039192967,0.152398185714623,0.173732056425318,0.152968091919449,0.17640308488582,-0.23682737887356,-0.082437962038157,-0.222337543222193,0.035886904527261,-0.0933074646230475,0.022260949136302,0.020601378764954,-0.0172465501656553,-0.0907009882692552,-0.218295263837143,0.150563816368522
"49",0.0295635490343735,-0.0673982366862348,0.085217024440887,0.03830301687045,0.0306748303227285,-0.00134381768840802,0.0194077864872302,0.0036075603568022,0.0140377154858429,0.0724081148652645,-0.0493668847897694,-0.0530933703489332,0.0455683886914003,-0.0880329118182507,0.0627703090269264,-0.0119474185649727,0.0300341809301336,0.0209879612357421,0.0534289428863822,0.0822313269188643,0.15062635130976,-0.0232215646199465,0.00202167609134941,0.00628836188313487,0.00538509388825993,-0.0478415874317401,0.0449597511551616,-0.00595967731260128,0.0105335302622576,0.0457451807648074,-0.0275535853462898,-0.0473613131002825,-0.0139357429723097,-0.0216486214490364,0.001274713221662,0.0168779452145954,0.000598794845814554,0.122496506065422,0.0950535121877414,-0.0570571104638708,0.0396663783917304,-0.0281322410379937,0.0551497371986344,0.0257508765659396,-0.0211289464813148,0.00839557705422474,-0.0156229220347084,-0.0832577005120776,-0.069227109301451,-0.0971415048304134,0.0868306809458159,0.0938057011227322,-0.0950900991648511,0.0460121140846774,0.0203833724252833,-0.0897052606967382,-0.00913460604308909,0.152387119339606,-0.0291132100552684,-0.0496785488266862,-0.0346495455277852,-0.00214380758483796,-0.0161084952109189,-0.037079265417928,0.0686534892184307,-0.00053827126260276,-0.0695051572279016,0.00341623886162017,-0.0168552152071533,-0.0439709483892,-0.0338078949020316,-0.0556140832143329,0.0554378172602616,-0.0252747961406033,-0.0632759965321273,-0.0273604717555564,-0.0793981464392777,0.0124257790151788,-0.0137173715543551,-0.145912231713849,-0.023236752447821,0.0313569854097817,0.00200365141190698,0.029581130828757,0.0819821918126261,-0.0461931225065493,-0.0143096005321739,0.0470439678170607,0.00803198789327886,-0.0387936468495548,0.0521062821432496,-0.0466329186392338,0.0159261054903212,0.00548003429904084,0.0363597048228146,-0.0473085922488209,0.00724947674345244,0.0522881241310405,0.0509634398003938,0.0444515172679219,0.0629214444490098,-0.026467027270444,0.0245955915063312,0.0500678230083742,-0.0538815692282196,-0.0058210248696576,-0.0495905960671799,-0.00461184613674214,0.0652212158321794,-0.099644754652669,-0.0467797875724182,0.0686452001131337,0.068640469129778,0.0265767210994416,-0.117989991171507,0.133716182996765,0.014483224900643,-0.0227846711850716,-0.0276529979363347,0.00642981637550957
"50",0.036722938855864,0.0647943681082741,-0.0227556503002255,-0.0429628646429246,-0.0487584652026181,0.0312633860337658,-0.00804666652056165,-0.0770245080945999,0.0496369661446971,-0.0270936342120344,-0.0767073018260334,-0.0595149135252556,-0.0717296080935191,0.00835925366225173,-0.0773890843568632,-0.0162707646831195,-0.0641446942152507,-0.0126290647607918,-0.0391136262080156,0.128187149536318,-0.00945507965034005,-0.0396570731876451,0.0749295538992471,0.0100586944537612,-0.129835863639406,0.0580332609111754,0.0376863057143878,-0.0474097955520388,0.0543871692816572,0.0658763200394337,-0.0229044459564884,-0.0548537906836811,-0.00134884559747962,0.001618507631021,-0.0581825569002888,0.0211041140571083,-0.0166001276829319,0.0339274713729155,0.034007300545519,-0.0723660498054102,-0.0117961389118477,-0.0458823093785667,-0.0152088173194933,-0.0535451930683287,-0.0635721943908783,-0.0124186489145528,-0.0319819551760332,0.0470191098445921,0.00232637338570146,-0.00122058226161155,-0.043512605708455,0.0737707925421536,0.0224108367059172,0.0401371016007816,0.0314470605993315,-0.00724907440363532,0.0102280802563212,-0.0215273014519898,-0.0746155014655069,-0.0292746378466127,0.0503916365144989,-0.0484166979417782,-0.066280593802528,0.11819023776272,0.00826626087202642,0.0860698922018094,-0.0228188495251353,0.0464885958468655,-0.0160664429170043,-0.0482336315596119,0.00348695331354428,-0.00464445372560658,-0.00370393510344746,0.11061896908017,0.0357249484482035,-0.0107139653499747,-0.0696363153017677,-0.0928797520150784,-0.0123033101139395,0.0423235595619645,0.0420157236566669,-0.0454661353469399,0.111786645277742,-0.0173414480027457,-0.0421454204547213,0.0669663135097421,-0.0151901582691656,0.0118596643804674,-0.0709081950658048,-0.0238172034092422,-0.0593459091670348,0.0197626284810189,-0.0565025959077624,-0.0448400661311497,-0.0426738259858337,0.000851155433291999,0.0242273126078375,0.0347124519304534,0.0571794558855755,0.203329801284344,0.0631730215801126,0.0929513762916227,0.0775306793825958,0.0422891628930707,0.02588956723117,-0.0769573919266598,-0.0537855012878018,-0.0498481545055724,0.0922690185391535,-0.317185568275676,0.373530720209521,0.353846397862703,-0.225706303962223,-0.367012456034379,0.00752302696790501,0.125212643200241,0.0291649247207556,0.0840647593936466,0.0484225799514719,-0.070141659183081
"51",-0.0253790834718773,0.00395039863501736,0.066902464150658,-0.0690552849283035,0.0110221283348657,-0.0157236838299032,0.0468849472892494,-0.108128810960431,-0.0583472131498437,-0.0985232966520071,-0.0576770150493606,0.0226072835183698,-0.0264660947529573,-0.0164922896409476,-0.0421120399703773,0.0205582849842008,-0.0726170482411085,0.0183843454342827,-0.0143181785191087,0.0341942196092564,-0.0831540951309943,-0.0562515921683294,0.0343851758232182,0.000248746711387177,0.10974556339422,0.0413558952219272,0.0307900951967782,0.0253457501350583,0.0548830793089238,-0.0359810147333966,-0.0217400940102151,0.00750253297081335,-0.0122385307568101,0.0243004960860699,0.0631877503037896,0.0174084334781994,0.0825696475684884,-0.0242957539828616,-0.0321632177076643,-0.130392690001903,-0.023442547819715,0.0020208366957601,0.0110111919006331,0.0439021253155234,-0.0408126060786936,0.00987719908763692,0.0319042555086228,-0.0249204747238685,-0.0825835236834328,0.0297501695866926,-0.0423477378809542,-0.103206072913396,0.0835010386166487,-0.141507125269589,0.00802292644449016,-0.0161431558700883,-0.0800941376221189,0.0222409579442427,-0.0266033329118362,0.00313669203341539,-0.0409323135168183,0.031031787499722,0.0131290398365427,-0.00277832892826802,0.0044598988623272,-0.0657018457943302,0.0222053045298233,0.00672275426183811,-0.0822505415328826,-0.0233180825297992,0.0429952086980034,-0.0241009624848821,-0.0438764743195353,-0.0857047572392099,-0.0514151460074427,0.0662664438801173,0.0254485880531587,-0.0493296083134971,0.092872091081332,-0.0149266569713462,0.000326976173601545,0.0165439063660022,-0.0242133832770893,-0.0226240510111156,0.00586889766699217,0.0290266260606637,-0.0444767721194604,0.0256526578087606,0.00791288508986672,-0.00401374536954282,-0.0323191307943415,-0.0384503808573853,-0.0279931099472031,-0.021725174784302,0.0675143554120597,-0.0180410014779804,-0.0709582672417655,-0.131918573320892,-0.173507064203321,-0.205728003371655,-0.219750224465995,-0.0686309903917716,0.0109504753103375,0.0743268057193212,0.0908975913722754,-0.14212708106861,-0.172841417054523,-0.021957085937151,-0.0447816996338299,-0.0202806137204836,0.0604459448934372,0.195359294304519,0.0436194613641012,0.0551350603452215,0.0375281935675827,0.378380669487529,-0.0176721675847353,-0.237677693897166,-0.404306233309117,0.265276327734845
"52",-0.0149385492830508,-0.0440686727475115,0.0464410996287555,-0.0457088337234101,0.0211566036919912,0.00910256416177064,-0.0371358001159445,0.0264945416358517,-0.0456304670104293,-0.108318463412546,-0.0292266682533783,-0.064798381784952,-0.0951765262947275,-0.0533087577045911,-0.11474087052432,0.0724770578350146,0.0414737779622726,0.037488988861231,0.0536181146184239,0.0173133805586513,0.0405996450534678,0.0974803320687901,0.0570758328105098,0.0128475304393456,-0.0307225241482381,-0.00282644893876825,-0.0173800905465863,-0.0479048605628631,-0.00809687855229134,0.0285912833782171,0.0322878477378788,-0.100802755437135,0.0108956097532117,-0.04133712026589,0.171540241387478,0.00986420854754395,-0.00807258672893682,-0.114049535922685,-0.00335535332906843,-0.0528762216693872,0.0902198442893132,-0.0152340618752167,-0.0588619750416728,0.025781508279702,-0.047292968777269,0.0276159348452339,0.0203711693507838,-0.0652810432754717,-0.0634210404281156,-0.0122236116961416,-0.0637920889364226,-0.0468599439956344,-0.0143428635001214,-0.0516696078973329,0.0358206474281611,-0.0722885994913624,0.00550798944530142,0.00856721585093555,0.013430904547842,-0.0889903391494061,-0.0444675948951344,0.0164950170922481,0.0577707985140453,0.0332681237890709,0.0108351731873085,-0.0198425174815027,0.102781465100897,-0.00166728143599199,-0.0463753695146214,-0.049570619941047,0.000215349418773043,0.0201207790013288,-0.142022575235316,0.0131884511145584,0.0113502836818543,0.010580968677493,-0.0616422998135822,0.0364630057926699,-0.0401236486573011,-0.0244356256739169,-0.0190593256841081,0.00193154424311423,-0.0642787186879882,0.00478332288493276,0.0772010392558225,-0.0265572565878379,-0.0397340623162652,0.0194869557807239,-0.0278902588514488,0.00371872510889633,0.0452774717808142,-0.0554551680265366,0.0631547218933995,-0.0268347619241651,0.0555842122598508,-0.0255315060442452,0.0220994423561237,-0.00981450597757502,0.00680884410288823,-0.00457000503044064,-0.0944844309192565,-0.0711304938866905,0.0234032082225183,-0.0208042341479574,0.00587957108858592,0.0118667202113708,0.0888678065567699,-0.0297412331011126,0.0243751567119805,0.0188040562638186,0.0219151271333717,-0.0795016583927837,-0.0581677385608062,-0.0483931035812352,-0.00450809794932651,-0.0384848379804828,-0.0869401911041826,0.100817887413374,0.0491745707357682,0.0060934420468498
"53",-0.0678830003929503,0.0713783724272921,0.00511209216652009,-0.0341803487711276,-0.00899509066882649,-0.0463416582886795,0.0127292608930262,0.0901938076058213,0.00311605284962311,0.005316228820789,-0.0818336850501513,0.0452010735301348,0.0201996259388501,-0.0440929607085548,0.0339234279778654,-0.0293032197339021,-0.0673334562403508,-0.00393625947355881,0.116474892762049,-0.031471926461212,-0.0242977003461137,-0.0603715071193159,0.00562529864207774,-0.0348883082204811,0.0390035231613787,-0.0523520166666842,0.0830762571992571,0.0395977416830696,-0.0901743295264279,-0.0143254756281208,0.0185144860335209,0.0107577123733533,0.00502483145765519,0.0375435217887998,0.0728572662353897,0.056690659501335,-0.00731951306022153,-0.0688060341485829,0.0426041589979528,0.0575459691355511,-0.00639734081175031,-0.0795248356122932,0.0478716432101014,0.0126818793815494,-0.0326573729168583,-0.0268151868093019,0.0259568636191351,0.00587544524716604,-0.0720782930259544,0.0206510788608154,-0.0378895054784511,0.101555163664249,-0.00347091616482918,0.0556689575004022,0.00713487389033586,0.0605743755969401,-0.0222529556493307,-0.0588180674134628,0.0452340941621154,0.111123362505676,-0.0445658046236187,0.00965381878480688,-0.00106152362472397,-0.0425911078777156,-0.0161286668310346,-0.0338158441269165,0.0325419305369652,0.0210733573185243,0.0235278686251925,0.02107799431233,0.0349836570227459,0.0545717228739759,0.0475371344831256,0.0921710358539176,0.019132821605369,0.0476432535950386,-0.0258355754694493,0.12949334454175,-0.0161602514066924,0.0140199419319237,0.115028251983515,0.0249588273497931,0.0272719251635751,0.0240219002790457,-0.0225558999456702,0.0706856802878121,-0.0169902766574678,-0.0352825227967019,-0.0327573618468892,0.0370569481351797,0.0320102273048709,0.113321777850234,-0.0360799652286354,0.0116264719717054,-0.042204411358276,0.0371793608795831,0.0275458070353869,-0.00633058202578315,0.0398613555443444,-0.000511421792815408,-0.0263078167219328,0.0610548460714922,0.0899705510334125,-0.065794796645192,-0.00329683802785019,0.0114668833260549,-0.0461054197391063,0.0110621352927672,-0.0146455800393629,-0.0121223564091162,-0.0494801480889554,0.0207012622048156,0.00683741959306001,-0.0600145053703878,-0.0404895294389279,0.080742348900375,-0.0070382690387546,-0.0479288897183104,0.00809256063915846,0.0098910369687916
"54",0.0167909075483378,0.0025695349765379,0.00245270862827109,-0.04017780837024,0.0310224142506568,0.147044823207359,0.05145078637795,0.0268934171140043,-0.0825942195980563,-0.0270347683085219,-0.0811639024436971,-0.0888018171304711,-0.0659703156696656,0.014617290225951,-0.0140008863837129,0.0583265356742143,0.00271618770127841,-0.00229060567354062,-0.051034178804194,-0.00933973548763779,-0.0073409854784421,-0.00482331660969993,0.00987282733360013,-0.00213208469035343,-0.0610311206759284,-0.0367980738309827,-0.00154399518851919,-0.0180178175740065,-0.019107621066238,0.093255758636511,0.0585784200680483,0.0325921138034124,0.0866521768685105,0.0332379581949021,0.000946279078284877,0.00100402913205309,0.0471695864102674,-0.031087852431655,-0.0508066592739245,-0.00761837459081598,0.0499163103875935,0.0648911387444413,-0.019962162358276,-0.0989060125238178,-0.0402125271011368,-0.0774479464898526,0.0187296430868585,-0.0208528156433548,0.0149724743784888,-0.0237693980571115,-0.0386752206420927,0.00624747577919339,-0.0338403100920134,0.0155109800275318,0.00249914288926414,-0.00912763041545533,0.0265193192207584,-0.0217035508680378,0.102757853725539,-0.0952906106408767,0.0819687841625625,-0.000634834312287934,-0.0756409799281426,0.0934083574456671,0.043611578225917,0.0269370362291799,0.0112234095445064,0.0151034389809934,0.0515968999228313,-0.0549866062812729,-0.0211654513976344,0.0467912503498169,0.0494472067871855,0.0163668476182751,0.023410906593266,0.0589709058171034,-0.136155963699819,0.0154063658986414,0.0101667645176717,-0.0221873265834534,0.0993267110865031,0.00412875785778015,-0.0524652858392882,-0.0138559866528356,-0.0565975890314847,-0.0249781324220784,0.011611178127041,-0.00340313000914176,0.0950610176173531,-0.04848056062547,0.0860823434102381,-0.119121051744454,-0.0220727563957553,-0.0488111962928642,0.0169426044160748,0.0117966094541213,-0.00363099566098069,-0.0245829641442606,-0.037178464235787,-0.0640644615414468,0.0305944875757247,-0.0282544142095407,-0.0341344430844537,0.00496979935686739,-0.0676235499772908,0.04855354326237,-0.00673000418708837,-0.0145967819055737,-0.0127277416576022,-0.00999336292652034,-0.0954927280999857,-0.086868341612066,-0.0522067411559449,-0.0326500720174254,-0.0302919487081981,0.12454988032536,-0.0183530442298491,-0.00592659756678156,0.0255922493573146,-0.0861303466054166
"55",-0.0286860721439062,0.0156493023161606,0.0771532557455145,-0.0512565647064347,0.00285457086429122,0.0169553322031091,-0.0245208303988173,0.00543536972914386,-0.0128589164903291,0.0289205219336823,0.0839192754261255,-0.0984629830920812,0.0810924458092769,-0.0128063857985625,-0.00201446766232721,-0.0827000245632444,-0.0261278506167536,-0.116495171601413,0.00728462349927948,-0.096785549435593,0.00125750078962839,-0.0127067052149387,0.0131661661076966,-0.021898469527717,-0.0429756860583537,0.0627674619003186,-0.0173887196374948,0.0151905956077849,0.0873999284019046,-0.0138142414231574,-0.105207130558205,0.110283192851806,0.114046333057953,-0.0943293646325319,0.0989536348070263,0.0682277412700428,-0.0726458004526436,0.0584652305116299,-0.00938720439157645,-0.0145288344750603,0.0645985182082224,0.0312007612654759,0.0425863717228417,-0.0729214774152831,0.0681410941849668,0.0794735195166568,0.0146329234503083,-0.0122285450481972,0.113967202609104,-0.0376840946505939,0.0353545572997171,-0.0184181632140975,0.0428301660743839,0.0141667808242405,-0.0531260547885826,-0.0842478599826316,-0.00321146394706226,0.0815534471477208,-0.0211582309452461,0.0300659797988253,-0.0326543629290075,-0.060804391410041,-0.0234044263899768,-0.0161574708730433,0.0068885210688471,0.0865874727775465,0.112214545662588,0.0473762150855741,0.0220511374171397,-0.00964640926781522,-0.0112305295347639,-0.0128862113648953,-0.072926492789633,-0.0642901502591081,0.0456463788683734,-0.0466594973851152,0.0841802368214452,0.0673441349558502,0.0827293945666224,-0.0374232892385747,0.0771361247479204,0.0435985092163955,-0.00545054044270625,-0.0087907889530034,-0.0704495544313864,-0.073340010907194,0.0117705049119998,-0.0190797316405879,-0.00514068540011459,-0.00922446220002046,-0.0193440309454913,-0.033612860178354,0.0064950009454401,-0.0693533505103352,0.0403987332663997,0.022590910509623,-0.0389226881383259,-0.0277396853090175,0.0410728378384881,0.00110688086256578,-0.0451690357195834,-0.00939108008192569,0.0191635501502698,-0.074229432005302,-0.06591052991897,0.0736923200912811,0.0310397309321385,-0.00296438316196513,0.00102182869248708,-0.000475733397197795,0.100869280192168,0.0332557465406613,0.0731480569602675,-0.0134595290580794,0.021391541982601,-0.0358805615561246,0.0782146235060459,0.0171462821689741,-0.0127289742723834,0.0185954413323518
"56",-0.0903456350805617,0.0241212333056947,0.0340608891112521,-0.0308145653605675,-0.0160836813361977,0.00828748984431697,0.0125661957182506,-0.0494652340742805,0.0390608816975974,0.0160216749587642,0.048005689768806,0.067779225728097,0.0128593508908894,0.00195275221303264,0.050373186124468,-0.0656048432838664,0.0656140838668619,-0.0521311203758158,0.00689797302365779,0.0305499359478269,-0.00675037524579485,0.0402259924878145,0.0649366783368675,0.0995191003650518,0.0152417927686095,0.0545037008980248,-0.0746715834274189,0.0246152987021693,-0.0387603543416964,0.072332815817501,0.0722695881009668,-0.101317337566121,0.0027863200778185,-0.0769062330449835,-0.0193794954687059,-0.0777996655635928,-0.0932363755467839,-0.046922306727716,-0.0056112104524512,0.0546962352240064,0.0747767861113572,0.0269104738127487,-0.0483066699585704,-0.0975267527169088,0.00379026647388319,0.00991534397784179,0.15772049767677,0.0338602643218285,-0.0206112758372676,-0.0149592183093639,0.0649831159356062,0.0392345841284697,-0.0544025619336668,0.0250027806074695,-0.0159041353169825,-0.0687241136835118,-0.012230955806109,-0.000850477838467524,-0.0487449604311274,0.00706779022088637,-0.0362657130692408,-0.0805410389366608,0.0538831160680196,-0.0185903000122422,-0.0141429878314444,-0.0321661249984808,-0.0084745064203,-0.0169832103983091,0.00213610845360973,0.0446588249029676,0.0701344404861099,-0.0714439170067701,0.0437339165764205,-0.00286864660767978,0.0346836309378843,-0.0917167160132355,0.0449050188113081,-0.0688681343481449,-0.0275314473365911,-0.0128167236661387,-0.0175157637957191,-0.0371455176693075,0.082324327427873,-0.0252961018954483,0.0336086805537746,-0.0512859432577964,0.0358291913308693,-0.015714048461835,0.0221548518451021,0.0118099950707908,0.0238285764924005,-0.0195354319567547,0.0112716816128876,-0.0342657372224857,0.063156518819124,0.0148810921483504,0.01838568373007,-0.000212375318801597,0.070285262360979,-0.0276204256232725,-0.118856817874961,-0.143080459902232,-0.222878665279707,-0.0694263217391216,0.0214318892653471,-0.0773098479769122,-0.163739078452509,-0.060237052007202,0.020971625759242,-0.136967920337641,0.0231093657983094,-0.460592513975943,0.115491905872883,-0.347676748620192,0.0869676399491162,0.213970997152551,-0.0569732089592242,0.0552201007750509,-0.012151948443502,0.00395184578587594
"57",0.104779060738514,0.0192105521132034,-0.0370471973054168,-0.0187062879528223,-0.0603515142739605,-0.0622904897141957,0.0614897046457931,-0.00576991100819201,-0.00987679295338987,0.0241018018251388,-0.00277098680629841,-0.0269438196572847,-0.00865679939878783,0.0736583982687994,0.0369531475248406,-0.0282638323737306,0.0193022464390057,0.0271249045384711,-0.00033976532014703,0.00620790618224792,0.00243321714344596,0.0243239519212559,0.0426079243833297,0.0643350299304954,-0.0696535350270843,-0.0195575501211983,0.0252384293046456,-0.0141623636177038,-0.0386555804736275,-0.0204282178707032,0.00778640970531669,-0.0359332229104921,0.0368783663913768,-0.042389866289359,0.0167432867384272,0.0243378476724292,-0.0308640983327906,-0.0145998671683493,-0.0107219434925041,0.0658884561387151,0.0368254060401044,-0.0231271222097664,0.0443474664155519,-0.011621627999919,0.00811775616366831,-0.0630503797737043,0.028910035781514,-0.0242830874978124,0.0608978599577094,0.0833902089832674,-0.0483530970925061,0.00128258942131761,0.0280039243895988,0.0350832621803884,0.0172815253491238,-0.033806114801623,0.037554532543544,0.0652818343570772,-0.0344338165700574,-0.0270489054581245,-0.0570465796648408,-0.0559105208718097,-0.000659699995751167,-0.0614357654858824,0.0298814841344927,0.00849748923425167,-0.0390334021550483,-0.0503553546698948,-0.0464039918571649,0.0944033270363883,-0.00966918895982902,0.0655531791474688,0.0528554419440011,-0.0549337289236997,0.00960455466018723,0.0916010399300547,-0.0417112513667388,0.0149891408502273,-0.031483234223802,-0.0330893767051378,-0.00064120528220073,-0.0134262792075026,-0.0060720849108614,-0.00290939408314005,-0.0630285860773489,-0.0113753451219377,0.0131070694261283,0.0884470476694547,-0.0288631093584399,0.0232821065538918,0.0675627744530087,-0.0158308095072463,-0.0250601331517854,0.0478182308790646,0.0116991765930691,-0.042768483325967,-0.0131362054632891,-0.0161422974858711,0.0255589768290066,0.0359549056885444,-0.00942009355853022,-0.0426471120516762,-0.00924762893937406,0.0257693227848252,0.0300827645155825,-0.0555572290090571,0.026395381967728,0.0457326458901015,-0.0265842854034685,0.0425403985706168,0.0381103756975987,0.013268078484608,-0.0153065821934575,0.0474874584589394,0.0170411477402698,0.018030720558933,0.0741947731516037,0.0200142643842294,-0.00467917006896226,-0.00219809753845011
"58",-0.0717980133772137,0.00272849386134083,-0.0394051838298538,-0.0475789651560717,-0.0726978462700029,0.0307592253925669,-0.0526376302196918,0.026384154418482,0.0356764702501769,0.0490425701499532,0.0178644478627172,-0.0723421350860078,-0.0843440577117785,-0.0219568963390637,-0.00228827227720177,0.0314739064188443,0.103645348036519,-0.00249095336367191,0.0550134591900779,-0.00671070368069241,0.0707555570136647,-0.0473287696109762,0.0418134679529083,-0.0307510986738992,-0.0137395109912624,0.0655034541235502,0.027100825140433,0.0664282224248205,0.0220069187538597,-0.0814503274481885,0.00182470944852194,-0.0527723366420218,0.0235524488776985,-0.0192872940585871,0.024841192077867,0.0647836350313418,0.0518343297627772,-0.0512144558009203,0.0180637523247723,-0.00121846879095289,0.0165659447828604,-0.111761735050717,-0.0356438405498533,0.0484025908872298,-0.0838977623449462,-0.000101058612396383,-0.0637629321959783,0.000558206828480476,0.0765674154223265,-0.0702802922764936,-0.000888031954980024,-0.0854360268964172,0.0164455366929852,0.0861430859144459,-0.0115782805920653,-0.0280481297276751,0.0437573314361962,-0.0372121509391276,-0.0189226939365295,0.00849042604289892,0.106736156167797,0.0954288761842292,0.000981358350196652,0.0283722902418036,-0.0107785989505911,-0.0759139896569529,0.066001734704426,-0.0281435471747433,-0.0225528277159529,-0.00885844142203181,0.113993920991991,-0.0521973739167715,-0.0513469046667391,-0.0255244026332532,-0.0125454732005043,0.0197725599826297,0.0031976027889259,-0.0643965027207722,-0.013022249017913,-0.0014511961318635,0.061873129271718,0.0443645832603935,-0.0329405661192989,0.00663775762369867,-0.0157156099303481,0.0275177444061756,-0.00910563862778923,0.0285295561288009,-0.0625965943439139,0.00628800130169358,0.0975949855334275,-0.0620900677338453,0.109781584933094,-0.01701289666508,0.00278190079109285,0.0161549607010613,0.018371869803611,0.00723153248609151,-0.0177828747410545,-0.00884081437743678,-0.0135906465665309,0.0143204741695537,-0.0315280929032415,0.0452272751938863,0.00406518576627595,0.00573033528198474,-0.073221692883639,0.0428063771452241,-0.0282325708987812,0.0311509096875061,-0.0311033321306377,0.0331423404321761,0.0696827715408291,-0.0261212008964023,0.00896234139092041,-0.01170693738154,-0.0214190701730439,0.0614646680449557,0.011064683830697,-0.0366518600672834
"59",0.019870800913812,0.0115254456162733,0.0647847812628263,-0.0504213273433655,0.0125800459139257,-0.0428460921078733,-0.103927491949454,-0.0249954199689449,8.96914357274395e-05,0.141073115011192,-0.00281569287089991,-0.0421382256520383,-0.00571059145052094,-0.00600914823705963,-0.0745954876181358,0.0235235588420969,0.0777878665831187,-0.0365221133879328,0.00748445751903131,-0.112789105401759,-0.0791669690946693,0.0730969458366939,0.0015036287734753,0.00198461093834153,0.00178185195709988,0.0331338879890735,-0.00246192413402366,0.00564847407126333,0.0111988181274198,0.0012096680267343,-0.0877493221474457,-0.00596913085921956,0.0154392043623347,-0.00339015787046292,0.0101233771131361,0.0629613269062883,-0.0554423951632616,0.00817240469385254,0.00446420081895029,0.0342333308492083,-0.070493755557449,0.0259280678773701,0.00484388696378072,-0.0333446582709213,-0.027503778496546,-0.0747951207064409,0.110146924825273,0.0456505154479576,-0.0222058510551412,0.0192682725162079,0.0524075808361006,-0.0171144105484238,-0.0269818140752363,0.0354030572620849,-0.0114715785257942,0.0159744438145881,-0.0136228706223087,0.0513017731458664,0.0465531511477188,0.0845620082902789,0.0557704622076161,0.0216984946334749,-0.00846819523237451,-0.0221030538269402,-0.0200014492257607,0.0221753899808486,-0.0645913545023601,-0.0036549127658581,-0.0320740716163425,0.0356526816895684,0.0382562139239251,0.0310918826338611,-0.0254773041373584,0.0248961640781494,0.00198730311100586,0.0895233018593341,-0.0281975358818235,-0.00823527466971285,0.0623323756061327,0.0177471046597744,-0.0306609990415563,-0.0829747265551146,-0.00673257160583035,0.0625750337634316,0.0109132495989996,-0.0690386285043871,0.00301881913503548,0.0165911968833698,0.0551810901671157,-0.0155686020646396,0.0526076232738366,0.0300709543716992,0.0332745869972958,0.0922336697644086,-0.0404335573227615,-0.0542982206776839,0.00360267758504465,-0.00621209446502056,-0.00963892244964642,0.0382770343782998,0.0453223890470492,0.00757349586470098,0.0460147829784087,-0.0105863362693034,-0.0482977141604627,-0.00223215000920742,-0.0158318146230179,-0.00574397539488075,0.0269864655977974,0.0258402225270145,-0.00681803184720013,0.0610838884588211,-0.0380528545962866,0.0472752411547747,0.0227898095813744,-0.00840470406010825,0.00588101401362362,-0.0449949466867381,-0.0252845086154958,0.0138801485119412
"60",0.0384587488390031,-0.0186671504454157,-0.048500177638331,-0.0664316458923479,0.022323055048747,-0.0733934940557908,0.0566266803112625,0.0590716012550691,0.0210639334795712,0.0221441665493611,0.0386319435847702,-0.102438445949128,0.00508721836992943,0.00581427646949089,0.0531600244705867,-0.0805105908291,0.0115346372752653,-0.0405380947893719,0.0952765746414582,0.0044366998010859,0.0236292646873725,-0.0242896135202454,0.0127748330045742,-0.0195865763104724,-0.0717111884248918,0.034639785977106,0.0466797328148756,0.1065842038389,0.0294935011084243,0.0791776430072511,-0.0407422336006228,0.0349572442474235,5.2521961819594e-05,0.166651284389799,0.114245445757913,-0.00825102213417728,0.00943317887946698,0.0475919262712409,0.0466219468786038,0.0322358107337032,0.0227942189198225,-0.0301458642850369,-0.0133875726146204,0.00627872128446719,0.00849836176053676,-0.00990579048416651,-0.0147015071870242,0.0138423973937387,0.0534524773323268,0.0108248460164496,0.00529358034846603,0.0402434410354228,0.0861513604899225,-0.0973520033970663,-0.0389230325119265,-0.102489322123864,-0.0319179217078611,-0.114221014235818,-0.0421199428255707,-0.154081645408515,-0.0996444446856817,-0.0558305398203272,0.00265073101171987,0.0465819045869193,0.00471203469937049,-0.18378345122437,-0.0338669009310232,0.107432082331445,-0.0220699286949184,0.0103946939024628,0.0346743705624328,0.0186351398738887,-0.0247119328614245,-0.00425292611976843,0.000448711383796418,-0.00903495282102605,-0.0168695644819458,-0.0366511800167393,-0.149099022799763,0.0755774122572064,0.00327110816874138,0.00853946189817189,-0.0111880776877621,0.0173102558873578,-0.00567985488695037,0.00408460945754502,-0.0780779085617035,-0.031192564700749,-0.0284722871934223,-0.0173201402675434,0.12024186231693,-0.0427860203737162,-0.0676642470498811,-0.1040290497701,0.00202387375095791,-0.0272722594722377,0.0275679688702856,-0.0426121039763769,0.00633250974561324,-0.041623514222366,-0.0146348576857986,0.0819231539723864,-0.0242035224058477,0.00189942425596682,0.0232466255774545,0.0122545534985708,0.00476484582373378,-0.09729858242594,-0.0283748060294548,-0.084377915504166,-0.0153127469520386,-0.0154618186331079,-0.00349303902065043,0.00288164785175565,-0.0416578796442781,-0.0511063165406745,0.0385558528362666,-0.0347656109320663,-0.00687602623663918,-0.00207958373221184
"61",-0.0601350473537322,-0.052835075068442,0.0283636567896471,0.0408843238448227,0.0705080504240208,0.0868182863893243,0.00778885561644752,-0.0236235223375834,0.0128832116491609,-0.0535865473910238,0.0246013893938409,0.0352731655298831,-0.107676699065981,-0.032800111399691,-0.0272510596443089,0.0111284343135061,0.0112920887560665,0.0530161220379887,0.0478554898995394,-0.108133479796283,-0.000397825048799728,-0.0196797337235675,0.0386581961556933,0.0331443335415551,-0.085850069701184,-0.00935572209501233,0.0270198093735362,-0.0585138976238622,-0.0391023114166146,7.15113346157624e-05,-0.0149502590829567,0.0236580845912829,-0.0151250644789812,-0.0122027475229207,0.00753810733680406,0.053720621033618,-0.0733105489681965,-0.0104921270710983,0.0126938258206402,-0.0163090623168018,-0.11397940624701,0.0657406974301312,0.00315450251153953,-0.0369032264387744,0.0839556937358911,-0.00941529529112168,0.0460173629837774,0.0380130422292931,0.089224981715227,-0.0322412714481544,-0.0237919682430529,0.0119117991851821,-0.00857448531467904,0.0308851042127615,-0.091544513385364,-0.10932358874773,0.0875991697258097,-0.0915577109770842,0.039021762315876,-0.0146522402001587,-0.0312734656575187,0.00923121076372134,0.0744011354287523,0.0746130181427404,-0.0179106381667627,-0.0881706297429808,0.0911721015116155,-0.045516368613828,-0.0677875441343192,-0.0219661627000561,-0.0954400154624139,-0.012748152727443,0.0417033281572228,0.0671952428771648,-0.00834288571640859,0.0379273837180258,-0.0019310885144799,-0.0390631902339297,0.0343288014675138,-0.0757043154522401,0.041926256684384,0.0771945439663397,-0.0107807340555981,-0.00371592481197175,-0.0783960059276048,0.00326102543414921,0.124615097887247,0.0886779179778667,-0.0180168934356495,0.0741633005612572,0.0744289473901448,0.00537857375546575,-0.0317139072656835,0.0190255673973216,-0.0111393746890129,0.0341274674567334,0.0137631785556956,0.0152262798898338,0.00783212553192287,0.0430625570509516,-0.00499124088668412,0.0239502057093624,-0.0275456362989883,-0.0205702737112621,-0.0174105218212739,0.00161911672491951,-0.0318257822132958,-0.0423341037600811,-0.00898498749797823,0.00372519528305756,0.00297579013501237,0.0454042322497445,0.0722515241379706,0.0224679215850021,0.018155248679315,-0.00146049798675776,-0.0053622817889053,-0.0163943968558529,-0.0278342265885916,-0.0122493329026189
"62",0.0555900618712916,-0.00723355248428953,0.00959834191441887,-0.0156100931575847,0.0777987598929727,-0.0712225059769248,0.07762587592631,-0.00219658655483971,0.0483043236655739,-0.0619210806042057,-0.0400394164592704,0.0109307579895108,0.00309078769029508,0.0186861329611998,0.0536391144043905,0.0251374460562813,0.0446269111187451,-0.0104848361003469,0.00296678405865542,0.00381483565463739,-0.184164107133073,0.0433293669046119,-0.0570072457999446,0.0896432497736643,0.0499600680711428,-0.000393752631553017,0.0425848116373415,-0.0464103874555447,0.0325721785380805,-0.0309029249660209,0.0538400179839203,-0.0657420389571482,0.0468552044711259,-0.0770948781588611,0.0723539242835468,-0.0478975416211888,0.0872620910292625,-0.0234116816361588,-0.0134569205629121,0.0202791436038985,0.0374762544029046,0.00965082437593952,-0.0925271817232294,0.0238997507159663,-0.0137880800818749,0.0078676250076797,-0.0484863499657233,-0.0380732325317112,0.00199922941348777,0.00402486173197612,0.0170478065279598,0.0522943314436992,-0.0019885537180656,0.100861983640142,0.0720788325630864,-0.0880209051811425,-0.009726913212287,0.0221718047809742,0.0618222101759547,-0.0502247268415348,0.0273248171147314,-0.0568488278605343,0.00756164645038437,0.0265914781517076,-0.051573626633022,0.06557562668702,0.0489303792253596,0.00119804568462947,0.0676987776888655,0.034617621418464,0.00942865367806189,0.0563713142428148,0.00831395331594519,-0.0113337289060105,0.0141376739369905,-0.0755081886185113,0.0484720763320193,-0.0173417927541053,0.0334256203068563,-0.0526983377634607,0.0750107041744657,0.00605802957415048,-0.0102735077970108,-0.000433670314458005,-0.0378251799875295,0.0232583750966944,0.0296977056898776,0.00217722667219537,-0.00761749146300996,0.00257270948488589,0.00519403967482717,0.0624367770864395,0.0555666672036668,-0.0193506022151587,0.0254763952928525,0.0170953567396813,-0.0109712632464252,0.0299873709218898,-0.0154643358235346,-0.0928432930999587,-0.0164202821613465,-0.014588712937853,0.0382658372618235,-0.00501167918467529,-0.0750251738458527,-0.0458494455069787,0.0673400222072177,0.0653994971571635,0.0382302249132773,-0.0632799738606416,0.0444798986148526,0.0111237043354035,-0.00976324233143915,-0.0109410687022981,0.0502026191948534,-0.0553912952680412,-0.00850345860680472,-0.074658643953785,0.071182698971767,0.0777373392266693
"63",-0.0375659205652598,0.0122884971006685,0.0226073099374194,0.10304739323677,-0.0402760750047151,-0.0973642656314574,-0.0957509404735957,0.000152877593000334,-0.0557567545469254,0.0378274920834594,-0.0025624442219664,-0.00658709153364655,0.00246692347085791,-0.037752775526523,-0.0355673864106607,-0.052881457056664,0.0512928467707464,0.0300809979796967,-0.00731072653143978,0.0877296597112628,0.00795051794282811,0.0205144973147645,0.00612256132165731,-0.0554694804049034,-0.0107230417511474,-0.0611111989908799,-0.0582767018042769,-0.0600022002774999,-0.0661465582633003,0.0411735324010008,0.0167431497252146,-0.0312938111948493,0.0274602343329835,0.0447615199484266,-0.0495232746133955,-0.0061527071172517,-0.0214108691233912,0.0812059346394072,0.0414937298573668,0.0297426399609203,0.0709910393947903,-0.0507658773230998,0.0102666438418793,-0.0177551352747849,0.00639384489120806,-0.0264037068871852,0.0193430380218677,-0.0806231999944239,-0.0185993465865834,-0.0744136302860866,-0.00115906908603432,-0.0441675080704941,0.00381717736843019,0.129959427053181,0.0937426411560026,-0.0662020458794278,0.0811669903521639,0.0631780181749709,-0.0320130720726146,0.0493333840799058,-0.0247922522469179,-0.0183212735600576,0.0302250779388394,0.0140870606458795,0.0403933216959292,-0.0934797188776171,-0.00199014469709203,0.0479497158811607,-0.105646772230442,-0.0294024152087478,-0.049160295717287,0.0758090981386468,0.00724145368518289,-0.021170523070082,0.0121408923926706,0.049588182391497,0.00528696558051041,-0.0339779484679627,-0.0810764999262345,0.0172439330507572,-0.00123036909542189,0.0453377530700487,-0.00527160345907695,-0.0579786675109049,-0.0255819069314569,0.0114412343759951,0.0477670060135749,-0.0184120121531174,-0.0353204815667694,-0.0596812048579887,-0.037430944653078,-0.0569075152886884,0.0124858807045346,0.0261631619474072,0.0170939987384622,-0.0404213350110466,0.0128670077153791,0.0165722687154928,-0.0455465749220186,-0.157027844907417,-0.370381147626809,-0.0111854188320061,0.481115338321201,-0.0093275649488123,-0.147553745604251,-0.0414556318422945,0.173814193873911,-0.164626977182813,-0.199954952916432,0.260982312171699,0.160442633427816,-0.0541191123004891,-0.0321723636665308,-0.168735783100238,-0.0569599277548556,0.0224966341568586,0.0368504523483439,0.0390925930831159,0.0902000862193357,-0.00111252816593505
"64",0.014264008484791,-0.00214399721552381,-0.100414080086206,-0.0184167312641016,-0.0146867790886409,0.0173984392081133,0.0644589134501074,-0.11315095028882,-0.0350180122750086,0.014564847603286,0.0064947632393617,-0.0618853664611553,-0.00562392471754827,-0.0414449034704606,0.0579333533364748,0.0832872911058694,0.0249484851059088,0.0947834468642942,-0.00147272641834275,-0.0343987953821068,0.0382592083785103,0.0820959646536921,-0.00534686890196184,0.0401524967780049,-0.0529663584248075,-0.0191924464361284,-0.043673886463571,-0.0247802539990282,-0.0692408992476021,0.0268471493423248,0.0160749116850773,0.0128680744083684,-0.048697250753179,0.105100131384466,-0.0761005856291212,-0.0251457150084732,0.00738472326373743,0.0829533825495324,0.0717663169665237,0.0229516202806553,-0.0659764018395499,-0.0789378524067909,0.0201318478257458,0.0366190238621401,-0.0516387351440869,0.019305625542951,-0.0239947230729709,0.0322223642398827,-0.101466149978291,0.0546353645052502,-0.0520041679662455,0.0528942476136761,0.00613015524187854,-0.0875276191295041,-0.0569206236528483,-0.0255000751588821,-0.0775764964853392,-0.028443639886148,-0.103191378637579,-0.0613061261303966,0.0507191833689265,-0.0462354862473209,-0.0337064908477087,0.0179527780342889,-0.0686393836318991,0.0215671946303078,0.0656212253130471,-0.0390522551006892,0.0112788320876406,0.0306703080815412,0.0797372977029885,0.0483741002400841,-0.0430003884985905,0.00750847996649516,-0.0354713142201461,-0.00383866603735994,0.0583548187654483,-0.00658582962182173,0.0380431770663126,-0.0178579267299203,-0.117092366366705,0.0177020139346553,0.0694947941130351,-0.022456018815117,0.0534731631118558,-0.0403017754213744,-0.011116091167844,0.0973807740621165,0.0313455346009167,-0.00355293494859255,0.00883493220154179,0.00343423512650696,0.0108313142279121,0.0547281356001683,-0.0119233664914825,-0.00206811205879639,0.0188177252248798,-0.00319430933292836,-0.00978532921291488,-0.0173638925250156,-0.0288049384397661,0.00916965013351816,0.0444364205347968,-0.0127767982845548,0.0249061530070948,0.0102297624765065,-0.0793557873121095,0.0682686919437033,0.0218751104122387,0.0796679310535206,0.00795888686130543,0.00549086613899066,0.0518172156478851,-0.00493407741491452,-0.00488655000667316,-0.0249419669648436,-0.0200101710885892,0.00676460643690306,0.00550161069226548,-0.0397072629215596
"65",-0.0677969881173582,-0.0769943832903427,-0.0426197970697789,0.0376712452132615,0.0269620623648864,-0.0602160617168221,0.0378814714657106,-0.00458980845902301,0.0753224983869682,0.0169965439893074,0.0518096007170052,0.0570988083575083,0.0585767360856511,-0.0335432707423661,0.0214556142018956,0.0390139388320592,-0.0470309265754029,0.00498985533831459,0.068642666928193,-0.033992253992172,-0.051969660939055,0.0245581803127072,0.00885278284226111,-0.0317307706285187,0.0518368131314504,-0.034219903290449,-0.0783995023169327,0.0693898993576357,0.0451915166646878,-0.00710118430429667,-0.0213704270169476,-0.0390348511033237,-0.0682486403640613,0.0234240677859726,-0.0235601473774776,-0.0374842000482995,-0.0059543287840722,-0.00332701590208064,0.00688769022979377,-0.0832826390463667,0.104515690431257,0.000943917232423573,0.0365304277564439,-0.0488652577696068,0.0499169863792463,-0.069669320221085,0.0122432211780511,-0.079419429150407,0.0289770320991356,0.00477559849532358,-0.0451410181973601,0.0111983566837792,-0.0158247486934318,-0.0345165729375499,-0.0567286817284417,-0.0737060667132057,0.0390672743067632,-0.0228437099828481,0.0392597174697352,-0.0269031656634348,0.0346548254181967,-0.0309428265391634,0.0378724094226838,-0.0264694117298584,-0.0301673052658215,-0.00350877408959649,0.00839152574500722,0.0123725690952832,-0.000852942499401416,0.0456700287843458,-0.0961332130987023,-0.0609226680897592,-0.00530447512107581,-0.000173839581954998,0.057663489212843,0.00116245616268643,-0.0430659160424471,0.0610929540761559,0.125285145192074,-0.105552453764089,-0.00296182810678769,-0.057832894291828,-0.0158373931277138,0.0227094465317745,-0.0743892585506374,-0.153886840061288,0.00326337015481961,0.0190241941965536,-0.046316946152191,-0.0226928735521292,-0.0645245542343654,0.00989946401620856,-0.0600591885133212,0.0365562403869847,0.0340508827245748,-0.0309301969077983,-0.0389283217299476,-0.00201260435919461,-0.00419634145779539,-0.00960590768065856,-0.0431239841262575,0.0164663722540523,0.0305972658216741,0.0156740571216412,0.0255718235507709,0.0212393432056028,0.0951486414722962,0.0848221760284952,0.036431027564405,-0.0494385844534706,0.0109336874699478,-0.00879218383593587,-0.0275444662674775,-0.0497967256208044,0.0509651360765095,-0.0015235384083638,-0.0199598507628825,-0.00113236903384345,0.00159785000264746,0.000192934959096887
"66",-0.082313473659049,-0.0439135470902746,-0.0308997766482616,-0.0228561710211469,0.0384805729425854,0.0245337802121845,0.0767590743196428,0.0240148480627068,-0.00846549021842836,-0.0357831820437573,0.00356015347134559,-0.108393360798629,0.0755957107867156,0.0448214221229274,0.0409514920847433,0.0712891298837744,-0.0421579344883878,0.0618487501594444,-0.0214663710503623,0.055658307487585,0.0301646470290395,0.0309951772043719,-0.0365390637580745,-0.00831505381729496,0.0137990966454031,-0.000463492911865377,0.0616412250736395,0.0175945233191537,0.0271966474775021,-0.000882558178255349,0.0675287437708624,-0.00919154913518435,0.0338887647403428,0.0373763033157792,-0.0879167214934624,-0.00616697395991229,-0.0652394853727602,-0.0163281849648132,-0.0424701868646254,-0.0201305223885112,-0.00850947913399821,-0.0189076020307662,-0.024371371370478,-0.0343371559282552,-0.0370029459146668,-0.0351035012949582,0.0222876920871641,0.0999206912661607,-0.0225497912205488,-0.049324931731074,0.0295940589804963,0.0578764481372702,0.0740627949653242,-0.0426943163119351,-0.0053167335543104,-0.0018209607877827,-0.00324093846211764,-0.018155668516339,0.0186598976794042,0.0526004769038786,-0.0325953758594436,0.0504727101613865,-0.049070813712792,0.0404070362387237,0.0175938403151934,0.0475740253128877,-0.0456396862560121,0.0122937846217422,0.00175656101297343,-0.00821057947109304,0.000106472007644825,-0.00712899135376485,0.00743813826868627,0.0269144159640764,-0.0367723878374548,0.0461133897182724,0.0708035139570289,0.0615246336770562,-0.0117116064056272,0.0203422509995564,0.0214499022416007,0.0218954552071616,-0.0127553721780383,-0.022830358704169,0.0208103912746267,0.00584691266155187,-0.030787027795556,-0.0148079851755098,-0.0298316552060787,-0.00579454151945536,-0.0620883263755227,0.0255224647743378,-0.0383982502490314,-0.0732623205543316,-0.0323533856726007,0.0347814338391749,-0.0216297472341949,-0.0149978204183227,-0.00425253330106007,-0.00268824025283472,-0.0143170762352869,-0.0366982456614255,0.0245980810178026,-0.0131217213988743,0.0480998335451162,0.00119418711763676,0.0189808758133622,0.0220886037903233,-0.0630822981980887,0.00887798879991573,-0.0564474657840137,0.010422147991702,0.0448631531523076,0.0015979374028489,0.0239442086829431,0.07220196032585,0.0240685832768545,0.0458890996470815,0.0276571624310752,0.00512546292730752
"67",-0.014216791003121,0.0359458641613453,-0.000104270661803198,-0.0284799235025503,-0.00642770306738989,-0.0245709555901597,0.00127569868725493,0.0465174605945168,0.029166499338214,0.0193351507616221,-0.083796094126521,-0.14426785354716,-0.100426872111785,-0.0262100872581547,-0.00841184845528293,0.0803470139391216,-0.0164755544357521,-0.0152967308614913,0.00350473807688995,-0.064741148472659,-0.120882630009655,0.0874735103260708,-0.0540269874328986,0.0425239299613954,0.0853821170936894,0.058890051098128,0.0155507780597246,-0.0730869601156087,-0.00396718293639332,0.00855623198193864,-0.103472506289465,0.11653774851958,-0.0113968733860469,-0.0463379109311247,-0.0155185512935345,0.0640215700637231,0.139908668578363,-0.0028622825055337,0.0571837570027549,-0.0192355134532109,-0.0790656831512189,0.101096295401361,-0.0636483759407308,0.00275435912739262,0.0192208232032181,0.016821521262604,-0.090506468189118,-0.000915044649822284,0.00756794271926834,-0.0582479083989219,0.112466702738961,-0.0497903925372999,0.0634129501199726,0.030507360791315,-0.0101781513715943,0.0145007522312894,-0.0189396987542286,-0.171007652644847,-0.0439583949581833,0.00825018918023485,-0.0377556815061234,-0.14970184797024,-0.0107830134690394,-0.0831216945352445,0.0258608893250995,-0.0455811560411823,0.0879365663632127,-0.00756361742267693,0.0357078413525729,-0.0575843933722206,-0.01545871884665,-0.045489883434398,-0.0572467460629547,0.0675195394236544,-0.0369080030823021,0.0599496971968915,0.0353773011211152,0.00934477488846022,-0.109385905341555,-0.0262782491696989,-0.0189008499025659,-0.0105160290824272,0.0204974922884134,0.00156714309502555,-0.0666602550435453,-0.0900482162274424,0.0208022265148981,0.0289365552159184,-0.0375681257656596,0.0125717126388665,-0.0443873864956809,-0.0132832204180271,-0.0677652098593469,0.0381952305171469,-0.0684390535002628,0.0222290860517547,0.00159829331430981,0.0702279688794248,0.12265523999303,0.162606060765159,0.0489636367586703,-0.0259514351415542,0.046497422324373,0.0304792860635255,0.0651673166811732,0.127721949939232,0.0480837999762752,0.164350169785067,-0.0187814436518922,0.270298688802007,-0.17016521416456,-0.0423832959874339,-0.0396396225678435,-0.0771893584673631,-0.128121798675349,0.52080385289421,0.104548160572568,0.0719033633253926,0.0950749155935482,-0.0937531439853827
"68",-0.0685781443188877,0.0135724514423368,-0.0496856569807302,-0.0348462228718977,-0.0430173746757279,-0.0441763994284812,-0.0686670501026013,-0.0415751420347044,-0.0622245509636259,-0.0215007615620209,0.0127846580639922,-0.0209129455481315,-0.00530326757554639,0.0082394005045893,0.0777835457480372,-0.0363974825128651,0.0546505542871466,0.158824099072346,0.050335052324893,-0.0348246314574369,0.0136002136212795,0.0948883962913968,0.00685130074408506,-0.0102326046515976,0.028431238290584,-0.0404537686291869,0.0970406761726915,-0.0129047316319405,-0.0369394052101336,0.0416507015536298,0.000126775435665408,-0.030534595153798,0.00999963765432217,-0.0374579704770827,-0.0126619821960602,0.0459621063723578,0.00537158840605857,0.113735039620518,-0.00328951554228386,0.0504794976794975,0.0336461366666068,-0.0210381077655991,-0.020408019927498,0.0210875160855761,-0.0226327827184801,0.0184867350077203,-0.0511054340137976,-0.012951199157912,-0.042748560118317,0.0308752263624228,0.0749490322147584,0.0493079762119784,0.0539638229567589,0.0559827523638564,-0.0254660193458401,-0.0063415983671571,0.0113367720471234,-0.0495704884559431,0.0802580675879675,-0.00301955696583668,-0.0589038337510276,0.0204546748766136,-0.000900514099269888,-0.0491407121950425,0.0348965529894559,0.0161027412361643,-0.00420435790596433,-0.00318190998036823,0.0352660046361364,0.00174769830844152,-0.0181420274468511,0.0676787381404368,0.0453883167266682,0.0252326521712574,0.0395936823240827,0.014765490165971,0.0572730770047802,-0.0505339262849272,0.0917286918596951,0.0329474720827992,0.0518201616135951,0.054588263383392,-0.0855063221066612,-0.0210060285895832,0.0102334952286893,-0.0176555922611562,0.0475309280552357,0.041994864774074,-0.0110362826810113,-0.0556103957004545,-0.0829138646390585,-0.0456383246889179,-0.0682357941225708,-0.00394384439210049,0.0222659136738833,-0.0239528875714661,-0.00537333335122037,-0.0108636666350489,0.0119182782207038,0.0960840118967325,-0.0108901824720344,-0.0103822596105466,-0.0395100827752146,-0.0597898877785111,0.00490376354099988,0.0497276378395865,-0.0364735153990753,0.00487458791701694,-0.128206601469459,-0.0386129193467528,0.0432454534255916,-0.000366875738111297,-0.0157263996325091,0.0114063960436286,0.102065783547682,-0.00850508613767015,0.054548151530967,-0.0182479717680034,-0.0674532357820896,0.036573345333472
"69",0.0544032412747874,-0.000841850774166269,0.0655814534517419,-0.0161830745381839,0.0855326331739066,-0.0610456241141971,0.0590714397580684,0.0340818218263661,0.0318472724895879,-0.0686215782202928,-0.0337731119692075,0.0184497663072922,0.0167683413930145,0.101227194214017,0.0457493296274634,-0.0359321600197034,-0.0139737385788742,0.0827958921691299,0.085573502607986,-0.0050913505155355,0.068335409196035,-0.0380298681770744,0.0185921145098468,0.0395990632198344,0.0138057531396977,0.00644225802633593,-0.0181786849306363,0.0140564404970768,0.0844462289654957,0.0232773431442021,-0.0129381245202249,-0.0132369173523459,-0.0284682476907729,0.0245054550118808,-0.055948879312776,0.00563911543932051,0.020363402678036,-0.024604050462654,0.0145008998493145,0.028880347675899,-0.0439603451876422,-0.0699249257656045,-0.0583167759794888,0.097961221022831,0.0231984766877924,0.00768802576512026,0.0253748670363376,-0.130489227058142,0.0446825796315926,-0.073183144980223,-0.013395929506896,0.0820015615663875,-0.0657484244181923,-0.0163175836661133,0.0290739067806661,0.0564235830749414,-0.0347902682079241,-0.0250675968729997,-0.0259058892286093,0.0540197515483093,-0.0194273334248956,0.0485336013515758,-0.0231754688785074,0.0344819479044856,-0.0378840504745471,-0.0759879670689222,0.0238829009953678,0.0727203169970959,0.0110717576646795,-0.0114238251609936,-0.0453257455864329,-0.00209716752031155,0.0119142449722712,0.0802740271357808,0.0643482478431686,-0.0165531606188619,-0.0164334226520272,0.0902696279005644,-0.0102160208703481,-0.0105053965936243,0.0227214305329073,-0.0179350000215457,0.0169551146430433,-0.0434671145440319,0.056168526656755,-0.141905969248649,0.052918570903609,-0.0187421791712067,0.0408337183979715,0.0606437291200794,-0.0321810242334869,-0.0503633977954786,0.0833733650791966,-0.0457370773036676,0.0351386165804194,-0.0121898245041699,-0.0179154199917279,0.00378473455362859,-0.0101380503056352,0.0830898856464363,0.0739430978148164,0.0019885037734787,0.0666426314898719,0.00760967108850966,-0.0698024115911827,-0.0347541595582019,0.0205452125994351,-0.048067383383832,-0.0752860041911822,-0.00498908823688827,-0.0195059675157394,-0.0421162724284256,-0.0959173566094155,-0.00660860732634034,0.0828298131342381,0.0378209271959606,0.0027000133201279,-0.0155404624320057,-0.0573650548423116,0.0654032568787326
"70",0.0461441788382534,0.066297185522546,-0.0213925796357161,-0.0406214444032133,-0.00136365292888247,-0.10139176691086,-0.008539986581442,0.072261849309421,0.0263897755434708,-0.02809634634537,-0.0251315631196395,0.0257276814227657,-0.0230809251053803,0.0131860886039024,-0.0463562861469697,-0.0429816006615221,-0.0396867388744058,-0.0778692859942643,0.111797710251768,0.0395395607086541,0.00110351783685211,0.0371425682966858,0.00227706738320175,0.0391193112807496,-0.036809336961778,0.112698958334736,-0.0255520942011183,-0.0544122941709854,-0.0403784010842482,-0.121037033128201,-0.0337377719075334,-0.00418883465483779,-0.0945393679138286,-0.0547915136874234,0.0269257007652958,-0.050871860273487,-0.0283877079485591,0.112509447706493,-0.0351115684416468,-0.0225924390513522,0.0671655749708924,-0.0219468955075867,-0.00191458146053648,-0.0493542430076898,-0.0296550275829841,-0.109792157257726,-0.0647185496585329,0.022218335695028,-0.0838224198620661,0.0158148286507236,0.0313720333113377,-0.0155480114228073,-0.0186036962341227,0.0939510378119531,0.11105769721983,0.0849129927190578,-0.0247836159365487,-0.0313682180474654,0.0300093289159766,0.0193292241875945,0.0734714216967958,-0.0530584477201788,0.0207701048144969,0.0138729640900433,-0.0181051551002152,-0.0634773973029106,0.0174573577794458,-0.0462779586432135,-0.0141283521492415,0.0119603522958326,-0.0776552091743697,-0.00862739421371356,-0.0314608861059714,0.00231966979362548,-0.0367953302225534,-0.0055586058780838,-0.016420458946044,0.0147743317180202,0.0146391046741312,-0.101428813356882,0.0277843357219922,0.0230296790807441,-0.00842750488683596,-0.0411688288394589,0.0652726019410576,0.0714144486235254,0.0222329757467921,-0.0407217409801724,-0.0194485577898537,0.0372204655553673,-0.0720768712951,0.0171107771080719,-0.0495271877315985,-0.0736240704575487,0.00837639066618345,-0.0183825943870704,0.0449672642190457,-0.0504349021410416,-0.15022611227221,-0.207497008104411,-0.206680334520468,0.158992325163948,0.0598247788690899,-0.0277210702170283,-0.174947627595011,0.206489705127865,-0.437352014976734,0.214974920476765,0.0666374424638252,-0.154181717276576,-0.244833814687305,0.0660139538076615,-0.0340705706538782,0.0110734224536641,0.00265203397122131,-0.0248031373709929,0.0289532112348314,0.0103723492210443,0.14473202261491,-0.201149842233878
"71",0.0202939932975455,-0.0212777351308403,-0.0693398353078579,0.100109199800079,-0.0113647070910351,0.0366352427977608,-0.0212784382504983,0.0520158893021591,-0.0753918340496948,0.0146919155905281,-0.027134998395736,0.0177557449633038,-0.064552609852129,-0.026556298489937,0.0716292166131405,-0.0708790268572835,0.00530121025285065,-0.091156992184902,-0.0207571705926673,-0.0139575779902113,-0.0720123441392057,-0.0415812947509893,-0.0366221827254164,-0.0212371805862627,0.112499709055494,0.0303837680848059,-0.0405758070634808,-0.0625593290681904,-0.000628498565500406,-0.0613427334182042,-0.0743664865946993,-0.0241425428888235,-0.0265252897073586,0.075896120041814,0.0612451059374966,-0.091076214370762,-0.0443665124902825,-0.0165984600951652,-0.0211330594505456,-0.163551718381897,-0.0262814177635767,0.00186785185297064,-0.0313812481342581,0.0488458288545751,-0.00334110228648637,0.0411766778261179,0.100880954083864,-0.0282666993783108,0.0432041919953913,0.0785101986442575,0.0126689528801707,0.0362352793984412,0.0177498813877279,0.0947886815114348,-0.0151931223202997,0.034817732223475,0.00825237111728164,0.0359624765970558,0.0221410307838975,-0.0331536701374853,-0.0477606616323151,0.0127512854842961,0.050835563638529,-0.0176424982837489,-0.0320514804814628,-0.0526288342715011,-0.0783255525424894,-0.0263281460265869,0.027972014433634,0.0493202291805376,0.0695873470716655,0.0182608397120825,0.0139763093187142,-0.0425702822251545,-0.10093966703716,0.134099136094031,0.0119018391630162,-0.00269561718117039,-0.0186892377836583,-0.0223416442487077,-0.0469622290114506,0.0289419399799867,0.0558106182416974,0.00897428836015208,0.000858248425350547,-0.00977795987934907,-0.0160840698025274,-0.0254739638509279,-0.0814722500434652,-0.0308341238373924,0.0237388653350109,-0.0285032120798271,0.0605052778655093,0.0635891096205845,-0.033198516781064,-0.0206884775717222,0.0347360710412257,0.0472968736445317,0.0196840397103969,0.0103373939065261,0.0163633411519486,-0.0078773479506911,-0.0464820888640431,-0.0271153816577397,0.00208039002914242,-0.00234686214578655,-0.0273471954593667,0.0370083935283157,-0.0544948508623051,0.028001898854492,0.0592428442924876,0.00962776445105098,-0.0492331440705114,-0.0577903130836181,0.0848735341496228,0.0158881454417167,-0.0199343387434223,-0.00986541475717844,-0.0116222029746003,-0.0193311865477941
"72",0.0357796274421564,-0.0816839757277057,0.112442368491169,-0.0261570641481831,0.0179055270952304,-0.00545750955187917,-0.0275236250726511,0.0388837774098145,-0.0147593957652491,0.00713447480908092,0.00530791547094592,-0.0195022148399726,0.0106328723144269,0.0308819180319485,0.0271444209619705,0.0284246479590987,-0.0321202487944985,-0.0336673077649552,-0.0233485319659327,-0.0441686212893025,-0.0130156868798983,0.0442500782149707,-0.120128247813996,-0.0879217349396,0.0292327609399864,0.0841931170892915,-0.0623930285398907,-0.000632008945196728,0.0285727851539733,-0.0201950158805479,-0.0316300078098975,0.0353673397696077,0.084552561053624,0.0085359221168626,0.0191963916266005,0.0104006615498483,-0.106426643453887,0.00116055364737112,-0.0976547648833363,-0.0329765773172919,-0.117700577493436,-0.0177492888687777,0.0209677558931724,-0.0139678521620344,-0.0328794035064219,-0.0698231284090766,-0.0535542457354113,-0.12334095115604,0.00880944684695649,0.0248583020448369,0.0389290954990726,-0.0243324418984407,0.0331842509224967,0.0183491466884964,-0.0653907375392487,-0.0442119337824891,0.0615062634677137,0.0191602506226465,-0.0431410555656061,-0.140072412195759,0.0379010735147924,0.021069391025381,0.013079553284774,-0.0178758601283444,-0.0929240682229724,0.0334848804036784,0.0181258290988804,-0.100871099199825,0.0161166921308793,-0.0323570590577209,0.0786586944856013,0.0798712359210003,-0.0491033217303489,-0.0363659627938813,-0.120478164379474,-0.070304661501895,0.0980134982423496,-0.00800646107765623,-0.0532436180487849,-0.04865848884414,0.0358417840457854,-0.00129274252598239,-0.0152106255457371,0.0179016276568788,-0.0145290372269695,-0.00940658319290376,0.0134324901086502,-0.00590124438049024,-0.032223094614114,0.0318582708694552,-0.031164174386128,-0.0407445619064969,-0.0457802925052095,0.0512477926423211,0.0442719419053143,-0.00371373547166343,-0.0125844726597391,-0.00336197105001662,0.0269163032792099,0.00939602541540891,-0.000957907699179307,0.0181373601427044,-0.0084905603299589,-0.0152617070558564,0.0312194838122336,-0.0642680778683785,-0.0545411804981573,-0.00545117958159541,0.0028559841676852,0.0308549452096128,0.0344045678885292,0.0087665346185265,-0.0217346487530748,-0.00421360017431956,0.0458338581291955,-0.00923481239006465,-0.0161307467677537,-0.0181127099840285,0.0740669661123101,-0.0192986260147807
"73",-0.035061077208667,0.0799010882153785,0.022365972166623,-0.0259112987409809,-0.0346688289365758,-0.0452805487662296,-0.022865833936624,0.129175055177092,-0.0329083543163886,0.0347722703092436,-0.0493348041709696,-0.0686563048444785,0.0555942400024988,0.00873513226830998,0.00227686552485503,0.0390137669179411,0.00636400533840723,0.00275286597447883,0.0656876574831341,-0.0256029782633634,-0.0459732325791513,0.043642333609136,0.0416121507550415,0.0872441691306889,-0.0348048009556028,0.0113453069836134,-0.0270156780947668,0.0465541560862732,-0.0373885815944823,0.0339254549366583,-0.0563323162428454,-0.028088036089358,-0.107321007706021,-0.0643028858486849,-0.0553893981554952,0.0601106047550674,0.0383801650315027,-0.0853030447525155,-0.00613620832982164,0.043342023465167,-0.0258994511176218,-0.0377380676459066,-0.0195544267557054,0.0497703517413921,0.0542309683968123,-0.0411743931624269,0.0624423047144093,-0.0115063265912309,0.0246161557966712,0.0472579837080758,-0.00394273523461485,-0.0472911202138119,-0.137268239562316,-0.0630820258019563,-0.0159665254142452,-0.0143951819120451,0.0439726674274235,0.0498397731331921,-0.127342436095599,-0.0620788050146735,-0.059616589028623,-0.0169129097356813,-0.0527314504702487,0.0577529195374429,-0.10365263722171,-0.00089052341106733,0.0798287902622002,0.0501316075884661,-0.0137649752174041,0.0324535734548971,-0.0438083899066175,0.0112610949801778,0.0166248865093556,-0.0792503463748474,-0.0339221567238535,0.00498446624555544,-0.00203120495897723,-0.0935607176884467,-0.0538160435695508,-0.0283938545845873,-0.0599690789778203,0.11341165027364,0.0532711081179877,0.0657376134408608,-0.0147371588415847,0.0324866649845811,-0.0791020249534072,0.00690154370035046,-0.108235041645157,-0.0306034244070367,-0.132205516797858,-0.018730823717557,-0.0142008388313,0.0811996208944274,-0.00837568028041679,0.0242394017413181,-0.0240726158487219,-0.0649284916311623,-0.0642594595884382,-0.124109906489743,0.248286756737378,-0.184532925533851,0.018594541512407,0.318938762459439,-0.403466210038205,-0.290517756144906,0.127086405001728,0.0890641751416661,-0.0464007490172809,-0.106398970814953,-0.102240017212327,0.0335146411942822,0.0547802124038654,-0.0317721509287363,0.0536776722225948,0.026362372476697,0.00632826465315873,-0.0202257742661506,0.0145878925751295,-0.036205189575583
"74",0.0111475460329177,0.0519786590885411,0.00464665408570534,-0.0121594138206186,-0.0591673150481005,-0.0557942875804842,0.00156910115285034,-0.000148153860972619,-0.0580263055827361,-0.0627086132047629,0.172079360644777,-0.0143356194662835,-0.0168155378913243,0.0426981974809273,0.0967619399670616,0.0639671670440688,0.0087283290271667,-0.0526741148641452,0.0246453485414122,-0.0857426483283811,0.0220412014047682,-0.0255811911063247,0.0350027361787739,-0.0961801569441156,0.0400841152842407,-0.0746774103869413,0.0330380399510044,-0.051402714164272,0.0608049817747535,0.00605055698910565,-0.00152406050371977,0.0302814545348711,0.0271370818555199,0.0302790988364203,-0.0212275596940901,-0.0139967973170853,-0.0509705212431139,0.0366442073241373,-0.00310818114281405,0.0484702877307661,0.0169475448447453,0.103303285294006,-0.0100122948389731,0.0219858318655415,-0.05723430250454,-0.0104082262923696,-0.0167250383717099,-0.0416458330044921,0.0367367700143237,-0.0190815181724893,-0.0474153500449589,0.0448387794912579,-0.0398174703465506,-0.00157592573898818,0.0912858499401199,-0.0131042461844258,-0.0403550952137864,0.0213286257188838,0.0355715518513671,-0.021342074124689,-0.0662434875878254,0.0180488762504334,-0.0933153983335441,-0.0724753050763399,-0.0142922691522526,-0.0235514068702046,0.0693226069790462,-0.0799378143229374,0.0520736950775437,-0.0242699950648128,0.0801437893233811,0.103387932716238,0.00916365912535653,0.0758232517000206,0.0621741413531769,0.0108753044506427,-0.0689167860366162,0.0166140616695284,0.0460886704401552,-0.0435418283086665,-0.0118425656624814,0.0431051257815264,0.05243252215196,-0.10895969630583,0.0542986392877862,-0.0320380624456587,0.0734677056195216,-0.0498533032699067,0.00707242461577468,-0.0202126001040313,0.0334391523752913,0.0491405247171081,-0.0593001301957536,-0.0581807846470316,-0.00117240982811214,0.0412112354549014,-0.00581676551704065,0.02569594691225,-0.0289456047715536,0.0207421110861964,0.075804182912409,0.0453602774793818,0.0139205924765599,-0.00711317959027741,-0.0817671555418205,0.0787540147221849,0.0293783105061612,-0.0155243976744253,-0.0739830757058075,-0.0122867747184419,0.0173355063364236,0.245099390843433,0.66303844872267,-0.192601105993354,-0.020566552413528,0.0606470128028758,-0.0435374129056846,-0.0511456110825827,0.0176921713518649,-0.0404088383502681
"75",-0.0424371163041493,-0.0468500062472991,-0.098282416368164,-0.0337402333008176,0.0442811466719786,-0.00420099240014062,0.0180381492176064,-0.0373050882245937,0.0337826990139691,0.00617432418073829,-0.0436720977300408,-0.023428078969435,-0.0685792954268128,-0.0670333190953647,0.0683142844503251,0.0414844643411221,0.0985037678923749,-0.0852236565450201,-0.0753051273877005,-0.0134164987116856,3.93136513689916e-05,-0.00075499660215346,0.0982094785416452,-0.0544207712778867,-0.00207665361753518,-0.0352745892484128,-0.02704180309169,-0.0727718293090171,-0.0275108995623166,-0.0131310755467814,0.0226965276362136,-0.040064003977739,-0.0807256779443664,-0.0264827002512808,0.00773665145153464,-0.069022478843149,-0.0283605367008938,-0.00151589009906586,-0.0508403697770655,-0.0734327995821311,-0.0274298528723312,0.0524997512732161,-0.0277379516861562,0.00654355090389077,-0.051506157002158,0.020075642488624,0.0573271684250423,-0.116866963015161,-0.0570633025846613,0.0592244775371099,-0.0457779123422406,0.0209754898338152,0.0182124055634522,0.0634880755048764,-0.017884349182873,-0.0238976291727039,-0.0539832936098227,0.00217327115546145,0.048195179572397,0.0163180451273327,0.00313716872265399,0.0402153750702737,-0.000182680163419992,0.0480120803712113,-0.0660020687428992,-0.00386652021906211,0.0204817109042045,-0.0491972365067771,-0.104934008789822,0.00540380808229304,-0.0462856960981119,0.00759054649012047,0.0112603386964607,0.00152191558348015,0.0471072012282417,-0.108325415803081,0.0217811978475743,-0.0349739620873796,-0.0440016600011004,-0.11680628081084,-0.0222630774587446,0.0627091074461721,-0.0478626403868776,-0.0879443807060873,0.0425355326413427,0.00182070276548373,-0.0552476723493051,-0.0370829206004273,0.0262881381381943,-0.000205029569340738,0.0406126725736312,0.0316471035340782,0.0328953998032421,-0.0397674552718455,-0.0495555956340126,-0.00910697129585922,0.0148688525468965,0.0922680896669671,0.0119718986845521,0.0223877432790118,0.0562710990762093,0.0284548108830899,0.0291386300253581,-0.0255706207887808,-0.00879183996261418,-0.0651527967651407,0.000540844770550214,-0.090191182982875,0.00698075001766522,-0.0662610738603686,0.039415306938048,-0.0995119791803925,0.0338956364232114,0.134692473303952,-0.0153606146032466,0.0122574297662471,0.783783094195885,-0.0890675678273777,-0.044794280380569,-0.0392188739679174
"76",0.0549184492574019,0.000644206586715027,0.00585398505910101,0.0203928361382204,0.0577942531040735,-0.0672920996307862,-0.0623386330219618,0.0537497788670672,0.0337566131425758,-0.0932869974732258,0.0838157872318592,-0.0513094528572641,-0.0557895609127752,-0.0201083716388374,0.0493309661629505,-0.0608082786506891,0.051831550255848,-0.0176305946798853,-0.0669208185290582,-0.109965708142556,-0.0417438670950505,-0.0378763392473562,0.0420202012561293,-0.0137063644868666,-0.0477070679576538,0.0494310139487246,-0.0229316045211525,0.0784157136001266,-0.00368642197961381,0.0237823767989298,-0.00912008924349623,-0.00403646823753516,0.0863644980357196,0.00430704722079833,-0.0325566634494243,-0.0493004588848481,0.0870795619662897,0.0186454612705927,-0.0449313116045668,0.0484725167713938,0.0177866172107913,-0.028234010739477,-0.0151203922174109,0.0242785586121959,-0.0516473976036624,0.045427756024456,0.0411314233585647,-0.0987026579735405,-0.0702945040603581,0.0063038014683547,-0.020322412991,-0.053356039129958,-0.0558181393509009,0.0086920710881233,-0.0191965958940132,-0.0553244117453744,0.0958712646265885,-0.00213618591750876,-0.0247675456559465,-0.0260592386745375,-0.0287033806464589,0.00809542642207738,0.0126802068781434,-0.0486503225135166,0.00947286350602454,0.0487833942825991,-0.0494807197334859,-0.00922925423575035,0.0888329155697714,0.0734417778336735,-0.0020552617211108,-0.0339745802679687,-0.0365417599189471,0.0173542203590024,-0.0786230475582779,-0.00705888473007309,0.0720467551556806,-0.00136586382376934,0.0276724892235764,0.0730798283230406,0.0530536575027196,-0.0219909192202543,-0.0026688770573648,0.0237881208904079,-0.0238036973819114,0.0316953725300365,0.0265978776616856,0.0815902825032164,0.0971379883163726,0.0513806590031852,0.0246826699411362,0.04891758486296,-0.0612185993659929,-0.0855034573459315,-0.0263248233935865,0.0299989956167317,-0.0200507105370438,-0.00484348140698238,-0.0357165541209186,-0.0171113768957013,0.0259256680724693,0.00399068368241865,0.0333798272722025,0.012958166276747,-0.0199904845699002,-0.0275046051931116,-0.00887981381455575,0.0392021948571602,0.0275562603759358,-0.022207361319673,0.0256813672179114,-0.00946566229544366,-0.0214937220296263,-0.0117081532398204,-0.0431851381901596,0.0106836593276766,0.0123358036793975,-0.00223756572825706,0.0300925763572403,0.00447117485985455
"77",0.0346335376609379,-0.0444087312241405,0.079758324431822,0.0742101995261306,-0.0156980544570265,-0.037062852376106,-0.0433197777228751,-0.0572055532525227,0.0389127622428124,-0.000779491449404784,-0.0191187368900301,-0.0186925182700113,0.0643563299450649,0.128897731722712,-0.0265173699141871,-0.048842693606656,-0.0504160297504242,-0.0287011203799169,0.0252252769596048,0.0572179879112412,0.0209651872981236,0.0365145668919099,-0.0544813224436174,-0.0772849684519905,0.0405185373048783,0.0627322976091225,0.0147562760989935,0.0397483424726725,-0.0717982250186161,-0.0450108150157324,0.00496183389183744,-0.0531606652078983,0.0373830791357208,0.0593627362689358,-0.0740319664481038,-0.014664628558251,0.0276490325789077,0.0692565718257439,-0.0614786172805632,0.0503759425226279,0.0260621897966306,0.040606004896721,-0.0857548594670712,0.00659333294155051,0.0270241125617175,-0.115085772183003,-0.0303877230931045,0.0453939033491742,0.0232257802129548,0.0198273691181542,-0.0914725944524405,-0.0863739367196718,0.00772534807630867,-0.0402416034463198,-0.0329113091683387,-0.0716731006432677,0.0757446237032427,-0.0462961274727197,-0.00203929490802925,0.032221110461223,-0.0435877373095098,0.0316328950159859,-0.0143509617641976,-0.0123191435640586,-0.112327777386185,0.0353216662736017,-0.0977618116109328,0.00226388816955144,0.00343840661840457,0.00233669543550366,-0.00130926716506806,0.000666826580138084,0.0556229464806288,0.0304209353210491,0.028185149464509,0.0420685600133211,-0.0898911769074064,-0.0681196480848874,-0.0240392120455412,0.0717444674664287,-0.014494299120498,-0.0446506527695615,0.0108807428433354,-0.0175366642589126,0.0279099307369262,0.00202321871466435,-0.0729049155447557,0.00976425726289305,-0.060254675252069,-0.0378411997381664,0.0360650174924297,-0.0278674527760824,0.0705159395278231,-0.058398771711787,0.000488670211893661,-0.0578979745622504,-0.0134220535651364,-0.0227472967952263,-0.0172551883440364,-0.00716638170470393,0.0281507721311569,0.0113161336255371,-0.0733034063940492,-0.0193955084761018,-0.105324337218581,0.0813698097688141,-0.00637658756204667,-0.0274576257040923,0.0321886450894288,0.0383448334363774,0.0494615325371844,-0.00398229655762152,0.00321191141499244,0.061871342469353,-0.0373076795266697,0.102554636412382,0.0341534505124015,0.01245634862581,0.0422624349246064,0.038826307583985
"78",-0.0772916109750743,-0.0904543820949581,-0.000346768786492429,0.0403099812401317,0.0181455579764049,-0.02986851302038,0.0403544249644115,-0.0104197180304384,0.00314450512987986,0.0617455920732214,-0.025820716254251,0.0478534734103568,0.0156152319912966,0.00480497026013145,0.0888097112753117,0.0592340403170105,0.0354224679803757,0.0120144087581693,0.0189974297883762,0.0150300504064239,-0.0721407506986418,-0.0297114228015477,-0.0336673073231177,0.0837496459796077,0.0605587053309604,0.0271017370054853,0.0125044373162741,0.054599818865686,0.0793514879988977,-0.0179318868258224,-0.0749653227291619,-0.0230979716156485,-0.0378162035669505,-0.0370992118582895,-0.0601184253648531,0.0492284130786606,0.0501293480655784,0.0495831554902634,-0.0497618289356025,-0.0104697369516811,0.00802405519098574,0.0436261704545553,0.0146554659771094,0.0151130340508477,0.0383066163731375,-0.0416211941298031,-0.0645044567929766,0.00756412706089547,0.0184519050431529,0.0360157675975667,-0.0620055569476508,-0.0715669561091531,0.0447364528997474,-0.0244378189325459,0.109055372066427,0.0844287961271533,0.00421053045223022,-0.0649015137207987,0.0141645773781164,-0.031664160450499,-0.0432683056117868,-0.031339209148922,-0.0181269333338463,0.0640137423010201,-0.0196149456894299,-0.00843530938460543,0.0366950777977926,0.0125598806029039,0.0466360316816982,-0.056381447165291,-0.0207570685883423,0.00255589099122129,-0.0153084420591614,-0.0023903022529127,-0.0249302266505423,0.0424279415265336,0.0155833675971586,0.0134895638219206,0.0328117449490986,-0.121322998286873,0.0511604234171414,-0.0279655852699903,0.0192454916040891,-0.0821588647096427,-0.180763102574163,0.014764826314042,-0.000184750915235995,-0.0576517783627464,-0.0690255564417629,-0.0225219635738654,-0.0159029484155802,0.0342442415065926,0.0331547477646316,-0.0307017746877266,-0.00567988409557484,-0.00430957874458648,-0.00482865354796756,-0.0210953101146383,0.0251770319574937,0.0610276176104085,-0.0199360788671112,0.0147060052260408,0.106938430724291,0.0787582318718067,0.131326286186137,-0.248813551350099,-0.160490536986898,-0.097994945254244,0.151622911245455,-0.0567438842100143,-0.00523683634086488,-0.13688685370553,0.0856259926935815,-0.0525282845643669,-0.632384408222847,-0.165787971019557,-0.0464793094220894,0.0403337259597154,-0.0120358293886764,0.0350862350528865
"79",-0.0223948384116995,-0.107109454384067,0.00973662956644243,0.0126374796175522,-0.0590495929870556,-0.0737815934365841,0.0586486882235627,0.0658273876190303,0.0267425177523192,-0.00285262972573706,-0.00497543285465597,0.00958930958434329,-0.031089107686851,0.00600610674326217,-0.0436910879076875,0.0409712594312945,0.014374797700806,-0.0353636061766336,-0.0687155903729234,0.0159776819435777,0.01129608335303,0.00952372595961022,-0.00754860093343453,-0.0268967086303272,-0.1329202709565,0.00150337756644791,-0.00237272432018646,-0.0222210885321297,-0.0451945246264705,0.0109314902837341,-0.0153478881514349,-0.03579119602405,0.149356852534439,0.125969228864965,-0.034276735092931,0.031153595898311,0.000880480475474975,0.103196134233651,0.0152438073952975,0.0420071464874369,0.0382909942728599,0.00816398330362832,-0.0445788268441689,0.0152580225463932,0.0937310682797441,0.0566054276272128,0.0820578758605139,0.0380396837516543,0.00355513572846605,-0.0150416429102828,0.0148077275482856,-0.00460590028418966,-0.124588114955712,0.0395981981329475,0.0524870145384896,0.0670325802095665,0.00823968156710924,-0.0234595576859963,-0.00127300313085356,0.0369721891606157,0.0143073815499206,-0.00558475609138481,0.0886942602187515,0.0241112495205873,-0.0395424366058333,-0.0764206712487534,0.0621130631657262,0.00989622935177404,0.0611831940120496,-0.0819915547688237,0.0450906682131095,0.00318771820037413,0.0934193030842104,0.0302331868145294,0.00416364855319103,-0.0273270811878135,-0.00475562545694366,-0.00212720486933128,-0.0439613429893777,0.00301460780477662,-0.00995382203346184,0.019743480657485,-0.0320087259285422,0.00408041300685668,-0.0172091776216307,0.0430546288240745,0.00330006507722705,-0.036210055670261,0.0735137521420033,0.056246713478566,0.0606369553893398,-0.0260797950869366,-0.0117164255549599,-0.0711795483934437,0.0688095716873703,-0.0208726021152828,0.00381238539901258,0.000268046889453505,0.00923001909380365,-0.106231142851018,-0.173633988039192,-0.14285222586764,-0.0407677674169452,0.30462192079854,0.412385309605067,-0.0450154198394134,0.170944889926876,0.507245082363552,-0.0979601097912689,-0.0967164392902586,0.0683881673679895,0.0369900683480966,0.0281459571880415,-0.0161768390895423,-0.00359163926426144,-0.0721043336157554,0.0733710256466203,-0.0140361516901236,-0.00383333202383297,-0.0769894512507409
"80",-0.0862685274025197,-0.0786979429246739,0.0665334176034225,0.020051848138141,-0.0679005027871844,-0.0145182581795459,0.0143947792289705,0.0479909596656884,0.0277759988290089,0.020827893191033,-0.0406511587894792,-0.021872534122051,-0.026506997913408,-0.0305502048649978,0.00593597430127268,-0.0339857700718634,-0.0314863334576614,-0.0169180789063217,-0.0132831493758199,-0.0248780504304547,0.0456914201697131,0.0387045044990897,0.00375970527317973,0.0161184155516458,-0.0294962464033085,0.0278268686638365,0.057071079316608,0.00311037669711148,0.0260137734344412,0.0422430616036322,0.00781745431960664,0.0693961154243179,0.0117054762192441,-0.00239440534360522,0.00178286022858399,-0.0497508374265983,-0.0108485265002939,0.0267390433291481,-0.00635957849697561,-0.0675011640962585,0.0756337908684934,0.0124175996669682,-0.0465921853979206,-0.0750367711062157,0.0111578066161593,-0.0236887911043243,0.0133573289948611,0.07360651394214,-0.0406645503510888,0.00534883705224536,-0.0769130144155391,0.0421909922456905,0.0201616438005445,0.0425770501265667,-0.0385687645619835,-0.00671229261681391,-0.0162127003711675,0.0910307819325282,0.0248424344795827,-0.0720914062835404,-0.0343486670342586,0.0543876364755856,0.0234255258356862,-0.0349439255938223,-0.0596859446479667,-0.0713858039244503,0.036907221879164,-0.0750172231826262,-0.00788261654857933,0.00929285171040148,-0.0498662838705175,0.040659238861771,-0.00304679728888587,0.0896182839014572,0.0460397379907004,0.0402715958659436,-0.0772733162445693,0.0255127771443831,0.000209514737057265,0.0107985023784713,0.0406163108978336,0.0912731976496901,-0.023996896957297,0.0971272398215358,0.0728104558896399,-0.0615362615001101,-0.00595412309597499,-0.0543578341656997,0.0540497115902604,-0.0279056436072737,0.0104080241155492,0.00606715358786541,0.00151702355264747,-0.036466606674227,-0.0744353723664578,0.0303426307128958,-0.0212075067304831,0.0485542086947703,0.0215774593968728,0.070253407782541,0.114306125099326,0.0699253094996616,-0.0247328882673894,-0.118446529427939,-0.190092611704963,-0.221731523570522,-0.237513847148589,0.357240701424923,0.19221792166221,0.407380908855518,0.346971168436867,-0.0567701052375827,-0.00298631526835298,-0.00881930678760921,0.00788147825178249,-0.0670531625627603,-0.0314482932081498,-0.0922390692712897,-0.0969563608086562,0.0314093743319475
"81",-0.0408913298726148,0.0445080087791009,0.000829655529507719,-0.000678444851008512,0.103769874646534,-0.0153581891060711,-0.0032205130627979,-0.0532531083050829,0.112448207397201,0.0114265669621121,-0.0438956977620145,0.0374591415523644,0.000980530421949844,-0.0209497313189491,-0.0583772368385576,0.00708451113316478,0.0453483794810017,0.0245013145736819,0.00263445857715844,-0.10697173169867,0.0684159603404111,0.0591764652182303,0.041923398835962,0.0211874351864676,0.0450910667454644,-0.022988499786385,0.00516150630971538,0.0670832115681196,-0.0532382985650035,-0.0643483823455387,0.042273287570749,0.0128936964037228,0.06868050717514,0.0684728723348301,-0.0744090303209003,0.0679076720248917,-0.119501171074253,0.0137598293186058,-0.0401619456584654,0.00961111400505839,-0.0564884480366384,0.00757881719368983,0.112917753254513,-0.0146456166582041,-0.0041037543074154,0.111776743502909,-0.100196934467738,0.119471212942772,-0.00839747869643322,0.0706080008048531,-0.023771538487726,0.0312077030413257,-0.0639356350259787,-0.0114786932948508,-0.0502692761859527,-0.00241891870309374,-0.0123735968820416,0.0851169581854707,-0.0140181712170251,0.00157155381364848,0.0764825206493188,-0.0078009672924601,-0.0311094963845265,0.000110313127313455,0.0807539738904462,-0.043417586136061,0.0420507624126987,-0.0290132724150549,0.0427743545872822,-0.0139178249656016,-0.0399548282832843,-0.0235870071881312,-0.0469779407934215,0.019870996329136,-0.0286393147776036,0.0546302138682611,0.00115789684201361,-0.075967618288417,-0.0385518745432205,0.0620931322073167,0.0343427625948974,-0.0134809849300208,0.0348829835220697,-0.0576662717820561,-0.0617511881448721,0.013060566962083,-0.0503844884515642,0.034613764641643,-0.0260255212894718,0.0411247430891334,-0.00829609474886915,-0.0608011105356115,-0.0377766713941997,-0.00232693272151431,0.023012409254629,0.0256876831169592,-0.00342269066586388,-0.0387951195988624,0.00928464110009773,-0.000505939317450209,-0.00302398366449209,0.0373609732798572,0.0409596073547517,-0.00347251589417262,-0.0243254610028531,0.00923515142998815,-0.00789072281184082,0.00990386767130632,-0.114810800776884,-0.0146727416484146,8.82637991739751e-05,0.0190571035584385,-0.0217719663900134,0.0532079084009742,-0.0438968972246118,0.0177779398688928,0.0103202823735629,-0.0305704409303127,-0.00166949477408831,0.0058111945460608
"82",-0.119169855723693,-0.0369970011616783,-0.0247628632401251,0.0285178230659073,0.0221137320142731,-0.014482927193553,-0.0292391391650901,0.0377226841530696,0.0379984174320278,0.0318648055864027,-0.0332918855322443,-0.0124952984363661,0.0303737903632161,-0.0280677258936124,-0.01353883025925,0.0287255345934819,-0.00513000276675584,-0.0261811150065616,0.0552494652305656,0.00413007341840335,-0.00157048401104428,0.0153433397015167,0.0108394865080848,0.0563277504754596,-0.0167080298790169,-0.0468783314818231,-0.0435826465750507,0.00974006952338423,-0.0437977454085206,-0.00107290966037332,0.0282050233870733,0.00245115759638841,0.00446948008489419,0.0119344569341021,0.0596662802508555,0.0683527687296477,0.0377751834702938,-0.0302445532443491,0.00951443208196952,0.0069233770585229,0.0522672142233819,-0.0245493707680045,0.0368115817296639,0.0388933515748102,0.0319081841984155,-0.0185658939542186,-0.0270257311349018,0.0246053293159323,0.0561945977752194,-0.0371524000319038,0.025469089593342,0.0118162957438583,0.0424620150967115,0.0706396183751408,0.0138749819986623,-0.00216101687461754,0.040325152239025,-0.00204701930340841,-0.044645980691737,-0.0279679899364357,0.0763775284490963,0.0368497089478122,0.00131423808339523,-0.00552047461626977,-0.0427581293216114,0.0972354947507732,-0.016681771128904,0.0622150221748687,-0.0457400887483109,0.00663620143937706,-0.0164254690264589,0.0013612005870619,0.081195555053832,-0.00718161808427841,-0.0321222220435056,-0.00487083456634011,0.106391246742232,0.0402402379317011,-0.0295888696589,-0.0312850811873081,-0.0527037807820114,0.00528355461661513,-0.0164329042593929,-0.110567559566966,-0.0147342227882605,0.0410033643362706,-0.0724713479652751,-0.0410277491039348,0.0160401773390664,0.104011672116986,-0.00182886246347589,-0.0431610049574279,-0.016799194924173,-0.0369839508576956,-0.0270386494912698,0.0126228565138113,0.0158536753860435,-0.0265405112783335,0.0034464672116876,0.0233969620863449,0.0193468744836904,0.0225205256777249,-0.0100490782861383,-0.0156234157174689,0.0198626534654485,-0.0291482448490165,-0.0284704368722393,-0.0106764750630183,0.0152693329375374,0.0195848130844579,0.0456647143070341,0.00570609140242559,0.0390705768029791,-0.00905905462544124,0.0365777893915324,0.0159403766968433,-0.0186250897938158,-0.0161926155073741,0.0175269249030577,0.0159671519381586
"83",0.0758485212295158,-0.00786718893174147,-0.0328123788230723,0.043978659278261,-0.062989325257591,-0.0855766403719976,-0.0157186460942022,-0.00664653458059609,-0.0173592888731601,0.0104862124580417,-0.0314556740834545,0.0285175155191031,0.0392410879920299,0.0100988792979496,-0.00458080688268252,0.126928710057199,-0.0515598115122911,-0.0715968607392532,0.0711748268048399,-0.0670032244020951,0.0499550173101096,0.0278531888268772,-0.0216444989874977,-0.0271557452630282,-0.00819048583828172,-0.0638483465465631,-0.0306678803320595,-0.0284392415694628,-0.0266587865353182,-0.0773757328105286,0.078249081330174,0.0885502509424501,-0.0108860834725693,-0.0510392025035818,0.0373381569278665,0.00596414202021782,-0.00581074244730776,0.0153059427102176,0.0434787023810424,-0.0580972429098873,0.0190684688117528,-0.0104741209302993,-0.0772745883841717,-0.0814530312659282,-0.0311075724911092,0.0941600726408248,0.00331978082863164,-0.0376074986288425,0.0647962608829304,0.049982766473888,0.029974394063101,0.0205815162291895,-0.00239626812473993,-0.074552643071397,-0.0229109487213489,-0.0278447461797199,-0.0178781205336166,0.00925689232658182,-0.00531711140395902,0.00532522065848068,-0.0162944646296935,0.0470470576347418,-0.0165564639780935,-0.00704678098387084,-0.0889413399170144,-0.00309558309463125,0.00954090111659124,0.0391979955543526,-0.0176293369839939,-0.0375264994178008,-0.0942587644393048,-0.0784690227474036,-0.0851534028279575,0.097817031409409,-0.0798724502744929,-0.0143200061737699,0.0652605074654512,0.00999194798484601,-0.00070877765833069,0.0540531269081202,-0.0607133779577634,-0.00749034838382468,0.147637460226033,0.0640175443918512,0.11957283336468,0.037496031351008,0.0498330446690567,-0.043407667555356,0.0263395268396622,-0.0232864934971212,0.0202210138657784,-0.075423123714288,0.102003954660058,0.119374254607888,0.0674168186483629,-0.0115964367017605,0.0357723332441035,-0.046944028984558,0.00754366104928596,-0.0256171170908783,-0.0406421379753272,0.0221077364660453,-0.0241618914590951,-0.0538388170051906,-0.0352481414447707,0.00102032614452289,0.0335733279187731,0.034453669503249,-0.0181569549197818,-0.066782876129503,0.0441989700214188,-0.0100470912302688,-0.00348408015767313,0.0234597322766718,-0.106337184347597,0.030690651647165,-0.0130570902727736,0.0626049472477003,-0.0420602475338053,-0.0379187134524953
"84",0.0933270221999558,-0.0387650432702756,0.00334357668563355,0.041531874361569,0.0144021131076486,-0.0322441518438333,0.00623405285653386,0.0347955700245257,0.00478420068983305,0.0798018596730819,0.0764134366795929,0.0606276464171899,0.0677721807835157,0.0394656996285777,0.0380226604677759,0.00185333466252182,-0.030795214973592,-0.0106580500272385,-0.019036824222876,-0.0100581901121965,-0.008610230616559,0.0105007872568434,0.0421340132217485,0.0969809250504444,-0.0284887050036388,-0.0377807373099078,-0.0916561901122569,-0.0342846876296074,0.00483186890195516,0.0124185568965567,0.0072067764295371,0.0663032797982808,0.0182124454846688,0.0500125505605365,-0.00955027733665008,0.0212845697528025,0.0772186655364794,0.0371511175993932,0.0328583969501631,0.0105910111441323,-0.0170309651748102,0.11251598993903,0.0312873856864504,0.10117013621804,-0.0541381918798908,-0.0488279125720012,-0.0478221209004656,0.0698295785857747,-0.0610259359269171,-0.0188901483778636,-0.00740525967179677,0.00201361818427293,-0.00843801659986299,-0.0927865058387785,-0.0223880013551686,-0.0286881714741321,0.0541235853143949,0.0579901886014737,-0.0453746639206102,0.0234020266389781,-0.017239359412828,-0.0689442723475099,0.0391768352019637,0.0443325923467476,0.0214979842478208,-0.00208930716691145,-0.0629361992638326,-0.0831682882784607,0.0125185395096736,-0.00969062475926111,-0.0247403622143965,0.0219834725757421,-0.0766727468227676,0.0221797784275215,0.02216003265742,0.0776686172387168,-0.0282235169549862,-0.0434314317431211,0.0764644962804197,0.0188819648207763,0.0259972075035991,-0.0002338610094165,0.0216108064942097,0.011542893479376,0.062168345920356,0.0439408902225858,-0.102004440801507,0.0789643135465862,0.0871608038870337,-0.000545561947372695,-0.0511313621506244,-0.07609212998602,0.0971095790107119,-0.0489728293335581,0.00884922140604051,-0.00339872450064702,0.0515305970336516,-0.0195510473636894,0.01795705107902,0.005139918162232,-0.0181170618053831,0.0187153726333032,-0.00283017513173234,0.00767441623442716,-0.0205106948010369,0.0224202094749044,0.0127097649586356,0.0316970646568182,0.0218079739361482,0.00480853697304034,0.0080173730971557,-0.0119749828276884,-0.00230168750120836,-0.00667729705037103,0.0154800053795182,0.0177294500996825,0.0257150627547987,0.0109899942618679,0.0299019275003606,-0.0150899751031961
"85",0.0218945243783784,0.0298335013650495,-0.00269143388996004,-0.0225161428778008,-0.074820485358152,-0.01374947749926,-0.100906395397467,-0.0423136213386339,0.0545240146554547,-0.0346052562564181,0.119766432657994,-0.000528717723379581,0.00861027975109056,0.00666327609481714,0.0100914566580947,0.0382145576531927,0.0146582528250798,0.00926492104201333,-0.0557187957831227,-0.0897316246583974,-0.0490823025677379,-0.0274905680048239,0.049590406194323,-0.0446662796715189,0.0780270207890992,0.105619774833407,0.12615284911495,0.0220209170674526,0.0691359248644485,-0.0703590260220308,-0.0442669889523839,-0.0345695381244362,0.0481007816177276,0.0481555187553364,-0.110026856942995,0.0749097780170642,-0.000160280641195006,0.0805477206173758,0.112433725724348,-0.0168663046610571,0.0244066264673006,0.00581091239286404,-0.0284919827019804,-0.00530442842456844,-0.0636587443500057,0.02061465787553,0.0460897786787318,0.0254487850846822,0.0670499581721955,-0.0516265882951651,0.0120818861801473,-0.0223454165688433,-0.0541277891859315,0.0188970627319625,-0.0485514305967987,-0.0349971619785441,-0.00279576172762112,-0.0250851257421736,-0.0996558322841865,0.0958617354808049,-0.0153114010240719,-0.0190096901186925,-0.063134246369162,0.170071272395018,0.00498161225778231,-0.0192183103760098,0.0225357815733706,0.0573686941805035,0.0651728621129768,0.0265261862278913,0.0157477909692199,-0.00370447799016427,0.0546975090058418,-0.000996117252145328,0.00561985219974422,-0.100489537375035,0.0919661453893938,-0.030144294797473,0.00785053695083236,-0.139558945091389,-0.0888060761481034,0.00535667675080209,0.0130607983724994,-0.00994948039002004,0.0516014172723829,-0.0226879193001833,0.0751582255034779,-0.0792969199338612,-0.0679955084785796,-0.118185576493207,0.0383255697423583,-0.0102543172997603,0.0039006843458852,-0.0205280225827348,0.0309074114719617,-0.00590680617079683,0.0150034581444623,-0.00977609051747383,-0.0544183557579901,-0.0501326248845858,0.00701065239195088,0.0172549308976049,-0.0369595507735932,-0.0534831271504019,-0.00451907946227692,0.0575088644198353,0.00386066491731577,-0.00297020868988744,0.00465450029562262,0.0534635959883153,0.0511891984924695,-0.0347820126217903,-0.0775194853523802,0.109844472894796,-0.0427461759823688,0.0223484288997878,-0.0213256713318925,0.0315222112428829,-0.0209202344495935,-0.0231962165808692
"86",-0.0432992541259518,-0.0215699938345942,-0.0659957909369703,-0.0402071917886115,-0.0298510516861211,0.0990591213302672,-0.0155858167738314,0.0173387181415048,-0.0212545523816417,0.00893705423782507,-0.0224790555822864,0.0493006033914877,0.00965755426262208,0.0468334926229392,-0.00443765585268214,-0.0976152471820301,0.0293894003906761,-0.0351116113571964,-0.101430648428641,-0.132077948689765,-0.0553489791995204,-0.0399029412691389,-0.0156892224078672,0.0776449277335265,0.0754811847396619,0.0406063883141457,-0.0281155368642964,0.0141607702805822,0.0194500951683371,-0.0192151473334495,-0.0910248109319344,0.00690489678070736,-0.089729009485492,-0.0346511535335934,-0.0314210493488413,0.0747538189405776,-0.0225528207981879,0.114973857789391,0.000482353070649977,0.0139669953622047,0.0249675059560129,-0.0569298684480693,-0.0103860779778456,-0.0140364353866876,0.0458878023363654,0.0447034304833682,-0.0784603804088242,0.061291860685996,-0.0630408501403527,-0.071384686213756,0.0961144408346098,0.0313486009298075,-0.130754726448783,0.0386836272256546,-0.0309760073961153,-0.0133073649911498,-0.104632171297029,-0.0849741688793293,-0.056052714434466,-0.0917692986098147,-0.0405144295613445,-0.0166118101731105,0.0284373442410303,-0.103614014976998,-0.0304141578104189,-0.126547926603525,-0.090571752027272,0.0379308208115032,-0.0548437388767095,-0.0102859187647847,0.0550116992523826,0.0307901367762124,-0.00138786543460827,0.025498004705112,0.0974287043186099,0.000691919727702136,-0.063717000175241,0.0374351091916754,0.105765930291914,-0.0209968716090583,-0.0178098174360162,0.0427927750108786,0.0200315096232388,0.0518050975398055,0.00553440129675835,0.0561403626339054,0.0187123550814981,0.0307180427148775,-0.04874992148455,0.0337226390530849,0.0282927174127585,0.0365316116162891,-0.0769601338245468,-0.00202761350539801,-0.0041322065423624,-0.00399138201600233,0.00548267493927401,-0.0369976786071886,0.0045860824857812,0.0623954547236008,-0.0137933381120185,-0.0528683914860076,0.0367609062538756,0.0300492117505154,-0.0834751684451744,0.00475747205218228,-0.0145670280260814,0.00777686414761691,-0.124221477288298,-0.0358773866001536,0.0137587648353357,-0.030264759934717,-0.0476482267821986,-0.0159661573904986,0.00286037676905749,-0.0201137632208027,0.0140095673232124,-0.0143804329830539,-0.00469134016258829,0.0671324879337919
"87",-0.0476606706493671,0.0380277646590404,-0.0197223980317783,0.00411039003458393,-0.0172136951017863,0.0606956368211913,0.0611785649125549,-0.00614071326893327,0.115967801081176,-0.0579782031629322,-0.00922359265424714,0.0849726405228834,-0.0428063374205308,0.0129725345819719,0.0806830262729018,0.00628663637947899,0.101816939967328,-0.069012319652911,0.0747517947747026,-0.033743792218818,-0.0137304053013163,0.0532054153396408,0.044957631677385,0.0499195290702808,-0.0585560302624125,-0.0810843271276767,0.00540701449359728,-0.00165581256031671,0.0254169139561482,0.0159168255121367,0.00725027181578581,0.0371991067231364,-0.0591738506086435,0.0457374908229641,0.0354681313104984,-0.0772200811421792,-0.0262551682794666,-0.0319087877324856,0.0654173065246682,-0.000469952793507939,-0.0452749929153967,0.0411043520696819,-0.00772371907186147,-0.0767289494114991,-0.0669840983308226,0.0257202759559681,-0.101889086923006,-0.0060344159828074,-0.043603927778672,0.053107708639965,0.00957115948791499,-0.0187697093812095,-0.015810527580084,-0.00566016929162683,-0.0751949947125037,-0.0294074719046967,0.0753559829379222,0.0213542196701587,-0.066684450097507,0.107514096599348,0.013248260453725,0.115994963539355,-0.00238393062135995,-0.0123114895196891,0.00263727730642211,-0.0549989820171179,-0.0438040868873475,0.028507187711546,0.0355510673034926,0.0876809308200088,0.0214291838152192,0.0194054553899782,-0.118889705026862,-0.10800494490156,-0.117946872094505,-0.0151693919246978,-0.0582622743681758,0.0534478238488748,0.00354394542099468,0.0975515368324086,-0.0145351331495501,0.0951703846326796,-0.0171321444300436,-0.0679344879106337,-0.0542988285467295,0.0341972876628878,-0.00573747146188094,0.0417978385991171,0.0300841575760236,-0.058597271682794,-0.0555275831228039,-0.00714925260168516,0.0613062991850949,-0.107506443352634,0.00437764534302565,-0.000968696777564631,-0.00563381287212869,0.0309826551635858,-0.0122703741223038,0.047146708059999,0.00970960348934151,0.0198682689823593,0.0347702662167626,0.0176025700472332,0.018089563052144,0.0235605467818263,-0.0134789237627548,0.0287102419643949,-0.0109608995569756,-0.00655569620635949,-0.00748473575269361,-0.00497789249759712,-0.000652697338364293,-0.0484870960664391,-0.00135305415670796,0.0104700792707232,-0.0114501844976823,-0.0447433278340789,0.00072339090064969,0.0109503909143498
"88",-0.0713016387520036,0.05766526908952,-0.038570309553921,-0.0676237971021792,-0.00323022948540527,-0.0471076957717212,0.0625842382832286,-0.0715019695516885,0.022947284850985,0.0218059253176522,-0.0169378267391526,-0.00455572246067354,-0.0432424331993839,0.104195981440483,-0.0249934998654413,0.0622459621577308,-0.00824391889463564,0.0638105717006203,-0.0137849393186159,-0.0243208968598487,0.0102640301641205,0.0308757583219459,0.016954511784219,-0.0163801079314341,-0.0521649981329094,0.00476316484550557,-0.0302190677638619,0.00620068903624834,0.0346561644102163,-0.00801206215432347,-0.110387528524999,-0.0330719890610396,-0.062417230018363,-0.00127291158736024,-0.028379361235807,0.0575874390716831,0.0691497477733717,-0.0457361344823791,-0.0275089794118505,-0.0735272579324372,0.0442335665438332,-0.0343129780934663,0.0189927946663701,0.0445700814617652,0.00110834751801594,-0.102912089354865,0.0549560378805349,-0.052795790179446,-0.00355324018326833,-0.0234653336005235,0.0207300385436193,0.0502067497729341,0.0415698599241731,0.0596253820919007,0.0566411405040447,-0.0355777957495263,0.0105992598714883,0.00155322072442167,0.0444552551155771,0.00996185896682371,-0.0194802249085052,0.0213044046120091,0.00397464930376768,0.0671285896335169,0.0182507786519862,0.0520537805117246,0.0369226937282447,-0.0788356612259017,-0.0373474587210341,-0.134506222711188,0.0692619768937302,0.0621865759262005,0.0549408400073844,-0.0360563099680828,-0.0843102707790557,-0.0108231720181984,-0.030881451298224,0.10135752247307,-0.0118242103609145,-0.00239346555989505,-0.00921873894376036,0.0666445985461197,0.0219522136548838,-0.0399129087094172,0.108745553783037,-0.0377892177774935,0.0436960194304554,0.0221126672486009,0.0284214042092053,0.0290884196075836,0.0264277681702114,0.0528991884333775,0.0207526815843875,0.0285988031169218,-0.0160221154730977,-0.0502415587090457,-0.00740656965711002,0.00784696258178812,-0.0404727701416773,-0.0112078092103776,-0.0308866687250032,-0.038657201907458,-0.00289934646817655,-0.0490519524515515,0.00670118289847966,0.00279129286285395,0.0311469120359724,0.0118331799935808,0.0723266533253096,0.00388260673487889,-0.0103207459092459,-0.00110207253002094,-0.0171608363909091,-0.0162988725715739,0.0206909993454048,-0.0275555631551157,-0.0271658173377141,0.0315371435940785,0.0234433338286766,0.00948262587706931
"89",0.01165960574142,0.015330004395918,0.0785889920720235,0.040619823626094,-0.0767484477074906,-0.0933880551316559,0.0444011458440589,-0.0623706231154357,0.036390408511201,0.0509218827729495,0.0461244479192007,-0.0242011890541169,0.00659949440928439,0.0431124117000781,-0.0459777476521908,-0.0355749379403083,0.106992352676371,0.0545145576540653,0.025294163146471,0.0174964726685149,-0.00607653060400766,-0.00117025296092482,0.0217609331181227,0.0408744150045535,-0.0551311935998246,-0.0188590141281524,0.070986768779824,-0.122416509756291,-0.00324071363133497,-0.061565713328184,-0.0265458124052654,0.0590392582477046,0.0754812153440938,-0.0323296271235007,-0.0117209578726638,-0.00606119971111224,0.0747753891953659,-0.0488004072580073,0.00536002490733633,-0.0663477772316771,-0.0086439486990412,0.00536848845357341,0.0833595092970783,0.0841219828851355,-0.0480980307669864,-0.0236516391127346,-0.0216289620145859,0.000379361393285527,-0.010283201066866,-0.0121600618590669,0.0246973441239755,-0.00153875903424564,0.0114362775517949,0.0465426371231884,0.0309802962353897,0.0765511790223947,-0.00101020338808297,-0.0271177411451305,-0.0844117965648987,0.0145885538504381,-0.0159612346727563,0.0795069921235775,0.000582276968791102,0.0195054237599328,0.0335514299901659,0.0765672108343129,-0.018587779705985,0.0737408522306591,-0.0444271273172227,-0.0212298069365281,-0.0451887659379762,-0.0311260977413927,-0.0111694916734285,-0.0252667747554328,-0.0246068623674323,0.0645329069716422,0.0201837224075865,0.0152084394940213,0.00166165056914769,0.041562864936637,0.010413434484423,0.02501564257392,-0.0254452277722592,-0.0878150777673279,-0.00284899520202196,-0.0260177103013184,0.0469102743216619,-0.0162791340786946,-0.0222866917383451,0.0129217160639774,0.161359482914464,0.063929965727137,0.00865541153274302,0.0461080227511003,-0.0342876963142799,-0.0227387803254538,0.0115245719314212,0.0176907144034074,0.0379689702524202,-0.0214060033375498,-0.0261656401236805,-0.0409606076113494,-0.0443860076059546,0.0155965497904665,-0.0210225108928768,-0.0157104130235864,-0.0460932394723803,-0.0161789184608837,-0.0288892333257918,-0.0343987300175707,-0.0403194018256185,-0.0171960357504092,0.0331826352909447,-0.0141026323833106,0.0308433867125345,-0.0205849111501668,0.0269053870724642,0.0477082622230298,-0.0050424540979104,-0.00738670406257135
"90",-0.0459396729692698,0.0835566690020254,0.0632217182861399,0.0322200909226432,-0.0206856305403764,0.0528485975680891,0.0140257695917073,0.0107822042157577,0.00142407917624605,0.0115810186416024,-0.0111292546134556,0.0820969195022856,0.0704061567503219,-0.0651958368307278,0.0114518960240443,-0.103279569747028,0.0572296943658622,-0.0188043320691017,0.0109542490703386,0.0259172072429406,-0.105502626799533,-0.0318618543230235,0.02683315327578,-0.0325873805883017,0.0778361577447726,-0.00431285222087749,-0.0990895090596062,-0.029239539967634,-0.000830096108597744,0.0838589185704627,0.00710367923243837,0.0716521511518196,0.0573342891019764,-0.0522067308921295,-0.0112932152732326,-0.00174385396531999,-0.0434229833309307,-0.0259265916586907,0.0395984489182318,0.107406502731992,0.0416113925867148,0.0299266689952038,-0.0646928530312276,0.0482559801037662,-0.0442520023727951,-0.0145183066507738,0.0502117266433016,-0.0160267190606845,0.0431956751192652,-0.04057651334757,0.00198504028263236,0.0011971663344819,-0.0423956406160218,-0.0116384251214211,0.010432066632769,0.0280929375473306,-0.0106755565133465,-0.00807888976185742,0.0121559820106297,0.0496713947233652,-0.0330591471243896,0.000738306189665322,-0.0147483869454297,-0.0320616757599767,0.0535383626182654,0.046703293191247,0.0655417817294574,-0.0037755725738592,-0.00147024728331441,0.0792811643528353,-0.0224926501582062,-0.0699368781379413,-0.0332575736883309,0.0362431117569061,-0.0242116482129005,0.025314410402762,0.0181795169606504,0.00686599975092724,0.0296802168112646,0.0403508687804465,-0.0058257631490781,-0.00737076283040276,-0.00793392125120288,0.000528324107850203,0.00776051882589637,-0.0961954483750296,0.124164596882417,0.00562301951820268,-0.0523358292242342,-0.000650621058925343,0.0140243852826025,-0.0764369302415173,0.0206113880927536,0.0646939028230262,-0.0310773419430689,0.0119065827582707,0.0241502433869474,-0.0217605819443864,-0.0138669106239614,0.0320997825835008,-0.0107891595874361,0.0266996470431343,0.0205753698953384,0.0296168488429964,0.0123579028263909,-0.000985579360571064,-0.0146841458895677,0.0422508735912071,0.0383157494797303,-0.0376770666608136,0.0254524143326532,0.0486389567408849,-0.0103335753622815,-0.00132951238393911,-0.0227170572488689,-0.0258195480899152,0.0474509454978779,-0.0336317888064204,-0.0182246181692387,-0.00595802503041319
"91",-0.0259051728720902,0.0180976655066929,-0.0161511358539796,0.0425137753124419,0.0633848808915687,-0.0792157587126635,0.0634215433295998,-0.0824686677663686,0.034890035354381,0.0583156589192337,0.110072704970524,0.101315222955249,-0.0860998912339169,0.0232779722101975,-0.0297555308547227,-0.0437082001424453,-0.00591457841237323,0.00545454982895929,0.0172161773274062,0.0224972314756916,0.0311330810159678,0.00390248143140127,0.0455144472605971,0.050791334970585,-0.0237010128915212,-0.0518562697290598,-0.0156948419079265,0.0686192382756602,0.0311448369472216,-0.0217056096940541,-0.0119531243861869,-0.0131296104876712,-0.0410941597374284,-0.0125377663400479,0.0428737049987204,0.0353773246508851,0.0675983790205295,-0.0512055593601175,0.0337124095345324,-0.00863215714329391,0.0116203925921309,0.0800919842921783,-0.052048340041541,0.00774298809795875,-0.112242862026157,0.0348462013010609,0.0355902012818237,0.0116018360690075,0.0508001975269341,-0.0208288545504704,0.0989991410150392,-0.0226785530033194,-0.071831998665892,0.0122308115983071,-0.0033110547688376,0.0231474515900112,-0.107861161268761,-0.00630872107323987,0.0974745052072218,0.0416563092442364,0.0280287830143157,0.0442256698889329,-0.00258064840751093,0.0392835194055127,9.22390886047444e-05,0.0198523419080322,-0.0279700862946423,0.0570200170028764,-0.0832773349354204,0.015781346502541,-0.00197246967737401,0.0735323153821366,-0.011831144192647,-0.0588559188868358,-0.0360890707129571,0.010130627344323,0.0244834869527575,-0.121576823968728,0.0391737236552221,-0.0125675915234989,-0.0459462976602222,0.0424543960248308,-0.0918128516463056,0.00353020613882075,-0.0141857294074513,-0.0451121341474276,0.0292607905803668,-0.027084171974058,0.0636881323971331,0.0200076420549253,0.0306683148267746,-0.0126970981328272,0.00792360567968183,0.00696837557858707,0.029657779030959,-0.0748475806648164,-0.0162082201803519,0.0595897030522448,-0.000974397607606166,0.0340051543922605,0.0265357354076479,0.0400494238340081,0.0172749699395941,0.0418616112290838,-0.0767289145442989,0.0522082192817424,0.0287281494021782,0.0686643384784584,-0.0690761918657779,-0.00491392896839737,0.0144298881930006,-0.00348525080264472,-0.071002869148553,-0.0401013836375666,-0.0737907637134242,-0.0119735639128762,-0.0362733460137363,-0.00893501515288218,-0.0551179340206272,-0.0345755343473357
"92",-0.0485927716845901,-0.0550728691039225,0.0671512125743342,0.00873796946489072,-0.112538203243708,0.0376101269218864,0.0159762941322334,0.00476169051933414,0.0465930199273083,-0.0831234528800681,-0.0875818291008453,0.0515819609091634,0.0371820483095302,-0.0316933485983094,-0.00166242222931309,0.0320272258655809,0.00975780152883252,0.0250950757564922,0.0581684540588152,0.00737430507977241,-0.054076775900472,0.0264772997864808,-0.00878662005316071,0.0137308355259394,0.0070278905924536,0.0186732246470389,0.00635521512911352,-0.0471276649963073,0.00778707889048201,-0.015017624795544,0.00966941680743454,0.0351809231290441,0.0548425589246428,-0.00982669877424455,-0.00298338909576205,-0.0376596339927777,0.0494134886552613,-0.00190776556426308,-0.0641175839664352,-0.108392815117539,0.0402310552207515,-0.0105028010440758,-0.0322322055386223,0.0187103840442303,-0.0180696643728251,-0.0350990143435652,-0.0162620689135851,0.014743282699557,-0.0224283261487385,-0.0975324715948298,-0.0741511783117209,0.0427826729237501,-0.0297259841173629,-0.0176805860541847,-0.0475157885313548,-0.0126949610656489,0.0143079014473343,0.0161819671039709,0.00405974366212914,0.0146788369118371,0.0391251752648799,0.0365849857857984,-0.00455426010268861,-0.00531856216084158,-0.025569283427848,-0.0014255350334546,-0.0164629043364249,-0.0621625852020798,-0.0119687428714444,-0.0320633084802862,0.0227967037334287,0.00808699413391881,0.0475876420422096,-0.0299716205523551,0.00386635055675871,0.0577819649531568,0.0338741620430958,0.026530184776843,0.0263374984505235,0.0554614982346918,-0.011757469932077,-0.0517186594273127,0.0966490022478297,-0.00246066199622488,-0.0319493437652953,0.00935596636721856,-0.00122677765470038,0.0908193038460217,-0.0120204406193671,0.0125601816180515,0.074906410694673,0.0039767333010488,-0.0360780653928252,0.0746335662489191,-0.0123252832052668,-0.0179049065880189,0.0217530585898103,-0.0257457182464076,0.00978579143444499,-0.011551294380859,0.0171238258309714,0.0380279740690189,0.0158412040212346,-0.0144131546201438,-0.0247437954005039,-0.00684044935602815,0.0242081856867867,0.0079119430454634,0.0440620512109385,-0.0340668561556638,-0.0211029048870755,-0.0166452179785369,0.0272601062526167,0.0100699366194422,-0.0140422887474164,-0.00986609605815609,0.0400566253273822,0.0480700920840733,0.0166589118884462,-0.0283226919150459
"93",0.0286321142656837,0.0468893559794729,-0.0498717699313869,0.0419121126836157,-0.0627221904980695,0.0184381499624441,-0.00941360950366503,0.064617000635726,-0.131742539160942,0.0202950363960554,0.0312278310053415,-0.0257838071273483,0.00574663828753284,-0.0937174784289481,0.00162208053468963,-0.0161710823136804,-0.0303077579008131,0.0270662814242271,0.0268134362690751,0.00302399691352712,0.0101844657458914,0.0122281089626806,0.0388890411370089,0.0199898244065159,-0.0411233708793236,0.0837803011431238,-0.0824087325805106,0.0214464284565709,-0.129701605805193,0.0902695165530467,-0.0447974836483008,0.0733252767647662,0.0399653424520832,-0.104061455651784,0.0654328762181757,0.0206600627744944,0.0565734152570526,0.0620168832343899,-0.0303417884900695,-0.00538027208433672,0.0118913731821764,0.0536954522834868,-0.0285615620956942,-0.0437848881808041,0.000985870979497296,-0.0290488222866551,-0.0237094606439932,-0.0114380837897984,0.0249640898469895,-0.0248159516324431,-0.0695186490263627,-0.134370768697825,-0.0864967198951059,0.0059720502544435,0.0346616962587641,-0.0481489342475548,-0.0849766544025288,0.112887111644607,0.0207023287368233,-0.0258860322277222,0.0470846977593764,0.0416231468730774,0.0095745459119947,0.0369684412642992,-0.00765358246379457,0.0145313326194609,-0.0354137620854285,0.000585511867406907,0.0294594814388205,0.0201731768394633,-0.0241048257807207,-0.055883219652791,-0.08453040127938,-0.0310250729450646,-0.0766315653169022,-0.00834445326252238,-0.0654907335274154,-0.00774398793871463,-0.00461696790535377,-0.00922480083345304,-0.014847481636186,0.0552477533723157,-0.0744977902782954,-0.054760161839385,0.0784425606525223,0.090186384923409,-0.0883020794759065,-0.0378537820592587,-0.120080259480565,-0.00117270404928025,-0.0117645964728039,0.108222256388019,-0.0182939291234714,-0.00918556424425052,0.0462703597717394,-0.0165504075570736,-0.0289399489754078,0.0301854692667992,0.0759126777918978,0.0440771343914302,-0.0166532016220413,0.00130185042089406,-0.0723940113376142,-0.00438290630955979,0.0581434965561169,0.00799564153568543,-0.00602462165463135,-0.0584028425038491,-0.000548220814106654,0.0343314310942173,0.0026532740759368,0.00636397825471687,0.000351381268533216,7.5775444876983e-05,0.0575516998118087,0.00819640103671553,-0.0121572078331237,0.0470460758652863,-0.0512183929695367,-0.0500907239424104
"94",-0.0222643941063304,-0.00657845546873995,-0.00652869064077121,0.0486694977646298,0.0454878139784048,-0.099369282025206,-0.0107480512206124,0.0360787814440843,0.0378952454273009,-0.0855846838824619,-0.0246230514033791,0.0908911036022436,0.0427452340927654,0.0718227932887022,-0.0263272030991181,0.085961728528194,-0.028001859216179,0.0567644773147561,-0.090184139832994,-0.0367659538477309,0.0341098091459118,0.0865862645218135,0.0750588650656934,0.0840880294615229,-0.0490824993464109,-0.0455493994939214,0.0920343676116872,0.0551715453464998,0.00482169418264918,0.0144463844852763,-0.0118379584969661,0.0119001279054787,-0.022428271584569,0.0756288131623367,0.0473179779025573,-0.0413267282030013,0.0515102169391778,-0.0963358898973697,-0.0212985066584517,-0.0358114428839078,0.0882107544218409,-0.0168745495302506,0.0392087781909075,0.0512576408370759,0.0528324629719697,0.00255807163873835,0.033398678306141,0.0213391318210637,0.0308006319507545,0.0579624718066423,-0.0180231054833739,-0.0580394780244913,0.11427825834649,0.0262953424753224,-0.0207296743114935,-0.0185484463607844,0.00462373815731251,0.0847765680512687,-0.0128760260935133,-0.0242803163722646,-0.040066257463264,-0.00476996291830519,-0.0214292745030754,0.133439669770232,0.117838749629532,-0.0145934644183228,0.0597745772354433,-0.160275110289769,0.106447992412447,0.0520901676015483,0.0443077040561514,0.0480345039899169,0.027436342501731,-0.0808363125170631,0.133595320719355,-0.0667002826211317,-0.000874165659939296,-0.00455525740653027,-0.0995037261677789,-0.0160011602620078,-0.0265784170906708,0.0181120254826664,0.0442923771677535,0.0551929149978937,0.0532559570709045,-0.00436088169257659,-0.0581354985863013,0.049639220262348,0.0367572774845897,-0.0538875092862332,-0.101391611125619,-0.0415972526857904,0.0440266507474952,-0.0472076617231841,0.0631222963411723,0.0366382852647896,-0.0373531180943561,0.0353922102064871,0.0234570513193587,-0.0195401823074429,0.0456769377243263,0.000774043744709548,-0.0402307609045428,-0.0277081351942603,-0.0101039064366899,0.0764061577276592,-0.071075708236656,-0.000454883693870483,-0.174190361456018,0.00205805267500155,0.0234624785482801,-0.0184753281169981,0.00500947469218315,-0.0611751627647795,-0.0765299335734366,0.0396994305444619,0.0198204639807088,-0.0033164479019246,0.0536447452480183,-0.0494339230747409
"95",0.084356146984641,0.0417515513281443,-0.0235609559639279,0.0531012111491426,0.0360534491000511,0.0760184406256082,-0.0223842311923545,0.024099024607515,0.0128153228891184,-0.0301274809370005,-0.0390639763953739,0.0189430192807847,-0.0271977879895298,-0.0281516395252956,-0.0619517907764585,-0.0464519592692442,0.0349827515068528,0.066661420675321,-0.00748206728407805,0.0235941250390082,-0.0526587037021358,-0.06943368925599,-0.0121561611073669,-0.0585683319797917,0.026928732426313,-0.0410974075058862,-0.12528676390672,0.0977777795656968,0.0584075321880959,-0.0444477006751992,0.00356814012218029,-0.0681264688644642,-0.0218062700275244,0.0274110915282032,-0.0295850019928311,0.0183146745924064,0.0697389410329331,-0.0104798754276757,0.0116194754791626,-0.0231042488356595,0.0184104197305693,-0.00670900672971751,-0.016988232861923,-0.0506634552741095,0.0488527546387996,-0.0231299242740939,0.00315797766404112,0.0480834358351395,0.0400646414825686,-0.00933179458382614,-0.00647059091912175,0.105005062595774,0.0847417296478183,0.0282642663571923,-0.0343741405831267,-0.0954540307890485,0.0331239960600824,0.030425668016204,0.0224578285477435,-0.0524631184825746,0.0504412056511651,-0.0520066594360467,0.0325324585062098,-0.0267643189850412,-0.119774848718565,-0.0710415937134272,-0.10870812593807,-0.10221837458552,0.116295588593195,0.0204628544668784,-0.0262880279212187,-0.0122876326934627,0.0337751523981899,0.0213771712771624,-0.0145256102073891,0.067670004880282,-0.059334486505389,-0.0373672444431816,-0.0377295810366974,-0.00407401079342562,0.00741646257963481,-0.0605606577094327,-0.0188775306995309,-0.0106630254810446,0.0221032844674532,-0.0715323397011436,-0.0757454428289523,0.0555545211954522,0.0125324003289922,0.0817046435958644,0.0624199544532391,0.0207965988784943,0.0299867938053047,-0.0608126456226304,-0.0220100634640213,-0.0223554271899054,0.0170427604963627,-0.0303101267514367,-0.0240748208588005,0.0239208711529001,-0.0235240617426385,0.0173088672570182,0.0245687399616341,0.0402813548518734,0.0219990331738656,0.0161118067439289,0.00512079394948778,-0.00945791211633251,0.00617224698396275,0.00465106425280621,0.0177576292589232,0.013395364432821,0.0519698114175489,0.0215864162867049,-0.013549844443979,0.0235744792681346,0.0159712314761454,-0.0168134161824918,0.029022863077278,0.0179305510210363
"96",-0.0263525833560205,0.0982236506652663,-0.0196937018425422,0.0261583612687576,-0.0551885153765388,-0.0253144611467748,-0.0336054041883524,-0.0188287049022576,0.0856197776239142,-0.0149137351780157,0.0496353524218764,-0.0467844347072572,0.00870519299970666,-0.0695325346935097,-0.0482904625265162,-0.0677768743862126,-0.0880476684858099,0.0397053032861235,-0.086042746665893,0.0361427133710396,0.0650053567905602,0.0335014731720972,-0.0107858011621923,-0.0961364044255341,0.0668671631712981,0.0789670502242921,0.0204633259480726,-0.023277862852061,0.0367461994264173,-0.069006045743963,0.00235236661838266,0.00542617080991502,-0.0248211560625107,-0.0101437791714183,0.038198133964476,-0.0727530953970835,-0.00383887045403107,-0.00374113092874221,0.0241095419842701,0.0334703281057346,0.0399162064851919,-0.0140605409675937,-0.0426001428158175,-0.0330312285212416,0.00476079058738906,-0.0172813517500148,0.02342945489966,-0.101339327299494,0.00503186903150915,-0.0012040976634182,0.0339545371744354,-0.0509385686582301,-0.0455164361207249,-0.0701969439494484,-0.0734968394412979,-0.122144294263051,0.0492041166731429,0.0560979905634145,0.034059339997593,0.0554540099261374,-0.0197297914577819,-0.0729519229873856,0.0364778903251643,0.000208878156646054,0.0224149059422764,0.0230866184184241,0.0425665766875863,0.0106838835154196,0.0374772829976199,-0.0520118179421389,0.0473243524544965,-0.0458674242955337,-0.0817339301007269,0.052758745526252,-0.0396678078146886,-0.0263882459315212,0.081461814300903,0.0338403340781735,0.000183896018525596,-0.0214202060031801,0.0155958757746355,0.011542001654903,-0.0703232148958374,0.0342248046117039,-0.0100743287976452,0.0542739939314911,-0.0503144423994713,-0.0126872250444182,0.00443373191935752,0.0499416967028723,0.00390975983438762,0.0483615463680186,0.0261654161622356,-0.0756161035152142,0.00918988953058429,0.0360747037401708,-0.0362673371601025,0.021543015997003,0.005604681920963,-0.00757996642167025,0.0494652090817973,0.0129677310802731,0.0317794268427924,0.0397346544405276,0.0164668329191382,-0.0014800540233209,0.00946291074567684,-0.00949052667558762,0.03230607446382,-0.000188317512872008,-0.00701357651107064,-0.00726614174842167,-0.0350140832409837,0.0110067950069843,-0.0234957128879578,-0.0125153366049126,-0.00807660342237571,-0.00515462089901585,-0.0205335903441037,-0.00500112573962852
"97",-0.0417666958045237,0.0102435787750834,0.0155205023221251,-0.0658973972135198,0.0193095793310661,0.0684069194731665,-0.0620200912490173,0.0521739764233655,0.0321422478522688,0.0762950278254593,0.0556959253965862,-0.102529774452987,-0.0493050333231646,0.0426873006770393,-0.120572009978308,0.0634533988803739,-0.0121947315181045,-0.0270009784667052,-0.0192569135393358,-0.0451607650583846,0.048501339998557,0.0286486268620648,-0.0723827135006358,0.0504031661716881,0.0284205160406653,-0.0535796140150647,-0.0089192123962452,-0.0157143195385243,0.0278992184779336,-0.0380350695922789,0.00281633989744362,0.0168825057994282,0.0881049324856835,-0.0453545987693157,-0.06708826458419,0.0676730837006333,0.0069227490677172,-0.000458898444184726,0.0665607251406595,0.0370964675011965,0.0280199855888114,0.0148976818571131,-0.0916107946955404,-0.130501499523474,0.0340729456735751,-0.0387762365525225,0.0120044936204389,-0.0329024613621174,0.0186889272491763,-0.0499806713524359,-0.0370704390985058,0.000896790085596054,-0.0162216090734876,0.0180713557330544,-0.0747778868389166,0.0481716888353713,-0.0255083812536204,-0.0140234485069909,-0.0426306731673913,0.00997523327860572,0.0312980613899537,0.00222458906140738,0.0444088374227225,-0.0712246345518298,-0.0247654178245654,-0.0456569525887291,-0.0483841106810604,-0.032540771641665,0.0822351971443723,0.0490360751025706,0.0566480608506234,-0.0645241157995593,0.0809786304715492,-0.0501043443442121,-0.0553294948492767,0.089048292332854,-0.099404153356797,0.0483124734911323,0.0411128963035285,0.00197627672038415,-0.0170048957905141,0.00777203369579179,-0.0343753509442386,-0.0226538635902471,0.03188797876361,0.0858152376139317,-0.0484098641427199,0.0151789863676704,-0.0866390823532382,-0.0501220687010059,0.00365204483631821,0.0778778125033156,0.0388649628087917,0.0357652808528327,0.017723241128149,0.00642959791441108,-0.0407506579415975,-0.0221086669424666,0.0106214661738586,-0.0299205217809944,-0.0107656521747083,-0.039401483553505,0.0679045382064273,-0.0413377706727447,0.034807338738808,-0.025484846335187,-0.0208033708390973,-0.060854764196747,0.0431991933403976,-0.0499644780536675,-0.0360130208025674,0.0238343760838153,-0.0255100916797254,0.040992072392416,0.0119702773130854,-0.00805945506085701,0.0224378973149606,0.0361637249793197,-0.00524818306646916,0.0159040169180949
"98",-0.00945834093486559,-0.0361190789540732,0.00489049866102114,0.0299102445906291,-0.0117310208847591,0.0014290937819173,-0.00505159857123203,0.0127582153748614,0.0180414722306899,-0.0894202844974075,0.00336932326946158,0.0181608471920829,-0.136573431747917,-0.0138704419364314,-0.0532255374592228,0.154702109428156,0.0695438350946522,-0.114439309622149,0.0189260797985942,0.0286119284818931,-0.00763733298150304,-0.18316411583673,-0.022756336510041,0.0687406356296262,-0.000582002379607537,0.0475146730114291,0.0484873751387389,0.099893060156758,-0.00505125767787514,0.0666642143146364,-0.00408695062432015,0.0379394185936593,0.0390259816364593,-0.0310849584225334,-0.0203622991753645,-0.025789467280053,0.0077388853599538,-0.00428793304732931,0.0259914314912841,0.0356232323291772,0.00545174046222125,0.0301900018278418,-0.00521627108098953,0.00198511731923736,-0.0174013826516936,-0.0511658811305124,0.101387747547982,-0.0504210028393508,0.0228462462379795,-0.013529875195333,-0.0166774725091983,-0.0044643264236828,-0.0721137785830583,0.0179398258555462,-0.143163591963867,0.0681633299763293,-0.0805439561478703,-0.0012493210475879,-0.0225892787626333,-0.0160338100215949,0.017967582067167,-0.027782244028136,-0.0580984575393183,0.00124385760434622,0.0698135964883017,-0.0419958634220477,0.0754072542553332,-0.0388964573765839,-0.0620801694221196,-0.113705438893225,0.0415035644837406,0.0051461464980476,-0.0112123744397461,0.0322171138932806,-0.0541421915706812,-0.0341948460730749,-0.0901464497462553,0.0545840750672035,-0.0328948541592298,0.066542200643396,-0.0840653048156236,0.0443767401509848,0.0478786977577524,0.00638383893832726,-0.00966949799947242,-0.058976630781697,-0.0730611397296642,0.0162342834094312,0.000852425375689555,0.0361017634863227,-0.0472416797545218,-0.0696801771994255,-0.0148018026456106,-0.0645288063958784,0.026941965415983,0.0166353126574405,0.0102171096914448,0.0176525952878509,0.0137159906688253,-0.0510455190542294,0.0223552950328027,0.0503106555657222,0.0152586059431836,-0.025406264170491,-0.00626459930507625,0.0590316493738843,0.0480122323629412,-0.0452349360180198,0.00436847027931821,0.0384542231716073,0.0125068802463776,-0.0142178903967069,-0.0346998057223981,-0.0136653302187108,-0.00280052886468131,-0.0412453055406917,-0.0365451242499986,-0.0186452218274268,-0.0482499518996362,-0.0347718078957499
"99",0.0472988630388929,9.298745540327e-05,-0.0165322779737498,-0.0481174812658932,0.0886380420725887,0.035986304122393,-0.058492711499143,-0.0486705002383564,-0.05548753454385,-0.0165127382487497,-0.0220111544571878,0.0177886799040961,0.107199685433343,-0.0286580474960159,-0.0385029412797024,0.042542821121247,0.0172507782741299,0.149744468499222,-0.00958530811153034,-0.106806862630212,0.0447051729686723,-0.0239218406133973,-0.0614795863752889,0.0289514745465289,0.0252206812297917,0.0837629317798117,0.0385819552018278,-0.021191448315863,0.0264429630579208,0.0168722760835698,0.0354159826008278,0.0764659774997795,-0.0360973479101997,0.0101056474457278,0.0560539907763969,0.031426955684657,-0.0467869924073818,0.0312008203725675,-0.00548612880642623,0.0568234538874567,0.0356706565268004,0.0102703089669604,-0.00291348165886503,0.00777904062949595,-0.043164288013151,-0.106785651911251,0.0178960280674518,-0.00499722989204144,-0.0140708591654106,0.0430502480143328,-0.0395959654928864,0.0659809236114172,-0.0123238499336355,-0.00139848594829277,-0.00983575908173677,0.0466580569169033,-0.0497399100252406,0.0321711067730163,0.0592922093130919,-0.0511299071680726,0.0120531363463437,-0.0755725578279704,0.00495017680817086,0.034029297281092,-0.0339004652753152,0.0242031528873373,0.0617966729442587,-0.0663455379336242,0.0369273583503774,0.0386804187312725,-0.0926950109182909,0.00785201775547869,-0.0491988219602099,0.00239425182684782,-0.0251713649208628,0.005402538259217,-0.0347993260837493,-0.0991082898742255,-0.000927803287959605,0.0414020845088758,-0.0989498350245604,0.0258466787226734,0.0138059800592465,-0.0424871791196078,-0.030867090551473,-0.0387914393518079,0.00465441099224266,-0.0177212474317095,0.0043663356545413,-0.0722086319288221,-0.0314169354013054,0.0246898478350713,0.0208879798503064,0.0398109849103975,0.0252669595403758,0.0310368533905353,-0.0112058624447554,0.0154893678084193,0.0254272348339097,0.026303670477187,-0.0126605120352723,-0.0631556702980667,0.0311944243219552,0.0225110917000847,0.0435398687129128,-0.0242855934702094,-0.0362954952734631,0.0133173043398411,-0.031970200994342,-0.0127340090738471,0.0158843573431696,-0.00356974907676027,-0.00402784843645162,-0.0177174213967053,-0.080552448515664,-0.0166762403151176,0.0034058660175189,0.0246747283662213,-0.00266860153099838,-0.0233750369501255
"100",0.00722009334464927,0.00935452169608061,-0.0233249427108959,-0.0413533860672651,-0.080891391361616,0.0911650446546333,0.0930575374323827,-0.105867197160213,-0.00425486362112212,-0.0196400702475254,0.0156479776628815,0.0523225290344479,0.0595551930275968,-0.0147670872178808,-0.0320281044716579,-0.0217575072113326,0.0233520142129477,-0.00225399373841165,-0.0970275463463741,-0.115617452575056,-0.00503632156160336,-0.0296619270119475,-0.0532629569842257,0.0545192680213458,-0.0133316124737603,0.0330232731408937,-0.0145017690365951,0.00766660145248384,0.0478938009061361,0.00308891496031378,0.0762536572133096,0.0180901761631055,0.0390851026545242,-0.0151534338803369,0.0327473689489236,0.0440703798901019,0.0302957862848387,0.0351558212387572,-0.0424326052002455,-0.0342789776439866,0.0400203870564698,0.0832395319758023,0.0388873478904515,-0.0242928440162566,0.00725098860284901,-0.0536490811964196,-0.0200538460025185,0.00617679678010605,-0.0683933212944889,-0.00521375073058574,0.063733495661335,0.00146896930371672,0.00762125922385446,0.0232330982605904,0.114226958000757,0.00128951404041399,-0.0301342968411078,0.019780740570679,-0.0849379730722767,0.01987870735896,-0.0210816461769358,0.00152398518919404,-0.0992592940901566,0.0174261795203262,0.0324318535099052,-0.105171619318992,-0.0262765458851732,0.0511007856700822,0.0420716584891051,0.0306441662410265,-0.0853034838656343,-0.0185848263869347,-0.0448339781325079,0.100179501568813,-0.0452708800926528,0.00947715251685049,0.0522030006447931,-0.0420283408122637,0.0039127164948171,-0.048987096849167,-0.0382923157462385,-0.0130840765719876,0.0425146858976161,0.0521705630751739,-0.0275604475814836,-0.0336755894549795,-0.0927207499762581,0.0518067779641765,0.0400464132035804,-0.0170313582748745,0.0341335257354919,0.0390013093410544,0.0751162457732363,-0.0564864543634466,0.0336297821903781,-0.0183660755668195,-0.0341539409753722,-0.0132297636398476,0.0316922674188056,0.0285343298839167,-0.0291563433990265,-0.0217076727450064,0.00958445183725829,0.016782398235307,-0.069962560934657,0.0178151701973492,0.0287366600949301,0.00422668501627313,9.26813335456144e-05,-0.0148283795775561,0.00825288231435784,-0.0137031396050569,-0.0058812555473046,0.014238561979961,0.0252411252703492,-0.0105268301550834,0.0055179996855537,0.0336643051485278,0.0230050602760732,-0.0152633987787278
"101",-0.0527089759490638,-0.044919182998058,-0.00927609996175318,0.0233968259071328,0.0703856298639202,0.145099468486012,-0.0384649129214066,-0.01876977813083,0.0197547223395858,-0.0111789120515955,-0.0224247734581252,0.00108233825661737,-0.0085583262464399,-0.0222505411442881,0.0459633256185722,0.0162917548304364,0.0474461670440955,-0.0250882077442799,0.0523354490142598,0.031827700958157,0.100841294399548,-0.0271129821014393,0.0424113314942324,-0.00847994158196794,0.0557182149038938,-0.019156783722769,0.00527734604795104,0.086760080225525,0.0140041887249766,-0.0553260366672496,-0.050911714896436,-0.0634727953966866,-0.0656318168393014,-0.0183274401208822,-0.0591581250013897,-0.016743256962954,0.118932798643351,0.0398607059834073,-0.0283974061831542,0.00329243161088937,0.0119552550456598,-0.0477991601034515,0.03828305388186,-0.0290835503937741,0.0300901320306803,-0.0183356542574683,0.0566769099164197,-0.0404817123085806,-0.0474780742939884,0.0215431667879379,0.0154299236532045,0.0109093288959916,-0.0443536156785195,0.0392456485910913,-0.0455517494119751,-0.00643695970267432,0.0217052587121328,0.0185243495739287,-0.00867960340042483,0.0486761451840582,-0.0172941670259337,-0.00712895856524677,0.0142111094140599,-0.0479943656136925,0.00776111899064882,0.0735368094732147,0.062809007312649,-0.0418514097076314,0.0371881110429498,-0.0301383481493416,0.0764264436724304,0.0586392517953651,-0.0412141766464547,-0.0176944577993251,0.106865067831372,0.118098783343184,-0.00827482965576271,0.018990728211834,0.00186580911301333,0.0750321094812714,0.0525022442406736,-0.0297296484357228,0.00380149853341647,0.00998329171210509,-0.0627840563789255,0.0194863413649601,-0.0790979117705591,-0.0332511841010096,0.0406944646491737,-0.00550480770639688,-0.097581580493206,0.018217442532064,0.0224468237448882,-0.0104516613020145,-0.0254268672753039,0.0463333222430705,-0.0267910379320801,0.0123695882875561,-0.00499327991406975,-0.0399834386603976,-0.00463838373304069,-0.0355405557172982,-0.00846079412145883,-0.0112009403416705,-0.00741996881938127,0.063655671420961,0.000614488001218529,0.0448114791152017,-0.000701798229568554,-0.0235254350129128,0.0419265954737232,-0.0251929663500369,0.0198478036000191,-0.0359541933490149,-0.0149915070078137,0.0274490510186951,0.0190848745877151,-0.0409663271756375,0.0316871916296105,0.0301041651078374
"102",-0.0158841864594877,-0.0938669687662662,-0.0301545908283678,0.0655124694696306,-0.0967448124202273,-0.0122968208966489,0.00131398222416783,-0.0410604722413052,0.0351525326130381,-0.0473006792833967,-0.0695360103951811,-0.0133904582594316,-0.0234310920176408,0.00781931617467064,0.0247221271356698,-0.0277082921223124,0.0441861092512791,-0.0537131988395296,0.0031879849860264,0.0375878178628933,0.0666250384757229,-0.0136145370943885,0.0295930962629915,0.0206699896082859,-0.0269855432007812,0.0637566877875876,0.0908445864528995,0.00528074856366579,-0.131611807320641,0.043655266021614,-0.0257768543957832,-0.0283003685328391,0.00411500329856507,-0.031677650236422,0.0705856305848264,-0.00871925570633397,-0.0533083916705954,0.0493418115126297,-0.0147397704535773,-0.00197021612685347,0.00953774398898554,-0.0127416636770975,0.0675515234156026,0.11096871195444,0.0472276299781614,0.0989482623500893,-0.0557314519520335,0.104951987606895,0.0546803572724644,-0.0164905463993005,0.0213488336730708,-0.0242986966462507,-0.028132847056058,0.0241697576775136,-0.0244695755632066,0.0714328225864787,0.00215287662061056,-0.0714134963314291,0.0540472425390502,-0.00106940979158335,-0.0376198910948432,-0.0391241300646077,0.1010712562875,0.00332801750222791,0.124666122061139,0.0628187822875418,-0.00380475049878962,-0.101139951572346,0.0816879873343039,0.0743664804407113,-0.068271593169923,0.0189430225392767,0.0109529787388085,-0.0885542865208599,-0.0542663941864451,0.0377416223560062,0.0343517920209794,0.0241829478857747,0.020066697744782,0.0796650366571002,0.0356258483567766,-0.0958772045536649,0.0760387482302497,0.0133488347283186,0.0483479369445046,-0.0478791850492723,-0.027680534489722,-0.016466050529099,0.0161456611060843,0.0944847620068055,-0.0179179306485085,0.0334581889369177,-0.0262245042720316,-0.0541171277754601,-0.0323866943958921,-0.0175226972298099,0.0840816949949356,0.0126470631798092,-0.0202794089687226,0.0140372998340706,-0.00893459727929339,-0.0357643884096393,-0.0162303327452546,0.0349030231964209,-0.0675345136777778,-0.031419153015252,0.00617697297311825,-0.0660656281628026,-0.0288372991756284,-0.0139717095477789,0.0201009022312698,0.0362365995140191,0.0516951792461465,0.0387341624570024,-0.018065975234829,0.0658279413185896,0.0122711699833923,0.0161582107256641,0.0341318553201187,0.0203426104856945
"103",0.0235038997580439,-0.0668542673276926,0.108142124658813,-0.0683096014335897,-0.0147774117789598,0.0268932100781343,0.0279822117385449,0.0197726126286929,-0.0787834945326342,0.0644276517673229,-0.0189305473346402,-0.0195754207946209,0.0592028170941288,-0.0873842635738162,0.006213971284473,0.0185806525753778,0.0237114049609599,-0.00760003097922094,-0.0176957427274328,-0.00507380693608189,-0.0196510426325328,-0.056910789545454,-0.00591958444241051,0.00621344242277378,0.0537185445553132,-0.0472150174678339,0.0115359772331452,-0.0206496002027567,0.00398710270185182,-0.0127140016865337,0.0157222422782807,0.0132442122744109,0.0180611186669208,-0.0465610929696209,-0.0781827450041477,-0.0578246997642681,-0.0414475788990025,0.0490589483507791,-0.0667882709025743,0.0585023626239343,0.0527182172643922,0.0455066487823118,-0.0204342654871702,0.058013071381437,0.063286104295408,-0.0263061843491486,-0.0304145507270495,0.0821065380653313,0.000373771817247721,0.0412188874933667,0.04443140065747,0.0285301853660643,0.0358435933923571,-0.0284396210568974,0.00265585857653891,-0.0704212693477287,-0.0808335853178651,0.0627920311709732,-0.017013734199402,0.00400360794939537,0.0610150507503258,-0.0658150820805487,0.140882995652,0.0611516253788663,0.0862866011247948,-0.0865059599497158,-0.00392952026836658,-0.0394426031286704,0.09713294031399,-0.076454819979117,-0.0117309072931932,-0.00972579686882171,0.0462219644755204,0.00445708984866579,-0.0422658816904741,-0.0296912748419272,-0.0362051249927823,-0.0771395036542419,-0.00630747879228195,-0.0600465379465744,-0.0234955151199675,0.0243885139044649,0.0167248039640745,-0.0480911729190582,0.046152823359523,-0.0552421571352828,0.0508330539396197,-0.0444734655842152,0.0849407493959431,-0.00299255284463925,0.012952931432179,0.00172910512751274,0.103295110645045,0.0593726022206794,-0.0505702046813828,0.034156629853643,-0.00187528001298113,-0.0128918746590603,0.023079289170077,0.0381933451565215,0.0213589811848236,0.00303846064060638,0.0385063329878835,0.00845339849003587,-0.0103642490147939,0.0370683747955808,0.00931404835676614,0.00274429794269106,-0.00297061645648152,-0.0400340122705736,-0.0140254317816843,0.0426053507752635,0.000600547085265964,0.0210692380891022,0.0289860674506439,0.0163771168946944,-0.00983219699865212,0.0115680824714476,0.0112613243500862,0.0496351151111793
"104",0.0114401897237166,0.000838669253080446,0.0688002184311534,-0.0429829159539398,0.0187300521187287,-0.00403191152704011,0.0928924295850557,-0.0308417273684286,-0.00414621206386181,-0.0579127687042103,-0.107860905349894,0.128195789083488,0.020235781037202,-0.0381091241628254,-0.0139875827158228,-0.035214670625506,-0.0187797472348231,-0.0121525731044774,0.0437319844140543,0.00298512070743205,-0.0539470080965447,-0.110309369728794,0.0282673032335595,-0.0661389816099091,-0.0396579994431592,-0.0777577447745373,-0.0211269843772076,0.00744108920439047,-0.0266365843322156,0.0594497406119319,-0.00161919033977233,-0.0747473351988529,0.0897728657293726,-0.00528497744187616,-0.0348419097435394,0.0413450728934665,0.0159576776735205,0.0113709687637955,0.0148693820823528,0.0258458607442892,0.0185198837440828,-0.0688747841737271,-0.210050094402486,-0.0176601421110823,-0.00647431553367301,-0.0254762161032446,-0.00978290684168576,0.0374765762946589,0.0502624412592327,0.10850170025894,0.0157869441827926,-0.00977287455539992,-0.0114154853868333,0.0197955380440391,0.00445248540884278,0.0311959423430941,-0.0671813157984433,-0.0108416696341614,-0.0808253447022215,0.0074405058088188,-0.104889962854685,0.0281738378422068,-0.0499281530498912,-0.0365604928382787,0.0370655555848806,0.0687846070497712,-0.0207844149377496,-0.00203927591746028,-0.0374533358255897,0.0263671631003478,0.133614230195022,-0.0025971832071291,-0.0450893941817344,0.00833793705841391,0.0257705239823579,0.0108095533253794,0.031964812949407,-0.0283624717191531,-0.074463574258643,-0.0318673358368078,-0.0902659778891295,-0.00860232446016981,-0.0285823614758254,0.0426615501295132,-0.0852467066703566,-0.003699220594779,0.00490007192881531,-0.0446583938401285,0.0574494745474708,-0.0596551405269607,-0.0152072610319894,0.0327890547099745,0.0827418023489339,-0.0389199795932625,-0.00957227991961731,-0.00970980021299172,-0.0542480509457726,0.00729432106737772,0.00484022531497181,-0.0209159325491907,0.00175249857449384,0.0680004129480572,0.0128771983735359,-0.0273469729691722,-0.0167790397136391,0.0181758007290274,0.0430946819751425,0.0292914074278551,0.0392488440110787,0.0374106236272926,-0.0386332662684693,0.0144187334575115,-0.00749524011675426,0.047189549820249,0.00450892297560662,0.0331513582031482,0.00205664171760721,0.0183548326730005,0.0470533447142714,0.0141476738480125
"105",-0.0318861828139406,0.00819080488296894,-0.061800329055883,0.0706134442689199,0.00238043895126209,-0.0454083576654558,-0.00459987995109659,0.0320809910254129,-0.0845062380395198,-0.0479938293577577,-0.0726365044396433,-0.0507793862054609,0.0544364142151133,0.0280039481659078,-0.104868416548612,-0.0295466345830087,0.0848306595344487,0.0236507521934104,-0.0153400116416706,-0.000725177540506218,-0.013706344603771,0.049524411087015,0.0562115366172426,0.00460799452627481,-0.0457145366786532,0.0100737217606171,-0.1373609437089,-0.102763676818492,-0.100299181452047,0.0456714393959304,-0.0116894629702917,-0.0175809180813673,0.0385476716589564,0.0320588759189199,-0.00500257601652609,-0.0351237369744718,0.0241693927510954,-0.0239536496253446,0.0558607109643041,-0.0803055150441395,0.0550614897596689,0.10076667892386,-0.0285808073810776,-0.0113032995722369,-0.0416902975829121,0.0506165775103945,0.0234809438813314,-0.00767755015291796,-0.059398664906808,0.0219258084609973,-0.0508092880683062,-0.103813753245495,0.16813405016843,0.0275707700472331,-0.0381206467563925,0.07475167741465,-0.0550249876261364,-0.0304852912471009,0.0360167536249745,0.00751545408844435,-0.0861522341893883,-0.0221349023518742,0.0541639982692405,0.0757705460948889,0.100170768856148,-0.0256165865390289,-0.0910150156337791,-0.0544843060753519,-0.131179664420329,0.00538152558514284,0.0704758514513969,0.0684956202572625,-0.0305189796197859,0.0167401952009652,0.0408077210470771,-0.0373269625964737,0.0906097108123331,0.100809732573445,-0.0627515202571643,0.0149940507580367,0.0333100712749207,0.0277899997864059,-0.00820623155779516,0.0474657583336019,-0.0388357843598042,0.00244278310910626,0.00559905142414478,0.00398195734072836,0.00345267579087938,-0.0852782860219398,0.0411947263226911,0.0579197073440684,-0.00541757537395335,0.000667359317551059,-0.117881277034104,0.00312806332945159,0.0392107542378857,-0.0177611061110585,-0.0232319698705708,0.0310607235905619,0.0304122066031787,-0.0303035369933019,-0.0408514515783636,-0.00709881508340972,-0.0656295520289748,-0.00481138632604006,0.0370985295011014,0.0302714033453167,0.0187166173206496,-0.126854840548566,0.0368917638353813,-0.0270249535600353,0.0462820283452362,0.0488171217569723,-0.00216315955568248,-0.00829563254349098,-0.0815192515708619,-0.0373982113539448,-0.00989279214156686,0.00624345019918141
"106",-0.0656037555286928,-0.0366679626019937,-0.0104685085342559,0.000212184452567844,-0.00722369126712922,-0.00566369553663291,0.0992035547751636,0.0284682977627977,0.0683904203341045,0.111910760841284,-0.0300120553053686,0.0504183737420256,-0.0300012762838726,-0.0173118590826528,0.000201676732437173,0.00688989870622638,0.0189487983126828,0.0801040576123414,-0.0275633228150738,0.0347078359558955,0.0603828244823114,0.023796691900667,-0.021048948845926,-0.115683506073794,0.0578875477299395,-0.0119310331719615,-0.0922647362347239,0.0854931393471721,0.0076718991865775,0.0149874448106385,-0.0178414558038993,0.108582758041047,-0.0546857817897544,-0.0187981335124121,-0.0313023203415655,-0.0356648570676769,-0.0514179976063867,-0.0399130969176871,0.0334040593663063,-0.050194515443742,-0.0147193273939847,0.0152039323740731,-0.00241715825871697,-0.00491155064583499,0.0113001908781796,0.0255268143396104,-0.0120066408794616,0.0229067473386544,0.0581102938459458,0.0387938648365313,0.0252539375052371,-0.0131247994501089,0.0709840482590912,0.0388592036635419,0.118673770726507,0.0279438330659591,0.0120784484509038,-0.040776103979859,0.00247522842563827,-0.0599033389316831,-0.0544946097424989,-0.0564139307734154,-0.0384609330835644,0.0860603637307794,0.0422033892439076,0.0323414609359833,0.0284330922868885,0.0487918485667243,0.0220368420987678,0.00468341355043867,0.00740313436548722,-0.0355460977279645,0.0242869244118549,0.0106578075649126,0.0489303050242749,0.019570592387054,0.00444744432313314,0.0525317609323743,0.0140957128589549,0.0644517544959465,0.014940497851817,-0.0379743015241267,0.0501088733392119,0.00707805481511231,0.0881935241598169,0.0316774798493297,0.0408823292941534,0.0214734092571436,0.0198720405218024,0.00394750342665499,0.00179415731193028,-0.0646181480483338,0.0112931336468437,-0.000585311941311558,-0.026415715364122,-0.0337405975096364,-0.0281584358239393,-0.0119574378407194,-0.0577645817436448,-0.0247001009300589,-0.0116188900663059,0.0211515578309198,0.00369968698652777,0.0143239827690769,-0.0284077597111923,0.0265991137119127,0.0476398827529543,0.0110218361353606,0.0234043765136073,-0.0558807013324352,0.0155259726809702,-0.0089428857298677,0.0259371127275848,0.0159110420921527,0.0237969941338761,0.017057041267173,0.0086385767860343,0.0277517735224024,-0.00658716274771476,0.0266538707556277
"107",0.0685678637377154,-0.112939321940695,-0.0238087226769404,0.00980109075948733,-0.0106788771719696,-0.00121578592980914,0.0111252529532885,0.0130348123669768,0.0387224702397455,-0.0510347629669748,-0.0173923121277046,-0.0116656260560974,-0.0158002316357326,-0.0221144302985704,0.0268213127967636,0.00587717882966398,0.0832215162759557,-0.0454699097867617,-0.0290594302538331,-0.0955294419238907,-0.058321617652824,0.0906938436837879,0.020168454563647,-0.0327155534984473,0.000422030332403932,0.0588802807988091,0.0423296213725098,-0.00437739868918372,0.00131261655575302,0.0800701384910358,-0.0531164209433789,-0.077942140696161,-0.0319137542487373,-0.0508777490219512,-0.00398776780798942,-0.0247532237074431,0.00629585399280168,0.0423509635582564,-0.0343685098600469,0.00121179312327397,-0.0703939813823263,0.0557094896724443,-0.0539474602164385,0.0417323745918001,-0.0592309483411245,-0.0363284665065107,0.0435118372815835,-0.00105659438893962,-0.035379109041759,0.0245974410029452,0.0455885441246122,0.0414238596822833,0.0451183813870902,0.0177172797718785,-0.0199839127243606,0.0649895210426352,-0.0343986446743902,0.0600670543446939,0.0110353804550327,-0.00482895905799988,-0.037757444114664,0.0793186493175205,0.0130740783268483,-0.00855892995378035,0.0811420386406524,-0.114920454155565,-0.00465342854602081,0.0126108973509813,0.0440458814975334,0.0208445453117503,0.00569594319570806,-0.0702612850262212,0.0309668892498966,0.0506892746930645,0.0480730262460989,0.00735601881844606,-0.0229599924787924,0.0867632434570489,0.031106628203823,0.0566075585537393,-0.0447040849875935,-0.0502288375484057,-0.0143296669657978,0.0220807063024777,-0.0382201532695554,-0.00722634523904955,0.0416344013774608,0.0520870478788209,-0.125658075889551,-0.0307672579273055,-0.0173528098687813,-0.0705584230227025,0.00892022275512292,-0.00251017750347697,0.0505285028663872,-0.0456408298210928,0.0213379478808266,0.0108107806085522,-0.0123568240208797,-0.0333099843773435,-0.0397042568233759,0.0503085417379369,-0.0210648503837526,0.00158576538939577,-0.0308026646205169,-0.0402888636451029,0.0195942083495126,-0.0240923158080217,0.0148026308403312,-0.00240582831428535,0.00130811182360989,0.0128147824679303,0.0222463029330161,0.00495705946326812,-0.00135708921182321,-0.0135537672774368,-0.0103622319815844,0.0442729062691162,0.029177933794183,0.0166200651550783
"108",0.032415679220161,0.00926522647249492,0.0384559297577324,-0.0969986025130901,0.0196321024800738,0.0696333250171425,-0.0516596499195563,-0.04460071280454,-0.0625790685006419,0.0266551986889472,-0.0364619945360644,8.17243214084106e-06,-0.0834753713986214,-0.0632757561202563,-0.00517712702765576,-0.018605597039055,0.00497759830664142,-0.0059842223778288,0.108991389384992,0.0247478434735118,0.0240983112711177,0.0312125574007594,-0.0547746626205036,-0.0201630631031842,0.0403680461977761,-0.102718750564015,0.0951019880064851,-0.0200579525215468,-0.0478858303197378,-0.0267178690298767,-0.0147907798653464,-0.169559838079216,-0.0747702933935891,0.0087046028505592,0.0496699935786822,-0.0238202012533607,0.0357338507200549,0.0474823884360438,-0.107094662486343,-0.0222562518163466,0.00586313470315012,-0.0311291275674637,-0.00497917526150705,-0.00683853496364649,-0.0445200105146296,0.0229163432228497,-0.0590638816900091,0.0779437078459787,0.108883216034432,-0.0721140020565752,0.124653463413064,0.0174612337900998,0.0129425735809071,0.0443111506071108,-9.35373793887294e-06,0.0489939925673314,0.00996284960424327,-0.000126883487969592,0.00955780429387246,0.00435513376647497,0.0141304651135795,0.0132912049824215,0.00578812562292,-0.030445087944336,-0.047829274598782,0.0297652666202229,0.0234965485952707,0.100113523783681,-0.0283818844674111,-0.00157201605086879,0.00476309577125613,-0.0973869631378041,0.0558999428963512,-0.00314961155826193,0.0189870708247092,-0.0632953589880857,0.00321526194369377,0.0192614842060372,-0.0427784755264268,0.0155588069695954,-0.020388167093419,0.0754101368398476,0.00310907289881559,-0.00714862933151862,-0.0110156612794871,-0.00891440053695574,0.059498977291627,0.0634557794542852,0.0278535561385402,0.0331698905041122,0.0609961911548374,-0.07056133125017,-0.0193864570328104,-0.0883893466562482,0.0968974576455812,-0.00801864726038242,0.0390619472837804,0.0358897643624675,-0.0115136723470716,-0.0318413625435525,0.0289697525710145,-0.107573850303402,0.00410844044462951,-0.04447726470409,-0.00813505933816715,0.00428305558252006,-0.0353185742082642,0.00963818769765955,0.0665379089237836,0.017764646640453,0.0440533299681229,0.0113860655094708,0.0104159082445492,-7.63478642435949e-05,-0.0168103690527113,-0.00261564191069554,0.00483832802221774,-0.00151131778930292,-0.0321330069127149,-0.0081640701635418
"109",0.0765626562722008,0.0543275660868925,0.0301757825967126,-0.0285922237502991,0.00525267760607918,0.0542585014048773,0.0134532580731433,0.020980823713027,-0.0671285383694144,-0.0305962169216678,0.0487947310566133,0.0320311251928935,-0.056510254694033,0.0744672810281284,-0.0950892754845633,-0.0387528976570975,0.0902745698955153,0.0919389094023051,-0.0179484721683828,-0.0470636953359475,0.0494656679748597,0.0406238980167721,0.0371679968189427,-0.0244259839801415,-0.020932840571384,0.00368001169969377,0.0382414565040635,-0.0157893794158992,0.0112888157004862,0.0184688425533035,0.0872033386216914,-0.0409880358593817,-0.0232799339431667,-0.0142151611795807,-0.0487300190214886,-0.0390309915845207,0.0135413152279313,0.0950005354246283,-0.00781219975748204,0.0112281159038083,0.00428791783574782,-0.0150748665912476,-0.0230410857944713,0.0689127129490824,-0.0723310520621044,0.0223100028303057,0.0383715051552772,0.0286890828017221,-0.0679203047447588,0.0127368528732648,-0.00458747516147975,-0.00559126842838301,-0.0534506126153987,-0.0523719185084574,-0.0634943697393645,0.0505159374575496,-0.00389849986350847,0.0895786523158773,0.0547728383042065,-0.0463255845661269,-0.00235532743384068,-0.0764399958365365,-0.0419503894549551,0.0193136035486387,0.0697075596495011,0.0485468211849926,-0.0064795153196021,0.00684053636086689,-0.0320608420402651,-0.00993926210491551,0.000820485319532294,-0.037025679832788,0.0451106667048614,-0.0133037581279731,-0.0293679668203037,0.00380406620285617,0.0708389388708961,0.0192040546153902,0.00975983627646377,0.0393722271506472,0.0831277586375104,-0.0313733005138445,0.0611437076484344,0.0682481657675015,0.0496310903031139,0.00455304178433533,0.0921074079263028,-0.00253302355892774,-0.00369014602391394,-0.0586616618876455,0.0112937059296432,-0.0334066258684074,0.00727647530515984,0.0346912328526627,0.0311613409417004,0.0242611115119844,0.0171656513805248,0.0382256389600896,-0.0100554507051453,-0.00433473890293887,0.00429371311278857,-0.023863041573019,0.00526436828921896,-0.0173392219646577,0.0101513438562307,-0.0409670368270973,-0.0139815503394929,0.00758479318857837,-0.0178142543718499,0.0255134932259929,-0.0285755655378139,0.000867222679465026,-0.0197394140474375,-0.0130763155324537,-0.0758558684671749,-0.00124837999046042,0.028789564834623,-0.0173248731215349,-0.0345766488707042,-0.0124116156079921
"110",-0.0140412344806033,-0.0700337514379179,-0.0546140443313051,0.0417151480077273,-0.0302507127939704,-0.0363345515021421,-0.0317089529358856,-0.0106847919276821,-0.0214470605073381,-0.0911558951509883,-0.0599989824948621,0.08151827678095,0.0481622659113536,0.00691233336884071,-0.0386955847174581,0.0333178724806295,-0.0755345159629074,-0.0907130202863861,0.0201843520917137,0.052386595417412,0.00331723418951638,0.103934595602345,-0.0463153058242893,0.057298567418013,-0.051475721273786,0.0313239308397505,0.00556855010477462,-0.0136307514017175,0.00800660982399529,-0.134659265385061,0.018500841069341,0.0332582098509336,0.0896916698225668,-0.0158679881750047,0.0025538973317327,0.152970866591967,0.0566054244615861,0.0171867799459033,-0.00503988335129013,0.00908223104711006,-0.0387128862092137,0.021120045565498,0.0816675568190547,-0.0581339420605951,-0.0314671285020557,-0.00930612821486519,0.0257044466227924,0.0449903210256314,-0.0404070139807739,-0.101742699130313,-0.0614231531571835,0.135364659332457,-0.00393422205383801,-0.084779713669412,-0.0828998795832481,-0.0475080528896033,0.0761871611394291,-0.0494390322155073,0.0772495997103254,-0.0939973792818437,0.0817403186629665,0.0943158984958229,0.017898764714365,-0.0321345505629698,-0.00391257916775282,-0.0418922451297205,-0.0040922064077513,0.0461568663649545,-0.0195766053577982,0.0267999534524729,0.0545450964569572,-0.0520643601835839,0.0191594016147783,0.0408076653301591,0.0228659426514147,-0.0170974065418756,0.125971397669219,-0.0815836962054774,-0.012158292598683,0.00682976568348581,-0.0280652004452775,0.0784996490183582,-0.042744003915867,-0.0288813103127079,0.0306924679189459,-0.0392538637468717,0.0936248210342752,-0.0286309516028965,-0.0107413608348748,0.016306842208221,0.0552567576364733,0.0094081750793221,0.0120246659635487,0.0193358100754992,-0.100879426264105,0.0540787440423479,0.0243129397951199,0.00721346462915712,0.0285651393272964,-0.00497972899252751,0.0104038045637896,0.0482524052494372,0.0425830752354165,-0.0124146944266923,-0.0289787733625328,-0.0412852327114137,-0.00120808185255872,-0.012642129261262,-0.0743046349070796,-0.0336535635508695,0.0103970412832561,-0.0437566139237309,0.00297451527616825,-0.0124103877424734,0.0141144545113878,0.0256741885752011,-0.00523783055061725,-0.0770322720147442,-0.014866617709446,-0.0587519346046302
"111",0.0734998206521321,0.0222271598260049,-0.00251112468241211,-0.00672582622487517,-0.0187160613459736,-0.0365016689188246,-0.0923934073221253,0.0235387610291019,0.0972228334525126,-0.0371150928876856,0.0201245490595779,0.0365981942583657,0.0179951813026075,0.0964718213904205,-0.0124087277797652,-0.106475240114112,0.0454809227811411,0.0246191253124854,0.0752541756943031,0.0526699205697924,-0.0414336214579662,0.00120228558849552,0.00115749811740722,0.012821919047127,0.0316296070667154,-0.0271855083304758,0.0335179291415473,0.0181861741084247,0.0634377896498132,0.047643498699211,-0.0416458252302768,0.00595657656054579,0.0791293225937846,-0.0160740401240757,0.104739787700793,0.0223734431045788,-0.0231051085059174,0.0291077037701803,-0.00802562806521998,-0.0452534672414861,-0.0246874317214328,0.0147122990997689,0.0226139109131609,-0.0382328448958151,0.0877993560662461,0.0187626928760906,-0.0122085077762562,-0.0156407911792256,-0.128623218479817,-0.012262892295492,0.0239182913525951,0.00734733581245453,-0.0101214518804385,-0.0517164234775561,-0.0073820714577231,0.00384784948195503,0.0197042403953422,-0.0449113612519039,-0.0228733255803648,0.0221100337388325,0.0119675456535223,-0.0145911910679587,-0.0230868950774171,0.118577586214865,0.025140787030881,-0.0018279674756469,-0.0428761024168164,-0.0686666290105839,0.000382278027862253,-0.0228527133581854,-0.0381810302557409,0.0206755257678404,-0.00368735692958318,0.0623274576490684,0.0252574134246235,0.11622567920997,0.00628384148748151,-0.00476053954043793,-0.0359075698956092,-0.0392646713106852,-0.0990629390930238,0.030233888369086,-0.0579398841261104,0.124500617803728,0.00615788102816791,-0.0214789712228043,-0.0130099808979102,-0.0149780902807931,-0.00913236949580223,-0.0600657186190982,-0.081574143266801,0.0174023317963155,-0.029051910179889,-0.0743185404306327,0.018215431853869,-0.0493574792638564,-0.0223754436558455,-0.00758546405936503,0.0111156086285261,-0.0243479055738591,0.0709702116215647,0.0208866658920063,0.0289599211596068,0.00704752755775027,0.037536809458465,0.00201031546905925,0.00621553517310148,0.0116479469081337,-0.0287863157494571,-0.0154528195874933,0.0210034665755089,-0.0281578023071204,0.0364554594195053,0.000755085231976887,-0.0321889940533883,0.00457861520441467,0.0250567518176405,-0.00361003763386297,0.0252268625060346,0.0184623630102001
"112",0.0387183579853808,0.00704366797473519,0.0160320446179559,-0.0187476125083228,0.0174554410277831,0.0253241332389092,0.128642124268394,-0.0119637538775973,-0.0238421440736013,-0.0464602786613518,0.0720390098479425,0.0413909215272978,0.0380350016076324,-0.0174080478236652,-0.0222095511127763,-0.148272214615513,0.123400184467649,0.009127445447148,-0.0054169484453686,0.0562565659732197,0.00803330923448957,-0.0254596793535185,-0.0633709178241001,-0.00729220063509727,-0.0590449837918506,0.0025763454508291,0.03931720977739,0.031610894094723,-0.0697242006575743,-0.0459757857422682,-0.0981710496690047,-0.0353026664495662,-0.0685584160962605,0.0329870909484535,0.047903334371425,-0.0290426361734132,0.0644505606069769,-0.0488715685629301,-0.00534940157294307,0.0201229738853031,-0.113165603114095,-0.0685841697365999,-0.0280748489501569,-0.0893945162750115,0.0308450193057993,-0.0242404533109518,0.0698820306140124,0.0588752091761938,-0.0631797896853745,-0.125902286305477,0.0136711570030338,-0.0309002316225187,0.0409686838511721,-0.00499062617782108,0.00641469111079858,-0.039491985508729,0.00198254900386694,0.0137349592956157,-0.0423669114927277,-0.018796549217496,0.0718392356821675,-0.0558037158037215,0.0238828064614813,-0.0138939746377889,0.0591076080412604,-0.000106322348552822,-0.0813590842160611,-0.0955341548717368,-0.0146253503652934,-0.0698660025609633,-0.0139219730823894,-0.0607006548118058,0.0167211581007197,0.058718536965767,0.0509143515311881,-0.0225623437915226,0.0225153486589923,0.0893118467449962,0.0306872783371382,0.0161165547993672,-0.0558900918058073,0.0708868357106081,0.0499574059533879,-0.0370542191430095,-0.0578258212529968,0.077547026816305,0.0556143677572159,-0.0843419951245198,-0.0250252070802122,-0.0169703441155039,-0.0171455890704086,-0.0508465560474165,-0.0355969432994808,-0.00167825502585854,-0.0286098881007411,-0.029894850011654,0.0100518826270039,0.0334015422711657,0.0309633018237648,0.00949164349076234,0.00262754076544154,-0.0193507669522457,-0.0328464918391283,0.0696692504365382,-0.0384054342335814,0.0443816329548327,0.0266779599306124,-0.0130750945533672,-0.0389748713977168,0.00124659203056757,0.0631579717449493,-0.0180506121124805,0.0539481733510488,0.0356653958269553,-0.0674999482834711,0.0046479016560728,0.00423345012166637,-0.0397115575825293,-0.032517911169417,0.00220789445127637
"113",0.056885828305724,0.0761729195496355,0.0545806277757525,0.0192696772559267,0.0794503380040174,-0.0207882973852962,0.00742157659260375,0.0409354185282868,-0.0328015558348752,0.00588642528169654,-0.0185353980473604,0.0294713783694307,0.0229362263483524,0.0398726909164873,0.0682486224578064,-0.0301830101831951,0.0623429893758005,0.0500625939827159,0.0388305834762095,0.100890448262179,0.0382410615309965,0.0795298456402577,-0.01880918591215,-0.0503257820419461,0.0256059849326987,0.0801558564042878,-0.00341788136727135,0.0617379857674057,0.0205553184990627,0.0320479571403225,-0.122035979267135,0.0286592468191974,0.0125813617807798,0.0225170587115225,-0.000977962416519877,-0.124531110185039,-0.0128975229237649,0.0215038831898481,0.0140968393138689,-0.0404646497544331,0.00226343528880554,0.041199415505924,-0.0697911225246451,0.0204998244382318,0.0182993615508531,0.00377715156086445,-0.0372310625634277,-0.0979497588866581,-0.00710533303188683,0.0233883071580089,-0.0964928003291602,-0.0180438093738465,0.0477761008483353,-0.0321413045199112,-0.0238580616254011,-0.00644017076103847,0.00402855677162532,-0.116940365162566,0.072267304839927,0.0675815734474947,0.00204829623202835,0.0512097619149643,0.00888114805932072,0.0286529800325502,0.0248341194437992,0.0366300158232961,0.0804680351078566,0.0137566385286811,0.0960429516219152,0.0544073663678166,-0.0530600766788764,0.0880322621533213,-0.0401047180828653,-0.00772355422742231,-0.0388491751138023,-0.0605214102059008,0.0182378371634248,0.021959744529731,-0.0622764107465058,-0.00239465845395643,-0.053776183304103,-0.0848126124121928,0.0249313577843178,0.0119798624339355,0.0516439850333419,-0.0359167186434294,-0.0391277515709373,0.0748594076060919,-0.11245994367051,-0.000871686602841171,0.038783028408848,0.0599105333080598,-0.0328964615865261,0.0874429623065501,-0.00974968952342425,-0.00858473804528272,-0.020043257468325,-0.0502340979039496,-0.0208357274091329,-0.0369898666459127,-0.0137021508105596,0.0506487609433366,-0.0205678568165653,-0.0414405911279053,0.0570141753988419,-0.0276952093525894,0.00151647264307129,0.0251722591529896,-0.0276114837365361,-0.0275348001060026,0.0229985579936636,-0.0174159991721174,-0.0162085303642023,-0.0152792645851697,0.019213530720323,0.00654289830096212,0.0112806911771323,-0.0100876163276309,0.00445140167273547,-0.019659957604902
"114",0.0158723791161561,0.0539952219609935,-0.00700373230889334,0.00695074817503304,0.015740480698676,0.0142079643806129,0.06053511772802,0.110664293835186,-0.0491751880463978,0.0483429028724187,0.0221032059988788,0.0742758672092855,-0.0478031121788228,-0.0384258206318896,-0.137463040672468,0.058845855117059,-0.0157240427476622,-0.00145345658183687,-0.0795372124964601,0.0336177851182134,-0.0596225213128165,0.102020474834196,-0.0178910575512702,0.0321318568509616,-0.0345047599584261,0.103265913730917,0.0614477083617795,-0.0455960958512381,0.0449001378037401,-0.0816243801289813,-0.0500984564517517,-0.0468997433029322,0.0333100848115014,0.0561680679757828,-0.00608206088420768,0.00512770571507532,-0.0369276171677494,0.0487092840475504,0.0650216281505778,-0.0322289776130193,-0.0359398804131061,-0.0617778453096191,-0.0349747750283487,-0.0263814780734304,0.0635953425537898,0.0348930671873288,0.0139837433593708,0.0108629091195947,-0.0154410711506176,-0.039548668342224,0.0346849736191132,0.105822985934376,0.0621343864502298,-0.0359658729130598,-0.020074676968798,-0.0170506032216569,-0.0570764162160645,0.016635511890421,0.0280604004824766,-0.0190117896668553,0.0388323002493409,0.0220318287376266,0.0625228792649949,0.0644765277636776,0.154849880029954,-0.0704525423652226,-0.0168871877777262,-0.0685351727053342,-0.0683784629313018,0.0333261983036626,-0.025104880046388,0.089115769682846,-0.0257940560791806,-0.124371126156222,0.0733580492842195,-0.0357887943092206,-0.010888624957107,-0.0451525983995732,0.0609742628304614,-0.0658002421060539,-0.0939659959909118,-0.0431687644076482,-0.11832031294253,0.145266955550274,-0.0655542652888174,0.0315219002116222,-0.0453359991644937,-0.0495823692703728,0.0839058516876284,0.038593075239257,0.0381433360250923,-0.03396839831978,-0.0475127276050539,0.0192099911870719,-0.0397327062887421,-0.0147420078185832,0.0419546736317961,0.0121803287243879,0.0227032375816879,0.042052445020101,-0.00525574900924981,-0.0195151232506853,0.0110980429753119,-0.014178034561516,-0.056264932278257,-0.0128459153020897,0.0168802212539032,-0.041538642742346,0.0127244423560861,0.00777034224106056,-0.00526534450901079,0.00552989864570047,0.054720252162426,-0.0275967048997872,0.00983901669656624,-0.00353546107578232,0.00165511767054855,-0.00748540679603154,0.0108205823911613,-0.0117135739649369
"115",0.0560703136303209,-0.00675604122299029,-0.0770078816974206,-0.0242247185986294,0.00997960024568837,-0.0583332611385576,0.00652466196193915,0.0862000202327801,-7.39910037809793e-05,0.0458612646975152,-0.000618807532323583,-0.0493282144694631,-0.101216699986339,0.0625912109089556,0.0570486853857489,0.0264128691414665,0.0927906804684746,0.0616915009851837,0.028622941158574,-0.0210514214945823,-0.00712294390667316,0.0056413188094894,0.0364915677481127,0.0343085665875489,0.0220784610169471,-0.0725582881726034,0.0455462955797334,0.0125722807868966,-0.00570366422553738,0.0499632103427003,0.0881411339868865,0.00491085822742735,0.0364456725770368,-0.0117496524870477,-0.0294148456807336,0.0488298460511323,-0.143404793296547,0.0117947969586116,0.00472590973062253,-0.0993233603292438,-0.0716259859186397,-0.0252993157287736,0.0183678050095711,0.0121924970495589,0.0363161308290233,-0.116652740703989,-0.0562960876354454,0.00167281752767644,-0.0752523810485143,-0.00584516059585897,-0.0524247338298631,0.0570581621878578,0.0275265507540084,0.097989681558693,-0.0290471921274982,-0.114020115449834,0.0244865918401551,-0.000966916417665776,-0.0147132109355554,0.0711665677613813,0.0139523282259174,0.103443327531725,-0.00575666506394653,-0.0679241662021416,-0.0552047268229146,-0.0576773676295797,-0.00644813415483534,0.00840495885291993,-0.0456326245033324,-0.118511267651252,0.064989518295916,0.0129547593287237,0.00248297842695939,-0.00156445411776857,0.0578313341232899,-0.0368904088660383,0.0875518898454104,0.0539230643832194,0.072438955948375,-0.0542900049206501,-0.113240498363066,-0.0802524303245917,-0.00258544568243323,0.0942876226901819,-0.0733157206157069,0.0607370061775388,0.00494421888101616,-0.0773023914766811,-0.0452898214032558,0.101741952721637,-0.0697989274842524,0.0681627148314048,0.0204527738148931,0.0134197635198162,0.0312251338132572,-0.00942639364280429,-0.0198225445519728,-0.043303426771844,-0.00586383344286343,-0.00657760912706395,-0.0460636023974311,-0.041034495496124,-0.0929460378176586,-0.0229837895515008,-0.0723763216524668,0.0716095550135172,0.0642436649698254,0.0247434163000252,0.0379517092654799,-0.0670461954377034,0.0870522807257146,-0.0190622844280997,-0.018125374925072,0.080939331250994,-0.111771120695709,0.0548508442303509,-0.0451182665261266,-0.0268644536546017,-0.0266994418804041,0.014118221477218
"116",-0.0129893644528914,0.0178990953128847,-0.0201001436458814,-0.00207178049593484,-0.12994228738295,-0.0128365180519894,-0.0195914122187365,-0.0274300142985905,0.0428049121467312,-0.0315133067586964,0.0864056698960818,-0.0414868915927836,0.0517838754262715,0.0167460899061728,0.0519071959418944,-0.0662629004149391,0.000667691661760391,0.0477850753004025,0.019663929585352,0.0587209687635408,0.0979244965125675,0.0436547630117724,0.0221390520330389,0.0474819145538131,-0.0968204330014933,-0.00647605904828774,0.0682790092438954,0.0637389878075751,0.0622328142856296,-0.0238207535148593,-0.101511791812119,0.0797738114704825,-0.065641164249109,0.113420698326287,0.0312835837726208,-0.053033470166609,0.0467377517552303,-0.0430747292160351,-0.0361382770415316,-0.012538626687003,-0.0145796204908147,0.0622792450828784,-0.0881048450917277,0.0206049989993421,-0.0268985524259924,0.0343230746982839,0.131672776276051,0.0983405583663183,0.0187371396626087,-0.0636615352463892,0.121950137690902,0.102585523554684,-0.100227940630816,0.00970922520622771,0.0814495488405004,0.0276691956532796,0.00825912106275365,-0.0759354018805028,-0.0150899159338334,-0.0337497927507533,0.0964580675670082,-0.0338675741227373,0.0699841300170642,0.0147213773778948,-0.0184238987208364,-0.00821685512908624,0.0502483819481596,0.00957986424443535,0.0122527241223625,0.0825018674700355,0.00428936066448671,-0.057802057021442,0.0039418312275241,0.0587233149670229,-0.0307409666171992,-0.0500570188598056,-0.0246949452948646,0.0681134202528823,-0.0606503184936212,-0.0437997139555647,0.0855829856561836,0.0549853419960315,-0.110239509673379,0.0299293720761983,-0.0578150093975815,-0.0154364063127237,-0.0128683365808642,0.00125970802365964,0.0109996420891001,0.0614691861907515,-0.0814061197559466,0.0113500802580949,0.034020097185685,0.0280405223458076,-0.0513034122032103,0.0258364833993079,-0.0382863851564207,-0.0109082227787041,-0.0229184707688046,0.0185303127776186,-0.0788030585964559,-0.0140265022115412,-0.0242642359290714,0.015022677978871,-0.0329604637197523,0.0740871926792702,0.0510679188407051,-0.0768713124885995,0.0563062393975493,0.028660683401197,0.0548687360499541,0.0503858213853183,0.00613324098724778,0.0755730273032663,-0.0198655866483956,0.00394170433604332,0.0172772586849752,-0.0440263610099285,-0.00546060204135621,-0.00229218026456377
"117",0.0416810899795163,-0.0849095582813576,-0.04345023366772,0.013874984628176,0.031259701422631,0.000837784208417596,-0.0445057295752973,-0.00258543612958842,-0.0423639319658979,-0.0410079926644684,0.0283200632718484,-0.0208802211520196,0.106349804470901,-0.0454133506429982,0.0425026460952469,0.0190620187624377,0.0465561599622076,0.00335797112385084,-0.0214505509560072,-0.00991942230704083,-0.03745359291397,0.151958977138204,-0.0809786274001485,-0.10590093480953,-0.111925598998078,-0.0161719379390607,-0.0283196733444634,-0.046493126883748,-0.00901304241887151,-0.00570987356856864,0.066401331436773,-0.00839450131795302,-0.0411918239654496,0.0769729994819015,0.0309098769811459,0.0262110894062456,-0.0372974720860402,-0.0558584568026357,-0.0552765130063267,0.0504168498186667,-0.0932708640066331,0.0319471055376166,0.0188993855203655,0.0192356867786757,-0.0483924707298868,0.0132330387487209,0.0267855524966022,0.0241819269921683,-0.0542335863517456,0.0630382306864598,0.111321221418445,-0.00150755196237115,-0.0240631567882974,0.00350957506499758,-0.0277757312067006,-0.161232412876703,0.0134876211361602,0.0100672671242587,0.0216847323514933,0.00805277517299841,-0.0603132256097733,-0.0714794971633206,0.0313681201132062,0.058646664363573,-0.0262022785322773,-0.0632270833993932,-0.0303342692494596,0.0479435046704265,0.045615721673471,0.00714135371240859,0.00231348768606825,-0.0237374017764422,-0.0814647239102066,-0.161783257432986,0.0656549679475151,-0.0161685069000433,-0.0153119343182881,0.0436453890546144,0.0333994083115269,0.0115620465709389,-0.0701524569137314,-0.0962005904010085,0.00575414874566983,-0.0563646017149612,-0.00651582990086886,-0.01338695157689,0.0388762393609301,0.0181749754204483,0.116111948028277,0.0446637246423045,-0.097116275053536,-0.00636345655366195,0.0730574850053822,0.0129091938432931,-0.0149352635289173,0.0203258654801848,0.0279896760080644,0.0196373241868326,-0.0156464110515573,-0.0437822503085857,-0.00167415431522394,0.0526697732427001,-0.0268603002393279,0.0529511043258992,-0.0115324429057814,-0.0419313182807235,-0.0234343649711159,-0.00710676955334285,0.108343763772863,-0.0125699489264374,0.0233752218121351,0.020731077883335,0.00498861683825563,-0.0491378518034839,-0.0506516684937496,0.0325718505618684,-0.00744642951291502,0.0344535549182551,0.00807090254265996,-0.0499435841876702
"118",-0.0128813706555079,0.0496947316546359,-0.0152960977348121,-0.0238402426414774,-0.0868398819251121,0.131889266309436,0.0154312803436914,0.0173229969599032,-0.0065240345965323,-0.0732971093134785,-0.0192110035053337,-0.0273912535873835,-0.0157808645487631,0.0639404231701943,0.0537193808855509,0.0315022127053066,0.0656031452611941,0.0261303294094582,-0.00132672131959368,0.0408341452504001,0.039288984547322,-0.0342075102273628,-0.100105637078385,-0.0910437064875314,-0.0511361192296933,0.0174793426353622,-0.0206449969661525,0.0069476243645376,-0.0537813649090143,-0.0336570980901165,0.0129655077265044,0.0702181814414751,0.0594378344388773,-0.0119736961382325,-0.0706778184712063,-0.018989497716917,0.00589601194712463,-0.0381937213502949,-0.0906672141504613,-0.053875569741181,0.0504691227310696,-0.0599628306803331,-0.0366823289990927,-0.0759889301475567,-0.0733941773638799,-0.0259754337382317,0.0722512482835043,-0.0639328839186548,-0.102930380360525,0.0101207979791451,0.106270054940819,0.0241754334875901,0.0424139592340633,0.0394980365261208,-0.0124708641908931,-0.0446995288227031,-0.00790908026058973,0.00436634394961197,0.070053393903631,0.00187191662437319,-0.0650627530402814,-0.0271766833394354,0.0388198293624562,0.00737783841471709,-0.00358394905172129,0.0172430761458021,-0.0561798263172476,0.00352831462673137,-0.0469698909461883,0.0250753936049878,0.0551418528019444,0.0834464786681805,-0.0300462645237101,0.0820597540435071,-0.0170556015346533,0.0436703660409427,0.0128733836460438,-0.0119597841404678,0.00339007673285158,-0.0161790529776358,0.0196321606356639,0.0323563821626062,0.0721189984282547,-0.0795809292880897,-0.0748760169876127,0.060471554729459,-0.0486024718064572,0.00224085628167784,-0.0244504903845684,-0.0187418446080492,0.0343522691014908,0.143965735502328,0.0147039851022355,-0.0510620250290869,0.0823952766184234,-0.00582643124488468,-0.0255857079582335,0.0256645433519086,0.0679015779674905,-0.0207574016978466,0.0313287363338332,-0.0319298252665742,0.0167273660563039,0.00755982751350128,0.0050284001656064,-0.0165195751601631,-0.0238751156444141,-0.00109586624461706,-0.0468608253624079,0.0107111067296905,-0.0448998610359882,0.0135432322522236,-0.00566962960080722,0.047722566211232,0.0303392296993945,0.0131553514125351,-0.0460628263467699,0.0385585104368111,-0.0180538585786677,-0.0125125039075436
"119",-0.115807296528112,0.0292256993288775,-0.0108303645893155,0.00810766740682267,0.00216885486094521,0.0277888936235634,-0.0191862543006171,-0.0593709914370525,0.0558337555449547,-0.0261218594208598,-0.031141373400569,0.0249665610629309,-0.0127754587898479,0.0376268931734077,0.0470185458747467,-0.027880128685415,-0.0194728301497973,0.00751712683777251,-0.0459551349300042,-0.000710169518069012,-0.0181224571720594,-0.0339392193929277,-0.0455579759690742,0.0319148333585541,0.00024793155348319,0.0558260192958725,-0.0100615330620237,-0.019116358754621,-0.0532317970244136,0.0609536916044908,-0.0340114466978986,0.0313848460844129,-0.0210560023301938,-0.0274749220248716,0.0443716030885252,-0.0125309593890159,-0.037295610320585,0.00796395732572893,-0.010615119195034,0.0553090759591827,-0.0264825167492038,0.0245304849416111,-0.0619489971681,-0.0107716813288145,-0.0499584179178726,0.104323607697436,0.00859535509228049,0.0193607952013051,0.00275494671514338,-0.075630200049565,0.0331956020058124,0.00865245818666937,-0.0190306785511136,-0.0697608039079659,-0.00342685181592416,0.0359846567153029,-0.023703434138606,0.0903545723244204,0.0467307225645818,-0.0136207480093875,0.0182860219349015,0.0921355386239434,-0.0722189952933283,0.0349313100783748,-0.0568354306876867,0.016959685812887,-0.0150302120795216,0.0218349274758274,0.0458686405566992,-0.0310544609453115,0.0397954728916749,0.0530428841111573,-0.0353594819720035,-0.0874831504871806,-0.0197040533186602,-0.0231987642465886,-0.0420128208980362,-0.0143505134985284,0.00657786185993165,0.0272865136814783,0.0298074283130215,0.0525407405227592,0.0921302900963995,0.0271519107387849,-0.0948435224881558,0.0512713303178014,0.102045207398808,-0.0277895452330613,-0.0120266708228987,-7.49878112730393e-05,-0.102457301657639,0.0657355938109672,0.0372842838484155,-0.0263429420103892,-0.0168052895856905,0.0234622386150677,0.0042826869491183,0.037194051423097,0.0149566299635654,-0.0464678038228516,-0.024138285751354,0.00317298113776708,0.0141201146528884,-0.0618494088291346,0.0130739660792151,0.0319961530954426,0.0461283800962149,0.0260665856585109,0.0250058949795899,0.0190839378006543,-0.0268209562241649,0.0219089575433696,-0.0265549238951985,0.0147257938338461,-0.00190412884564616,0.0161921745731717,0.0151265069884848,-0.0032243526728411,-0.0113672920850618,-0.035304097825051
"120",-0.0114921389886239,-0.000427296622573402,0.0578230183155556,0.0442320488717439,0.0699446541313131,0.0280385542253646,0.056157154734554,0.0597947468931189,0.0707098831391038,-0.0632885689687632,0.0916924957454425,0.0149825498505222,-0.0239724448516269,-0.0775598521405847,-0.0305145442122409,-0.0177304567391399,0.0591487189651514,-0.0656510302938463,0.0564966950439965,0.034239859210977,0.0337530863910574,-0.144707862038181,-0.116829532209219,-0.0536806526734047,-0.0105824717078718,-0.0451587533001362,-0.0692935429058038,-0.0122606849911031,0.0246532346021893,-0.024205070643548,0.0158955992848148,-0.0232464832454257,-0.0288559270294468,0.0163064770802402,0.0320369364252145,0.0187715379440361,-0.00645495810462186,0.0152827403139926,0.0433768583683381,0.00910539014686376,-0.0143465822972949,-0.028357987893485,-0.0453157800901753,-0.000531065045754607,-0.0467657282457194,0.0542335469285506,-0.0555299014276838,0.0390410485475648,0.00119926697114602,-0.0643705349760607,-0.015783032124735,-0.00362689338392809,0.0793768695522962,0.00765769884651306,0.0875370602045916,-0.0715409998155077,0.00245465389672441,-0.0732969748170809,-0.0846738103807902,0.0522194675661112,0.00125318137881772,0.0742538028438817,0.0340149527239493,-0.0837503408129018,0.042667405645956,0.0546817966021779,-0.0206977947651544,-0.00770881707239312,0.00751537330719177,-0.1107863344219,-0.024047262674468,0.0483593033221043,0.0108178599935603,-0.0854924878036008,0.0509133281127705,-0.0172864530831226,0.0268506855801634,-0.0534381558068893,0.056749040561282,-0.00344899088607846,0.025435539238485,0.0709018375985704,0.000562572206927167,0.0517964273618766,-0.0255329063214211,0.0314323079896937,0.0381176286921173,-0.062062026718951,-0.0205459655040316,-0.00453118119586608,-0.0305297376040657,0.0778912298180799,-0.000292129225479954,0.0755793396209493,0.0278922305418842,-0.0248277512307551,0.0154644288787995,0.00338312001638911,-0.00227334932334615,0.0280990917590956,0.0183077865436635,-0.0146774171373227,-0.0403304495523794,-0.00702720080545141,0.00841926444083739,-0.055268332112455,-0.0237997001440209,0.0224249553990376,-0.0296320730973426,-0.00828682032747074,-0.0277395137140692,-0.0115938991325401,-0.00915054316325968,-0.0125552514643787,0.0149830994499107,0.0105828951539448,0.0145903916529524,0.00922963198791121,0.0013408606003679,0.00614017082216411
"121",0.0689064417456541,0.0789103273842717,0.0113523375419659,-0.043083283765812,-0.0364503793335255,0.0384046557000437,0.0109771620068763,-0.0191531224716711,-0.00601024051311675,0.0902308309799656,-0.0738707474142833,-0.00601288903611718,-0.0322909727389382,-0.00175712913795253,0.0273272358458885,0.0102901885025162,-0.0230556854068572,0.130419469165059,0.0583011476340039,-0.0117341177369336,0.0643265748262235,0.0267500074770136,-0.000273130516412483,0.00717644742765105,0.0426407354173607,0.0488262243586998,0.00666118951188691,0.011621186648397,0.0108864011518086,0.0428187632938138,0.0746437754364768,-0.0299581545693912,0.028574201881627,-0.0628423892934727,-0.000349387712714921,-0.116909561087949,-0.065166823587153,-0.0969940781210186,0.00501417986481276,-0.0476737217125635,0.0512610992606161,0.0617859013347526,-0.0493117337233133,-0.00272742584056196,-0.0411920211031679,-0.0364711314325307,-0.0246086406251004,0.0140649654915599,0.0183991385911508,0.0182502204704926,0.0655740836933531,-0.0520377058425575,0.00252235701664129,0.0027461319279994,-0.0794369329830631,0.0542409579450443,-0.0503332272117914,0.0066287134536522,0.0374406408974413,-0.0351762554549251,0.0210093215361225,0.0076803780898308,0.0955750127336014,0.0385589699060637,-0.0543823694325492,-0.0826812099398506,0.0851986804750798,0.0691962324593352,-0.0285738974065751,-0.0779068682695394,-0.0494848521056807,0.0695416658503505,0.0103985428894859,-0.0691663214814003,0.0155532497951542,0.0145875264784027,0.0564148600703764,0.0144623220988289,0.0270606356793386,0.0269907060886117,-0.000157082190020155,-0.00439429970834545,0.0396279785495806,0.0573571500998399,-0.030816085929829,0.008136473612259,0.0761252663329638,0.025951709571891,-0.0327080713855467,0.132593875031921,-0.0713064795427999,-0.0113109270726324,0.0375426697610555,-0.0182115303550787,-0.00780318645855305,0.0386777785784863,-0.00722746332264245,-0.0101529225627986,0.0153445891896031,0.0409071255858591,-0.0273286772541724,2.4736614209692e-05,0.046464536996324,0.0154928733336692,0.0215798039342183,-0.034318982450406,0.00500706855971412,-0.0149045142247851,-0.0365688346330564,-0.00831853888954383,0.0131988779011585,0.0252811371634181,0.0399547226739698,-0.00827015011912148,-0.0151301519349368,-0.0370502991290418,0.0176375294476972,0.0149659149154625,-0.00915809186918034,-0.00975504227353457
"122",0.00205902970162572,-0.00414287683026692,-0.0294465687733261,-0.0888436647868009,0.0489685779050574,0.111102451250399,-0.00637684919136056,-0.0657060632895605,0.015545321257552,0.0328214216633563,0.0445752025061741,-0.0931670860172644,0.00146911898216646,-0.01163928589104,0.0673416545207902,-0.0463426231346274,0.00918966087534242,-0.0962159421193631,-0.000927940147676211,0.0034760467809711,-0.0505760744519697,0.0385348782223373,-0.0771589153115341,0.0835677503021632,0.0569128161682036,0.0118562299783409,-0.00962686439977031,-0.0958967626144255,0.0523216641515161,-0.0568254345464694,0.00385622690216481,0.0323382036328752,0.0312408232524088,0.0336271128298096,0.00968909145909458,-0.0706410222372996,-0.0271600487426234,-0.0347426653090139,0.00958064618150498,-0.0117785409773645,-0.00619916917592887,-0.00344522244109183,-0.0385754111503998,-0.0418264584840455,0.0913880368136061,-0.0991715258476373,0.0656663153825388,0.0728338898972927,0.0343751428219879,-0.0144930770965864,-0.0733107681852627,0.0636491911607192,0.0218123919289312,0.0312891143237965,-0.0378891557884971,0.0685385040876139,0.0497884280698639,0.0990411519218658,-0.0941458258567762,-0.0159985675452068,-0.0302724145664076,-0.0497032739715167,-0.0344600584972161,-0.0107989589773383,-0.0153307015281181,0.091818325887297,0.0175066284861997,0.0831397601898914,0.0624633266298838,-0.013673740526807,-0.0355703087881393,0.0898721135387902,-0.0278897538818758,-0.0270840620726386,0.122421235625157,-0.10420966938525,0.043998257542189,0.0610763411708509,0.0957462927283959,0.138243541364808,0.018765670335206,0.0393173234991251,-0.124885561705169,-0.0316370137896911,0.0141859473006031,-0.0445079733211684,-0.0428610697340124,0.0570668681575546,-0.0699185307630932,-0.024875952280128,-0.00531289090493995,0.00127974862511736,0.0163141173756567,-0.0772758218867405,-0.0296738119325472,-0.00547139699924459,-0.0105693967809833,0.0160670539513286,-0.0194674719434579,-0.0317439014573323,-0.0283510298479435,-0.0608985060485049,0.0208842374470112,0.0307688459343018,-0.0100941610081514,0.00856345699400353,0.0145267293445217,0.0194816961012125,-0.00240648632771492,0.000553142522232116,-0.0263700813277027,0.0548177227521672,0.000438159630363267,0.021907599342618,-0.0880451007790551,0.00693367216285024,0.00378929582097071,-0.0100868933844055,0.0183395134409909,0.027874437311159
"123",-0.0379270695390375,-0.0318273374284497,0.0314087312139345,-0.00618414608727589,0.0468718442063205,-0.00748272219153533,0.000162688968913118,0.0512735429469795,0.0482066163810972,-0.00640604147257729,0.0220922954451139,-0.0311885880132555,0.0801702507279629,0.199818669539819,-0.00926072640112018,-0.0594985497831387,-0.0625388873632788,-0.0340394570949744,-0.0130974746895617,0.0669697472927128,0.081202528861493,-0.0304936160035135,0.0111421099256112,-0.0252730066634357,-0.00938289354249919,-0.0778001613880361,-0.00438518884350158,0.0111380908943593,0.0400933232967181,-0.0150686322667068,0.105990831132658,-0.0303198437809638,0.118822172348964,-0.123530316666243,-0.0342297817306561,-0.0118376736166248,-0.0401111279197023,0.026954932843559,-0.0893807247788379,-0.040812941517345,0.0478919639736471,-0.0188125699117631,-0.0401626339372656,-0.041089317252475,-0.0148353970086604,0.0788412248390973,-0.0330142677072865,0.0302202803660921,0.0264494145229968,0.0181935222555043,0.0483366823886912,0.0171226423663619,-0.0985274914148254,-0.0296213570614386,-0.0585319248306504,-0.0911911686647971,-0.0419081153501824,-0.0610555668672464,0.0238786929536689,-0.000794345968564508,0.0538586875515575,-0.0235096067990591,-0.0220664285805042,0.0904170229339906,-0.0246665810516449,-0.0317369314931641,-0.0524501039936661,-0.0183217612588863,0.0808283112507788,-0.0183199287012736,-0.0267830739485701,0.0525385383045829,-0.0926061070486835,-0.0816107738965668,-0.0630303910145468,-0.10936767654959,-0.0262906829743689,0.0602618463143308,0.033866094975136,0.0787680270856989,-0.00262874521737803,-0.0345288505435532,-0.0322489943626108,-0.137649695467235,-0.0401948225610169,-0.0160654043507486,-0.00799374244707999,0.102549952642403,-0.0421531770030074,0.019374216114697,0.043073503540084,-0.119823181510034,0.0233289080048461,0.00323204939566239,-0.0682271443860032,0.050541703912612,-0.00465001553745398,-0.0250860714271922,0.00293489614565037,-0.0319596368857423,0.0280739507193992,0.00352967429703788,0.0774083337794743,0.0247939126092363,-0.00601933163760607,0.0203194719627383,-0.0253684282839744,0.0308920499365892,0.0556204926593318,0.000323429897942987,0.00418625723692258,0.00331134462131009,0.0138851134513342,0.0263750216514447,-0.0568556853771264,0.0590661967913196,0.0211136640771747,-0.00552753636475515,-0.0234517209104898,0.0152562942598161
"124",-0.0257504700471062,0.00890307117258068,0.0648029257964666,-0.0040932693509704,-0.0803227924998878,-0.0271460480262016,0.0367785419747269,-0.0524534890424295,-0.0245860215227495,-0.0255460384641126,-0.0922721665109187,-0.00861859081935974,0.00160346627073751,0.0699290144445137,-0.0295317862248913,0.0672910746942175,0.0250839054318515,-0.0983182245342421,-0.0411173132232976,0.106261648625467,-0.0110091423219551,0.0877019329601227,0.0831343853041275,-0.0231586805131704,0.0734233619622254,-0.0248451209879741,0.021646357747306,-0.0432043006701832,-0.0250189459203842,-0.0315550832121302,-0.0471567355785584,0.0925142407382935,-0.0605312905765468,-0.101675642041425,-0.0523814344876592,0.129924247444648,0.0366987751171153,-0.0234043713712757,-0.0315250138266808,-0.0192610890136571,0.0388724458140047,0.0225188239831682,0.0525814460773683,0.0478629185226698,-0.0427825365075233,-0.119351958588781,0.0475914484453396,0.0192902152478877,0.131125786150268,0.101582598972888,-0.00388038666140405,0.107161248056163,0.0173610352578284,-0.115264485138617,0.0995375828858122,-0.0365515054966969,-0.0477490322862619,0.0174437889050628,-0.115498690871456,0.0356321290672292,-0.0360392753577435,0.0246781521131372,0.0104079960030355,-0.0766513643813419,0.0178970743975724,0.0329765636146258,-0.00517378332323288,-0.0153577378752291,0.104385189202647,0.0993435819136549,0.00348665875467668,0.0389929443803609,0.0427157849959797,0.0881229494865889,-0.031442603506954,-0.010808015892666,-0.00514316932249426,0.106061391615842,-0.0135170394187657,-0.0619634530012186,0.0853401332587421,-0.0586879765849571,-0.117978407036356,0.0753695753243857,0.0224121630153181,-0.00443837431101621,0.0664548314212332,-0.0787646038730213,-0.00304678963390675,0.0155834252355314,-0.0303165235554337,0.0319044876642764,0.0737076347912666,-0.0707692183832799,0.0422318960602879,-0.0573194012114601,-0.0461388240679943,-0.017373438175009,-0.00383052565292067,0.0229610850623191,-0.0312776592608669,-0.00971143568353448,-0.00844034103107599,0.0190062749247505,0.00544370917521026,0.00311400900147842,0.0527759902944852,-0.00861896174944786,-0.0428180516625262,0.00255893219969325,0.0355808297811511,-0.0263191633669215,-0.0320463639679904,0.00360804347643715,-0.00603089912662305,-0.00477512926280754,0.0196199951844597,0.0213165379401625,0.00700003726839004,0.0107399659088888
"125",-0.073955470477587,0.0403839935885779,-0.021032196867734,0.00589327608616965,-0.0190372680238202,0.0335797852175847,0.0662945028753446,0.114558274411252,0.0124162459507384,0.00610456454525182,-0.0952800198339707,0.0579435224993277,-0.0290572378795842,0.0187034729120695,-0.0159115283639886,0.0023141395800365,-0.054407046847623,0.056656789476486,-0.0295832801437345,-0.0495036584032774,0.00941851878296962,0.0322360108068312,-0.0163561176908168,-0.0487493927699127,-0.0313382206925631,0.0233441936095493,-0.0217810000452133,-0.10286273579871,0.00234012972579174,-0.000195333084846989,0.0252647554959143,0.0273241304733037,0.0738657719661551,0.0109278549829818,0.0220980703498364,0.0473322795805595,-0.00924372989932434,0.018567116066987,0.0614695460583241,0.0635781090452324,-0.0860956134389911,0.07301210493625,0.0129073296135847,0.0733535450003936,0.0605602966578475,-0.0203429513272691,-0.0137920451250823,-0.0539102037481237,-0.00102167180269924,-0.116317178095236,-0.0142806290498933,0.0545234732633327,0.0270378622152563,-0.0231190304628187,0.0108197546796721,-0.101485751371383,-0.0272561527946446,0.0669698830485491,-0.0347896173427431,-0.0143150691559689,-0.0144512940612621,-0.0372599594038407,-0.0328179406799262,0.015987722435346,-0.045047276882418,0.0215080092133955,-0.0166790459779248,-0.00389184688151166,0.0374467593570837,0.0894268060356151,-0.0701474213213814,-0.0428849068473477,0.00184951099584523,0.0140238709344089,0.00637451466537687,-0.00877649342446169,0.112261366286002,0.0115700812803446,-0.0278827565626702,0.0639645475644081,-0.0982442127429783,1.43583229658904e-06,-0.0113410314004393,0.0665449639171462,-0.0850598610300954,-0.0603718932518393,-0.0379193578305577,0.0720129766806324,0.0198433566091335,0.0893753094519504,-0.0141699191355614,0.0370754353769113,0.0332304959896056,-0.00998535334599669,0.105172169064776,-0.0187615666458911,0.0192088252371176,-0.00181209014146405,0.0506867230214732,-0.0124700354790978,0.00274932566243434,0.0633112186529684,0.010852006915457,0.0245757873637707,0.0148893665232762,-0.0100429635221532,-0.0822271160322605,-0.0190534991732822,-0.0094137401618972,-0.0220252488051465,0.0249539393398339,-0.000618931313232337,0.0147747626309011,-0.0109219223455049,0.00598878664542441,-0.021788463359048,0.00382274629078959,0.0424928661823705,-0.0531298660281745,-0.00546046038736769
"126",-0.00820882463144485,-0.016605832094993,0.067015288668814,-0.0408777577891133,-0.00379912290116574,-0.115528030628692,-0.0459820400273271,0.0360258142850548,0.00963606822391471,-0.0409088435886238,-0.0320028926562799,-0.0641281223575047,-0.0749917473428284,-0.0613434435224998,-0.101843087009875,-0.0104230149723819,0.0598648987021809,0.0992163042002391,-0.0582680096744981,0.00787793090781706,-0.0382087346650507,0.0165638051386871,0.0366537391069392,-0.0316991562368747,0.0306363732313093,-0.0561308612081754,-0.0756209332959879,-0.0820424189615804,0.0826900681246999,-0.0818104945106286,0.0451823805495284,0.00528130045854658,8.75194905926326e-05,-0.00639486396191788,-0.078217752434875,0.0523132372946884,-0.0204741797196216,-0.0354516586625227,0.00854648940379162,0.0214888513277673,0.0446562307967895,0.0310881781281277,0.00220887917907274,-0.0100892253569045,-0.0460301246237626,-0.0724407348122599,-0.064323089384143,0.0262826603819585,-0.0394272434122417,0.0678971331597306,-0.0231967748141112,-0.095263698444949,-0.0131437626658334,0.0519478583657485,-0.0168864013454666,-0.0567009829054293,-0.0368638814363803,-0.0176747571378418,0.067867340595379,0.0351042531337373,-0.018810485880478,-0.0428885360436251,0.0171191403977112,-0.0503297692032644,-0.0237173819509413,-0.0835321870028329,-0.00264142296237111,-0.00750454914049476,0.0221955549815075,0.043848636952937,-0.0169941743261862,-0.0125676872443214,0.0585109048948282,-0.0151430082618904,0.0048165504909487,-0.0177181529065285,0.0129739526452837,-0.0505178503604116,0.00176919870301972,0.103462111772169,-0.131366664773013,-0.0270709240318114,0.00478508866161443,-0.0372881994001911,0.0595311187883431,0.0610262256677423,0.0707109017928401,-0.0142011030083592,0.0639475959589293,0.0412157503136981,-0.0644126978773631,0.197326188259185,0.129493952737708,-0.0384671916796964,-0.0458819866304673,-0.0428601131384586,0.011795624628022,-0.0305515749876741,-0.000207265529226635,0.0568367757328535,0.0363434832287603,-0.0232145512629572,-0.0450676053086358,0.0376590008566611,0.0384277848557873,-0.0347882243599347,0.00171518477504312,-0.0508251166052916,0.00822645252389042,-0.00589465454303207,0.00364993013290061,-0.00586430219130565,0.0184652561130608,0.0219639959262033,0.0393480866731071,0.0231122379620108,-0.0283835686893592,0.0223943875668416,0.0515149511462566,0.06123744588714
"127",0.049994591484848,-0.0408989632761908,0.042158726722369,-0.0846542013118448,0.0219253179776425,0.0182454634971044,-0.112489722922787,-0.0449575145557419,0.0421203750196663,-0.0407927102967504,0.014879503719152,0.0280291813287973,0.00713727117788229,0.0280302376455715,0.0242969523938638,0.0241304764788383,0.0420148059525919,0.00507217490141642,-0.053818495576854,0.132644449935709,-0.00384220850672892,0.0559145491774957,0.0484309235913177,0.0554685802423098,0.0399848948235354,0.0346003860228502,-0.0674091037733287,0.000892982375887767,0.0241371701981177,-0.0495609911363042,0.00909059203527159,-0.00794148652901025,-0.0519244606917985,0.027450885197336,-0.00153968454783667,-0.0131876356090302,-0.0568269304315366,-0.00403794616171268,0.0660810337643519,-0.0705873451672282,0.0733526122910719,0.0155303183773861,0.044357688683305,-0.0427210195314703,-0.0234705679995134,0.0109172115578817,0.0418054674114583,0.046795957037842,0.0229629730251508,-0.0775974335587536,0.0450064042537575,0.0546257230186081,0.00672297900324805,0.0806659091223911,-0.0535592314421593,0.0670176433293006,-0.00589961408588828,0.0281660594330113,-0.102445986930069,-0.0953580009682452,-0.0933708867792872,0.0252165414410126,0.0154581920322067,-0.0726591596395576,-0.136226115969104,0.0932751379877189,-0.0345988500186524,-0.14486051023594,-0.0467338333127453,-0.055333241234225,0.087093203984573,-0.0282363429863851,-0.00345703957626681,0.00484809501049309,0.0248130576195867,-0.132624058911208,0.051714770256002,-0.0438508292074501,0.075216618522597,-0.0615418492024081,-0.0564524735585476,-0.0232503833878202,-0.0674272200485572,-0.00208503914580466,-0.00842294294511036,-0.00712312730809943,-0.0758448151701963,-0.0327554711675296,-0.0683084617901199,0.0250017051645021,0.0552537289965202,0.023445359518005,0.046441034119236,-0.0398188418503966,0.0363570984380646,-0.00764859104289986,0.0166456131915571,-0.0110216312330689,0.0105529304976017,0.057567241795295,-0.00566170233114017,-0.0149734339824703,0.0737258314488919,-0.0207762898890525,0.0354437652805302,-0.030636953663135,0.020370086200909,0.0249606112603583,0.0134847935446427,0.0576693930973611,-0.0915023730740598,0.0595341989366862,0.00387238699206894,0.0310705189414774,-0.00274894668611987,0.0220683350806999,-0.0360817188192353,0.04582434119324,0.00817089981063551,-0.057625198938824
"128",0.0392866472594793,-0.0202379239438815,0.0491755571685421,-0.0958446381731701,-0.00556923047589586,0.023796487138394,-0.00105938722315259,0.112358303928476,0.018026857819971,0.106689639885478,-0.0638910953703967,0.0596665538683766,-0.051088504045346,-0.0397765212689244,-0.0222614368361743,0.0135000946264642,-0.0565275497020146,-0.0143456749241917,0.0579619174799579,-0.0143577796085845,0.0216622749850493,-0.0250615629945728,0.0614231129420669,0.0159520895718696,0.0355191313632647,-0.00526380118485297,0.012937696058338,-0.0161606676316076,0.0604479360866172,-0.000694749071731731,-0.0742761007410218,0.0431678859509393,0.021436779630639,-0.0224000889247342,0.0503511923730586,-0.00971141793635358,-0.0303945584433151,0.0181991032670073,0.0123762702155916,-0.0187831188637344,-0.0672804211387388,0.0986881683835473,0.02890662699447,0.0832608744122482,-0.00691956665299855,0.0091181704054204,-0.0126751195318825,0.0249059237684468,-0.0426011251547185,-0.0737380086394357,-0.0104623861712083,-0.0119445353532783,0.0213280091035365,-0.0272128792240737,-0.0244920005699565,0.029775078082734,0.0268334491606848,0.0271214462242318,0.0910867590736688,0.0735921307249871,0.0717194411309306,0.0349919201096123,0.0168782542984438,-0.0170989656102201,0.0393847790005441,0.0264842922223116,-0.0782809459523371,-0.0808109799213475,0.0204484214927439,0.00556329649437154,0.108551179916831,0.00759313014746929,0.120875714047159,-0.014600503356106,-0.0608807508842737,-0.0470839101421209,0.0683195291718828,0.065746328949469,0.0134398761893137,0.0228376688451182,-0.00660866208327738,-0.0392940197500221,0.0184401801940137,0.0494921627725956,-0.0668998416553983,-0.0940330671020205,0.097830853056438,0.0204478873565884,-0.0767969634962358,0.0563664419613983,0.0728049095631733,0.0231334031648518,0.0512951470704878,-0.057361579545766,-0.0177031051760501,-0.0252155742861357,0.0361514454340009,-0.00157195826351637,-0.0154376075811117,-0.0361666814947841,-0.0194327034075151,-0.0580403443281228,0.025548587047519,0.0328566796890704,-0.0756822814629403,0.0281287313212276,0.0297137733750393,0.00574684498577617,-0.00256854923611198,-0.0393097730824824,0.0459086534957055,-0.00523353457474441,-0.00930475270922736,-0.0227378019744848,-0.0297235138325666,0.0314703129901738,0.0220040257146148,0.020762827892583,-0.0052101578415494,0.0185264146088888
"129",0.0190771773683127,0.0604542391646157,-0.0290980898076125,0.0717513650236678,0.08566442918755,0.00970255553926156,-0.0535954779645906,0.0282809872231454,0.0238565113667382,0.103809786080174,0.0596827359906933,-0.0695228442146793,-0.0303794283452814,-0.0362132580120658,0.00669347719254868,0.0665020961340088,0.042908150620674,-0.0199673070329618,0.114048932335172,-0.035734127325329,0.00104956569923964,0.00639562174650056,0.0557657076092316,0.0216048959519611,-0.0625242942586614,0.0208551473233788,0.00765799697590655,0.0746312557885858,-0.0249291366290064,0.0845021156465614,-0.00198828086291006,-0.0196670746874873,-0.0172065824122325,-0.0162201229019693,0.0349198453268658,-0.00352188340413353,-0.0269679690620201,0.0950102013080437,0.0152606880526087,0.0138995404568401,0.0404098703365777,-0.0856288353317545,0.011435798231681,0.0266717617254336,0.0109376660998839,-0.0171745264529707,-0.0153992768248447,-0.00261287878158474,0.0509899076476682,-0.0301167018902193,-0.00475266858081495,0.0190611452763726,-0.0292816878866302,0.0942529548311551,0.0138619109921802,-0.00729350923204439,0.00596688242947664,0.0249045645835935,0.0466354680884432,0.0563874530507105,-0.0904536936179315,-0.130890822858808,-0.0812859092268959,-0.0562991952744125,-0.00467015871015099,-0.0612261198064525,0.078784160492572,0.0273369542072812,0.0260848959773149,0.0425411553497179,-0.0221114700836821,0.0443034743377424,-0.0409902469717981,0.0396713130085658,0.0898184083319134,-0.0430562772034042,0.0245443755720092,0.00155016683401488,0.0250644013019121,0.0388226120725306,-0.0402820101720427,-0.0771056912097032,0.0297801853166752,-0.0240095092577515,0.0732648772804347,-0.0321454221775717,-0.0747431335586718,-0.0714403237097246,0.0189395347588639,-0.00976048499119696,-0.0223726930007346,0.0161029662679795,-0.0128634484738278,0.0603281329077869,0.00835105746734716,0.0237518315008933,0.0547843098601621,-0.0260706110548575,-0.0511821912293074,0.00171220353275693,-0.00377218990905308,0.0261528938043053,-0.0382196459708265,-0.0161646117489114,0.050982404228704,0.000702745256699859,-0.0211344740426038,-0.0109669317802128,0.00723304091284793,0.00689860981522509,0.0114614267956634,0.0466755145488531,-0.0289055712556387,0.0145177535355574,-0.0187881870599858,0.01725330986197,-0.00818519308987117,-0.0756222948675175,-0.0166780978641786,0.0429873818867057
"130",-0.0528361158547215,-0.0771673033144731,0.00832738687032246,0.0150364017284716,0.0470105628469821,0.0985464130072892,0.0310794513880502,-0.0161428827538634,-0.0440711422673692,0.0214795846209409,0.0237310023740986,-0.0543595953829322,-0.0675253050694449,-0.0425293488064623,-0.0127972136432122,0.0127634800085889,-0.0428261920593307,0.0128270639115426,-0.0750106427421078,0.012681366836096,0.0135272769326259,0.00135981930055749,0.0804623028518342,0.0692961482725013,0.0331892192646779,0.0285189178704459,-0.0566104914887558,0.0881310492910914,0.0303076948908196,0.0399304079785298,-0.0091824803851119,-0.0513175105428857,-0.0228112779555484,-0.0470732610065441,-0.0595963230293434,-0.0953628350871288,0.0280537911592876,0.10382656310298,0.0300337132587259,-0.079999217701653,-0.141085573676157,0.0414836287200343,0.0119049537913749,0.101527008748591,0.0105579604413374,0.0860742497050351,0.0581918870216527,0.0769006595973426,-0.085797305827524,0.0257766736551291,-0.0376683687211545,0.0249714651468633,-0.0159359243666706,0.00614275526154432,0.0730401847593893,0.0152065395954347,0.0159617387273835,0.0257788678084587,-0.0444204514062681,0.0429842662437755,0.0454147685191128,0.0138233760350641,-0.110734439569148,-0.0240208863778507,-0.164559303416008,-0.0358586969863134,0.0114032230575309,-0.010901048807376,-0.00577245842845459,-0.0450779931946405,0.114336827335714,-0.0334257392014322,0.0633311230107064,-0.052862997952411,-0.0994911543963014,-0.0300615853381759,0.0496583828331049,-0.0588644891290818,-0.00679262813888663,0.0434097498247204,0.13029053801293,-0.0192988845763403,-0.0116563180021517,0.0703521529384022,0.0629087579314353,-0.126819485796018,-0.0157669640548694,-0.0544217078466172,0.017228088191541,0.0693666195587199,-0.000839115022171241,0.0442604412231869,-0.00991982314583476,0.0570349923887286,0.0398151496741701,-0.0125856719400253,-0.0113340235288783,-0.0346668891561738,-0.000134348243600891,0.0287101770738019,-0.0338657350349255,0.0265960394377996,0.0261423278711503,-0.0197169085684786,-0.00666972556485978,0.0409893789895835,0.0161895825144587,-0.0271663214886727,-0.00155269312530753,0.0319644281366048,-0.0207302779790851,0.0564617570277854,-0.00551997510759243,-0.0524734760596077,-0.0195502433002742,-0.050194991161281,0.0115924758089902,0.075598714294405,0.0426051425594106,0.0185235000035182
"131",0.00333644196554372,-0.00748461881699599,0.0276488455946562,0.0417495558904635,-0.085136242561066,0.0707979160990472,0.080285631040257,-0.0641407072845244,-0.00180560569326651,-0.0155058133509662,-0.00147577652299311,-0.0355210098170615,-0.122928113456756,0.0884452113234368,-0.0537435636665755,0.0366879378822466,-0.0406295118967219,0.064484721254255,0.00849974918258046,0.0156631070010416,-0.0282711695180232,-0.0124771727855334,0.012174809069765,0.0682231749296088,0.0447336498001408,0.0422879275644186,-0.031116881542933,0.0525440838048618,-0.0394831086368274,0.100845386852542,-0.0353006104272706,-0.0293151587985913,-0.131179798137825,0.053653068474969,0.0236901768145555,-0.0679882602029992,-0.0463594815899367,0.0507431541855331,0.0706317171280386,-0.00172478545164397,-0.0162435288705831,0.0311429141269274,-0.0195453384615287,-0.0200156564563921,-0.0685524475041082,0.0711650545057943,-0.0809389963795898,-0.164640657429617,0.0427777537756088,-0.0132981177378968,0.0180716770627819,0.0221380176828303,0.0536093397332087,-0.0206141181227143,-0.113890827107608,0.00977323385841161,0.0549168634046906,-0.00483405141786299,-0.0121791261057104,0.0236178925156048,-0.0100230193648362,-0.0529445340193533,-0.0586254709481627,-0.0646554130317935,0.0761687582201679,0.0096975894630149,-0.0228938493905544,0.0513554815319688,0.0428615334511117,-0.0801149460161403,-0.0590561253114455,-0.0353793938878915,-0.0602271258962825,-0.0609098738905362,0.00307514443358187,0.0202651487024727,-0.0147881823459304,0.0317411009170736,0.0161972278369295,-0.0345668523325796,-0.0262478861144502,0.00860340224293853,-0.00913048657198733,-0.0347127692042878,-0.00359319753345597,-0.00961817223019018,0.0503055215039794,-0.0713756935170849,0.0735262082666856,0.0781971058015609,-0.0152353423954026,0.083150414636462,0.0490445431632751,-0.00765702030894642,-0.00888777834947864,0.0116052134849895,0.0266552345697128,-0.0300109251267986,-0.0604837243155482,0.00362879764084573,-0.00382104367135634,-0.0708549233863639,0.00979814427544969,-0.0191575548917999,-0.00441986577347047,0.00621999769431276,0.0144220506541718,0.0350448118264401,-0.00307965029859567,0.00526635682939907,0.0355460005776422,0.00275718309511874,0.039092809730492,0.000879041589824816,-0.028283886925351,-0.0671191050847446,0.004227557680864,0.0175836044353679,0.00108984093888747,0.0123165533474193
"132",0.0472529816679384,-0.0193560913582711,0.0150599688496669,0.0513620434386952,-0.0140537896859777,-0.0293511049755015,0.118867308062674,-0.0477065982529214,0.0194970783515768,0.00136623979413865,0.052182758240845,-0.0764440359464568,0.0260828738185822,-0.00669399337384674,0.032624505929837,-0.0319891331823252,-0.0476236347541373,-0.0513006206158736,0.0506383677668433,-0.0818867159895922,0.0489523807985907,-0.0458848758925521,0.0534844405693385,0.00900125340447658,-0.00783093933045339,-0.0338629024141859,0.0706574167258291,0.0131767615500365,0.0414542324990903,0.16373281120194,0.0785657719522925,0.0904868928442024,0.00906277151289696,0.0153641534998651,0.0522941667301194,0.168525731009752,0.0246456818877023,-0.00357607897676321,0.0435976728038679,-0.116703272690342,-0.01503308670712,-0.0848121198360488,-0.0537735720678003,-0.014986195955443,0.0356894479968593,-0.0176306187332274,0.0148624416778514,0.088393772310609,0.0169224484672497,0.0654114059711932,-0.030543497717972,-0.0419210812443202,0.0850190466117068,0.0220915866338864,-0.0300039330486568,-0.0357648234907735,-0.0895322714892068,0.110080180164076,-0.0578319422109959,0.0158558847277277,-0.0138860988427254,0.0416546590365388,-0.00184769461439521,-0.0506008974975249,0.0829654659470304,-0.0102791555748036,0.0171047415774876,0.00666745246854149,0.0276363639972494,-0.0716272250492866,-0.0506851251864813,0.0465771185205911,-0.005935644117918,-0.00905917932695494,-0.0521876187905954,-0.0256372939973133,-0.0535641392278329,0.0290689273353865,-0.102337737117198,0.003763895331051,0.019699477451295,0.023039953067886,0.0564517628024702,-0.0381952444488111,-0.0581858417059987,0.000711923375440319,0.0227684462167804,-0.0790942153999695,0.0250199066975915,0.0805812063076111,-0.0122681228309375,0.0131619023984507,-0.0294303084610557,0.0630652545261337,0.0143498629926835,-0.0776601351949249,-0.0164151972953839,-0.00146635485748051,0.0311612531447487,-0.0128595835311289,-0.0577149892709213,-0.0231828158594448,-0.0553165351372982,0.0412799427873728,-0.0401314948980235,0.0205405184851795,-0.0145723034062859,-0.0271165764002979,0.0220324882266087,0.000730624401120242,-0.0307532104216086,-0.00033862609425679,-0.0240125130798231,0.0173000822250889,-0.00051801805567086,-0.0232316128871935,0.0226777937939317,-0.0146149520395119,0.027269476331367,-0.0521566867404827
"133",0.0573194982527099,-0.00944984124679585,-0.0447930758662589,-0.0383655172617168,0.0571497727571412,0.0728938786652935,-0.057727441520827,-0.0529478531502312,0.0692313215033533,0.0247944971604969,-0.082736899746945,-0.0269235544278368,0.0865102790379041,-0.06473437154846,0.0262023410319648,-0.0417350002134447,-0.0105710173193027,0.0319619842203115,0.0197128965719707,-0.0344752840733376,-0.00630996305955347,-0.0591694451048213,0.0168912405328999,0.0356947548123374,-0.00961941759577584,-0.0560038597940091,0.0420833318443568,0.0588518718287316,-0.0653375192927504,0.070489113833204,-0.0350113444145436,0.0395933406021785,0.10464810831355,-0.0423086062152752,-0.0214579610249475,-0.100202946044695,0.00490721471801737,-0.0702702476167552,-0.0352951503150628,0.0268185253552906,-0.0784992729853295,-0.0104874686911263,0.0249751442611425,-0.0123829056607141,0.00809027283919405,0.0581378651053233,0.0239304249447463,-0.00386158886635771,-0.00499901939919143,0.0952703528282496,-0.0174946298600443,0.0333533148499053,-0.0413342582191181,0.0109545990220072,0.0533870645330934,0.069285727294214,0.0623924234543208,0.0372118412839944,0.0324531513728368,-0.0194634245968122,-0.033985617747585,-0.0174695728133342,0.0602538796200078,0.0443640180517266,-0.0641573705640839,0.0426502702010119,0.0161188562868133,-0.0520484821158842,-0.0374756023079699,0.0580631797711244,0.00124922794287432,0.0144872447383995,0.0333697425262026,0.0266624021511791,-0.0225618175866825,0.0317529997561823,-0.00746809585430355,0.0387058847398526,0.0169640020713314,-0.033755933398732,-0.00724837159216363,-0.0541075033245429,-0.0530362330429383,0.0102033565427405,-0.0066378573580664,0.0806905813409522,-0.00681690430265374,-0.0530853477400424,0.00153870445493573,-0.0384992668067373,0.0344889849548162,-0.0130311485652834,0.0673081114888739,-0.0541460072640953,0.0686686606824242,-0.00228769378134313,0.0126863404398565,0.00166017423880309,0.0513364467084604,-0.018744328068676,-0.0346664307366107,0.0106173014592601,0.0121344220720246,0.0337116190650814,-0.0350447685608414,0.0115917204956455,-0.0103811168163096,0.00954098295768046,0.00707148213519408,0.056691770711652,-0.00910493313309171,0.0439311932191798,0.000798410364558455,-0.0274708508003799,-0.0133233832847732,0.0368041911358414,0.00651440529667714,0.030641981193401,0.0428537499621983,0.0367915069804974
"134",0.0512101690053067,0.000895329056291945,-0.0689375498401837,-0.0142746470081572,0.00746722107053446,-0.0113309649719836,-0.029487232986359,0.0211985073245491,-0.0109454941454905,-0.133771337153097,-0.00551401001955169,0.0233110336805288,-0.0748944411966341,0.0260281681506612,0.0667930776373963,-0.0262716770438708,0.035712767406539,-0.0110785475125822,0.0655363327375706,-0.00315602034439198,0.11011215605948,-0.0332887589631632,-0.111486321131323,0.119744187987192,0.0883833515907958,0.0479063275345057,-0.0347476517378152,-0.0410201847453503,-0.0196576954193094,0.0209864949028951,0.0663303976250872,-0.0140314364526133,-0.034083121584844,0.0608595524028061,-0.0141371329657314,0.0269523749405206,-0.0291209777473432,-0.00348521068147073,-0.0714576653454529,0.0236737800741551,-0.0900773165435088,0.00988162530807959,0.0198374190726966,0.0158491527299175,-0.00228729655453625,-0.0305160651952988,-0.065577645653806,0.0123725378412201,0.10800948091265,0.00784797752879806,-0.0467542423136688,0.0911390828503537,-0.0303347749212603,-0.0113575733826803,0.108218015397401,-0.0162705214075663,0.0301723848726767,0.176576786386324,-0.0489005449442432,0.00342674704125162,-0.101984310620002,-0.0139454718942115,-0.00886884163973984,0.00467780550832726,0.0859533312817639,0.074459364550817,0.0263849805815199,-0.0382691432828653,0.0261920831804604,0.0104983785674326,-0.0125306421031314,-0.0333790020617565,0.068077934734907,0.0212848584787373,-0.0394209785423453,-0.0378012694946567,-0.0553303854538898,-0.0356936312296988,0.0230677384369276,0.0192928500535604,-0.0340372381353567,0.0187308423354284,0.00343438356096634,0.00101356833703858,0.0366268991643366,-0.0118747141730161,0.05541915790902,-0.0120157174309314,-0.00884828096767015,0.0500861742502725,0.0377026208680875,0.0444549155394367,-0.0490642723666296,-0.0617911594463898,-0.00478613618961101,-0.0150903642792994,0.0419752436712402,0.0382922033781175,-0.0165129460760183,0.0257427609300471,-0.0470691550826575,-0.00579232910007535,-0.00884664646923903,-0.0521270757081112,0.0480750936011504,-0.00768221666070348,0.00458377622319125,0.0142668872849766,-0.0116080968568969,0.0247089272043236,0.0110145652955954,0.0102734628668616,-0.0735676338436574,0.0386712946025693,-0.0124064537373658,0.0351564646193549,0.0176825735434326,-0.0291767528652981,-0.00231927736972348,-0.00774136289256955
"135",-0.00866813080438751,-0.0771213516491745,-0.0224534805742257,-0.0254517219798889,0.058045660311777,-0.092228709333442,-0.00103656847843408,-0.0107405853769583,-0.0112655297083832,0.130208184158142,0.0566820891038224,-0.0553416771296243,0.0781296434705977,0.0162127667164037,0.00250317188228147,-0.039004754887657,0.0181936824560088,0.00643552369552367,0.0678236769358908,0.0087116436828001,-0.00187078610398605,0.0299282493823757,-0.0566743125474742,0.0409468986610836,-0.0330320404936442,0.0433297024078063,-0.00787004717011454,-0.0684920629056395,0.0639577494162976,-0.0200356220170861,0.0817755329782263,-0.0600779560596118,-0.0265792672916154,0.0191333576157836,0.0721672591482745,0.0380757296440626,-0.0377945930373018,0.0947813452124814,-0.0531303864363705,-0.0339142553706313,0.0275322007471355,0.049344332519989,0.033346668217179,0.033970714857941,0.010310864161826,0.105006054896711,0.0736090429244311,0.0291839089666345,-0.0765496461590842,0.0647915989890249,-0.062190392017786,0.055510226404409,0.0352785608996834,0.0453425421528881,0.0652632947273027,-0.011161564465825,0.0455854207722229,0.0302078785807253,-0.0134288061105798,0.0177673100934656,-0.0661371424501663,0.0547147426435532,0.000116078801237855,-0.0814658475788582,-0.00425423188729567,0.055577384923062,0.0346120926054673,0.033700135930885,-0.059994579168701,0.0621608736975636,0.0523244982635865,-0.0770102276388283,0.00589301207640534,0.0181071630485451,0.0216228928432199,-0.00549738256113316,-0.00455109606086557,0.019959415874643,-0.02052318120701,0.0249478442289592,0.0754631663616906,-0.00375350260866333,4.40292401242312e-05,-0.0284172546936516,0.0142917897964096,-0.0663384565971525,0.030954248305292,-0.114823820549505,-0.0896088695971542,-0.0458588693794342,-0.0768540940924734,-0.0181647732500693,0.0620733174151651,-0.0200536178349268,-0.00792841979599886,0.0193175639051108,-0.000644963637511426,-0.00899098690335357,0.0325954105156383,0.0202658750381783,0.00399245775926138,0.0115161897524971,-0.0208918817928777,-0.0244715810676601,0.00496338903579559,-0.0199406645552345,0.0431439234309566,0.0125719785648201,-0.0658754591042252,0.00112936056364023,-0.0838565614882339,0.0453320338372677,-0.0533123770442501,0.0163015579120791,-0.0185673796813872,0.0310364363748881,-0.00772553039725528,0.0229281634117126,0.00192931479888243,-0.00162840566589834
"136",0.0306188536354794,-0.0630956949121108,-0.0755034059772473,0.0251502051837962,0.0507054364955595,0.0165914433398047,0.0914336709719513,0.0482066793805853,0.0587866880093983,0.065500890073298,0.0355319511861667,0.0819403416732359,0.00257307928731444,0.00590621933747918,-0.122337430723568,0.0336440527111417,0.0221361370520904,0.00882422722622922,-0.023230173360667,0.0390128809073565,-0.00435087753611836,-0.00579710019559772,-0.00122603999623362,-0.00171803311634585,-0.0543394313866106,-0.00941862389582536,-0.00290865922769227,-0.000256371467173649,-0.0540488371147392,-0.0386543159714775,-0.0577374454396228,-0.0280260067470262,-0.0425020910474133,0.0074955107091298,0.0863177341302103,-0.0341440266535145,0.0129966673822964,-0.0574195942356532,-0.00763026117154025,0.0241645883383053,-0.0181747730105331,-0.0493711430531517,0.038636541541067,-0.0755482416850791,-0.0229935345061767,-0.0683109184619185,0.0218019167830021,-0.00568263360834224,0.0412006530726023,0.0377927333614161,-0.0598626705368402,0.0241968683531672,0.0462245054524563,-0.0802195408662439,0.0568884814553028,0.0748341689331788,0.0126407457584923,0.055472868298309,0.0148962340039224,0.0127271270643199,0.0696830303284969,-0.0427333899748519,-0.0417227585432277,-0.0251317165933615,-0.0886596313379041,-0.0602265916275257,-0.0649214786112869,0.0508519289270012,0.0595907677155804,-0.0161481517065735,0.0646479404290431,0.0709306599100648,-0.0206641630599045,-0.000156427638046556,0.0229093856858185,0.0487611915747081,0.0565731211687231,0.0602892195582715,-0.059150501643217,0.0227821864967257,0.023105675859256,-0.00451628403909639,-0.019977325612754,-0.00160960845628455,-0.059132220251739,0.0253877711661599,-0.000193707922739168,-0.0299484281635608,0.0106181919963523,-0.0291453263735209,-0.0041015229800057,0.021259257019093,0.0865518156505777,0.00131958502753344,0.0392644300868598,-0.0131680192838553,-0.0153442656856059,0.0383349404848054,0.0124930549062261,-0.0348113986050668,0.0289152675174737,0.0202861807412979,-0.0148109076186256,-0.0291678386666333,0.0122124801220625,-0.0184335072087433,-0.00956318530451051,-0.0238821859357892,-0.00651892374935688,0.043499341111867,0.0201235644441719,-0.00642926854445602,0.0372505243427367,-0.0192282072889209,0.0180979285066427,0.0748490297586163,0.0154869194199753,0.0105193716192225,0.0202507933643127,-0.0057662640032637
"137",0.038942583818253,0.0343269739556817,-0.0818922923236051,0.0029292044909926,0.0753870661659241,0.0516215383731803,0.0401546405312248,0.0169113150132284,0.0156286920827285,-0.0839025277763507,0.112587948853813,-0.0420388116787506,0.0343417027324291,-0.0196307487829276,-0.0518233387823615,0.00454205768848813,-0.0221396227825494,0.00788016651924053,-0.0369029622053792,0.0298780606693231,0.0851886332038032,-0.0520402382928321,0.00544694294259799,-0.0768413119579496,0.0747769086509171,0.0568013261463699,-0.0191587765125443,-0.0320344036760111,-0.114384183285703,-0.0130955493059969,0.0157833469285717,-0.0279355136752457,0.0603030131853613,0.0612763612375106,-0.0236111610380684,0.00116591025986918,0.00276696371939904,-0.0295348990617311,0.00951523600677196,0.011581899909562,-0.0147940890002672,0.0462196934692152,-0.0529543611586627,0.0334364349558815,-0.0269946085006997,-0.0412822245262497,-0.0378274629562029,-0.00266594843845798,0.0432631502174194,-0.0279793037944382,-0.0195111385075656,0.018718938093768,-0.00832590402701022,-0.00370841073773975,0.0618767460464731,0.0216359657441398,-0.0876371913845519,-0.0599892529565575,0.0317200915399104,-0.0656646538846951,-0.0181727918095886,0.00686536438256171,-0.0296839198877941,-0.0207510143545969,-0.0470301109343986,0.0127250848208843,0.0500869022974195,-0.030780962484025,-0.011365928430608,0.0173625331202929,-0.0458521655425414,-0.0849563684892663,-0.0822520083492573,-0.0725623735070511,-0.00525214933344193,0.097067039303605,0.0271529439072651,0.0259585967498236,0.00959205236876344,-0.0103650869044397,0.019124892236022,0.00698871395071617,-0.0323637963342347,0.0273821597422433,-0.112938648336957,-0.0307844199214748,0.0947009139424495,-0.0235848741186398,0.0212766827980398,0.0661055979270063,0.0193591199877002,0.0705258095978322,-0.0490164739047517,0.0413477559476317,0.047679594549833,0.00679269288477903,-0.00272109409225406,-0.0035676519922634,-0.0279310851911103,0.00145951155101185,-0.000912729565869635,-0.03488311618348,-0.0105402177803603,0.0205892340403207,-0.0341550111319728,-0.0404948972778968,-0.00807711263056475,-0.0202430053596924,-0.00720478300871876,0.00725853326053994,0.0470769777335673,-0.0336504550089148,-0.0222720499796882,-0.0182868659325867,0.028950406134772,-0.0125041611528031,0.00874811478678304,0.0434295064851827,-0.0163769910168728,-0.0192568348324459
"138",0.0940351955837152,0.0348140236540387,-0.0032152104866211,-0.0696538128482204,0.0481126951807406,-0.0132169299614609,0.071903499599822,0.0234187069188646,-0.0092256488684971,-0.0457613806670385,0.00110137479480188,0.0202821992358152,0.00398137389184817,-0.0251014577062338,0.0542753405057856,0.068719008398954,0.024798095945206,0.049261616151922,0.0107708869924075,-0.061428741695992,0.0131044129297235,0.0243278943091525,-0.00899144925110738,0.0118404870719354,0.0343876844945027,0.0129612701229284,0.0235024646415331,0.0189391423056933,-0.079388023105167,-0.0545860685165142,-0.0968894268871194,-0.0473609608544167,-0.0156754647081082,0.0319314384406187,-0.0332765780044649,-0.0514312637760387,-0.0411490723520081,0.0728863657850026,-0.0246335460644476,0.0164986298391481,0.0292531080510181,0.0644729816906032,-0.061676645298321,-0.078909530936141,-0.00356270161724302,-0.086904697935431,-0.0432219023218344,-0.0144122991042155,0.0240087874552764,0.0311129938637792,0.0431113642929339,0.0515202973730858,0.00547758134914873,-0.0312973115350946,-0.0978884544867426,0.00859778238682717,0.0352572897888089,0.00272715182527562,0.0878279949160107,-0.0475824696269296,0.0144880937905309,0.0551103209822236,0.0104243990412962,-0.0167181059005198,0.0445846543252474,-0.0345075695223996,-0.0717392839045852,0.101734771176013,-0.116146924256832,-0.0268976298323575,-0.00830870243216674,0.00582045701985011,0.020581307281218,-0.0511313092397487,-0.0230079533305559,-0.0223495611390788,-0.000694653765661408,-0.00157065718981881,0.0320928010896051,0.0174153707030065,0.0406292281149379,-0.0602608250194937,0.0698100618159525,0.0643321425281854,0.00628453984353917,0.0510430314888097,0.02724351514577,-0.0345799170254879,0.0222830835863392,0.024853189637704,-0.0433711130496668,0.0543035653463129,-0.0316603009283066,0.0234604170231566,0.0184355654464847,-0.00675314347236655,-0.00160904485305467,-0.0309004713101177,0.0232951885463764,0.0528779755164625,-0.058503472678595,-0.0107576909340046,-0.0196275033190945,0.0347263070362358,-0.0166296356634147,-0.026414703838531,0.0246402239836378,0.00341224665980401,-7.21956793887759e-05,0.0123686083081935,0.0321662615092304,-0.0172152127902461,0.0168747559558179,-0.0268083574709988,0.00137891463228191,0.0203842278076266,-0.00426105985262839,0.000683812964619407,0.024280146245459,0.0193288186844224
"139",-0.0295335388644642,-0.0242600169945052,-0.0284792438832592,-0.0881929503391414,0.0414148689111667,0.0400242336101876,0.0288935171438411,-0.0137683417989588,-0.0352352128587696,-0.0211218756673386,0.0635872132101769,-0.12776861202409,0.00489717469751558,0.0682816944518681,0.043675365280118,0.0630646983280552,0.0738271117560237,0.0744809348297947,0.00157487298467728,0.104008621143675,0.0142841542743845,0.0361335738798832,0.00187243478450019,-0.0420424251431768,-0.00470438823128282,-0.114924275465431,-0.0588923456177183,0.0717910361805506,-0.0269332662456522,-0.0111572584551972,-0.0532495721419317,0.0808429262406702,0.0267484588589214,0.0249151000071985,0.0495364820305768,0.0713902038783996,-0.0477108297758891,0.0676184064365732,-0.0772357463713281,-0.039716243394147,-0.0235712026676636,0.0140648536993011,-0.031097393621763,0.0667997118368091,0.0565678618789728,-0.0160258080457817,-0.0448998828805054,0.0141348216562144,0.0926824934858925,0.00823106067389453,0.0151084576417178,-0.0307480763944069,-0.0617995483931151,-0.0704533572618584,0.0598222906555047,-0.0108628435223262,-0.0306703594870911,-0.000771111304812394,0.126216639328581,0.0504883709153027,0.0282622518322605,0.00158572416939941,0.0593961229602686,-0.0287298448860651,-0.0193175466304346,0.0404796701771949,-0.103506559122918,0.0719815525444171,-0.0480792525143631,0.0324075759419348,-0.0513265396264415,-0.0466018507428109,0.0286212969677154,-0.0303847251929793,-0.0216802570362528,-0.182684135191354,0.00299438754759158,-0.00827918130800301,-0.0639739700109958,-0.00109641591184089,-0.00204846139328087,-0.00898571117210622,-0.00425214841801451,0.0896182133699584,-0.0693848504742812,0.0114259491606843,0.0295042420550969,-0.00645115946277179,-0.071540828279908,0.0118161270281483,0.060606297526506,0.0676115578941299,0.0820540770882438,0.0668065709705234,-0.029281694488334,-0.0583006902880628,-0.0388600999663376,0.00391133243887563,-0.00217008116580594,-0.0415564515287439,-0.0109797428352309,0.0251142358786095,0.00147261475382476,-0.0481394988500436,-0.0507895424134372,-0.0226945002947852,-0.0409098435113506,0.0700428248959473,0.000385006026802307,0.0301144696320599,0.0402911124470705,-0.00484116687065899,0.0134498536614399,-0.0630621368720931,-0.0147470758022797,0.0706972997397045,-0.0207622229029085,-0.0303416194632322,-0.0162430579713945,-0.0311500104662204
"140",-0.107940022473965,-0.00464467160728336,-0.0318723013331515,-0.0694926048306147,0.0304337544819495,-0.0016028160346348,-0.0119092105313904,0.0494400824849848,-0.0158083319880346,-0.01394565572304,0.0410042930221228,0.0224863539547769,-0.024530197899563,9.53752586260294e-05,0.014484942288472,-0.032454917944618,0.0232296592985773,-0.0208126196975605,-0.0323623778359685,0.0651943754290082,-0.0495158987776643,-0.0934838410599817,-0.0100397687480337,0.0366796031873221,-0.040641899730489,-0.0439950469269857,0.000337887712756718,-0.0357743315251962,-0.000415955196728785,0.0429127399481922,0.0416433289922658,0.0392668109793257,-0.0599552351831677,0.0527118684570854,0.0262073810075573,-0.00296820908750652,-0.0850218026590289,0.0130373705379495,-0.0554871863093099,-0.0621711355317879,0.0110687022482284,-0.00214607863416999,-0.0221760291709638,0.0380363746099657,0.0538967610268703,-0.0423978950492129,-0.0328417089534584,0.0321264080395194,0.00817350887489306,-0.00109702666461911,-0.0230778240910889,0.0144660890003799,-0.0113807981086784,-0.0294062828642099,-0.0186025914305713,-0.0639620119666689,0.077157280928963,0.0249252078247703,-0.0748468102516379,-0.0460775226384338,0.0117818029236506,0.0353717982313914,-0.00917199995089975,-0.0356111157769534,0.0141707833761237,-0.00563506612180348,0.0120771631902862,0.0458687188014049,-0.0208595569926906,0.0152241632572874,0.0166678152093936,-0.0554535439033967,-0.0279344505588231,-0.00558975251610129,-0.0107808488180742,-0.0189041837323937,0.0746934064068366,-0.0909255838814745,0.0470638129015257,-0.00203405232906808,-0.0267378803776938,0.0130725817416621,0.0118434320690686,-0.000181374824239867,0.0461508142139023,-0.0502306408257565,-0.00585584397028384,0.0527482059425768,0.0039057428852948,-0.0241811876129724,0.018348670465128,-0.012546972767345,-0.0334522119294351,0.0425449038941649,0.00536212847801062,0.00398202744523075,-0.00609824960042881,-0.00152300666425098,0.00101040479918802,0.0231020934765433,-0.0251930850722602,0.0171671979382597,0.0424791851200462,-0.0250071967803282,0.0408301846408348,0.0733203137045375,0.0177421504416095,0.0123199047999248,0.060063723054054,0.00548572414019517,-0.0174918337232134,-0.0318384622417817,-0.0078751528842014,-0.0290003892051071,-0.00563031241267853,-4.8576638036227e-05,0.00169886102444991,0.00426132267373003,-0.0323794329984993,-0.022478571752455
"141",-0.0531474548583616,-0.0269162113316935,-0.102999969013627,0.0684645290853115,-0.0950553274304247,0.0345657628752743,0.0100789894123033,0.035343799117239,-0.0568390106672644,-0.0293805818922313,0.0140468847369962,0.027852629876255,0.0411143005980132,-0.0211768176734195,-0.0503255700944852,-0.0230739369347564,0.0406049091049633,-0.0325565933223642,0.0247104242078125,0.00110172600339269,-0.0233911105950433,-0.0229753547833348,0.0516806909818472,0.00789172763163101,-0.00424007043346133,-0.0254324259948188,0.0432481354271249,0.0538935859915708,0.0202379902889359,-0.0258026850129731,-0.0655621704308448,0.0439146637956983,0.0470748062834787,-0.0210805519439362,0.0204703901212935,-0.0410607055548658,-0.0110722142338305,-0.0349106795996771,0.0527235002780838,-0.048614324130265,-0.0224943555452362,-0.0177379931509115,0.0117911450779408,0.0162721144414359,-0.000446528032149721,-0.00568177343735949,0.00947404294414161,-0.0143135185442032,-0.0463554022558699,-0.0490050379602877,0.0328920617001706,0.020049356841676,-0.0654920710203474,0.0306224828355948,0.0700520863348335,0.00732332119986607,0.0624126967172465,0.00779836832568336,-0.00951574725220215,0.013188717823128,-0.0317493556201808,-0.00319364945006704,-0.0232984387636421,0.11053103070999,0.040625325367948,-0.018396179062767,-0.0645974875211769,-0.0257434822368953,0.0267606916618786,-0.00418050224230632,-0.0249871134203024,0.00873540914683312,-0.0132670435260188,0.0191847981978072,-0.0570009523919747,-0.0258409795595985,0.0645077996928318,-0.0196433582656654,0.00530696368182948,0.0175747455067175,0.0168894492043781,-0.0215153570194487,0.017600998296221,-0.0669069473049712,-0.0731546113007067,-0.0231512091652088,-0.00362977071436828,-0.00693931988824421,0.053046399720696,0.0165565124022091,-0.0817342279306668,-0.0347751277185569,-0.0298463144021922,-0.0093791548893826,-0.0112727201871029,0.0409895122298679,-0.0187590341282252,-0.0179597798142337,-0.000961287256621085,0.0350886199558805,0.0066313103717237,-0.00551707649819414,-0.00226560921177851,0.00683573798001977,-0.0382904207964825,0.00588473299822824,-0.0144396936013128,0.0138938089061234,0.010087358587175,0.00449281565249184,0.0281994764542864,-0.0396265601662273,0.0176271103682804,0.0390581879067574,0.0360768279727895,0.0131894877755509,-0.0101902861558086,-0.0290783842276854,-0.0133944353932369,-0.0279454295457193
"142",-0.0535455905465561,0.0583511897476227,-0.0538169254646284,-0.0472482128252758,-0.0425755791368069,0.032244264695504,-0.031464119671092,-0.0640278340927491,-0.0882795652221709,0.0824507848644895,0.0373133219741139,0.0693817231559471,-0.0121053570902826,-0.00152604025314679,0.0057135071564769,-0.0390115771231852,-0.0152074393446508,-0.124677013678886,-0.0100462363237455,-0.00794800705554488,-0.0114272683984029,-0.0603835708241162,0.0682202341891222,0.00658698302390375,-0.00707442892249621,-0.0509678784551291,0.0186809621032201,-0.0365299867201614,-0.0521555904357052,0.0088772377608141,0.0430097161886886,-0.0232329530071732,-0.0613606635122758,-0.0032552441158026,-0.0316281332668019,-0.0370761153409264,0.00400712182367757,0.0507625483084783,-0.0330420260102762,-0.0407087248520584,-0.0198256280007179,0.0346536586761897,0.0155762236420148,-0.0202588304700213,-0.019206181688082,-0.0137232996547253,0.00908167313892753,0.040797633229622,-0.00112993245014513,0.00797338219822923,0.0544486796828019,0.0548899320022087,0.0394238178259488,-0.0212637316649406,0.00453531652328844,-0.069840934812584,-0.0320459314089234,0.0266180401697267,-0.0330411195746532,0.045476922597311,-0.0484900713995368,0.0434165406517941,0.0875712329715654,-0.00995305009802874,0.006734411728894,0.0127724354747841,0.0399337178208223,0.0433481069268945,0.0164657982756616,0.0528961860917508,-0.0288679191596573,0.0616922507159822,-0.00171092637040585,-0.0975331271101301,0.0317680542535918,0.0513952450576887,0.0402737486439342,-0.00393442520745814,-0.169956474232574,-0.0949688928233474,-0.00754727915245216,-0.0322807326160462,0.0370513515105898,0.119473631374708,0.0108573562755596,-0.000201567511801072,-0.0567689076665604,0.00679036436271935,0.0560004436854769,0.0454568656292604,0.00292137296999747,0.0449775216617674,-0.101961430800793,0.0499360881923005,0.0733775085053225,0.0220382537511295,-0.00294967290146534,-0.0140357266157579,0.0258832583753123,-0.0112944320593192,-0.0100395461622641,0.0233734446491554,-0.0118054445809625,0.0245980273936849,0.0296347572139534,0.0173941822901736,0.000988432286232297,-0.0294380934548769,0.0216021309036846,0.0260641720246461,0.00095179959478319,0.0344143075489426,0.00857426227396689,0.0123008848259263,-0.0205618716959335,-0.0159196147769923,-0.0341000624538913,0.0197478301211845,-0.0330244483698084,-0.062087835108306
"143",-0.0692761666650259,-0.0137649082914839,0.0549905587136763,-0.103210700463972,0.0238506430503177,-0.0800217228280462,-0.0283454094717202,0.0209775318150503,-0.0646738979326328,-0.0611321607832323,-0.00821949641851412,0.0303484363821473,-0.00193673715686698,0.0316364890877136,0.0228425427011355,-0.0708811617819969,0.00789267662072634,-0.0132085199197119,-0.0686489949375196,0.00240959612801648,0.0217298862777629,-0.0220893874915885,-0.0298286209440137,-0.0434434763165223,0.0334926862468672,0.0565339462254441,0.0223955106654119,-0.0698308829135242,-0.0249945983467576,0.0343388666287211,0.00465323709270624,-0.0338064258927341,0.000305611247310808,-0.0551036608095717,0.0619852107931372,0.0321733419087851,0.014806340202981,0.000639879091579637,0.0143696673743332,-0.019354130399557,-0.00377598730729439,-0.0523195312202657,0.00115735065886067,0.0114000920395341,0.0493860031887451,0.0316822750795625,-0.0163843833084575,0.0435648977820722,-0.0148706582967451,-0.0192486522392927,-0.0715880560664191,0.0130355765147976,0.00715399767899389,0.00647063839992835,-0.0388311208551833,-0.112763881825707,-0.0554953922905103,-0.0442294445757352,-0.0151338994873996,0.0720530787017609,0.0140928334016758,-0.036643432601402,-0.00775017276394513,0.015739884979021,0.0753998748990279,0.0106733684429689,0.0218389499347554,-0.0395438667115976,0.0285700283807475,0.0613586123953516,0.00866197347448031,-0.0277498043108067,0.0497596792488163,0.0494772656760412,0.11469791643053,0.00919227091695555,-0.0580449871505445,-0.0299375921908142,0.0383783201622865,0.000105682963735792,-0.0310453520501262,-0.0105275359315546,0.0828444074956722,-0.0336587803995712,-0.0164301081582865,-0.0340564855487192,-0.0458543564840668,-0.016613665309608,0.0219565618033439,-0.0801962583291485,-0.0204141384876889,-0.0349566588090462,0.00183747685471612,0.0345679630461765,-0.000321260179770408,0.0248775548358212,0.0134212030361658,0.0311519471626225,0.0266465923132062,-0.106196351542854,0.0667388955590746,0.0103836673502412,0.0155831928567584,0.0155835768617529,0.0178082118977563,0.0185957888853045,0.0167686380550294,0.026976592511105,-0.0232073146760255,-0.0225258712312788,-0.0109077817944424,0.000893694843642336,-0.0316586496641685,0.0302918833301619,-0.0384970551302844,-0.0156942253592344,-0.000825879617094321,-0.00234343752827639,0.0194657735717995,0.00338693232859191
"144",-0.0242421374671122,-0.0682200550518602,-0.0277558835537935,-0.0220926969284598,0.0653927950759189,-0.042639393450574,-0.0592865152572824,0.0212575190935651,-0.130765176220094,0.0766216337115343,0.0515436536474873,-0.0169519148680736,-0.0651814007399961,0.056580179172508,0.0461921977238206,-0.0298567477605879,-0.0551765473823523,-0.0625382818861632,0.00721611612962177,0.0032220494711504,-0.00151624836619854,-0.0327875600663638,0.0356354355121667,0.0308009032172994,0.0196084253477935,-0.0108339341977389,-0.0128102342721967,0.00584830901473713,-0.0531707380479432,0.0102865362123012,0.0243993954299141,0.0773185300805897,0.0469773422915641,-0.0359085384348435,-0.000682256054336173,-0.0221837268582182,-0.0723177645892257,-0.0740735950318437,0.0819242381572924,-0.0161249150585591,0.0112903088951128,0.0154954479914814,0.00698361813458873,0.00520299088036247,0.0235469768811909,-0.0836146172477072,0.0257421529800612,0.109417814645602,0.0259185375683923,0.00502390430804329,0.0330822636602976,-0.032001338409803,-0.044623775571819,-0.0975667997605662,0.0182451495438828,0.0309947332099908,0.0415845406639295,0.0459270319341485,-0.00262865581072968,0.094615876247519,0.0408056767272587,0.0973119438665073,-0.0516086197121358,0.115408491814635,-0.00227401038921004,0.0271078968078145,-0.0443201144964071,-0.0114800228172245,-0.0274486927113709,-0.000154706025062024,-0.00215923570852937,0.00270076850889304,0.0215470939555578,0.0459727676170407,-0.0527513824020013,0.0364200676809154,0.0332911571530784,-0.000783473443833792,0.00824760213353689,0.040489579355528,0.011300188218419,0.00905977969526053,0.0260610131885252,0.0153450367095182,-0.0132510135705277,-0.0405271146026504,-0.106891914278993,0.0112706976887082,0.0289702946039298,-0.0776958744941896,0.038245080342681,0.0825903390662826,-0.114327666573764,-0.0288180012493364,-0.00497312596510274,0.00477969077776123,-0.0350503573051955,-0.0092751365620673,0.0137581031075295,-0.0272233663944148,0.0204527177100269,-0.0298486707399448,0.0789825171636222,-0.0268394365637757,0.0301966877073144,-0.00778191510370097,0.00689361185987871,0.0174042912148092,-0.0103363570284186,-0.0288400553915321,0.000672371379892444,-0.0328762477752102,-0.00820863869142827,-0.0190054616400605,0.000144443386350157,0.014644303150521,0.00791721569950401,0.00395009739506885,-0.0178079421237014,0.0232680887820782
"145",0.0797644730399639,-0.0665568544666061,0.0262377260757861,-0.0202561270137641,-0.0079299113477797,0.0866881857045157,0.0285584391708316,0.0328185069974005,0.0460046644642353,0.0245388530710369,0.00758589211122451,0.0948691322688443,-0.0692574986646042,0.0417229026074517,0.00352919273640605,-0.00737227048546372,-0.0104156535824061,-0.0102497574597186,-0.038983078845276,-0.0369571513246128,-0.0368482125705121,0.0461787850234356,-0.0711877243588791,-0.0361937824853517,-0.0701359071934513,0.00381270270512855,-0.00870131541939276,-0.00363053163064716,0.0708875879969432,-0.0112689419879549,-0.0408167867241519,0.0226286892629734,0.0186133980808742,-0.0433493599622074,0.0684841443874367,-0.00326951279918128,0.0538889677072546,0.0259939489520841,0.0173295884878972,-0.0687658727409296,-0.0326670511517005,0.0143705231811322,0.05524328186701,0.0162397306825009,-0.000975860428761441,-0.0110271757390048,0.0983508380065857,0.0633330695488411,-0.0292491844567869,0.0787769340751828,0.0200164110914952,-0.0555484483961251,0.0306936381254245,0.0137820316924363,0.0499789089805106,-0.00935608984437541,0.0470069539736988,0.000814625769087486,-0.00850177573809132,0.0364571729051145,0.0187324493704389,0.00960394760285182,0.0556661016064889,0.0926220490998112,0.00559252099708647,0.0154825761910822,0.0435384833842719,0.0649559805058843,0.0347657542129298,0.0322874182736971,-0.0511803472191553,-0.067950141991496,-0.0549483475878214,0.080373436918814,-0.0699963949116211,-0.0129205366431541,-0.0369808096320269,0.0130570710555417,-0.00134367247183163,0.041738619542655,-0.0556497352063727,0.0134896902315168,0.00718680238670742,-0.0254501946629431,-0.0693968704508544,0.0281828328171565,-0.0141750136804532,-0.00133812629815652,0.0318917389436957,0.0998600167901295,0.0305419429116235,-0.0218553004855846,-0.00127794487155213,0.0433160406438322,0.0751167777787859,-0.00649471232130946,-0.0353228542458855,0.0108087382939026,0.0455513106397721,-0.023913477904819,-0.00310535107347795,-0.0160951312586597,0.00155774838228892,0.0341223851752204,-0.0544226256989388,0.0426634309131273,-0.00950217820593908,-0.0489143646249402,0.00806745441357556,0.0234357846245689,0.031013767209092,0.011783392651937,0.06725806351604,-0.0128414798118348,0.0342655972875871,0.00555292173225269,0.0235585904730593,-0.00494950250359163,0.00768698740513676,-0.0226535274840238
"146",-0.0401891123802075,-0.0291376484952426,-0.114898705556402,-0.0349681729957677,0.0142725692185038,-0.0904424989779325,0.0162858755725045,0.0367408073003753,-0.0569178451257912,0.00764884655887328,-0.029573758926743,-0.0780772105343035,0.025365701714629,0.0408383622810439,-0.0395194883602283,-0.047173905277354,0.0211570503729331,-0.0149642567331008,0.0216511103183206,-0.000973219059220245,0.0587681844914935,-0.0228427429072505,0.0127843536355546,-0.0182978282425239,-0.0196339980151489,-0.0444672943242367,0.0457182214988836,0.00454672569680618,-0.0820132812031483,0.0295135934697553,0.0178300143377632,-0.0446833550989448,0.0196448631408344,0.0267247977852968,-0.062745463782898,-0.00113415329295468,0.00720982366306355,0.0217286403787784,0.04381427298195,0.0247095592682068,0.0981331532178197,0.114510041366297,0.00847109328708347,-0.0678692559653895,0.0684238565601916,-0.0562457858107655,-0.111415119236339,-0.0903636034776334,-0.0312437038766278,0.0294096185984513,0.051405140950012,0.0110809605085666,0.0226856501375879,0.0212538939003024,-0.0198994586656331,-0.0213304617566489,0.028232686339703,-0.0473413748982911,-0.0806290996896783,-0.00611841891507625,-0.0443339276085723,0.0608506220651541,0.0167477906938479,0.0104148676012207,-0.0950735320702666,-0.00990131584984052,0.064534658407782,-0.0751350057103763,0.112454657463968,0.0283566878600394,-0.0976722942873166,-0.0992470854410738,0.0603367906445247,-0.0428762536489756,-0.0166982276749829,-0.0537025306985502,-0.0136899953195339,-0.0527614870536654,-0.00222519945284428,0.0023791036206195,-0.029020100302834,0.00681577186852746,-0.0498022077502747,-0.00281292776678861,0.00529389738089372,0.00165934973112661,-0.0574965406425748,-0.0590789645613332,0.079391583183258,-0.0335478273713992,0.00551271256307411,-0.0600157725446429,0.114660688960181,-0.0120818443613592,0.025708001093758,0.00408960832705895,-0.000908125079947989,-0.0360381555494783,0.0033449697576,0.0522024661860509,0.0166418647484179,0.0116336585115166,-0.00868739411096281,-0.0414168315467072,-0.00762772758063327,0.0393432385457072,0.00566976753477779,-0.00874309070636591,0.0326469274899112,-0.0269615363471972,0.0045556297018073,0.0143950021499866,0.0429373815320757,-0.016742413105197,0.0168153091624715,0.0307560518148894,-0.0297006300040043,0.011646749897035,-0.016992645521368,0.0318244391615353
"147",-0.0693795863868987,-0.0550890828844992,0.0774276944644888,0.0463608113971362,0.0411688884208859,0.01153674507403,-0.0210683995032997,0.000879691874438316,-0.0763707568408457,-0.000464342808470659,0.0303402943361819,-0.00426586193091053,-0.000516667159246513,0.0690554515387054,-0.0617102538480273,0.0691611346758441,-0.0212727485083162,-0.0322419099638254,-0.0586443317091842,0.048509788817269,-0.00308203633927641,0.0300071531012628,-0.0025354424907347,0.0149072735654301,-0.0274288961956105,-0.0514889613220094,0.0484255966277004,0.0805409986167519,0.052950879445839,0.0332688139748381,-0.0442593648874992,-0.0198444767866654,-0.0249511739011234,-0.0540436263642332,0.121163777333228,0.000366209246451788,-0.00681549909444095,0.0309445427052641,-0.0452146729620958,0.0622062332734178,-0.00974810907695919,0.0509119116444766,0.0651977258986114,-0.00620436328778866,0.0270793565327042,0.16865350594902,0.00292295776885293,0.00468372722924131,0.0553313792379134,-0.0559966596936462,-0.0710809266463902,0.0324293122106698,0.026974728167221,0.0694412643187111,-0.0490444278685455,0.00300689231657595,0.0292518389177117,-0.0378533923400334,-0.0239970050775884,-0.0371590979921688,0.0379164068104631,0.0562013722943313,0.0179517058819719,0.0614985960170657,0.00627317615875485,-0.0176700989748438,-0.0428772363746197,-0.0442306585403914,-0.0530374300521124,-0.0260785353783148,0.0821304799932387,0.111414560800221,-0.0421117802988298,0.0687144091979606,0.0517485471084664,-0.00448398827202721,0.0876782971800933,0.0597699946806521,0.0708273023122738,0.0101923882995711,0.105708632459427,-0.0194394311626159,0.0285755678328729,0.027108574646851,0.00144996078253626,0.0288816979974845,0.0118936890121874,-0.0225047835069086,-0.14324728631458,0.113068161437843,-0.0282287601390806,0.0354114339316679,0.0593933904608417,-0.0131770700220326,0.00123197982238887,0.0704079592327428,0.0329144760947826,0.00366984247428054,-0.00608410627196805,-0.055199928192271,0.0373837108765393,-0.00822398129884297,-0.0209692848639761,0.0524716860975381,-0.0148229467171465,-0.00151273476213031,0.00386752879425872,-0.0101247701760829,0.0298846971813812,-0.00679348815425144,-0.0489288110257807,-0.0150132103203844,-0.00420942659788791,-0.00472511272833935,0.021364947150173,0.0109927020328187,0.0121085420972608,0.00314164832449968,-0.00447247958033132,-0.0503843378067065
"148",0.0587037303109999,-0.0612472851238138,0.0712041449641508,0.0425659314117606,-0.019385233155318,-0.0523973450859554,0.0118724519636582,-0.0741744021265873,-0.00782577420712036,0.0398591365096261,-0.0448106126566505,0.0150580162353929,-0.0849269711821038,-0.0203389694363033,0.068718188012993,-0.000380524627889203,-0.00850544536940753,0.028802433539995,0.0310410750804721,-0.0498798177836676,-0.0637525230712048,-0.0218048030356643,-0.066943741391404,0.014163365754715,0.0126227698528677,-0.0528039268496299,-0.0287569031564604,0.08193718679911,0.0918702004403555,-0.0732577940583993,-0.00143951661461975,-0.0812522130191236,-0.0405229385514542,-0.0346447410705373,-0.0990418709808753,-0.0422313766872759,-0.0230777436595404,-0.0728459667931009,-0.00814150717054263,0.0202503304592649,0.0030887297695355,0.0141760705598294,-0.0284973953074519,0.0127306594765331,0.0894740629788353,0.0323535134908437,-0.025654013135401,-0.0225180394439883,0.0460055173054201,-0.0458990600371706,-0.0212366102010725,-0.074545702646878,0.112117934268716,0.0563632090656355,-0.0239955694825841,-0.0326246303183448,-0.0664945200554476,0.0368799267750363,0.0697940820185977,0.0395073181687023,0.0203827463093324,-0.00971311315225113,-0.0597304286666815,-0.0111697775173873,0.0817827529264025,0.0261083265301538,-0.0202487849440013,-0.0145710101835051,0.00194176846539274,0.0621828587080505,0.0376108175831892,0.000649307759050222,0.042119169477004,-0.0562986177851686,-0.00299472000610758,-0.0439983596267717,0.031327444423288,0.0832411211168607,-0.00713463051552629,0.00152782577255436,-0.0233923755233484,0.0188310198803627,0.0711672046909511,0.103991317582747,-0.0311408823546871,0.0133354128932753,0.025537765488088,-0.00778346599145476,0.0469382470195602,-0.0133352017665046,0.0721844037969886,0.0278245255610597,0.0273813819582827,0.0232536063853337,-0.0769917992147865,-0.0197374758330536,0.00436049016833954,0.0388186819452562,-0.0026531484273571,-0.0382856296798875,-0.00670418602494987,-0.00441472720997337,0.0187844149572124,0.032950973974539,0.0229243162285922,0.00391647394107473,-0.033250204396317,0.0175283741854262,-0.0250760731067152,-0.0115209029846036,-0.0252711263359349,0.0421723866462445,-0.0157300035708196,-0.0431726698229659,-0.0237338169320934,-0.00517355975607073,0.0216812891802058,0.00215271180987647,0.0280498898299635,0.00863360238659473
"149",0.0444965251025357,-0.00550144995231927,0.0550158781769754,-0.00733173852526739,-0.0616311658284891,-0.127009495493657,-0.0602919589324185,0.0211210481348351,0.0044910211443602,-0.0223118491870314,0.0728383341593769,-0.00706898727957113,-0.0637529353262899,-0.0110608899657985,0.014009394587197,4.01111440827957e-05,-0.0469771748953353,-0.0521819525821023,-0.00679531640930686,-0.0430345459884702,-0.00608794422924843,0.121076181238722,0.0435976172462355,-0.0567627980302558,0.0663530698568032,0.0445030560483011,-0.0691430329077768,-0.00448693713549663,0.0147631451653336,-0.00280751738018409,-0.031014584543107,-0.0351466216935162,0.0187563784045466,0.0155686341284317,0.0800431602838768,-0.0108433973241304,-0.010792071561336,0.00367920743041075,-0.0958004962026135,-0.014640148003442,0.0320897324929162,-0.00592390916253643,0.0301342371714767,0.0907173053588722,0.0209923893344508,0.0733288374377113,0.0963446578738311,0.0655219400625854,-0.0658665350271432,-0.0256170064211555,0.0789388073488518,-0.0119624976304013,0.105041870334114,0.051805315016131,-0.0550712458775294,0.0562125595639212,0.0344335058910176,0.0171794415214476,-0.0776657797370224,-0.0835302507493356,0.0142329219308716,-0.0291442380383881,-0.0145515658199099,0.00257374458560458,-0.0569648150308527,0.0165409889173373,-0.0847332554787775,0.0100041541939003,0.0109056229392863,-0.0321493909613222,-0.0242416899424499,0.0333257800387045,-0.0102992972342293,-0.0394288495988286,0.0394867214846332,0.0634053247034274,-0.083478697895152,0.0567864808899104,-0.0483233822533158,-0.00995968567829346,-0.00582592097345615,0.0161686224615151,0.00794084134247854,-0.0244700126088475,-0.0388213220911921,-0.0276009367377394,0.000464360840667353,0.0140070884797206,-0.0181133151708179,0.0224707910678548,-0.00716017000942583,0.0485836862892411,-0.0602818660610426,0.0114789365322765,-0.0253162901740943,-0.0164789829036569,0.020056071461004,-0.0198825799612241,-0.008041193712324,0.00532782823954159,0.0094147071348553,-0.0287007381188564,-0.000216593881066081,-0.00703514001429847,0.026948163688075,-0.0313748156384615,-6.02318784466297e-05,-0.0267354466305962,0.00684469675447763,-0.015237514933671,-0.0260240725687384,0.0153968610956448,0.00853196309079776,0.0376453511561875,0.0059615342481966,-0.0267952738480872,-0.0194965725205363,0.012788606935862,0.0246744184449706,0.0145639431491227
"150",0.0752315190685217,-0.0185154571550449,-0.0065001310820296,0.0835865173637265,-0.0290202133736041,0.0712494804321444,-0.0513814362463895,0.0164840053169279,-0.0518614270724935,0.012205371558011,-0.00921595459615569,0.0389249308335556,0.0801882511852903,-0.0468116414852158,0.0335319757519256,0.0120628136517256,0.0594365754045291,-0.0239287529626117,0.049879655902603,-0.0459105106421081,-0.0321550738586204,-0.101350304091759,0.00318823091974987,-0.0703830682486149,-0.0105154673565437,0.0454924745795375,0.0471306879674507,0.0280901616634783,-0.0373222728273898,-0.0421397835940733,0.0339110281075413,0.00344852924966537,0.0124995081904977,-0.00122030668004689,-0.075490446750724,0.109059855666539,-0.0185443733295437,-0.065054807913415,-0.0423857471282002,0.00682633894879061,0.0216812252143404,-0.0429932251041706,-0.0330396415674311,-0.00952254923709216,0.021789994399491,0.0894413148119466,-0.0822027499587276,-0.056317495393461,-0.00281831810203625,0.106004186681491,-0.0105763867745629,-0.0274490812461178,-0.00476743066316698,-0.134183588615161,0.0439502784155926,0.00930394920699343,-0.0404290442375734,-0.00494692737165566,-0.0488579692964553,0.00122052761005677,0.0338120198925164,0.0336997125519698,-0.0139386810677769,0.0201559049090181,-0.046821981732841,0.0085494529741063,0.0223164414713435,-0.0669062900083676,-0.0163480372530917,-0.0776646134929225,-0.0149131836653403,-0.0137420259870167,0.0314010395187884,-0.0576379303127728,0.0652706919542957,-0.109684448599676,-0.059119695764583,-0.030359171042781,0.0707758604802786,-0.0371997845199108,0.0588130703795273,0.0193578691560009,-0.031427830795113,-0.0195405886896038,-0.0691650368171659,-0.104937310903727,0.0668382324486964,0.0190430036791595,0.0183915356195028,-0.0150011200585699,-0.00584940374791266,0.0238791475361395,-0.0771128860205224,-0.0771274187540534,-0.024605024625196,-0.00157202413913769,0.00532812977136769,-0.0134811386869498,-0.0225774896972085,0.0410721918286322,-0.0231143744282128,-0.00224611505889015,0.0304361782037021,0.00427045969299874,-0.0165610939464936,0.022996921098879,-0.00934826818267319,0.028631982342021,-0.016827020546028,-0.00186192545223941,-0.00498987219191768,-0.0324981175532333,-0.0403901876586262,-0.0368785565069155,0.0295542209311121,0.0383193732661166,0.00668521029516646,0.0103961799023379,0.0267151453537373,-0.0199680965604151
"151",0.0230492756461979,-0.0441539831335135,-0.0148988022651506,-0.0366090030026586,0.0291104198492428,-0.0618132306048839,-0.042498425377349,0.0300350769853773,0.0148046166757145,0.0372798766386878,0.0453517652220508,-0.085463965825961,0.0148343444353541,-0.104536539464377,0.016051239044262,0.0567985898984542,-0.0112308480201686,0.127583309063798,0.0702882520285639,0.0333761833785906,0.0751140991025374,0.0976331826009303,0.0225207545112822,0.0108924613919077,0.0720613016861334,0.0281954987269327,0.077418454054932,-0.110272446655479,-0.0437268059723958,0.0263729631073322,0.043850757281597,0.166554610776397,-0.121947941284305,-0.0285225337333437,-0.0251749964558414,0.00589989516703977,0.0393534558902489,-0.0351455559875195,0.0168901701927652,-0.0892069937675357,0.0207383968589351,-0.0813179482055823,-0.026260203094931,-0.0179319762756038,0.000186994415562521,0.116355430774277,-0.0557046314572352,0.00630027331194229,0.0451656875151042,-0.051949202536288,0.0420097583718639,0.0720835640181888,0.0795767280092418,0.00788969885596611,0.04829318750159,-0.0147289038100731,0.0333556956407086,0.0122374729689778,-0.0776509080401449,-0.0242959620078234,-0.0555452514549237,-0.0329770544511309,-0.0340839962754171,-0.0111325820928627,-0.0925967688702438,-0.0783313567124683,-0.0655361779691946,0.00930190665987244,-0.0486029591395962,-0.0630511999219093,-0.0208781035784082,-0.0217644413282175,0.122932528105111,0.0607470926981087,-0.0632033662695099,0.0446508392810545,-0.00708487239627822,-0.00839675460817643,-0.0857982148134668,-0.0259472089820706,-0.0715352762942099,-0.0857435550148039,-0.0215315135353982,0.0509136158878929,-0.112303745993846,-0.0157903270081228,-0.00961387547178073,0.00117377867252471,0.0792483124549895,-0.0315541007582679,0.0366431454874319,-0.0206044297461267,0.00303464028303967,-0.0671644982926969,0.0310325815092149,-0.00615526297958481,0.00539479757007989,-0.0241103794887474,-0.025492710526336,-0.0415536106493453,-0.0164288486796181,-0.0162802245144531,-0.0243958331981039,-0.0356275326479194,0.0113711490062097,-0.00276570845445278,0.0238644284227289,-0.0170579066410315,0.0344057733260968,-0.0694544009989043,0.0215869816229187,0.014167661785482,0.0405161819841256,0.0402236354836085,0.0364737921951945,-0.0315792261919011,-0.00742436764234039,0.0227549925429842,0.00283714714007191,0.00621890142822206
"152",-0.0470946712194738,0.0400210274833902,-0.110549467368016,-0.0269981085995603,-0.0185632456281722,0.0348692921490824,0.0371697194028762,0.0149013220356306,0.00435550023289305,-0.0618353845483285,0.0103437561946863,-0.046256896977931,0.0427737824248189,-0.0409208288808308,0.0821714098279828,0.0903472533920495,-0.0210788967772255,-0.000881769655031039,0.0311063701891069,0.0666379454193161,0.0153246291306882,0.0209373932047919,-0.06171178368766,-0.0569383332435384,0.0476161474710655,-0.0477267094091864,0.0252903456844892,-0.0337194763435196,0.0302764665035786,0.0979451385755303,-0.0857405808748341,-0.0184709905714116,-0.00356408901551507,-0.0287956187004112,0.00906065075400712,0.0530874661493948,-0.080225659246631,-0.0353762626085877,-0.0239375594613285,-0.0236501453257972,-0.047677089073267,0.0121372813372154,0.114209283866038,0.0652125175754244,-0.0218878691433724,0.0117951389433357,0.0583142549375231,-0.00692462991293358,-0.0215444531295022,-0.028228305509988,0.0645454649274913,-0.0153245937282353,-0.0918874124739113,0.014394523369911,-0.0867489667687768,0.0218271928652504,0.0281777047458711,0.00603739132953822,0.0296134540753606,-0.0454295172998314,-0.0732401269212026,-0.157929694343118,0.0868252289484776,-0.0239281917996937,-0.0339149699186374,0.079899127615427,-0.0216735748152385,-0.101413399544506,0.0232751105437189,0.0157757727620477,-0.0877103307454134,0.0129686479423093,-0.0386090796229188,0.0993594597794751,0.0519914947665521,-0.0463909978513898,-0.0276050003764173,-0.0239523984912863,-0.00746806341540068,0.173524164425165,-9.33966380887497e-05,0.0229326030971868,-0.0318395053491729,0.0235524646728084,0.127060154354812,0.0892787936357193,-0.025452274954306,0.000264228009060134,-0.079973657348474,0.0194247984346229,0.0211024548744201,-0.012793596432633,0.0925452909423299,0.139269811070195,-0.0161564973335817,-0.0387305145502377,0.0585307284397029,0.012719001731764,-0.00750886378879739,-0.0143732005550435,-0.0363843147839172,-0.025947679702497,0.0644274620488316,-0.00192696890436934,0.050475922400791,-4.57073123337152e-05,-0.0562041997512883,0.00445959350650235,0.0219939694456007,-0.0264617185801766,-0.0263233431483616,0.0253894274954737,0.0235964314372532,-0.00626974959972437,-0.0494855893241551,-0.0147092120006774,-0.0224893105968158,-0.0305814690784656,-0.0149760979648963,0.0484119670574972
"153",-0.0211245722857456,-0.00458181491081275,0.000256092833780302,-0.153322883321034,0.0711018821000394,-0.0175819220621605,0.0253871217516173,0.0692565964124522,0.0823026595025085,-0.0144173786795213,0.0377524902999589,-0.0290713753616358,0.0339869062177269,-0.0193071967660164,-0.0334136223398833,-0.00234893292933308,-0.000444110802683741,0.00993919013423428,-0.0180436784262278,0.0257729613447725,0.0764297188511871,0.0210483089518324,0.0370156303690067,-0.00613047130466864,0.0242019068362913,0.0206832217913898,-0.00114943577363708,-0.0202076707045733,-0.0169888714578763,0.0229005249784853,0.0515954698240655,0.0412055988174214,0.0228822619906306,0.042435465286726,0.0756191779328463,-0.0732073637241966,0.078594883010932,0.0175811159028966,-0.079240783448578,0.0316248044476811,0.00784367002161952,-0.00956523347335873,-0.0526830173525703,-0.0261163715942814,-0.0216699812230827,0.0080934931186489,-0.0369799194559253,0.0348308137584418,-0.00906418960335561,-0.0188481706964615,0.0616427210001839,0.0129497530646022,0.0216330028466525,-0.0531229654654325,-0.00204712016492243,-0.0223966306627232,0.0531112527947602,-0.0138676943764682,-0.0139948459621979,0.0638998040860105,-0.0623011274494998,0.0251762853853806,-0.0207464987647001,-0.0261744600200077,0.00360930410122707,0.0233719289685147,-0.0129076305499504,0.0082139255531735,-0.0370969799273261,0.00459128307855179,-0.00743010687834789,0.0348887882494502,0.0366463818464596,0.052679648469644,0.00385459164968352,0.0397445702742651,0.00564309040073556,0.00599238693451035,0.0272211083381582,-0.0220899738924313,-0.00684192291438297,-0.01476887997764,0.0766124768594953,0.00222061441432881,0.0150813673984283,0.0403055233176402,-0.0215939779101814,0.00173783514608225,0.0496289784903904,-0.0159994241594936,0.0349736270971375,0.0543293728869711,-0.0522202150794308,0.0346298293105089,-0.0195308657647426,0.0282307755658484,0.0108864096096701,-0.0271175416079994,0.00694282042649482,0.0323262873651151,-0.00380515021567463,-0.00534917074900243,0.0579066763167079,0.00247691887615116,-0.0193211137808431,0.0490907362640694,-0.0341948146026264,0.0345448387716873,-0.0598836467406737,-0.0236591974442611,0.0372933381065949,-0.0245837134041845,-0.0280853421931251,-0.000648475620853322,-0.0133294467628314,-0.0271027888087425,0.0103274626034458,-0.0281370920545358,-0.00692668635520409,0.0399660573327456
"154",0.0664986313620156,0.0544562051654366,0.0241158104104481,0.00485407121810333,0.00167446289395091,-0.0110600624761941,0.0471208007284266,-0.0681469388949617,0.0779711065678884,0.0909962011580098,-0.05601514541534,0.0621153392888384,-0.00225132859958658,-0.0548857364042134,-0.0588416542399635,0.0921940044985424,-0.0267910860976963,-0.0768985823441896,-0.0242766044063243,-0.0370405280816624,0.0500728505487556,-0.0446277427584784,-0.0157837859382334,-0.0356446252122353,0.0119622645643953,0.0238232334721329,-0.041434938033871,-0.0211177136779817,0.0784726132447779,0.0770408622722351,-0.00136978561706324,0.0399521096350528,-0.0147595204108578,0.0033287186045939,0.0281864805445691,-0.00439576908287447,-0.0173721215034469,0.0341231322192443,0.0162156138448161,-0.0535403992678153,0.0231140367512241,0.0155764246379634,-0.0183451756539459,0.00555734218434134,0.00308242830303878,-0.100175095277361,-0.0161194214648302,-0.0584336865765102,0.0389503672776814,-0.0912319292398483,0.0572441371047996,-0.0159112106761967,-0.0155634580125016,0.0789016759710886,-0.00678396912303844,-0.0170559205400357,0.0183104033879172,0.043395996165237,0.0505084298322518,-0.0477492263228543,-0.00269327598895148,0.00715000343707669,0.0886736933834607,0.0687580731728652,0.0145761716609129,-0.0262399339447782,0.00382476691537963,0.083746291269599,0.0399267231750833,0.0270519933309442,0.0351163287414879,0.0158581418928113,0.0244081860827478,0.0577627821883219,-0.0684025942508371,-0.101904962398755,0.0359088791255602,0.0348573655198064,-0.00847598120941583,0.0468051868087875,0.0078281502919148,0.0895197590722973,0.0332574352813033,-0.020622965821745,-0.0170625558851392,0.0356397930796765,0.0253075085589376,-0.0842999686096793,-0.0663772850930829,-0.00489937496083032,-0.0435697908952679,0.0384806648997548,-0.015965511506959,0.00176563283429126,0.0314884675378215,-0.0195296500153839,-0.0266832919503258,0.0297874123255982,0.032197919984512,0.092288423803982,-0.00524675562931546,0.013305697202993,0.00371113287489348,-0.014338623363347,0.0037170314652735,0.0295111764646847,-0.0486435860897611,0.0132560488194904,-0.179984710850574,-0.0246709502733581,-0.00867746606657024,-0.0332821855971703,0.0024454606396585,0.00590090311997713,0.00462616695748939,-0.0147029424545216,-0.0261090003947764,-0.0817879582743233,-0.0596659910967172,0.0151875032552494
"155",0.00240146291587503,-0.0881942848430106,0.0213308127081918,-0.0142649686103116,-0.0691253718170805,-0.0197785069769804,-0.0649917232105449,0.0267087719520822,-0.0372596798537624,0.0387746794601346,-0.0765372466481205,0.00217267155018554,0.0158453583540609,0.0747380716555455,-0.0436196148541548,-0.0759282019692528,-0.0345014212459068,-0.0139085608641332,-0.0290864087343518,-0.020949641736722,0.118809459975546,-0.0393432132091655,-0.0298184703209672,0.0900457192294604,0.124884652447566,0.0255056680675646,-0.061339853230816,0.00980996564288472,-0.0123533295746961,0.0542677525088582,0.0725896996113229,-0.0309594403988097,0.034359024408236,0.00858833531288025,0.037687172788953,0.086020698408356,-0.00993424414130621,-0.050104601911744,-0.0504744240985583,-0.0548146654187652,-0.163311562846349,-0.0090485060251663,-0.0284252275256491,-0.0191431259695807,-0.00118378453025422,0.0401080250036659,-0.0175130556083934,-0.00473551274625038,0.0529636652669148,-0.0266390576102973,-0.0648936734447046,-0.0643689537887897,-0.0513438934685388,0.0530621633942353,-0.0517501677528688,-0.0838479266710761,0.0480480535282949,0.0131844949116241,-0.0148885126884476,-0.0208662337636042,0.0694129295550862,-0.0843554708844407,-0.064487646945143,-0.0126748239293238,-0.0756768236092706,-0.131690927060301,0.0863471310468799,-0.00826499496963661,-0.0986652136834666,0.0323612790814378,-0.0350474969260895,0.0203363705652035,0.00646045617796498,-0.0718685290703366,-0.10206989089659,-0.0612455209097121,-0.0516228755544622,0.120138264812452,0.067681337274027,0.0237321201569629,0.0180214277525692,-0.0601440696171627,0.101759039212306,-0.0786160127057023,-0.0208963150457367,-0.0582622258832843,-0.0387722530372244,-0.0292696641621632,0.11711224014869,-0.0750109198199106,-0.016583982468855,0.0954334307521548,-0.015461552555965,-0.00398858658852847,0.0117151503020307,-0.00125209231795156,0.0637695725940278,0.000971388809975316,0.039337363870388,0.0010204829196229,-0.0442775268754927,0.0259047961562817,-0.0524470768647151,0.0172333662034799,0.00400108887131024,0.0170505077206203,0.0130342408956302,-0.00399760119770209,-0.014824673418522,-0.0355185697090625,0.0239885662585425,0.0110968559891728,0.0525782920149108,-0.0114766707218095,-0.0157543415028015,-0.00524465304321104,0.0219904373894603,-0.0472416424244034,0.0138974289670392,-0.0478566953358036
"156",0.0512086777317062,0.0690926241902491,-0.0322256329529141,0.0198335918301702,0.0212662843514714,0.0417308417511958,0.0737916656496024,0.00714351719490588,-0.0379358818485272,0.00358020524674007,-0.0308514074721611,-0.107107137330252,0.0457009977745595,0.075656905836329,-0.0470613111013371,-0.0784723751870449,-0.00975653631646638,-0.00527911994452919,0.0423454270126388,-0.0509009638338259,0.101098581747244,0.0262298103520083,-0.0448444130270384,0.0119999815464785,0.0172332560343749,0.0502352639458444,-0.0191223628168163,-0.045287292404022,0.0736121373773265,-0.0280352092623314,-0.0254051003238396,-0.0139777751926304,-0.0159446623844263,-0.18998770326248,-0.0872962996557954,0.00252887489949115,0.0149172370180317,0.0163316496915674,0.0144771635689014,0.00102307152263944,0.0218925653535463,0.037130608149968,0.0259072947493052,0.0433837713473268,-0.108780984331778,-0.0204195749575867,0.0359065275150938,0.025427047616816,0.0434997522095126,0.0520012610729358,-0.0157534692051047,0.089710896187543,0.070597815350715,0.0553051410546291,-0.0122254570120125,0.0203597222891798,0.0439414143459582,-0.0694841211100985,0.0104832064412613,-0.0222907914586609,-0.0721908303249319,-0.0201095213965209,-0.00106728977503579,0.0126409721983502,0.0596434874116914,0.0655761154227902,-0.0571319362619454,-0.00565508835749169,-0.0460219156546866,-0.0265720153968202,-0.0249466282371489,0.0471709502900882,-0.0549130913511099,-0.0398609719284916,-0.00375153586987447,-0.0586953663137537,0.0380131863360989,-0.0635571834482381,0.0413104262543404,0.0384063068883256,-0.0512504956055024,0.0381697499416009,-0.0173729359302861,0.0222812369145899,-0.0523819430253878,-0.0387557866447288,-0.101330967625377,-0.04221263254671,0.0430009361719029,0.0681247261201368,0.0232000756127606,0.000437345535193053,0.0332546584997145,0.0852419957592443,-0.0437696319323908,0.0211061002706012,0.0166927696443472,-0.0623539655084724,0.00935405871730702,-0.00214858484599934,-0.0817219084046503,-0.0374498295970835,-0.018251988373426,0.0468829188721818,0.0373806108629267,-0.0172476875282433,-0.0296203300689348,0.0273656928709371,-0.0580166403708581,0.0373590669473162,0.0062894242373908,0.00862485786578021,0.0346542307369162,-0.0253945809199288,-0.000477742538926034,-0.0342646877328549,0.0182008187184877,0.0324569445880375,-0.00269417233246517,0.0099661712136434
"157",0.0440986492824687,0.00919229288587879,0.0386241788514323,-0.0539489408967116,-0.124895533773355,0.0387563997539771,0.0193976337845657,0.037494607791042,-0.00613318081559114,-0.03407176310223,0.0346000505658389,-0.0821096145660867,0.00281124828710255,-0.0541830384622062,-0.0412208441566776,0.0119217199224517,0.0616953773583938,0.0420701886429,-0.0170580366499517,-0.0109937821569985,0.00727747742938467,0.00865008859602976,-0.0193183334687631,0.0449620958913362,0.0801459047329584,-0.057029420590891,-0.00861157016873926,-0.00275406371193508,0.0738691295411091,0.0307317899665558,-0.0801929744706198,0.119850312103054,0.0813398163943049,0.0498481610821119,0.076815841603934,-0.146166657237909,-0.0391787371190017,0.0413041144491767,0.035468244440943,-0.066986124040104,-0.0265733513738411,-0.0306484193516989,0.0138008595084354,0.0343489638417964,0.0324548362898258,0.0020817612332025,-0.0488536069298041,0.044086014934344,0.00117697378669829,-0.0532360246966883,-0.0933393966536886,0.02520991974927,0.0648662554308074,-0.0170034100702198,0.0154079807873057,0.0703693986179383,0.0396619172617358,0.000475618993918894,-0.0154489334239017,-0.00239735415591167,0.00903356502523532,0.0453844400919838,-0.00252638034671063,-0.0633631185567714,-0.0365562502425805,-0.0232825521541509,-0.0557760205808644,0.107553258170436,0.0502393276414225,0.0535638968368688,-0.000406292789792838,-0.00812806807681201,-0.0597536251266357,-0.00109080711314718,0.00200656419906191,0.0328589173783044,-0.00628038471584062,-0.0828347264915864,0.0024064026380324,-0.0701586588829887,-0.00881175707189069,0.0497127890208865,0.0236164668082611,-0.00430268409745931,-0.026781154450432,0.0249629694034408,-0.0175051506870313,0.0230820897396323,0.058214845357422,-0.0481174753566787,-0.0547376872716132,0.00130101140935454,0.0403077780633357,0.0484169994084373,-0.0148122205983398,0.0258748908783131,-0.0458131438151718,-0.0139923275990859,0.0280233612741256,-0.0466478099926187,0.000619706892021703,-0.037260507872358,-0.0271045114185042,-0.00465442987754166,0.00821427657450227,-0.0361406464676421,0.0231819115800743,-0.0208257799468248,0.0132020638986453,-0.0239051791385205,0.0147244256399846,-0.0396990537507862,0.00318701721029457,0.00485426453546183,0.0156505907550945,-0.00951241593401765,0.0279441393321579,-0.00633336606280836,0.060442619056174,-0.0494412435359434
"158",0.0967804209586449,-0.000140280090896216,0.0599236837305692,0.0067538743524971,0.0278689645225758,-0.0210127833525583,-0.0049031410345745,0.0904182520415999,-0.0286570125956466,0.0434520084466566,-0.0266789990200076,-0.00844203630378106,-0.0188187788259058,0.0562604166980836,0.101052571098673,-0.0332964532529024,-0.0268341897778337,0.0395440568378242,-0.047587751897876,-0.000261187445726986,-0.0187415952901178,-0.0770610749755926,0.0382360874421487,-0.050568359363439,-0.0127442236165976,0.00635444822433743,0.0368182988996652,-0.00654500275232952,-0.02352324995079,-0.0569889114105479,0.0331571290707543,-0.0167167339117842,0.043496555796512,-0.0220892915106229,0.00438400566386352,-0.0269906527386226,0.0131402432391592,-0.0309428133004886,0.0149437549312018,-0.00124684836041598,0.00883376020217679,-0.0372617529772372,-0.0175446478638132,-0.020401313168353,0.00606257424849264,0.0683380298671246,-0.0338698065145433,-0.00875668039141513,0.0389453161813957,-0.0216593983277195,0.0219011664516341,-0.0713764910960811,0.0287653520907814,-0.0277561642642821,0.0240885013317864,0.0283505536528657,0.0220059926093512,-0.00505402467628182,-0.0347507517264254,0.0616558454426216,-0.0120561407663026,-0.0181040450145601,-0.0442169790405275,0.0138592002905659,0.0568933269118887,-0.0241173836660668,-0.0192819659962342,0.00207647705537438,-0.0164416202857521,0.0582444754864182,0.0276384155587979,0.0571837882658789,0.0164310315643911,-0.0472407990917065,-0.0221390546460178,-0.0149794076530078,-0.048850887659986,-0.0142394210016775,0.0366273826745211,0.0262657894888761,-0.0779176237030745,0.134005918044043,0.0265825966446347,0.0661297144889782,-0.00973622979009124,0.104825036157206,0.0376274221865873,-0.0207047058593243,0.00930056116680654,-0.0105961663355366,-0.014915465483937,-0.0632771963944074,0.0321002510997139,0.0760679550244425,-0.0365750049011555,0.0383744538598327,0.0169861878234632,0.0497725283175365,0.0164850814568231,-0.0326474865508728,-0.00602648386500993,0.0165430329589096,0.00841058902327288,0.00283787758636478,0.105315220518186,-0.0289679799177559,-0.0356077589666706,-0.0679187145457689,0.175483568252661,0.0409577464564226,-0.0175715026579608,0.0211385488040753,0.0189472967573958,-0.0202856776867394,0.04164118148116,0.00867184025145954,0.0272457111473573,0.0284187806909143,0.0556764791339516,-0.0270752154753983
"159",0.0706153766665271,0.0724654920023117,0.0805791399923975,-0.0765465868808495,0.0241603050205535,0.000602570708366985,0.0447355304133049,-0.00714859344328515,0.000909182739602942,-0.0245439717398132,0.0452537278142241,0.00493834227284007,0.0687506453528037,-0.0470608153329471,-0.0153754122425842,-0.0151351346739132,0.0216644912081528,0.0474281583553992,-0.00904585422077235,0.00642851025229239,-0.0220146645415211,0.00872753440832009,-0.0186866465203899,0.0658717122526347,-0.0683904149535216,-0.0408224986888098,0.0593984899602618,-0.0436613180014433,0.0680458604158105,-0.043589181457436,0.0677922718135394,0.0493810209531106,0.0167464144424484,0.00986600433612151,-0.0616695883669883,-0.0156985615268229,0.0614732040327224,-0.0205812138256519,-0.000933416292578519,0.0117495233632684,-0.00160153632114102,0.0559936264172415,0.00804450249136155,-0.00675564611876939,0.0324273764486357,0.0300697263124196,-0.0412252133469076,0.0109082075889252,0.0323663454887505,-0.0740921074966315,-0.023777946561389,-0.0521105184844662,-0.0028116949863648,0.0387150462919677,-0.01536716889108,0.0404788578654611,0.0200590890397746,-0.0139397441156626,0.00030000632379451,0.00763494272718873,0.00126116206591982,0.012147788859395,0.0470445052425692,-0.00352961311352554,-0.0856619598537161,-0.0700691044366132,-0.0817410310751103,-0.0104083118736195,0.000659163600935817,-0.0329025541588911,-0.0123940681972067,-0.0140739087126699,-0.0370438741297011,0.0259164116740166,0.00822769156500723,-0.0106857431191446,0.0150015151105355,0.0503986470951915,-0.034760898343789,0.00362558902967074,0.0190245415680824,0.0102992848265949,0.00178736682321974,-0.0310498351504713,-0.0156044435366336,0.0255211817614008,-0.0035997186848099,0.00696386440242604,-0.0362932326343879,-0.000502511035937279,-0.0340778449901317,0.0344067771800926,0.00298944940016052,-0.00734698873511261,0.0456184172214196,0.0100847584278609,0.0268772370869399,-0.00138588397716037,0.0447322454512483,-0.0196273318929987,-0.00346158694843925,0.0641368003624687,-0.0343465660561485,0.0283701038513687,-0.00729989322186327,-0.0855113283869113,0.00998919365768856,0.00835027998905608,0.0257967703724767,0.0296585254050315,0.0325822642003267,-0.0214172665803106,0.000940095992299871,0.0167156810191888,0.0588596230234915,0.0144585794787372,0.0130774282930102,-0.00785500219595912,0.0240001290182035,-0.00140733045865221
"160",-0.0983776903178195,-0.000323195807057439,0.0215605368046912,0.0934565951632671,0.0326358040685419,0.0429841166737646,-0.00728492321210961,0.0136419424875592,-0.00696467174263802,-0.0125993027541344,0.039574026980351,-0.035588437308324,0.0738042250196046,-0.0438004052244822,-0.00334859589014442,-0.00320737267571691,-0.0173605454070574,-0.00303367685923544,0.0184635332860606,-0.00866959245042012,-0.0198664743800304,0.0635122350201398,0.0183149876456125,0.113592210348,0.0596145622248616,0.0109349632636228,-0.051140411042202,-0.0137126240133205,-0.0264819002110578,-0.0221507012702038,0.00444158856529203,-0.0215002161788509,-0.0294888782770012,-0.0191320312684191,0.0074106030252497,-0.0242758688987726,-0.048572226628748,0.0232594112667102,-0.0655368564144995,-0.0199090628582336,-0.0133050369422978,-0.0485403925682609,-0.00119232064096109,-0.0323964665082068,-0.0148975509861744,-0.0268168565642057,0.0224772087637377,-0.0322699756436362,-0.0924459962153483,0.0756563942815916,0.0147209125160803,-0.0475732134044696,-0.0481360611297069,0.0871751118851878,0.0166926633509869,0.0229666614748001,0.0642924302919275,-0.0393877721758422,0.0130472986656126,-0.00179830253789109,-0.0792109928919895,0.0375959090876143,0.0423794230814165,-0.0152578957453996,-0.0147197886424787,0.092286385588844,0.0841092387788009,0.0584365366474885,-0.0351669071769482,0.00386831050409758,0.0494207934367943,-0.0212679854761327,0.042551673432073,0.0934533409548326,0.014617755960411,0.00518177619710036,-0.0771693320089347,-0.00135564606232308,-0.0554910603136177,-0.00511641305468478,-0.0190557040381734,-0.102943412003232,-0.0264229135209366,-0.0178765057774823,-0.0658555400098119,0.0347934169398417,0.0422235114905878,0.0928545121319785,-0.0316729215293792,-0.0210902130944208,0.0188367046476618,-0.0102732874892288,0.0282295059508014,-0.0287310308469595,0.00726249689825832,0.0373320655695773,-0.0484189264878033,-0.0518720452705084,-0.0096568761136686,0.0247916025074215,0.00455665311840127,-0.00994877285886806,-0.0181345622521288,-0.00165041442557392,-0.00156156061489511,0.00193226414055371,0.0122184945936656,-0.000512713489448421,-0.0236956208763453,-0.0141621535425817,-0.0234801763467531,0.0371150480219247,-0.0053421348424835,0.0254749603549021,0.0370347589876295,0.00375974402601827,0.0106620652953789,-0.0357776805878086,0.0489099988065626,0.0398490272375583
"161",0.066775716069661,0.0363617279098105,0.0288551342473935,0.116939088154873,0.0097099428811511,0.0708608404449159,-0.0153095517579041,-0.0332838719792766,-0.0824057317778106,-0.0647959931946623,-0.0345053182146752,-0.0256619048368017,-0.00667492050602522,0.00244440306128415,-0.0283502045618941,0.0285854073733987,0.00968200600536076,-0.0119855166620068,0.076769831178537,0.0336773115796245,0.0316387237547664,-0.06522488937831,-0.00900486323213412,0.0229477634856148,0.000897625185399662,-0.0311143798725916,-0.0446865005309641,-0.00391166240198245,0.0402962814191225,0.0354264468948892,-0.022729606239728,0.0237524524986479,-0.00531286639867344,0.0437342656773819,0.0375749709276422,-0.00813251213919216,0.0119908797511028,-0.0425522807324459,-0.0117856470567964,-0.0711805803008812,0.0480431514015165,-0.0445938630623434,0.0167579052920093,-0.00301038009638955,-0.00420820686342021,-0.0593301028095764,0.0474019493423869,-0.0022332320469137,-0.0152555454035114,0.0287904781311982,-0.0197006445801351,0.0211894623458315,-0.0475207029692728,-0.0153312489258839,-0.0162154098533631,-0.00806481016250522,0.00703096563618647,-0.034131074451722,0.0185423162784031,0.0265189251594791,0.00723339174048518,0.0376449238807906,-0.0211986361611157,0.0519885393081081,-0.0222702539915244,0.0218964970698673,-0.0427302459695772,-0.0334157998104065,-0.0652906207457947,-0.0488845579861215,-0.0276880720741714,0.0384452756109119,0.0404356027109632,0.000255190901189502,0.0081498675923612,-0.00010447340262556,0.0365513317976206,-0.0215921884281838,0.0054963506026555,0.029025598574876,-0.00403098967233032,-0.00575349460586943,-0.000607828139640006,0.026005396547712,0.0306584950994106,-0.0313181491362754,-0.0725461252512966,-0.00660950694019763,-0.057694988904757,0.00570298544455535,-0.0122201002846498,0.0189906171603532,0.0087276148472726,0.0134870654721438,-0.0144239264047978,-0.0207045609720961,0.00407807218901816,-0.0147727728701579,-0.0136939379566566,-0.00606419171259263,-0.0171689578385741,-0.0383987406705487,-0.0372324666996027,-0.0139882168309718,-0.00559736209132943,0.0584582432232217,0.0221789054680044,0.0358023328789954,-0.00290100082861756,5.77315945794058e-05,0.0218285190462241,-0.020522333693604,0.0605840797784517,-0.00736812173082278,-0.0429215418021361,0.0190208091711263,0.0121872523915826,-0.00536024943955295,0.02014195224171,-0.0347861841648499
"162",0.0193022750972233,-0.0012046925791664,0.04088948261062,0.021562132763187,0.0394206791850826,0.0255281979270972,-0.031403034973548,0.0567308270487876,-0.0368515422153066,0.00984850206579761,0.0667852581419921,0.0516200000684754,0.117806437462957,-0.00580798891072991,-0.070813871041869,-0.0387499784618827,0.108085333141184,0.038172217474155,0.0377525498278701,-0.0858361157983158,-0.0786278030781263,-0.0401919813186229,-0.0317632120530013,-0.0511452646569279,-0.0742469910172252,0.218760405459926,0.0429065763299293,0.0698852543058662,-0.0501395557262073,0.0464458388249997,0.0249130943756479,-0.0131801984714199,0.00389398078433913,0.00030504127966839,0.0673638458416225,0.0303608200154469,0.0292522332217103,0.00983726841206256,0.0334522213277795,-0.099647806183434,-0.0293402980012706,-0.0392564409699606,0.0400585227896312,0.0621700134512598,0.0210101677953048,-0.0130613282229351,0.0636563864531966,0.053341316445572,0.0268875186738835,-0.00939956159243883,0.0480165135280694,-0.0121463476490129,0.0975364966286497,-0.0293697808578229,-0.0159883016419705,-0.028577591931306,-0.0858481838206954,0.0409338176812627,0.134921515922401,0.159009570845096,-0.0186554605241872,-0.056673185028247,0.0864187535728337,-0.104890839533998,-0.132336652887748,0.0722809863205828,-0.00971353460938592,0.0152623190839633,0.136443540814173,-0.0228871979056135,0.0603904505395325,-0.00759692442260595,-0.0378356183830345,0.0497536746097041,-0.0221348099833303,0.0142726964704494,0.0448275503417804,-0.0662025701013984,-0.0213650461745402,-0.123072202185728,0.0171639997659524,0.083496578986917,0.00771534413111128,0.0229811596086766,0.00953745204974941,0.0197161350724427,-0.0293222234949514,0.0492163672037681,0.0252535581691619,0.0238577884800735,-0.0929879460282439,-0.0125536806846939,0.00423795014992271,-0.0721567635466727,0.0585134463302729,0.021106378690893,-0.032042498623187,0.0861430729737606,0.0116754611857994,-0.0489954751575563,0.0332342350390611,0.00348103190752511,-0.0270803449542502,0.0115433210164474,-0.0430123536652663,-0.026677532342851,0.0523008567734487,-0.0317385323082924,-0.00976449811186204,0.00940133066792934,0.00944829323459715,0.0292848694477029,-0.0113419570461814,-0.0534471614424146,-0.00814009734584313,0.0204638016732735,0.0129647558612876,0.0406231676493478,0.0338063444296842,-0.000233343047521028
"163",0.0312931465583587,-0.0208949615438369,0.0816211880075999,-0.078742845829693,-0.055898727398234,-0.0622918067964485,-0.0935352044172845,0.0237275371206946,-0.0260966634933984,-0.0217311305884199,0.0679110558228946,0.0532755526138413,-0.00918543684237693,0.00215619220519179,-0.0378332316546041,-0.0684716933280416,-0.0113646190830274,0.020609273016433,0.0273530282866871,-0.0161100038986948,-0.00706409875901074,0.00287187375926452,0.0540465501159315,-0.0772296457695757,-0.0565162696474131,0.0360396729933535,-0.080782467797132,0.0104949883858391,0.0348692926577575,0.105534703749369,0.0436166518156756,0.0199047873616477,0.00919694022470854,0.0182591809672878,-0.0446274893523365,0.0691606234825105,-0.0556848876630968,-0.0252501269230326,-0.0133372132387567,-0.0551507893893079,-0.00117016415996553,-0.0488060123247637,-0.00662072496469331,-0.0246487924408179,-0.088014576324357,0.0151140299548468,0.0384946848933732,0.0255196411091904,-0.0745550064057655,0.00925782215336527,-0.0682985996805115,-0.00480538801835468,-0.0196278769134829,-0.0421109502424981,0.0450463585041163,0.0281821791271023,0.0613896188735197,-0.0533821757400437,0.0961132431177369,-0.0835962477306891,-0.0579797536351802,0.0350212599234592,0.00709540154386127,0.0778555013596558,0.0515570422029757,0.0307971810892661,0.0367897921205683,-0.00348559637170583,0.0246362471418609,-0.00619931770096205,-0.0463715692549576,-0.0030191543551677,0.0155210528976416,-0.014329145619487,0.0171230012462779,-0.0476098226345063,0.0538721650649378,0.0306785540905155,0.0153994691866939,0.038371526373618,0.0084528858187046,0.0154098501838403,-0.0947690470723589,-0.017296448893007,0.0174636950737224,0.0324425266816479,0.0099151600922026,-0.00716897670745053,-0.0670854670749759,-0.0175323887859984,0.036832294252618,0.0154893186556733,0.00819264223047504,-0.0171406859422669,0.0502107628563514,-0.0567322390209478,0.0349286432350337,-0.0396899973975693,0.00492355074442279,0.0221328774626496,0.00775206979879052,0.004677165360732,-0.0228841649843424,0.0298277069389043,-0.0394995032591221,-0.0276685836108762,0.00682822951189051,0.00734367419542084,0.00738580909403893,0.0667698860829714,-0.0636968816138038,0.0103348911504554,0.0181986387695864,0.000269096558461772,-0.0233337200791277,0.0251618010301725,0.0288514961851111,0.0899170180925117,-0.0250622678474117,-0.0316394097536214
"164",0.0131915240437423,-0.0371477586848841,-0.0637586988814841,0.0010593159875482,0.0811205146481766,-0.0247200140709697,0.0150714746002634,0.100864980929248,-0.0482043455198445,-0.00172986446847661,-0.016733070805012,0.0279488928056282,-0.0556395895279222,0.00752929385980936,-0.0745850155510991,-0.0992583659058835,-0.000246655392444229,0.0217097347810075,-0.00455736623206206,-0.0803932163398567,0.128770712196808,-0.0186865505586736,0.052694729489187,-0.0528918088296564,0.122146508150743,-0.0557188918648188,0.0294549158820017,-0.0507167358406578,-0.00325312432393891,-0.0166745339414433,-0.0269592036268101,0.0791572648229592,0.0105998396479743,0.0109138170151068,0.0419120935350121,0.0251814622090445,0.0143543085301034,-0.0899782883926154,-0.0764433002249333,-0.00226360292535236,-0.0757544588529873,-0.0974880603938632,0.0140047060138945,0.0013796576660295,0.00136737588959662,-0.0463685325381832,-0.0264309012987397,-0.0292794396463953,-0.0437341319550948,0.0542330258991334,0.100614961148019,-0.0134971247246227,-0.0285895648266816,0.0489511289868051,0.0277814105485934,0.0847533227225442,0.0671158699510719,-0.0632107661626515,0.0753386103986814,-0.024525430798833,0.00331960101470478,0.0116193930917792,-0.003793764468844,0.0146281294088216,-0.0480397884821961,0.0371760995502883,0.0192231721113815,0.0585555965557121,0.0848725872308879,-0.07375153134896,0.00489110418999234,-0.0310599750982604,-0.0628627716117861,-0.0391544111103144,0.0289597040624125,-0.05037640344654,-0.0163063022458693,-0.0808270022182746,0.0808878520097759,0.00169230895918494,0.0455474215479214,-0.0937146765191901,0.0774792436380622,-0.0159159199320258,0.0433884898246419,-0.0612750564190525,-0.000121266370794645,-0.0946074440837927,-0.0139124214382457,-0.0915749234475504,0.0205450723798704,0.0691427389434048,-0.0418461577228979,0.0299001256294849,0.0586441625066545,0.0122144878334861,-0.00503921084770517,0.0349023535866861,-0.0110298420927698,-0.0395076920643344,-0.0252011333936404,-0.0336822770048112,-0.0529533005580616,0.0117388422475105,-0.0181109294046391,0.00871428129764081,0.0283710334637512,0.0119828431242158,0.0481674313218043,0.00144010404922995,0.0378746698415878,0.0407427777458462,-0.047540398928138,0.0174298985008372,-0.0112887971634206,0.0134585997184284,0.0112480299731925,0.0133884410939324,0.011357448895088,0.0355271473630235
"165",0.0377640782783742,0.0750309251111603,-0.0541292992050281,0.00775516846607952,0.005563854502006,-0.0770437884836652,0.0534801319765929,-0.00559141484206149,-0.0119977689523152,-0.0148942002327645,-0.00323496727295674,-0.0980237980422289,-0.0555616367483295,0.018354478769679,-0.0473092846982646,0.0396479678466915,0.0783244078447437,-0.131777860908219,0.0115320691749308,0.0287264995318803,-0.0555467320161837,-0.106069623257604,0.0112690168020739,0.0682050101027042,-0.053473811109084,-0.0708156809405585,-0.0601446770586139,0.0196931505786685,0.0468383149093174,0.0226800259261274,0.0219121901406071,0.00191508221586924,0.0268855518080385,0.0566148163245845,-0.0299276891315572,-0.00470219409584229,0.0451137759852498,0.0649218236754397,-0.000846781535028196,0.0185720646029067,0.0642916740545407,0.00319912880477042,-0.0552008098134632,0.0289788162217174,-0.0922025101992945,0.0244429495264048,-0.00462070883691348,0.0539060292706868,0.0211005873847311,0.0430852243562183,0.0369361981040078,0.00160639058876706,0.0153345485761713,-0.0592079998089376,0.00882921941172707,0.0162105173109382,-0.0401171591266787,0.0447597688387889,0.0625636682042722,0.0194640586946835,0.0239202552007653,-0.0205074929843655,0.0475304960341533,0.00725768677844506,-0.0455923152287457,0.0108830923685751,0.023836521427835,-0.0407221734890273,-0.020743391137492,0.118380259342262,-0.0480061714250691,-0.0802972483193191,-0.00659556804562981,-0.0480688161245322,0.025883694739836,0.0082700795151521,0.0707370947905875,0.0151429354007431,-0.0225190945969989,-0.0145227197111152,-0.0239456747985149,-0.0256576808151307,-0.0234829067681308,0.0689599732161645,-0.00358165511257861,-0.0286463030251697,0.0360769204644375,0.116086340065882,0.0599632461775894,-0.0374611884746881,-0.0283929137892437,-0.020811400019007,-0.0153726733962768,-0.00684106391344287,-0.0551725114353168,-0.0188381260901304,0.0329424807629133,-0.0462130284708724,-0.0350246100981392,0.00105525752894973,0.0137749093455771,0.0293201461888515,0.000659553850539588,-0.120801038067955,0.0352578930456425,-0.122751871302253,0.0600403472418563,0.00422559021578089,-0.0371312969843012,-0.0212917645907352,-0.0525045873708685,-0.000579082539011161,0.0103938795276984,-0.0167031042366447,-0.0167348163546923,-0.00225195683252225,-0.0325394978437949,0.0358392095429212,0.0211436053646712,-0.00766384563315358
"166",-0.0354029008565602,0.0260868691515246,0.086543685483147,0.00805425629562757,-0.0480039417500612,-0.04997302116276,-0.0155874967774185,0.010792437807538,0.0983947368660103,0.0925492374442243,-0.0143905085117993,-0.0513749715353734,0.0653294398233308,-0.0407391418397413,-0.0123100413679378,0.0252136251373994,-0.0119138140599065,-0.0204382547494846,-0.112921800404904,0.0381195028204335,0.0717673508490888,0.0362707999328827,0.00248892607801511,-0.0534591190135476,0.0391249926461749,0.0321931256753778,0.0670208244781695,0.0518481992865316,-0.00144573840775174,-0.0669524486292993,0.0500310822140224,-0.0391701403995269,-0.114945355746296,0.0319652298018328,0.0138878727103301,0.0435488797987416,0.011112797453411,0.00308145835352956,0.0133786228004929,0.0467880082223158,0.0907818087204677,0.0162885061861832,-0.0606278960177508,0.0189284166779129,-0.0270279167445431,-0.0345278333348347,0.0657468194132713,-0.0265274908624924,-0.0868904402801448,0.0278313640784214,-0.0135781604405089,0.0355374851111356,0.0135998344282623,0.00783418521287187,-0.0180686710076703,-0.110049512033234,-0.00849033711155929,-0.022951143835515,6.69816794787122e-05,-0.0227373616130302,0.00181633087463621,-0.0292956970821573,0.0212611286423227,-0.0305838076912506,0.0183118324407377,-0.0169455238542888,-0.0018861511384038,0.0331802844478596,-0.0259505834519442,0.00892919969154407,-0.0563012508659873,0.0208469061622658,0.0257437166817262,-0.0462406074032214,-0.0633662152184064,0.0460961429425014,0.0513893031135244,0.103122812764637,0.00130039873154633,-0.00814651610361461,0.0370806994053635,-0.0680254263820231,-0.0257739390340958,0.0544802522679924,0.0473883440362166,-0.0286057644370406,-0.0246794806126353,0.0509921570606023,-0.082779048754621,-0.0720882221659869,0.154291566342754,0.0368940248976221,-0.0359446181401366,-0.0273866369141096,-0.00355196289497174,-0.0336587305643795,0.0361743263061187,0.00666404181454865,-0.0104376951433958,0.00692647540540508,-0.00383399521331535,0.0347157123479213,0.000479523764196798,0.00655771367707853,0.020385706330511,-0.0151447739671622,0.0179396957632548,-0.0272572296299348,-0.00917505996120887,-0.0359424732106939,-0.0136478537603429,0.0196656714848028,0.0367833590018513,-0.0452551860867946,-0.0116902288445018,0.00731045517099856,-0.0136887090788668,0.0164716381577928,-0.0249940392099134,-0.0287031347610892
"167",0.0361028509400581,0.0756281739335494,-0.0572386683878472,-0.00601026045614259,-0.0715278353197795,0.0258552796187408,-0.0962148933148195,-0.0227101387905405,0.00585551431462219,0.0629610271953757,0.0497458333973588,0.0581761159709004,7.96387262185184e-05,-0.0098820565862135,0.0433913546535784,-0.0543997699828054,-0.0842019216006549,0.012947236262041,0.0313153113948208,-0.0671968199010853,0.0407773224632127,-0.0438161052122123,-0.0828012638226456,0.0553408619150964,-0.0140682183604081,0.000517909914096675,0.0749558442307092,-0.033316315911089,-0.0385390666706199,0.0415827977716963,0.0457665817428111,0.0332228760454761,0.00940120709033119,0.0365008072443735,0.0193526344868256,-0.0505478534686925,-0.0652360315212076,-0.0655775803840147,0.0453958869304856,-0.00630757140535781,0.0549775113037755,0.0392321171932323,-0.0221483180958103,0.0388392605567481,-0.00356111883407818,0.0371641176476705,0.0595466623900005,0.0249803593300176,-0.0411464216148817,-0.0491256675856712,0.0255526766987328,-0.0292054145412405,0.0361145757654802,0.0258843801582317,-0.0127494431754367,0.0194425342407434,-0.0213173007039446,-0.0708105061736216,-0.000265786620364757,0.106804435840056,0.09636286636414,0.0818012980035464,0.0223882905187151,-0.0590774040852753,0.044173920870764,0.0263644170748852,-0.0529939102770204,0.00598779075695523,0.0123207243386209,0.0139196915118742,-0.0257803621590598,-0.0288977340609417,0.00128700134828348,0.0192375464395322,-0.0333704328893596,-0.0545768125803392,-0.148057912114949,-0.0338664075045212,0.00835467525992462,-0.0661003246081549,-0.000686294719741417,-0.0438675629574991,-0.0636260375890903,0.00813432729798241,0.0124478932953232,0.00949204226458046,-0.136044730967796,-0.0886921369611096,-0.0461770302947256,0.0875259830683631,-0.0493170449673167,-0.0669754001642355,0.00533919424112013,-0.00820490765408947,-0.0581408872892607,0.020682529921203,-0.0117917784456792,-0.00612690269850877,0.0373566980337173,-0.0330978941429938,-0.036363269681346,-0.0688442057950365,-0.0314432825656877,-0.0240024887060507,-0.00740706530377725,-0.0581687613290244,0.0158109599082739,-0.0162979980969694,-0.00563902706728553,0.00833869451817629,-0.0375778847836002,7.25509737080421e-05,0.00448205389748597,-0.0693804215974273,-0.0372887342091838,0.030669219302388,0.0245244362804,-0.0223964628289303,0.0118896488673759,-0.0224347609631517
"168",0.0398842932865867,-0.0395889469316637,0.0188798762788897,0.0314670501014963,-0.12940386219763,0.037941915659714,-0.0262840379538842,-0.0350009882012546,0.0105194823039118,0.0133575061272175,-0.0819658079702647,0.0320228745013836,0.0829059109901867,-0.0241148689312979,0.0560393794474365,-0.049782041724917,-0.0334937904265721,-0.0851809617545978,0.0597488295524522,-0.0535662608675,0.00461717598384226,0.0457782001186919,0.05527779534666,-0.0326045836519173,0.0119372710442501,0.0214883173750527,0.0930178205831904,-0.0510654558698108,0.0472930948128619,0.0647773440869749,-0.0590890193310558,-0.0145292641151032,-0.0252593310871457,0.0550197582850456,-0.00959600117988858,-0.0233277052796157,-0.0162812037236551,0.0296936970841158,0.0274200209232136,-0.00447029030237946,-0.0258055808553052,0.0307317699303059,-0.00982234825219687,-0.011679788445355,0.04158282298366,-0.00923767510327115,-0.0973142810798773,0.0024299640697894,0.0427339347127537,0.0501649979076772,0.0149940545947964,-0.0325583921270083,-0.0591070089871586,0.0249687132571698,-0.022456287967521,-0.0572982427208327,-0.0343837474148151,0.0809406006923553,-0.0741866352016491,0.0116303409359645,0.118758469486309,0.0482326587660753,0.0500385857889556,0.0661488437018286,0.0173308293056836,0.0210754502743585,0.008156071562441,-0.0316414538990447,0.0337308944035059,-0.0263875058191394,-0.0299500324898718,-0.0201219120902429,-0.00728815821829087,0.0298283504196891,0.0142357457209356,0.0158394469945608,0.025946076014299,0.0541348226968315,0.0257472228850569,-0.0229337297472492,0.0288919304995968,0.00105083504161953,-0.0628235390205052,0.00994612644405136,0.0500093347112933,0.0810638985432737,-0.00616864282762985,-0.0316284365165223,-0.0526753424151837,-0.000392944165035671,0.0273337700848539,-0.0111560314822113,-0.0648057540260711,-0.0257830122749733,0.0199388764900429,-0.0109244895950407,-0.00679291257847029,0.0267386566615281,-0.0226999756879789,-0.00443094236744015,-0.0179571655044057,0.000777469339697689,-0.0417250855912138,0.0312465080101556,0.0118565943329678,-0.0225361911591777,0.00801372929138186,-0.0388421480712663,-0.00623196119394626,0.00322813965279097,-0.0239994290894601,-0.0311670789517818,-0.00030876678316175,0.0187165775389403,-0.0110565602822963,0.0248212558555048,-0.00640136696406202,-0.000733999760925042,0.0137763256033553,-0.0104154489445466
"169",0.0483222038794856,0.0683952629802469,-0.0402969373954546,0.0272098448423882,-0.0253670808906528,-0.128280240310977,0.00122013152827439,-0.0618772111358516,-0.0770349151217554,-0.0134692574877919,-0.0246881962206028,0.0495979091047194,0.00563242405782807,-0.0553545890777495,-0.0625448633588061,-0.0114513743300005,-0.0275552376350563,-0.0249534212369643,-0.018796235215628,-0.0320454964931984,-0.0159640066820878,-0.035423244457825,0.0479321945841831,0.00306949321876665,0.0459475110911044,0.0083223212346902,-0.0550051756061049,0.0606017845277708,0.0122629306980727,0.069953477551478,-0.0386714996149651,-0.0350277466616246,0.00539566150151012,-0.00611604085240689,-0.0204089192670421,0.0131668419135958,0.00914505495823227,-0.0219811053705159,-0.0771514152593817,0.0277827293730624,0.0421668118150032,-0.0477229563569562,-0.00305274446008517,-0.0508005275986861,0.0526233808693658,0.00423621393432095,-0.0305673864782482,-0.0812835263253552,0.0487387777793694,-0.0350180917305561,-0.0144279242018293,-0.00625741954385428,-0.0192886658199977,0.0199198751210385,0.0760536041873732,-0.11999320330523,-0.0292226220770905,0.000804039311295336,-0.0359051676965958,-0.00743001209350711,0.0546354046107415,-0.0324504911912801,-0.0539368185978657,-0.0557443735008674,-0.113424772848285,0.023031112380925,-0.018764011287712,-0.0293140487046975,-0.0574226949303058,-0.0352401398031998,0.0258314425250814,0.112635741869954,0.0204155609250799,-0.019163203805651,-0.0592060010579101,-0.0020380692286293,0.042242781212708,-0.0164724230679624,-0.0317525984152858,-0.0078000475806195,-0.0535039469547687,-0.0236661865941609,-0.0591893575410836,-0.0540213939548227,-0.0372805817865394,0.00414313980387462,-0.0117058589737606,0.101587001315367,0.0830566582265746,0.0610538134698103,-0.0551496102803552,-0.0323083359421302,0.00216507483785841,-0.0150284020337195,-0.0176797437764811,-0.065440220811001,-0.0371146337427402,-0.0542142460365348,-0.00581671204023414,0.054488985063315,0.0149722167196627,0.0199386749742875,-0.0210329836570189,-0.0599497878586023,-0.025320641848615,-0.00667722402597684,-0.00579516606194995,0.0815306515584574,-0.0412463576824787,-0.0286155815715859,0.00804990339697621,-0.00983425862352657,-0.0173089614485836,0.0314902312193838,-0.0424102829072966,-0.0018855376737133,-0.0202201239489862,0.0042855429786773,0.0208874645569959,0.000827243037493254
"170",0.0342661420633468,0.0100789861319766,0.0107958397650637,0.0588094322968328,-0.0102486412295289,0.0049976913471095,-0.0392110085049296,-0.0271143079349097,0.0546960682710901,0.00427054293157396,0.094131069681665,0.00169125513922133,-0.033114226114161,0.0474776767845755,-0.195604883817902,-0.00511250388013315,0.0214755862497085,-0.0669023087106315,0.0485057170273003,-0.0211641347933411,0.0641872828877115,-0.0307363425552867,0.110503411021658,0.0995332599546065,-0.0100623746714987,-0.0239590330254608,-0.0785326088627682,0.0808286274804721,-0.058424040529033,-0.110876511317398,-0.0140119855060702,-0.0639711351334915,0.0249729507486576,-0.0228024419658033,-0.0571257285300898,-0.0418380582380899,0.0265981214327136,-0.00211424582774066,-0.000766171232666653,-0.0315269798357176,-0.0629517786114386,0.0349015060405954,0.0248202601957094,0.022276356765511,0.0854454424736605,-0.0788490749442328,0.0275133007029257,0.020119229681515,0.01270821744346,0.0150210396015885,0.0253105660543377,0.0590058595018131,0.0256973540185774,-0.0840426325306944,-0.0250493491406703,0.0187930009854549,-0.11289607036766,0.0562736939838573,-0.00171464780347137,0.00925927954361835,-0.053925350607174,0.0441994948007962,0.0156022630577386,-0.037427066054518,-0.072807067284834,0.0338949846473742,0.0777157285781832,0.0602730965673132,-0.0259884274540753,0.0963555034971877,-0.0774828004079519,0.0655122000956192,0.0953545128191148,0.0436835016426051,-0.0213925784869067,0.0188681926245693,-0.014050135249703,-0.0994320246112359,-0.0140207490780246,0.0339771508202856,-0.0262113459800049,0.0284025272251082,0.0649415722938497,-0.030333741768348,-0.109387590170377,-0.00674670612768453,-0.0534885541105169,0.0166378112156105,-0.140167930756133,0.0168021844673307,0.0562678719982831,0.00459826970098859,0.108982694365801,-0.0696796211647889,0.0149336596301714,0.00544718575426077,-0.0156288305904489,0.0248641853031443,0.05326875728113,-0.0362920801188084,-0.0359994761909359,-0.0111750024161932,-0.0274054695510582,-0.0498989652225899,0.0074274957301289,0.0647543875936433,-0.00914221425197911,-0.00619896600898379,0.007361434560886,0.0217540283934233,0.00378110794677448,0.00333109301675921,-0.0113917197035074,0.00183923358963066,-0.0330463984891374,0.0267611741090322,-0.00452074780209142,-0.044420583127685,-0.007412099682259,-0.0332384090759811
"171",0.0596454729936954,-0.0956033146843789,0.00420515230761368,0.00941771473749108,-0.0294206657103439,0.0126972562390576,0.0377895606707538,0.0542919674125687,-0.0126401245454424,0.0214842055724478,0.110290547439355,-0.00824315141482122,-0.0160150022135215,0.109182062171228,-0.0329144069688449,0.0329161109723109,0.0345973445692739,0.0142664253502615,-0.007096913838155,-0.0141627908265432,-0.0499995515954044,0.0400704744890002,0.0704221112603103,-0.0174963371486451,-0.0271645126608603,-0.064976880577356,-0.0387032587275346,-0.100385271368941,-0.0256090690503467,-0.00681769170384644,0.0414965125812092,-0.0574679223815644,-0.0344026210182832,0.0122696688405535,0.0450783185603236,-0.0392559236219983,0.0169308949012643,-0.0123889737737462,-1.5835328051621e-05,0.00745771403842495,0.0353597767299908,0.034723719435369,-0.0533448927185596,0.0705678727003061,-0.018033367449005,-0.0369261896956207,-0.0428725011328636,0.0133694139808157,-0.0208899617564569,-0.075934077393127,0.0497033592637342,-0.0602136562730089,-0.054848038005619,0.0337610339434664,-0.0910744107861932,0.0600245914125562,-0.0944453381560505,0.0979401241733987,0.0158841875681677,0.0691942757677743,0.153005662051957,-0.0725652868178755,0.0367918731806949,-0.0606737736788498,-0.0221445456894303,0.0527892333385482,0.00063678660738049,0.0453203949098168,0.00499717257732969,-0.0717596145535463,-0.0664101715971952,0.00289301260666745,0.0297703035956674,-0.0539544568196212,-0.0845030591330765,0.0405424429141628,-0.0311460282508978,-0.0268881823408725,-0.0199572426254109,0.0267277494397839,0.0174997593070307,-0.0157798477599484,0.0853889298131023,-0.0306010748398185,-0.0317354338074834,-0.0339909893789076,-0.000343056781810049,-0.0362808010732597,-0.105237104806179,-0.116820675659485,-0.0805602415766988,-0.0661242357828094,0.00321873953770299,-0.0377337483710976,0.00721882782428585,0.0206569423112472,-0.0330232656673036,0.0450064501767864,-0.0197952963317812,0.0226365351913044,0.0226104757049815,-0.011048994664649,0.0496236815207264,-0.0539049099999493,0.0377189832087645,-0.026558168126511,-0.0361233186366243,-0.00468991978215395,-0.0268344720137841,0.0626890411432494,0.0119602564141881,0.0636782928133009,-0.0161622172578119,0.0324366253340181,-0.023937715752582,-0.0406952583576016,-0.0042010568647961,-0.0599674921850515,-0.00308261499944256,0.0400870379822944
"172",-0.0208651481452267,-0.0226202360361958,-0.0655656810804855,-0.0743465311153117,0.0611364957290277,-0.031654034460793,0.0403403835948357,-0.059951091147035,-0.0285192489141456,-0.0765361830543453,0.0494403345575901,0.0248619427311011,-0.078833837125677,-0.0412688044245583,0.027335275916624,-0.07122468549717,0.0990929202232417,-0.0212232041254597,-0.068376736533803,0.0314022369207324,-0.0325976996188658,0.044798699847834,0.101450227989416,-0.0177663702677699,0.108008367353257,0.0470186167696576,0.0296957149028105,0.0033265778566503,-0.0238727522775442,-0.0144920483421814,0.0148681950510423,0.0641310252148626,-0.0130553154956295,-0.065550295655391,-0.027107139263624,-0.0289944297987758,0.020744245187744,-0.0495463817757122,-0.0289864421200953,0.0619779690502856,-0.0035100764917859,-0.014997605439212,0.00531099350938784,0.0578931859730261,0.0209023065432192,0.00909004285917017,-0.0915624564862897,0.023749244793923,0.135641983385644,0.0471365555046617,-0.0122895324734398,0.0468333362018094,0.0353836263125481,0.00542616580479152,-0.0471545407019944,0.0605402888348731,0.0749218407924875,0.0118369892421995,0.0631196818872596,0.00530303063180263,-0.0123784758322628,0.0298236313015711,-0.0372173379223721,-0.083513887975783,0.0239711714504321,-0.0302173838808257,-0.0134898007094673,-0.0529652124401647,-0.115968268096063,-0.0661569491103371,-0.0599705607661978,0.0367199171627814,-0.110783286764714,-0.00747970520114186,0.010581348263957,-0.0608518803802018,-0.0860561386920034,-0.00141769099000953,-0.0981915749152778,0.00538420000801771,0.026939563830136,0.033784346423794,-0.0329328337635087,-0.0643794814117463,-0.0553259612548609,-0.0276274968177371,-0.0418596212451438,0.0136598411602859,-0.0215212711947164,0.014873504310211,0.03368829261551,-0.0267285399560089,0.0767989948556603,-0.0499517645192878,0.00501751248711547,-0.0184898346274411,0.0243853207114121,0.004990532750132,-0.000627991232091316,-0.0471698798911446,-0.0215330599175545,-0.0166179340248756,-0.062651132246824,0.0411519894850029,-0.0404499858287064,-0.0206181955223744,0.0275723622475986,0.0474414551164109,0.0116250528829275,-0.00520824912406387,-0.00760421595578855,0.0463651754368971,0.0105404407740721,-0.0382171018811189,0.000777555679471173,-0.00236514480618834,-0.0297323985176368,0.0362469566581985,0.0285882959728327,-0.00578776771172515
"173",-0.0594241427138448,0.0378840495082951,0.0623095726045947,-0.0291982165221915,0.05637932196756,0.015637286352035,-0.0497021916086061,-0.0303978826607315,0.0315781106599286,-0.0531969131021272,0.0654125425820163,0.0763509362459856,-0.00654559655339977,-0.0378589923863217,0.0187217948233186,0.144013885245329,-0.0436236169623002,-0.0216168214647961,0.0349716763307478,0.0857079205241825,-0.059170535496063,0.0424086704945043,0.0166352589634486,0.065146026770631,0.0176353098794686,0.0616047157431265,0.0412058688071911,-0.00355150088780872,0.00684518172266992,-0.0401705614342166,0.00794309219262525,0.0377420430021875,0.0872274915744676,-0.0105618382172754,-0.00116005964025566,-0.0231036417207227,0.0100536737020259,-0.0109993463491289,-0.0162424696790051,0.00663634306108421,-0.0957766961999676,0.052687073277536,0.0212081198901107,0.0269908372546338,0.010157378462242,-0.0216958987997598,0.0133101659855231,-0.0376112827374323,-0.0795639739082451,0.0537378060708409,0.0898008632727154,-0.0475422298733912,0.00952903767899054,0.00359476354262208,0.00676201678067964,-0.0621844084756092,-0.0252004848322556,-0.0761594687034472,0.0125860197597449,-0.0343819541799129,0.0663064384953602,-0.0172632866325768,-0.051827923272496,-0.0163415956104536,-0.00084284525192398,-0.0791338898250828,0.0263676486563359,0.0110601518505708,0.0190111667348197,0.0134794045127012,0.0278840572453627,0.126911284199588,0.0272331871705955,0.0388443316269707,-0.0404262199891702,0.112805096222068,0.00530401280601231,0.0707642128384297,0.0338389790019067,0.0182621191523143,-0.0412286522722039,0.0126914707962363,-0.033753489293334,0.051954021947777,0.0390086669392502,-0.0296997942468906,-0.0082050018751791,-0.0506426639401585,0.0142212495407273,-0.0335745032974596,0.025606159419406,0.00806119878190436,-0.0500021267605244,-0.0335311376341208,-0.012553222199285,-0.0050807703688621,-0.00522638804105783,0.0332712635347679,-0.0379415657016906,0.00837123637143308,0.0072438457477929,-0.00695148075859468,0.0254554437053137,0.0182663367896381,0.0176220900948616,-0.0186078855678868,0.0165925763077537,-0.0256156627813969,0.0778625474214734,-0.0100125952402409,0.0106585398977485,-0.00652724348838857,-0.018579823395963,-0.0300760401893741,0.037841443641681,-0.0477792460008653,0.0241636253227815,-0.00866195025108068,0.0545615374724521,0.0561161928154598
"174",0.06309070458894,-0.0506139610876175,-0.024024729556217,0.0460700838677395,-0.0250270372975978,0.0625083749782652,-0.0632858947694125,-0.0465707239515637,0.0339194716883583,0.046631781008874,-0.0148189831635702,-0.0515687852669762,-0.0439470643681169,-0.130279554144799,0.0760106076225752,0.0633071106386309,-0.0571990278166177,-0.0314907497776009,-0.0612031439663969,0.0224884814481364,-0.0260996906191007,0.0289744738725519,-0.00565598119089314,-0.0396082429959222,-0.0199409016670201,-0.00247299149319824,-0.0673533528447694,0.0129914115477974,0.0399212104168131,-0.0431652822072959,0.00838449068568455,-0.0191363563753289,-0.0729965352100224,-0.0596271929985641,-0.0140288114874035,-0.0129125387010281,0.00860469682626079,-0.0137354178338721,0.0621317442292358,0.000385186338951139,-0.0464466973245576,0.0108816221916379,0.0399966266329196,-0.00667372859042638,-0.0124449659371176,0.0475152413043712,-0.028381868355946,0.0304876239770905,0.0274156952050908,0.0310158838966461,-0.0205784633348336,0.010122548968287,0.0198378643125328,-0.124374263632316,-0.109740531130811,0.0154914032116336,-0.00783263290779909,0.0155720480430709,0.0529892792115416,-0.0485723643678695,0.00770045337141392,-0.0716871317166602,-0.0766833419554744,-0.0319586166660642,-0.0391926428870018,-0.00908453116677843,0.0144316929586055,0.162520481950241,-0.0364319015465714,0.0165996714220903,-0.0951234230224614,0.166626554947506,0.0683822906006957,0.034433511191321,0.150428240444783,-0.02029303647305,-0.0427793512593775,0.00155637761028013,0.0456698792617035,-0.0294431974472405,-0.0567806891161308,0.0740007344039657,0.023039653717218,0.0598858922674545,0.0061396965153582,0.0587222126376322,-0.0253132782170817,0.0688589974741139,-0.00272899113464997,-0.00894205339505224,0.0462744380223038,-0.0355249952520235,-0.00868753311842118,-0.0880381600382626,-0.0486221198005832,-0.0268319228488046,0.0530933158971792,-0.00666561905089686,-0.0365227412161559,-0.100687612842754,-0.0267202212864306,-0.0176674976997099,-0.0582395075909916,0.0153420593179547,-0.00196655722254649,0.0169617299547782,-0.00377457539263433,0.00540622253368599,-0.0740971007248783,0.0166295029571141,-0.00483919559628478,0.0101608511067516,0.00418567922461411,0.00920004076905346,-0.035596982279053,-0.000533917401119281,-0.0285512911670314,0.00671003517303413,0.0391311249322946,-0.0292024219507028
"175",-0.0250898151106102,0.00674025656881639,0.0152852888916273,-0.0321493089214077,-0.0405575012600416,-0.00617479792229913,0.0515160330768508,-0.0971534498540054,0.0677380833812383,-0.0256266595974514,0.0166937206317239,0.0452838414024315,-0.0986323786035028,0.0776292450192301,-0.0698764831182588,0.0164109943489413,-0.000761564957991263,-0.0868782143513493,-0.0199243191045862,-0.0181472174004232,0.0641889643535162,0.0388712111174977,-0.112084077911931,-0.0356305879974889,0.111943601529865,-0.0281420153824813,0.0649121305491023,-0.00560648702675351,-0.0843329131724015,0.081356932465995,0.0162034146621486,-0.0603945386885107,0.0641802690221892,-0.0609415156116501,0.039005008412206,-0.0234260022120014,-0.168190525773462,0.0517709489475832,-0.106951923677661,0.0670100879818155,-0.000133640706454908,0.0655295558406957,-0.117108511744021,0.000785434153994454,0.0145164600214506,0.0132296583121588,-0.0670731466671365,0.0709915735502657,-0.0678270827272046,-0.0235657575280081,-0.0457538736446672,-0.0082492298542571,0.054856057270608,0.06334348392728,0.0920260033435586,-0.0177549887817687,0.0270654964128689,0.0368327461927137,0.0327718479118928,-0.0777438863555019,-0.06467930374538,-0.0536571357892345,-0.000887583894104005,-0.0195238697025943,0.0303463964919514,0.0298392984206656,0.0313188342139913,0.0317446657604362,0.00355879257685019,-0.0174833022556922,-0.014894141930603,0.0499343792862552,-0.0414326196091877,0.0218383874125236,-0.0316673507771596,0.0212452330797147,0.0355583733537612,0.0188099572341127,0.0256929814426055,-0.0703719006581107,-0.0770598066411747,-9.3983308234033e-05,-0.0819379199005121,-0.00272002032072822,-0.012299599672396,0.0247344880987926,-0.0318246513457055,0.120063498933661,0.0762653978973376,0.0138049002508144,0.0186679070191178,-0.00309737610202312,0.0680836338746044,-0.0478307970220936,0.0139160609537175,-0.00648152788324574,-0.0426490801489444,0.0397738735397177,-0.0258777514520639,0.012276177988038,0.0283161882941051,0.00329031969706658,0.0345977194014857,0.0858920725674721,-0.0329649677660588,0.00104401275756429,0.0366737638831008,-0.0280714826862122,0.0563689378594514,-0.0350396583033006,-0.0194523840104662,-0.0272316948375427,-0.016571142205087,0.0191052469528879,-0.00469422698107412,0.0240544211198191,-0.0653964832752716,-0.0393961110472919,-0.0265323708368734,0.0122315144751031
"176",0.00616770927120661,-0.00843060682519093,-0.044486564315355,-0.0155290116285948,0.0166046411394366,0.074199329628542,-0.0189504410353284,-0.12505213153118,0.0871540177055158,0.0175633115057464,0.0779219472494138,0.0196950424283588,0.0722149924325425,-0.0555854974368633,-0.107057088479222,0.0097482509662061,-0.0358746745936567,-0.0283470830049607,0.0421616075232218,0.026296423437997,-0.0633221170583984,0.0235372651079645,-0.00291437020251152,-0.000906757125698454,-0.0247922784052608,-0.00742006587411599,-0.0605164949448952,-0.0129230989379162,0.0250718905627471,-0.016000836555003,-0.0454902689012652,0.14224242642211,-0.0315910365408718,0.0380235145686905,0.0161605274325327,0.00406181151666068,0.0401310204066675,0.0801218112113895,-0.0386428709889162,0.117314088359664,0.00564240033181585,-0.103190085274952,0.0724077064159083,-0.00939242775031289,-0.0477341882287831,-0.076191643200196,-0.0158770155709077,0.00705269812686175,0.0514246450987989,-0.0341450427587251,0.0682670772071606,-0.0414937549580882,0.0259303866974096,0.116502286227241,-0.0769547106360736,-0.0271318414395533,-0.0244977371016858,-0.028125243876897,-0.0691823542908871,0.0844701876472583,-0.0305147873665615,-0.0259731690884898,0.00924362816001504,0.0706680938162542,0.00281944056170672,-0.00974673247470306,0.0691796651866248,0.0195181375196279,-0.0657949724524238,-0.0603163477446788,0.0853297600938556,-0.0904289570194155,-0.00636622740869789,-0.032674225985013,-0.000334030671895958,0.0132779959377143,0.0328542110163691,-0.0912807158353053,-0.0124076228624725,0.0417066421850392,-0.0677206979511904,-0.0797480475902052,-0.00294782340728734,0.0630194299901134,0.0469482919239108,0.0549788873529707,0.0101269285064499,0.00976800753599509,0.0498584506656981,0.048607072279986,0.0538799817734323,0.033590844512324,-0.0556262733252838,0.0127728202620337,-0.00250133944119531,0.023146956538794,-0.031137189831123,0.0107312984267718,-0.018586459184959,-0.0244033387467873,0.00667990496571428,0.0103312977940045,-0.0273063031270487,-0.0161211571248009,-0.0105492923348663,-0.0600367218789035,0.00961642619112771,-0.0126643973530555,0.00748133764366107,0.0426837682425686,-0.0193497706656061,0.0516309558475098,0.0305109700932415,0.0194748904835952,-0.0311860413326647,-0.0149997018514223,0.029529011607057,-0.0235883925881113,0.0341210283304856,-0.00800834958547584
"177",0.0746505808669716,-0.0442815897151916,-0.0026620804843174,0.0424856390810648,-0.0796652776674236,0.0490822805853518,0.0831396404399501,-0.0554387870011779,0.055981658477899,0.0606410243594627,-0.0290511284572179,-0.0539810742639913,0.018091490298173,-0.0150930843170766,0.00944302701011886,0.0221045017094761,0.011784350620238,0.0612455802669531,0.0127616377118873,0.0276526586749608,0.0104798388075353,0.0034628967700852,0.0306946619202935,0.040218426544286,-0.0378040523777763,-0.0234718103238439,0.0554738139141536,0.066491325518876,0.0745571498022731,0.0154254996941766,0.0277596530220524,0.0183104411203304,0.00278797254005024,0.0105830979408603,0.0233646465918613,3.79325051964547e-05,-0.0348444881428772,-0.0825681461054336,-0.0422517776937509,0.0666580562575832,-0.0669867967566484,-0.0129064263761207,-0.0189159173342996,-0.0134381535670873,0.0284754615819479,0.0137689754352165,-0.029950286863591,-0.0546227234422401,0.0025572488486895,0.0525825482882544,0.0838957008676271,-0.0661564976078905,0.0310401930492183,0.0153135818787994,-0.0235271365673946,-0.065659306234474,-0.0172920635526475,-0.0509693309690662,-0.0118810822573466,-0.00236061610029921,-0.0201568926950429,-0.0238507781060402,-0.0178506257776389,0.0528664108336208,0.00892195013309742,0.062210225576824,-0.00606664565943931,-0.012314590833807,-0.0286779018672123,0.0551077830484409,0.0527020368855634,0.0376026281047093,0.0380766531883657,0.0789386507771722,-0.0421903898120439,0.00508852089661239,0.0212188201854889,-0.0424108095813077,0.0899139891049991,-0.00139541484257147,-0.0163852852612424,0.0856767457711374,-0.0180121472857974,0.0405941437980494,0.0188382123343777,0.0527462141153415,0.00686405575277722,0.0225157757522589,-0.0268566511820617,0.0196560805619732,0.0196943039199777,-0.0190444856925902,0.0674412160059033,-0.0551007030651408,0.0200443379361732,-0.0221462583532769,-0.0138647922838792,0.021566780586219,-0.00511619441070241,-0.00321436108271963,-0.0258654985388852,0.0171903216072327,0.0391353083360608,0.0469780554785136,-0.0360219072720147,0.0517598518953876,-0.00543487470902466,0.0293333428291283,-0.00848056139708262,0.0252822293799056,-0.0025038490849402,-0.00688580468279515,0.0149750475342741,0.00383368494457461,-0.0131421035368155,-0.00867980405283221,-0.00975039343423325,0.0351067340102259,0.00586509677269586,0.00830046312783117
"178",-0.00841366521933444,-0.0389781839048172,0.0560558057450327,-0.0298221823735515,0.0288996642883211,0.0176338645024424,-0.0279076081834544,-0.0119868967023547,-0.053697230201235,0.0282183872952392,0.142973883486853,0.0642707073589853,0.0190683009500506,0.0445375611448874,0.0994265391714782,0.160733342334331,-0.0383237892105606,0.0210116453288445,0.0136608269434513,0.00455426789145022,-0.0407632700111657,-0.0863593152999042,0.027580311597354,-0.0207336490221333,0.0359073719591098,0.0477157192210912,0.0140284238229756,-0.00218994110853934,-0.0476099228826712,0.0201775349335919,0.000988816948821172,0.018789017085555,0.00583470718862283,0.117087813794731,0.0674001229275406,-0.0309246924857173,-0.0248833503505844,-0.0529287478382645,0.0255532230888304,0.0261251947928902,0.0830152202400278,-0.00784772973762854,0.0799027381718198,-0.00228243324316332,0.01990422066094,-0.0665382248075573,0.0268149793172971,0.0326806513473189,0.0395708789209294,0.0331601500639281,-0.0686497422826832,0.0543055286930663,-0.0316362550615695,0.114458738458578,-0.0573870272147408,0.0836264116898127,0.0270797702382458,-0.0794613808927903,0.0391681081041191,-0.0549677946642582,0.0388290761998291,0.0616572544523628,-0.0208401527707876,-0.0120599204213476,0.113561739216214,-0.0783486175939209,-0.0764758126021861,-0.00599023595968825,-0.0435202150418524,-0.0222736553119199,0.00909577972136169,-0.0841315631037727,0.0618055401073411,0.0294208670964149,-0.0304796214204985,-0.0251387936393638,0.0165541384303134,0.00638219265636756,-0.0054739434909415,0.00497077536586414,0.036982268628936,-0.0235130313625604,-0.0730131011684339,0.00114383561345114,0.0246619426461959,0.0167683732511216,-0.073022312787553,0.02778645592414,0.0299605877290141,-0.081909566931665,0.00612470721137158,0.0450242991541422,0.167827130173675,0.0209671440371941,0.0300916476925128,0.029377673830312,0.00260837942407842,0.00925189792195532,-0.00973389506911065,-0.0244961119555597,0.0335014964250208,-0.0129780684333334,0.035008060021482,0.082977017470339,-0.00942233940586482,-0.00366733808449474,-0.0218196033715324,-0.00142811158998137,0.0399720949999808,0.0291613054004952,-0.0231794787584424,0.0228454597396962,-0.0119421729534454,-0.0607423075738087,0.0139230598734088,0.043230508204562,0.0187731616827643,0.0401983249744101,0.0367576486031348,0.0186380611560775
"179",-0.0252624701568468,0.100726889764561,-0.00187941811243163,0.0449956569668198,-0.000421576291173125,0.015102213911881,0.0276087915830939,0.0188693777747538,-0.109159479610784,0.0876853076545168,0.0168644078873472,0.0158958692044208,0.054891391435045,0.019095510123171,-0.0318983609888445,0.0191780096900736,-0.0155134745421229,-0.0590771956559272,-0.0192618185175257,-0.103776824751784,0.00830633949413399,-0.00288370891825602,-0.101130630105407,-0.0541022349131785,-0.017550537447033,-0.00303241811595749,0.0469474521443206,-0.049694483383349,-0.0990507740027635,0.0412831367413802,-0.0233184243320117,-0.0331346770578609,-0.0729558227936614,0.0435607242667512,-0.0668259442394179,-0.00605847076163038,-0.0583302511112961,0.00500484776388408,0.00559538342242464,0.0124246757117471,0.0139314251595383,0.0226890683444994,-0.0466676899721787,-0.0535201534898705,0.0430669080967931,0.00791480112743319,0.0210911264268589,-0.0755460672897425,-0.00584653092037808,-0.103688236632966,-0.0103650089903863,-0.100736282206029,0.0904382512795733,0.00973021478226276,0.0696247364396734,0.0645660335928461,-0.00632401703905837,-0.0152467834422637,-0.0221776995991193,-0.0330320229463787,0.0591236826057449,0.0310466170294891,0.00071181656460443,-0.0445755551075041,0.00546587142295866,0.0540825071612102,0.0461057621308143,0.00168149152138823,0.0542449984532616,0.0487752619578411,-0.00940269261315197,-0.0420230965896491,0.0815585901014997,0.034838437551695,0.000211649002459358,-0.0309259768721321,0.0702765357556046,-0.00230336093474913,0.00497602763580611,0.101681301658596,0.0943137585380661,0.0521514998828304,0.00756222253920447,-0.032912180845072,0.0548574664582402,-0.00383461736946675,-0.0730744621516147,-0.00571043831032525,0.038181049187544,0.0753796287810835,0.0922173255211223,0.0294526818977877,-0.00216090604152575,-0.0730503657068438,-0.0245866329144756,0.0126613666551692,-0.0282712867708153,0.00271389546743253,-0.0327247419010201,0.0180518630344047,-0.00133458007524846,-0.0527506865497175,-0.00227464227522821,0.0160064445580667,-0.0163448106841698,-0.0568004717381859,-0.0165652636502922,-0.0515860147905051,0.031469068686525,-0.016588186821128,0.00689087246978606,0.0134418617812098,-0.0135661538015461,-0.0123522703532654,-0.00121450302365968,0.0196970598799932,-0.0136903374933341,-0.0363754471485117,-0.00310622633453944,-0.00437658439652248
"180",0.0347186409806452,0.0437620260155786,-0.0117559704746465,-0.0160027836138347,0.0907649655032852,-0.0768887974788827,0.00114406157315743,0.0222944639454019,-0.0352818567691153,0.0557190662293187,-0.0727281217199637,0.0637675324300893,-0.0167254866746127,-0.0134403809005868,-0.0265493506818373,0.0288185720604132,0.00552455206630523,0.112555422333314,0.0415565050089676,-0.000741200409146859,-0.101364659439555,0.0332531745814884,-0.0561717798314202,0.0682111273243898,-0.147357288965173,0.0373021583635672,-0.0532262287791614,-0.0110138272360854,-0.0363270167985138,0.0490724801098676,-0.0190485782719291,-0.0355793186885677,-0.0439809283796343,-0.126984034709268,0.0360388723195346,0.070135862254716,-0.046319439130823,0.0090463872482727,0.0168510942623865,-0.0681428779269714,-0.0161713579924445,-0.0660241456957929,0.0185520211227795,-0.0199167758982904,-0.0258399020158469,-0.00672213434867443,-0.0304834617822193,0.00497090357455471,0.114595120890628,-0.0217702271747944,0.0049626176995195,0.0686749023811127,-0.10644641843784,-0.0547837330756564,-0.0401450918174733,0.0245681640019561,0.0500243057965392,-0.0786968215922309,-0.00889826158133975,0.0205331880899931,-0.00987390466934565,0.0279896358533644,0.0103894874430962,0.0211641779524229,-0.00503137840253875,0.00889900814467942,0.00648804912722568,0.0692613054282085,0.00541662410771152,0.0401842873915992,0.0240833900188191,0.0352848293069678,-0.116759947453443,-0.0138651512620927,-0.0296897970262424,0.047751218933091,-0.0601879382632295,0.0977820305753052,-0.0356039180535969,0.0171187046362576,-0.0774474809467436,0.00726475001540373,-0.0750022007677417,0.0385868585341305,0.0268528862643901,0.00595204965337362,-0.0206455503010746,-0.0277903733837066,0.0615060587507974,-0.0275274418011926,0.123821546050302,0.0278821473032523,-0.11910024027725,0.015674659832834,0.013355752561376,-0.0107105487532975,0.0232838017471329,-0.0230555602532942,0.00664443137157617,0.0301502584715034,-0.0257800669784614,-0.0106272682076804,0.0318071656543748,-0.0191373715975725,0.0283095828050582,0.0675041197661732,-0.0195810384526713,-0.0324645357760495,0.0178191259861269,-0.013318331532605,0.0561104812129394,0.00347146951630468,0.0615509406883351,0.00967065883935664,-0.0214419809365546,-0.0109879617072661,0.0468460516351169,-0.0187768863947288,-0.0445756605751924,0.0149316232859132
"181",-0.0388310107531782,0.114713910966478,-0.0772216106397915,0.0170935319514819,-0.0740758677819872,-0.0413811879092476,-0.00553935098069788,-0.0611018064367022,0.056963845207299,0.0251060509585734,0.00639197828620357,-0.000320399963185272,0.0253462769488136,0.00453034745791113,0.0169635203087048,0.0325945822030615,0.00431410086252829,0.00349092517788022,0.0198134612075287,-0.00334891741121484,-0.0314955219371734,-0.0664799261666958,-0.0117271952153487,-0.0283138500947468,-0.0127522252338549,-0.0363362466498197,-0.0413702076881589,-0.0331921801985758,0.014982029948755,-0.0735071843087428,-0.00532059020598629,-0.00259982374896498,-0.0219893485734767,-0.0328446612531792,0.00751907808659147,0.0306682518811898,-0.0330891304474906,0.0183747342676382,0.037039708006717,0.0678498644238102,-0.0209118580667858,0.0149925741401,0.0507071533182358,0.0219472379100677,-0.0278969175545212,-0.00205267154144817,0.00116987367445191,-0.0768983118841834,0.0420745369097794,-0.0471944108006716,0.0262392704409764,0.00959961788498915,-0.0065351545861724,-0.0153092572847509,-0.0286467981199518,0.0191038660015054,-0.031618068683113,0.00529967437431917,-0.0230799562992605,-0.0282013737180143,0.0152649155137012,0.0579340733947525,0.0595906707823328,0.0121910487844348,-0.022142687032069,-0.0453210843709406,-0.0806867056028824,-0.0158287315511967,-0.0605066452554496,0.0566397388546585,0.0620917345270103,-0.0364474405770209,-0.0175692285167077,-0.00375213815465045,0.0148365124685208,0.00972006256014621,-0.0211469132364839,-0.0126787607723921,0.0116857185816667,-0.0110426619960522,0.0304260262464728,0.0115953779336888,-0.0626215178873273,-0.0276133751103102,-0.00857932824734309,-0.0551749545292003,-0.0475637221197068,-0.0364561785336988,0.029071492521732,0.000216566658102518,-0.0477639179267336,-0.00428130034306653,-0.0584705032198716,0.0133153934754671,5.31527727244952e-05,-0.0063819671463856,0.00491667899129575,0.0153948530320263,0.0268460127800125,0.00118900713810767,-0.0158188081876862,-0.0221213171420189,0.0124560809754209,-0.0337442697663301,0.0318861614167509,-0.0177966662175264,0.0276075317621368,0.0150041959362298,0.00767305447013645,-0.0208931489689144,-0.00508275969625341,-0.0223924721225257,-0.0232671363978009,-0.00457369755452088,-0.0184421516731802,0.0275669908320006,-0.0354127918635955,-0.0259411200550014,-0.00541574173957773,-0.0480478346024074
"182",0.0477333886845517,-0.0256519578504409,0.0405079137713889,-0.0164694668333739,-0.0790651676735436,0.0304115082183126,-0.0333197933195956,0.0157173375723652,0.0939504909973079,-0.101758279902555,0.027659677960475,-0.0377233162861183,-0.0523456997572975,-0.0259093411434031,0.0885897795707184,0.0317085388370116,0.00433474417770438,-0.000242878658645649,-0.0400147755666373,-0.018561027342266,0.000423886545735802,-0.0319577128631834,-0.0237110543064003,0.054582753006309,-0.0284102067011976,0.0464510551932628,0.111889176132968,-0.0740598843807341,-0.0613546383201591,-0.104654607192586,0.0302079749361139,-0.00757249895344071,-0.0801059797369601,0.00810079113030309,-0.0808116767746081,0.0409772915426201,0.0583830328325042,-0.0282718614041686,-0.018585845276985,-0.00414194594606187,0.0576728909273893,0.0529834470949633,0.0539757041192871,-0.0651960593277772,-0.002987463789764,0.0339473800002178,-0.00347314623617658,-0.010472635489793,0.0553587485425046,0.052892770360411,0.0225453168200334,-0.0586796139884332,0.0157905124784819,-0.00845463970184449,0.0981014785599087,0.0841535671729156,0.0974436634309572,0.139230654744977,0.143578302137453,-0.0405577666883147,0.0507029961466806,-0.0149856037338443,-0.0232727516682882,0.0101576561778151,-0.0438094450790737,-0.0636764270726311,0.0225024379055194,0.0898505308583601,0.0381837088759957,-0.0834460433465935,0.0116876267907702,0.00643769999772677,-0.150698665593308,0.0122487195591479,0.0334718554993861,-0.0219938389297248,0.104713009673221,0.0638358703164993,-0.0116519118067753,0.109217174451403,-0.00157042965457593,-0.0418864143610802,0.0723756681375848,0.0901490862644693,0.0954311391695144,-0.0577284246600115,-0.0838863833528369,-0.020261497005083,0.0681767805123725,0.0426270411266109,-0.0399352031034753,0.0438573093267777,-0.00384910328211147,0.088495464065124,0.0113914466162438,0.013250114517874,0.0558147462296731,-0.0111084159216628,-0.0138639923332283,0.0361116025994117,0.0198858963550473,0.0445432992896967,0.0311078176229651,0.00405854741071446,0.0213717867921326,-0.088506502080201,-0.0119654025886606,-0.0278143880996805,-0.106255025676195,-0.00567348859262662,-0.0576530926432508,-0.0518282735979636,0.0064823494162175,-0.0473629287648102,-0.00795044515507751,-0.013385077206017,-0.0056239834832807,-0.0149105014193129,-0.0535398508838759,-0.0195770023385315
"183",0.0572668063775458,0.0601601080012337,-0.0248450276668962,0.0154303758855951,-0.0765642115471015,-0.00511582792723308,-0.0683855136252383,0.0362715284552395,0.0780365974663196,0.0641249620059209,0.0220333292714213,0.00821663713991964,0.033907515222765,-0.0254079346702724,-0.0562242314163466,-0.00355514996624785,0.0468980279314977,0.0633823366855059,-0.0582868205660099,-0.0594418800531703,0.0184208334477635,-0.0285819336570407,0.0223457789862049,-0.0436360150536101,0.00622240152408777,-0.000605331328119218,0.043265637466817,-0.137717244158658,-0.0458684469676996,-0.082517764226754,0.0403346234022856,-0.0650289114628841,-0.0185789621200295,0.0575568664578149,-0.0356207331551945,0.0233445533062839,0.0202199610716167,-0.0575892862303065,-0.0516881602680239,-0.00951574097447775,-0.126011183650904,0.0747176485130397,-0.0615703578572889,0.0486675316719416,0.0104846245595362,-0.0179387382201806,-0.00352939686025505,-0.00255530430685959,0.0718030386734807,-0.0783006735122942,-0.00890787441873674,0.00429074370874235,0.050725983882353,-0.069659576666573,-0.097141641750079,-0.0141682366199327,0.0552635521550813,-0.0129093853500422,-0.0146489559164594,-0.0821961287480586,-0.0209660076305721,0.0339548270088923,-0.0303274217973946,0.00870187779894511,-0.0026709150981365,0.0384371879047148,0.0688205484186941,0.0417627738930796,0.0130943528724949,0.0510572921932937,-0.00756426315448829,0.0516701652073158,0.00592212719309192,0.0446004072218886,-0.0278476187303206,0.0669117908762984,0.00910808175161481,0.0160198636740989,0.109793965017334,0.0425673105371431,0.07937521597345,-0.0057357736947124,-0.00298471175258088,-0.0534136410474174,-0.0627226843077471,-0.0501132305162853,-0.0239621571026437,-0.0163807147631158,0.0314869976534521,-0.00131039875021363,0.0291196871895512,0.0320031204608297,0.0328233749677275,0.0346762970972349,0.00731096030365085,0.00599237581764193,0.0665778214454455,-0.0175192847746662,0.0150354156956534,0.00373772662481677,-0.103664758820108,-0.00817680025652048,-0.0221990043019602,0.0317644219207901,-0.0479220295531787,-0.00886363940154329,-0.00841075496599134,0.0188395079260596,0.00869419003196404,-0.0136825569878725,-0.00714499770620385,-0.0354652026362735,0.00552050834534057,-0.0295486498766706,0.00861829406651855,-0.00954406718008696,0.00829367301743172,0.00341698897199803,-0.00848308692249305,-0.0413315424357189
"184",0.0669955886510092,-0.0562412247807452,0.02972174744859,0.054138937806766,0.046762374034069,-0.049079028351082,-0.0671190848600275,0.0793033352712571,-0.00347720481234166,-0.0168428434567026,0.00173365416574025,-0.0505374767160953,0.0244615154403637,0.044639776467956,-0.00353162083776129,-0.0378829405858329,0.00687047783930312,-0.0392614946350281,-0.103191919592578,-0.0292667960612385,0.0663397276778295,0.0587339202205571,-0.0863658195691943,-0.0269228757640859,0.000307805893675,-0.0901962730573923,0.0377556393300775,0.00284551091975351,0.0222434404896051,-0.00232152754020914,0.000397399531309888,0.0299106248958013,-0.0846935821036128,-0.00989697704959762,-0.0220289713652717,0.0649954106671976,0.0525289485661473,-0.0776242751173978,0.02688721301428,0.0481494681723708,-0.0419567790101361,-0.00138112270574698,0.00738617022218636,-0.031572895595614,0.0493196657198063,-0.0548359422140852,0.00139605780017202,-0.0358866730025956,0.0408681164004255,-0.0592765575274032,0.00494247822268846,0.055303439815507,-0.0851223038907543,-0.0161071171659609,0.0024598764562067,0.0264134626866525,-0.0523520882368768,-0.0318488952443694,0.0894846269780653,0.0854341166914606,0.0582063870101931,0.0641405152023105,-0.0404735371843516,-0.000789265088424626,0.000175106798885045,0.0348394788727304,0.00398609082918859,-0.0303821294919483,-0.0171727472199312,-0.0659591556334453,0.00539603832703661,-0.011252930697574,0.0120066132698501,0.00167036005821233,-0.0201926961222291,0.0713388213326207,0.00848500001145621,-0.0481953537381478,0.0241614948736176,0.0320686984811546,-0.0648372432216869,-0.0216647603760345,0.00679149798250469,0.0517003415649766,-0.052018567175506,0.00445596466779428,-0.0557795036744998,0.00771961526381761,0.00362056011314674,0.0240731805210195,0.0897209213956798,-0.0690837717779933,0.0352701510265545,0.00878539077565455,0.000333738649106602,-0.0102339492400317,0.00594192737361211,0.0163652728632227,-0.0164195428137431,-0.0867878593148836,0.00395419456193256,0.000407929489328385,0.0260876590144273,-0.0209179087005253,-0.00050351179847882,0.012190511258017,-0.0281787911862245,-0.0158154800506249,0.0422078455410509,-0.0659606077173238,0.052271761859346,-0.0584306528947876,-0.00569854532634118,-0.103786004796261,0.0353689946777101,0.0280590652949092,0.0198618250170386,-0.0615920986189506,-0.0398033206321991,-0.00832886363353844
"185",0.0424055886379509,0.0577881216800823,-0.0122889812360903,-0.0806913647691782,0.0124784450756295,-0.122144516555016,0.0572036258933446,-0.0363690910679333,0.0289496880834793,-0.0320975152067644,0.0116910698101068,-0.0172425572868976,0.0239629707141704,-0.0234229568515877,0.0439843415955998,0.00855171305308143,-0.0794842495560818,0.0084467711829297,0.0012936924205453,-0.055626731094217,-0.0255839400500438,0.00218500619651534,-0.0313128087101583,-0.0258719971817919,-0.030802778422196,-0.025615093090254,-0.0938951650226518,0.0553660023084404,-0.0903622938287029,-0.0808661704794645,0.0719508377220755,-0.0733281565045138,-0.0102413540890265,-0.0482669608867863,-0.00227475533379058,-0.019225785651936,0.00548904690593637,-0.0725134322348988,0.067306425454263,-0.069813112131092,-0.101800617024326,0.0265375355879084,-0.0257669472483823,0.00709008211284275,-0.0377431496533228,0.013816751356069,0.0865381708437077,0.0135231189301098,0.0123322200061199,0.0218155635387204,-0.0645309365752491,0.0601735716964207,-0.0387678359806773,0.0938469834816069,-0.0114785786941445,0.0437717692545972,-0.0411163067276598,-0.067555175784958,0.0687160430440863,-0.0178445554146297,0.0125334357735772,0.00883455470305772,-0.0296196931111904,0.0205495687156934,0.101194780525525,-0.00930967239266659,-0.0184490164803025,-0.02346498592881,0.0653077754578118,-0.0333584469671813,0.0490811660117276,-0.060233943461208,0.0380033912287346,0.00339222793008689,0.0100365177077626,-0.00875760813403787,-0.136831098085248,0.00588093630632273,0.0188960523365287,0.0199930719798925,-0.00852863647684767,-0.0604732194297682,-0.0414523352595046,-0.0526294981574659,-0.0434067066757528,0.0639364682282012,0.0713441645146257,0.00106420529261315,0.0113058113535758,0.0602233023137069,0.0255492662628207,-0.048262367515485,-0.0358143675792945,-0.0284570144277255,-0.0131957804759877,0.00806864063042959,-0.0147966716435393,-0.0143314815243112,0.00960917071095843,0.00796206806795493,0.0158501063384029,0.0622569053373201,-0.00511874272544716,-0.0136493040071896,-0.039503347786267,-0.0561880143268211,0.00553824216268471,0.0158257706066582,-0.0542806787332218,0.0387815345846546,0.0170855951020554,-0.0142850664143105,-0.0333291235444775,0.0163424453186618,-0.00278656726768771,-0.0127987883689823,-0.0129319633926105,0.0194560506823389,-0.0155883681065447,0.0682120928375846
"186",0.0420641132002274,0.0474008540169906,0.0241334286500952,0.068508520374506,0.00334412525591539,0.0752845082910663,0.0437618700191246,0.0754431856698769,-0.0378927825311425,0.0705586729051639,0.0101426500036295,-0.0268492452446688,0.0115646663955406,-0.0157841221211524,-0.00346811663362027,0.00877626225030179,0.076461246170219,0.013121570686116,-0.0181093053149917,0.101961639048954,0.0321518495461205,0.0297272241068504,0.0534621694143336,0.0828378308920494,0.0767617976537111,0.0089586305475902,0.0453126227888896,-0.025629809519775,0.105966975221993,-0.0599707625789916,-0.036407547825695,-0.0483793373180173,-0.00637052431849981,-0.00991598805215236,-0.0137899877188721,-0.1001544604041,-0.119750909490829,-0.128458802209644,0.0903005185499855,0.0577248014233299,-0.0328983323398781,-0.0455361922837937,0.0966868385650124,-0.0389409161891071,0.0155233504403143,0.0705936950408852,0.018779536676219,0.00114068918390018,-0.154554524774815,-0.111310721095162,-0.0454953796085858,-0.00128337810934398,0.0574063045696183,-0.0734215336586683,0.0511866327510308,-0.0467837055507234,-0.0183696348015778,-0.00349426373229258,0.0711236484776535,0.0027105145003355,-0.0873212327837943,0.0690076180573098,0.0225209505778644,-0.0330985401324976,0.0213062476600278,0.0171032171717712,0.0793611042393673,0.0861274007923063,-0.00673914585821347,0.00879410139398477,0.0563202029261722,-0.038967920377106,-0.00238182391252531,-0.0257986357178903,-0.0713384838920661,-0.0921784588276071,-0.0791042696826087,-0.0471982532956331,-0.113865705393742,0.0847360312819837,0.0536268627657512,-0.0869071677167749,-0.00338313487433657,-0.0622038420605971,-0.079069670623818,0.00758213808164301,-0.0292189493761076,-0.0616410569952732,0.0717042248666677,-0.0464556676863352,0.039488191778612,-0.0444766086928147,-0.0553753315942851,-0.0687740568530126,0.0510457772171151,0.0634782625832129,-0.00809735727176953,-0.0313361442776988,0.0463115166197509,0.0185388885526175,-0.00189538770090561,0.00329900646622907,0.0024254745958049,0.0277778321537197,-0.0392336931538733,0.0175029741533518,-0.0348656111535706,0.0524840196261958,-0.0161064916533819,0.0333418678612364,0.00613318425405512,-0.0138258831239168,-0.0284422973134595,0.0225419510168987,0.00209068487591799,-0.0235227605888962,0.034613095941646,-0.0389603168280811,0.0031959483707663,-0.00318676116233189
"187",0.065851460946287,-0.0689238005108189,-0.0603003344630666,-0.0358960578072128,0.0310486015283183,-0.0284949416184888,-0.0653455663496619,0.0421221674667801,0.0314569050774434,0.0707181530826552,-0.0186617232172064,-0.060095127947276,0.0136385650839279,0.00425322170156463,0.0320907010845809,-0.0427294649811062,0.0401116551453011,-0.0340794469621392,0.1005068626876,-0.0521029980677095,-0.00246798771692707,-0.0395189671123969,0.0131466328922713,-0.0115186127363374,0.0601257690613109,0.0263860894268338,0.0441894764197069,0.0253941634647715,-0.0405677200047643,0.0582735370478321,-0.0032104032785048,-0.0417288982855537,-0.025101775318312,-0.00164622216483778,-0.134874850773583,0.00384924577586613,-0.0056949049880054,-0.00998154523159807,-0.0213207684670482,0.00139745301684319,-0.0668076725523589,0.0732542286646312,0.043224091543922,-0.0544615298262954,-0.0132270670924463,-0.00306610633816464,-0.0972354013473286,0.0134455857183169,-0.0816364789472966,-0.0146920905716676,-0.0163377553531273,-0.0419715457643585,-0.0612309957601942,-0.0792255118239906,-0.000458107486216897,-0.000218947514150815,-0.0738675424742552,0.00329713889420958,0.00738089557550042,0.090223667785222,-0.00355424093204795,0.108384979611763,0.0671069034047687,0.0264896057378257,0.0619774011873443,0.0916687957228332,-0.0179986608436109,0.0231517388866157,-0.0286989564631756,-0.016324568112526,0.0871258205067622,0.0770188052990889,0.0187805234263064,-0.0120536008890988,0.0660957545373178,-0.0265178146976615,0.0943261420802888,-0.00255856717966461,-0.045239780811714,-0.0309770679411418,0.0109828176917229,-0.0432871523436078,-0.0751826212457504,-0.0457204686676636,-0.00429141890305621,-0.0380981591375996,0.0246860413596281,-0.0083957194669992,0.083158456407833,0.0141207300351739,0.0472762425287687,-0.0144654884890934,-0.00147610933637343,0.0415533363297992,-0.0427289487457273,-0.0315968790073155,0.0113819774443021,-0.00653870053316382,-0.0380404446498852,-0.025839881676977,0.0119214969272722,0.0241918608368583,0.0413193657958893,0.0245470049319203,-0.0385704189116017,0.0498942781243301,0.0172914662928841,0.0526629035802372,0.0341913865376442,-0.0411569100406751,0.0418872142274231,-0.0318892464570736,-0.0160559515466732,-0.0159595990675517,-0.00604962587016196,0.0270047132816082,-0.0405379908653343,-0.0123399721440915,-0.0124208252929525,0.0272745913498919
"188",0.0254759750593911,-0.0146590764552275,-0.0236955323679341,-0.0340222630148685,0.0500155335113772,0.0283740611799653,-0.0387814183589625,0.0205015412537632,0.0598461260331746,0.102847309860496,-0.119764527205093,0.0325268043625116,-0.0685349920419076,-0.0296137338166504,-0.00880590157184149,-0.0254165052373737,0.00126436953539108,-0.0407588900423613,0.0596340485997602,0.140861566416372,0.00322170651453156,-0.0249455732635371,-0.0948097463400042,-0.026567486072454,-0.0564909895360264,0.0203269299614545,-0.017625642927556,-0.179458811320446,0.00341914197059734,0.0272375383844508,-0.0433442642915564,0.0167092283483351,0.0587750521538927,0.0127810856735879,0.0191609680967048,-0.0292527309535469,0.0846209722821481,-0.0526624446181063,-0.0403989388419767,0.00477595116945269,0.0413356941024359,0.0265644834213091,0.118890159558946,-0.0238065215964278,0.0182515486117772,-0.0163005894214645,-0.0575301358403852,-0.0131407736242755,-0.0216624977716372,-0.00377780413138446,0.016571911750868,-0.00780511767731305,-0.0264251939292057,0.0432785033007453,-0.0599783310660026,0.0203964087147151,-0.0727980542631548,-0.0330016956133609,-0.0582419618190082,0.0632071663479004,-0.0369991641573857,0.0292215106421566,0.0128004881817108,0.0228226587720027,-0.0238100065838521,0.0518146588257246,-0.0204932292984296,-0.0543378787594479,0.0267036553611831,-0.0355109126566011,0.00703452389130431,-0.0677750349571358,-0.131790950876797,-0.00912481078085798,0.0339713449150409,-0.0572057820335655,-0.00889315179672926,0.000303067145329346,-0.000434052712634836,0.0013911112275679,-0.017637988416447,-0.08656913291431,0.00487645631972849,0.0671191623983058,-0.0235099943316215,0.0431788954531888,0.0382496841296772,0.0115233184495299,-0.026376825973197,-0.0385497286488587,0.0359833394610798,-0.0207044605942735,-0.0514493183842126,-0.0168210821696138,-0.0307487852935932,0.00425188091965913,0.0631209115641273,0.0287007821215878,0.028276511755928,-0.0566105775159225,0.0317909845642439,-0.0357243620232736,0.00879297345509561,0.0200987425342614,-0.0420833547810127,0.00532325926153972,0.00688251390731454,0.0165515873881831,-0.0356098978335132,-0.00394961990293795,0.00538146418658571,0.0103879738944477,0.0825569058321609,0.00368390824588743,-0.00240360853824057,-0.0141781089023165,0.00657474272870391,0.0187753517880753,-0.0627000979837169,0.0119129239014933
"189",0.0337982278584149,-0.0902363650985827,0.0295741944047182,-0.0916847364247077,0.0321012126052702,0.0586762842996814,0.0119655987230264,0.0666127830863756,0.0596829401208515,-0.0420785023726428,0.0087264864375523,-0.013935432893072,0.0574267631053342,-0.014156725259112,-0.0638725994075263,-0.0155126305915515,-0.0233909749751404,-0.0206233081555216,0.00805219364061391,0.0367242125821485,0.0360509589342322,-0.0183474099225514,-0.0296710641227116,0.018550380861235,-0.0518240199061308,0.024498830640203,0.0355902561437436,0.00992516517257362,0.0782696613270407,0.0267904608483417,0.0304985580462161,0.0836363182795733,0.0111304369057692,-0.0601205295373467,-0.0113195416472759,-0.0656451025433427,0.0430860127426241,-0.043971300478056,-0.0402295774312372,0.0334785228329522,-0.137540359947713,-0.0573945347678362,0.00278784953502745,0.00847680965121473,-0.107861499594831,-0.0680617612700457,0.0131309364921539,-0.0954102250634556,0.0481014092361128,0.0025387092035685,0.109336759467705,9.58037590954701e-05,-0.00837302568098997,0.103356318034814,0.0108394364544954,0.0384999520863956,0.0768079704271026,-0.0457947841707696,-0.0170319509250476,0.0249400739922948,-0.077244570352336,0.052276088670172,0.00956984884117715,-0.111852015130438,0.081509158061696,-0.0552533084060659,-0.0561599631509883,-0.0451751822224555,0.044836771920916,-0.00339170474334777,-0.114110850747086,0.118375615357423,0.00367913974423599,-0.0901458863991135,0.00956849119128796,-0.061743818327358,0.0608766509240887,-0.0404617010544386,-0.075753105797663,-0.0905572831035769,0.0381797067612228,-0.0693910247647229,0.0306222892504625,-0.0189132232644473,0.0912951645881988,-0.0150727446567163,-0.0624381865373197,0.0675144256083587,-0.0188773518221873,-0.0827983837067503,-0.0324495720447498,-0.0222067278681609,0.0310778672406556,0.0265830224026332,0.00796849632461393,-0.0225158084885372,-0.00168966195321086,-0.0272335403569679,-0.0186403943247868,0.00901199222879546,-0.0328709108877066,0.000518543304195218,-0.00646435106741073,-0.0301664850214478,-0.00869599932246337,-0.00103883118676489,0.0375790148447735,0.0559327450617711,0.000471780093129899,-0.0308749583570867,0.0529838748627348,0.0507756526957063,-0.039054684207368,0.0352460390102665,-0.0346931569462851,-0.00298528786649965,-0.0184169150888579,-0.0191828194215048,-0.0323061564352759,0.00131351290010051
"190",0.00977391173884862,-0.00519627831055149,-0.100919407875665,-0.0144450862579118,0.0254324000405955,-0.0499012983293763,-0.128359605974107,-0.0330345002586639,0.0533653424342828,0.00472141784225749,0.0537992321669724,0.0363628431352668,0.0246535471940554,-0.0237253142376456,0.0223952404188773,0.00972429225035051,-0.0463622138636268,0.0739120020442175,-0.0378783525629436,-0.00636934820841058,-0.0565892908274738,-0.0752872248169114,0.00177881393538781,0.0492741824076873,-0.00225906455017074,0.0702839125733836,0.0252131502672674,0.0497892000225505,0.110863135013495,0.0698126071599073,0.0148344965377894,0.0377323318938504,-0.0167795800614344,-0.0146620670710681,0.0783179281351202,0.0108495169416666,0.0532284815275438,0.0402500403055958,0.00967229777464847,-0.00558418607447565,0.0233951595903062,0.0873723268016745,-0.0502549825341786,-0.0567863359676295,-0.01972889603184,-0.008355972960618,-0.0264866427611176,-0.047603757104132,-0.0770501515473628,-0.0138206457211241,-0.0680399968969996,-0.0182465251465625,0.0563918331200664,-0.00621912713764107,0.00964819993273063,-0.0293842607602551,-0.0605212296958776,-0.0261680721190741,0.00916670396783755,-0.081056932831495,0.0481817720721216,0.0202132328866972,0.0422696309356969,-0.0930868441152177,0.0801599053381263,0.0658035337159664,0.0508219361447552,-0.0623239539392294,-0.0140591773923696,-0.0194444933925033,-0.019932558281367,-0.0212871354925288,-0.00598407549425378,0.0442363835545974,-0.0519164076015647,-0.00800915569866183,-0.0394002163471795,0.097780862882975,0.0181469904643268,0.0534394077837692,-0.0136294447995049,0.0450007059444922,0.0477358621994609,-0.00450519920235965,-0.0264194493061434,0.0635038511774871,0.0290534172010497,0.0762327089801663,-0.0344676923998934,0.086572407971708,-0.018654801397437,-0.0213984438176949,0.0367920434878312,0.0234661882612166,-0.055972407473833,0.0175959903398841,0.008305188850835,-0.0525652995756523,0.00387361273391752,0.0704639232371621,0.00300929382749364,-0.0522663389353576,0.0495976149146938,0.00669165208092579,-0.0500149974136661,0.0044568182740718,-0.0149750275334908,0.0615974517279727,-0.138145675142808,-0.0603682779468916,-0.00813219795989136,-0.0762744265973922,-0.0391089423975515,-0.0166423126783168,0.0223785375087608,-0.0614953304869134,0.0224469036403435,-0.0226661988470135,-0.0328629097144093,0.0138899816469276
"191",0.0279408973791436,0.0867688324361878,0.0287301941170058,0.0618077089206036,-0.0762638423701691,0.022297897587406,-0.0785409094751151,0.0551498829543359,-0.0141328751907515,-0.0223121430346429,-0.022081815239418,-0.0233236718637094,0.0264208634332706,-0.060316087380892,0.0116198075327138,0.023295355869541,0.0764567446832415,0.0033176206704673,-0.0853717631789825,0.08755129248207,-0.0140172176531769,-0.0178951397661633,-0.000607682206226516,0.0478091500654819,0.0126707249066571,0.0997028701487373,-0.0669058004228395,0.0167856534303003,-0.0150521784353882,0.0520907164151122,-0.0450702982092183,0.0046071512686346,-0.0336090522468441,0.0882660105580485,0.0835542800804396,-0.0200082796602466,-0.0423395689115011,0.0191536374009575,0.00556474569583324,-0.0374143269742232,0.0431249520688919,-0.011353770156778,-0.0236986594160493,-0.0234434246667315,-0.0972308902606601,-0.0554990384404441,-0.0440599541534115,0.0285905989184167,0.0948919997840919,-0.0025609082973278,0.0500652334109238,0.0617076976481438,-0.0667290636396815,-0.0325889131074586,-0.0185915939673529,-0.0902312192852663,-0.0551203667425626,0.0212315414798966,0.00287588101612929,0.0295379807400334,0.0573774738817515,0.0278972523416486,-0.020756587211027,0.0320309476973686,0.0362556937870262,0.087087563891131,0.0118714212838397,-0.0182902771491859,-0.0322672834020537,0.0029946879228541,0.0711380616328056,-0.0201270705293365,0.00637403809266843,0.0265002185742459,0.0650839391002005,-0.0246127109560718,-0.0493983003943282,0.0100669686540823,0.0516932948559564,-0.0213789284086186,0.0297602462182973,0.000879103790238998,0.0370517997759237,-0.0414258183901732,-0.0285815337817404,0.0226513625249368,-0.0286967404165384,0.124297731763505,-0.0105077356173674,0.0205033642518842,-0.0148818951691018,0.0390532929513049,0.00349733107717316,-0.00721352207159053,0.0126713949703351,-0.00415884337353341,0.0298834598004131,-0.0275749073442973,-0.013037823725534,0.0106381767437216,-0.00855482899804004,-0.0030418745897744,0.00495650174977554,0.0683918047718211,-0.000268413375129452,0.00247433562118557,0.0167735514439003,0.0129520651420823,0.0424539688367278,0.0214942513673634,-0.00776588878554901,-0.0397361437754204,0.0244969600193434,0.0368859682898043,-0.0147565881358491,-0.0136289819247435,-0.00048686190556961,0.0145753646904053,0.00297545667874301,-0.0121451035090234
"192",-0.0138813809531902,0.0125344887497887,-0.0363753258639459,0.0569270349490213,-0.0442427941798556,-0.0566584161402502,0.0227888108704128,0.0548306312338321,-0.086047623030283,0.125356226475462,0.0950420977229268,0.0253982270385393,-0.0521205831256207,0.0262375589659981,-0.0054882076080316,0.0159840461533622,0.0647866055260859,0.0141396922782017,-0.00490005751713151,0.0150138060022769,-0.0127845139224039,-0.114858616631523,0.0359724392821091,-0.0471876073845417,0.0100604993565358,-0.00953018931378335,0.0396997653149233,-0.00620808949339142,0.0737462778487744,-0.000975276769696545,-0.000174721537419579,0.0448778138900894,0.00327877641986026,0.0722245041623232,0.0227669207646631,0.0419212876083631,0.0262560864567202,0.12167451997226,0.0124802259167117,0.0377339985142368,-0.178248523062862,0.00449733807583454,0.0327557121172598,-0.0677544608564494,0.0452719533654655,-0.0488457076826271,0.0105536334122433,0.0484063666495455,-0.0747187620168945,0.00986065698377574,0.0142154568843304,-0.0301835294010863,0.0271321952112856,0.0357260366573594,0.0641191938829637,-0.0705989539427046,-0.0304820594723332,0.0367492977016206,-0.0188198165475836,-0.109904158923522,-0.0392688332290665,0.0132554338869892,0.0669665150600993,-0.111746676766868,-0.0232847801062248,0.0663561871585636,0.00113667212532216,0.0207933825880927,0.0454478608094045,0.0216326263609876,0.0881401879639765,0.0900552173328729,-0.0598093803722319,-0.052320642212946,0.0370897583900496,-0.0839011392848595,-0.0598256527068314,0.0678531849434817,-0.121968085656786,0.0546586727550843,-0.0797295845258388,0.00782956660109116,0.00973990538639461,0.0475789429536946,0.0302181524481035,-0.0401374044855314,0.0473887481578904,0.134949286694727,-0.0344937418306222,-0.076903443028272,-0.0101193558691007,-0.0546086912871448,0.0122800078401283,-0.0422198189597875,0.0297061265167757,-0.0156467971213929,0.00973441367010593,-0.0155014988514602,-0.025129188987485,0.0294957983913858,-0.0140543303669217,0.0117897253600305,-0.0360787873539317,0.0415492257613905,0.0356938588945516,-0.0152498788132137,-0.0749025548794739,-0.0454774189069534,0.00947234203276863,-0.00140849891585258,-0.035006833110415,-0.0116179604463907,-0.0741641838660488,0.0201267433693877,-0.0205181694226644,-0.00517651620830614,0.00738845086301121,-0.014997348508385,0.012699088930488,0.014958759178461
"193",-0.0143037290581023,-0.0229591649175832,0.0560806855613365,-0.0293276938187826,-0.00427994246354164,0.0558169781823169,-0.00691546272834253,0.110560154801702,0.0353460083764906,-0.0632009399653858,0.121431948574714,0.0581964098286723,-0.0464598315454349,0.0635179486880974,-0.0559903148055157,-0.0276917505920183,-0.0258321582379923,-0.0404160934963573,-0.0241390176577496,-0.104409856099127,0.0771504552880088,0.0532383613275522,-0.0359874218464313,0.0205255763583666,0.035429819192664,0.0524013151693935,-0.0411198870644054,-0.0241256053586657,0.030234845785702,-0.00664513479354081,-0.016417351153656,0.0677879928384989,-0.108132363626938,-0.0578765285444835,-0.0336618514836287,0.0213036511567472,0.000400302562246864,0.0501863930183153,0.0686493470502538,0.0690333255815447,0.0464833391119425,-0.0664362059234697,-0.0257642390416209,0.0108724814605982,0.00879154328935057,0.0381975617455189,-0.0481105237906482,-0.075392910673091,-0.0109202714054674,0.0218730244413317,0.015381777890151,-0.0120068160819147,-0.00999326929006713,0.0367651307456762,0.0719601360716533,-0.0602783542137277,-0.0436840919680941,-0.0270161809602317,-0.0164427062666012,-0.00550333846524161,-0.063055515972038,0.0750419177754616,-0.0408454462830123,0.0926413041492809,0.0524436001769894,0.0851613450896873,-0.0187697001746547,0.0144432995437474,-0.0796658808541819,0.0188892956883097,-0.0156099179044723,0.00621984728343719,0.00529978287758234,0.113411991517159,0.0571440924013341,0.0465980345937225,-0.0553712367034947,-0.0244027585289449,-0.00577772370515032,0.0800654963072233,-0.0196624456919685,-0.0293879821230954,-0.0438297729870904,0.000973797189055735,0.00553165112928628,-0.0144590827078802,0.0198176853321475,-0.0610835366503779,0.0450495875213193,0.00767423001126432,-0.0484206479905544,7.00183784926521e-06,0.0538573321343612,0.0139302129546964,0.00681042253812074,0.0188098724156527,-0.0267947138942141,0.0502301479873391,-0.0289394666424516,-0.0362707865432861,-0.00352227965422592,-0.0205408496892522,-0.0252958483549465,0.0715941168762972,0.0306451704119452,0.0178300638576578,-0.0164904660219909,0.0109759080853349,0.0539051640675642,0.0471222742044741,0.0419807907746477,-0.00170873056671834,-0.00995108922143132,-0.0281600048683582,-0.035049264038487,-0.000212296138887646,0.0144561822993582,-0.062346622033065,0.0147394426570489,0.0234667939269086
"194",-0.0174259736165774,-0.0219877096804757,-0.04339114363228,0.047276935205652,0.0326927507642066,-0.0229580537737168,-0.0660716060921724,-0.0913189141477982,0.0863874490428907,0.00856096767708432,0.0919135953320976,-0.00155258371034262,-0.064216854873666,0.0329103375436138,0.06624157499131,-0.0196666731436202,-0.0587208916675658,0.045797363145227,-0.0706749922213542,0.00160636437897254,-0.0435872996663264,-0.03600114216138,0.0155390299403425,-0.0676826348300037,-0.00817274263880788,0.0874731205158658,-0.044701149443634,0.0188332170651114,-0.122052397261294,0.103228653172138,-0.0192206522832451,-0.0562450249078034,-0.101538101838426,-0.070141696037205,-0.0114784787102387,0.0288671707321289,0.0563127913729801,-0.0554656828187165,-0.0428529064824275,-0.00453600582840547,0.0259989210317772,0.0843880838086736,0.0985328793937386,-0.0650589381997921,0.117324539218393,-0.00780738505151439,0.0318437058027916,-0.0396298280698985,0.00438796480654131,-0.0408448822460842,0.0319470611078755,0.0365362865394324,-0.00799164940189191,-0.093032088208568,-0.0697923567379847,-0.0644162223762489,0.101176984319076,-0.0261794394687726,0.0139902727187065,-0.0317836998342441,-0.00680413232488351,0.037719018643593,0.0295351738097424,-0.0545327173333157,0.0265498155486135,-0.00083645394695725,0.0159225627784384,0.0275620015115811,0.00806305029983953,0.0147980330090629,0.082873937846649,-0.00628639699261185,-0.0732646592722031,0.02346535111667,-0.138352829792171,0.00164066870280319,0.0102072023120785,-0.047817092999026,-0.0778893119734055,0.0302397140682146,-0.0169390895330337,0.0319382092476973,0.0276053540161577,0.0239495761896999,0.0121272983264064,0.0141859995077125,-0.0581552126893103,-0.00933335655914924,-0.0196524723483078,-0.102899883430922,0.0301076371399513,-0.0141928265109661,0.0270399292168113,-0.027219956806342,-0.000668286996626654,-0.0104061264433231,0.0129062063941982,0.0107216734044493,-0.00411608870256914,-0.0571230807586292,0.00781482431258,0.0206342961437083,0.0409580767030432,-0.00610093341979765,-0.0150089565648661,0.103503885295133,-0.0162916139920688,0.0437349642280997,0.0514172048122886,-0.0453960890171255,0.0300608870873802,0.0432052519110427,0.0289902010525488,0.0195067900329116,-0.0247605136195042,0.00233732502337895,0.015493505307067,-0.0125984683455994,-0.00540777368826589,0.0242751085729894
"195",0.0263393195912622,-0.036715074436853,0.107050529229693,0.0107992843937518,-0.0808423737231612,-0.017903887807302,0.0468682730081643,-0.0316021759484306,-0.0696135575207759,-0.0618695265221697,-0.032369227730011,0.0369765672457339,-0.036452901201271,-0.0691134654468731,-0.0251425402191887,0.00171752448345503,-0.0336132148796459,0.0351968687403981,0.0399233538123278,-0.00227490098367686,0.0772334770985684,-0.0827407019994315,-0.0763597346694214,-0.033460957709299,0.00913183734741678,-0.0297425343582725,0.00104083400602512,-0.0499908892788127,-0.00485101847795716,-0.0251475956267494,-0.0190960509093779,0.0582988869338972,-0.0704919672946101,-0.0296380515365521,-0.00959063332940822,-0.03844262794272,0.0587557944141701,0.0143312943740969,-0.109631405059848,-0.0166017735702249,-0.0334227840168356,-0.0233383562451763,0.00316151201753272,-0.0785813022168134,-0.0102865987892958,0.00927505673246179,0.0422011172811774,-0.00692413635573513,-0.0655004925086859,-0.00554323698579043,-0.0156846789875856,-0.00598206172968913,-0.0826177557476673,0.0416526296715262,-0.023844621086978,0.0275807897666048,0.0687614712733773,0.00677612146127756,0.0659791039785212,0.0626305611150274,-0.0110693169961212,-0.0925657185205234,0.0244315689848618,-0.0263541672705801,-0.0198246146409115,0.00452518619020586,-0.00531317442840602,-0.0356970666230065,0.00225069005298867,0.0424274521470587,-0.014871355545183,0.0276918362469959,-0.0527823597432106,-0.0144264581329132,0.0209898404987809,-0.0965016280320854,0.0267572671141327,-0.0467080419725487,0.0288812478084048,-0.0314063361760823,0.00353403833896915,0.0100746415186478,0.0095949802691078,0.0234821973011778,-0.0354588407147757,0.0132493821593315,0.0126813992012908,-0.0127786051778765,0.0075224949109319,0.00406415718723413,0.0204867491989123,-0.0426537651478169,-0.0517283639746778,-0.0289591417450407,-0.0880917618779846,0.0246763612784474,0.0132543715857357,0.0472364676892443,0.0211527089206525,-0.00181804325806555,0.0361792070514043,0.00935352910782751,-0.0278593386394678,0.0231429957132265,0.0168193793993634,0.00428339998070295,0.0176919998624884,-0.0183416918529372,-0.0570216069448265,0.00128295444590763,0.00726362846903621,-0.00853897994674827,-0.0575832502125691,0.000910930118326422,-0.0346639978427848,-0.00994789563140653,-0.028055602389606,-0.0464894976861142,-0.0404301487498155,-0.0301380757137756
"196",-0.0445436974890651,0.0772398400103743,0.101604129993445,-0.013504159951732,0.0610763828253972,-0.040390888759086,0.0254223652946846,-0.0452650191200976,-0.0583092300619362,-0.0080990151597621,-0.0197016673853347,0.0118103613549689,0.0478754495042444,0.00334268448965248,0.03626807750695,-0.00253332403364599,-0.027759705781566,0.0487040254099144,-0.0604617326655526,-0.00642838463817514,-0.0264634196944916,-0.0174392943786948,-0.0741410065948258,-0.0567963168618129,-0.0341035241136134,-0.059122179080879,-0.0266509050027708,0.0537952114900054,-0.037051564233565,-0.00229387714092278,0.0132345771510559,0.0769368908251763,-0.0114826688437606,-0.0209588861513312,-0.0320884937697255,-0.0337538290486972,0.0191843297974721,-0.00963423032866483,0.0798840934610908,0.00652050156879183,-0.113747486009067,0.0104175515831054,0.0839445220113311,0.00794920146293995,0.068373265845673,0.0108763405825576,0.0609262508632999,0.0257665584421965,0.00750162199051057,-0.0384679952875413,-0.0218695587360824,-0.0933717004118791,-0.0530800223263324,-0.0170987923063653,0.0473307188483567,0.0623895366427069,0.0362533471609333,-0.0656467503542585,-0.0709696671309499,-0.02815223581792,0.0919859527031291,0.00784166763994061,0.0138160004018197,-0.013256267140914,0.0685265270251841,-0.032427262654919,0.0166583662638542,0.0325347757891579,0.0356461643650655,-0.0127855318937234,-0.0419601711024147,-0.0768847681735548,0.00259719463285602,-0.0784659147291322,0.0515090232447751,-0.0984347403296808,-0.0305461598884347,-0.0145291379835888,0.027027639807618,0.0396419941581251,-0.0740475067746694,-0.0836174912314449,-0.007347571888652,-0.080445517326929,0.0390880910085722,0.0490835459131143,0.0448384331135265,0.0817995938526423,-0.0580475971811391,0.0178681241270633,-0.0437971359063791,-0.040102219237576,0.0594875317538039,-0.0296431588281394,0.0284962290816765,-0.00758122414915617,-0.0258327914791856,-0.0151898648747472,0.0355078739332539,-0.0551344077682271,0.0162044799687125,0.0247239654785813,-0.0265341602859414,-0.023059410599465,-0.0252653503068881,0.0028455116024429,-0.0168508868129698,0.0145528732265894,0.0359112547472328,0.0319848323241536,0.0788413558768375,0.0244161858420712,0.0355421044373103,-0.00286318570248012,0.00327425041144944,0.0133987249131793,0.0522708464126297,0.0309462018346979,0.0493913175091916,0.00909723194480123
"197",-0.0283795087087086,-0.0747250696521875,-0.0372266922276605,-0.0338413345859428,-0.00123246502017904,0.022422521417071,-0.121732445593261,-0.00116295279401085,0.025954178397447,0.104269880889016,0.0564424267508758,-0.000897962139408957,-0.0465547052542572,-0.0113007158039739,0.0478054679295328,0.0442206853651618,0.00404841940354053,0.0624323381203528,-0.0396432104946932,-0.0264892410045625,-0.0415639446335097,-0.07784930161723,0.0258112917926426,-0.0537254722201738,-0.0381263194112431,0.113334212824443,-0.00264903971281476,0.0765891442172802,0.0588317631634434,-0.0107199841377763,0.00134204533253909,0.0422687518062664,0.00585545044001422,0.0299626342703645,-0.0299021641571578,-0.053625439824323,-0.0152041767743455,-0.000161420953784146,-0.0445020973619737,0.0534078366540885,0.0158512505909595,0.0190710372127679,-0.024372251511103,-0.0404510426800647,-0.0463603931754102,0.00817348656209279,0.0859609259829979,-0.0401658594946793,0.0371280949136179,0.0129393893428082,-0.100675125652952,0.0356943133088726,0.0500697502467879,-0.0330002461916008,0.0641029627956772,0.0719772314391147,-0.0920800478539871,-0.0134866349451874,0.0286936549976583,0.0186706070428072,-0.0344609146129507,-0.0426086840656118,0.1203650305905,-0.0470493837154849,-0.0280703520945707,-0.0398755094576282,0.0117670754004876,-0.0236424225560608,-0.0471396832432812,0.00569889713371526,-0.0296711460844304,-0.0109503048140856,0.00276248730044986,0.118316547847459,-0.0289935709054175,-0.0413636889412386,-0.0176517150089496,-0.0104036609867403,0.00520740877459993,0.0441897077863706,-0.00184424527733781,-0.0171339322049568,0.051405171945421,-0.0288029301380501,0.0498973227361954,-0.0182870584651752,0.0316804682187132,-0.0192120840941491,0.0747011731428567,-0.0250829828430514,0.0275982373218421,-0.0472080624871749,-0.0246243027469776,-0.020283446714842,-0.0293622163195006,0.023481716063309,0.0416288965851862,0.0176629837388311,-0.0352100220810683,-0.0234333361204497,0.0242018846809064,0.00473175329121067,0.0105982957994117,0.0217120039215683,-0.0418349031067764,0.00938220464243843,0.0831845647482144,-0.0130771798461535,0.0699081565627399,-0.0239683641635651,-0.00868763378240614,-0.0118325697449036,-0.0464178208324536,0.0213886614063072,0.0132599692294386,0.0465930934879014,-0.0422845132012312,-0.00555227005376802,-0.0355603555373226,-0.0218011990494648
"198",-0.0438722835288046,0.0125886771297603,0.102310006159152,0.0696849911595366,-0.0135189903574462,-0.0425991817675914,-0.019680608586358,-0.0811100045291121,-0.01891862438183,0.046865513432351,-0.0584734165782918,0.0386966542174901,0.0565355254141878,0.037480312507935,-0.0114627534528786,0.0327682277462585,-0.00439945682358321,-0.0169676604503898,-0.0594481649354103,-0.00746377574726,0.0413074664636988,-0.0666622505066357,-0.0353489439269597,-0.0300101379783999,-0.0278908933194493,-0.0776873787080383,-0.0553381141601055,-0.0167643156075546,-0.0786741537715306,-0.0440691591402474,-0.00424140050583082,0.0372381431600198,-0.0815740914315409,-0.0225069800078207,0.11957572080568,-0.0301101070275172,0.0158568290212314,0.103814618895608,-0.0246873744440845,0.00394787122288529,0.0437680851115476,-0.00605161161840886,0.0612015832765471,-0.0096731679837487,-0.0421025205584285,-0.00759061855292684,-0.0893536648133575,-0.0319635314690007,0.0207464940530186,0.0642413935906517,0.00813844101123332,-0.0407681144634677,-0.00933647551510499,0.0237705154735999,0.0288872819783062,0.0440044326457639,0.0648317025117434,-0.0247952955304393,0.0896448595308997,0.0430155506953859,0.0630461759238767,-0.0147835625502948,0.0490097183820017,0.0140978717992108,-0.0334317339084528,0.0144694821299957,0.022367023960104,-0.0337198499755108,0.02292855838894,0.00617136946731161,-0.00306413401162961,0.0132216798015301,0.0490099302082245,-0.00473601447454552,-0.110704803063557,-0.0567627749265112,-0.074867283114412,-0.0405637477195112,-0.0211952058548023,0.00277206593460842,-0.039572978113971,-0.0602087807980933,-0.0973548852353737,0.0894781194254307,0.0230826120106265,-0.0376318730775276,0.0072836550640847,-5.8144334356063e-05,0.00910264796767413,0.018754139807921,-0.00108317739875545,-0.0354442385992808,-0.034434047733252,0.0581293895478468,0.056358334779643,-0.00294347522282866,0.00363005775176386,-0.00166130066755428,0.00602604867482398,0.0106783725488126,0.0122730396277217,-0.0758863379734596,-0.0848615726376448,0.0266616713296852,-0.0276626268212343,0.0256403994990216,-0.00112924365154116,-0.0207993284428992,0.00464844638714419,0.0396813269690293,0.103020969143369,-0.0119694402553793,-0.0221838571475438,-0.0135077856213777,-0.0276198965124825,0.0518779120447205,0.000311629487796252,-0.058641139097016,0.0415328348116734,-0.00305803403363079
"199",-0.0490143148910411,-0.0410462829763229,0.0966483723188446,-0.0873934434096269,-0.0561120030533254,0.0585443065228696,0.0319495215758566,0.0110002652974756,-0.034618757655799,-0.00701092096011215,0.0511977432417061,-0.0203980709518795,0.0208535233136308,-0.0774724578292617,-0.0617641488708328,-0.00523034270167852,0.0325226151863936,0.0141101704510082,-0.00208053388010876,0.0648669417845542,0.0146850043898908,-0.0435777109731829,0.0490536513317244,-0.0237513770959592,-0.0170064712154008,0.00361546507300812,0.0295861863997676,-0.0130187474017185,0.0466888482648522,-0.0256677935116182,-0.0288722582225169,0.027497035841245,0.0219030950281568,0.0150135771282387,-0.0922720433266971,0.00787331338132544,-0.0333796546793569,0.00604020209980203,0.0013590289821338,-0.0162652329174283,0.0104601711275795,0.108711088384922,0.0508638789552677,-0.0830772401787391,-0.019602266142305,-0.00346292405949009,0.0108073445638099,-0.000718905653997393,-0.0300907102417619,-0.0048081222957087,-0.0562792859682388,-0.0599575025213445,-0.0500063242626705,-0.0227905712249365,0.00732781676058394,0.0328028768893806,0.0627622031265133,-0.0661380008564777,0.0393679355221761,-0.00905630431113435,-0.00834000835024984,-0.00735824370625228,-0.036383973109373,0.0267490366312156,-0.0243846718926337,0.012146720554019,2.42741605522653e-05,-0.0872910327065322,0.00959307386707601,0.0797295274355725,-0.00665831402728907,0.0799495803506867,0.0513565722725357,-0.0677566931493611,0.0305595488098755,-0.00929329268044052,-0.0443214932810803,-0.0507057010501048,-0.103692445644465,0.0207346716523603,0.0281879581575377,-0.0289113336464301,0.0168492707207252,-0.0080999274572175,-0.0148325318633309,-0.0597092416640842,0.0326623549994624,0.0408056168628224,0.0240240458757586,0.0511230877278842,0.0643100163026877,0.0651521185874426,0.00981582798834515,-0.0237978591277457,0.0282960324077373,-0.0419588318792086,-0.000325673805837813,-0.0640288363050763,-0.00583965973221261,-0.00251645334963757,0.00837301003958538,0.0163118921824394,0.00845085316805162,0.0498893070487247,-0.0182963386723479,0.0672940285852046,-0.00701170439622052,-0.0201127989233481,-0.00168378623389701,0.0207668683797654,-0.00939652654617882,-0.0121566874843885,-0.0192299087379155,0.0378937925212611,-0.0163003788673197,0.0111617790781122,0.00217511657568886,0.0449979498019367,-0.0220104241134161,-0.023491077636627
"200",-0.026353801992152,-0.0148428715556616,-0.0211060559419604,0.133235501483857,-0.0260167396293023,0.0169376677530546,-0.0280580987728008,-0.0621236484109472,0.0190693533020242,-0.0530919231567286,-0.0837609254365873,-0.0485908001428845,-0.0198866516955387,-0.0242361013203499,0.0265100192988033,-0.0698114826679029,-0.0230284527595786,-0.0253857061545386,0.00117381582524418,-0.0626167088168899,0.0650520378886527,-0.0161574066756643,-0.00118678140802608,-0.0331679549262019,-0.112778583580049,0.0208584306524688,-0.0180715051113819,-0.0102793186219051,0.0797472055747614,-0.144534425560694,-0.00964639342605745,0.00673540184320927,0.0103784555358336,0.0247199761224595,-0.023784422937312,-0.00387729730573846,-0.03574353775778,-0.0644421805778145,0.0379761933436047,-0.0230064357303145,-0.124354498973916,-0.0527516193278767,0.00348277279676773,0.0200538842992292,-0.00425463860800841,-0.0168299861912257,0.0812954056133848,0.0139367808543919,0.00424435268888437,-0.0386216871416438,-0.0268751086390463,-0.0529339597540545,-0.0428833606010317,-0.0478054329183922,-0.0624181626977699,0.078598740492134,-0.0692268702738363,-0.0600162384029245,-0.00156140461899682,-0.0246348908978716,-0.117243785718477,-0.15964318249422,0.0395525980551732,-0.0436203979859917,0.00290585527543357,0.0127754589133256,-0.0105207000737347,0.134304965866916,-0.0740463951622894,-0.0167139807212017,0.0199783806042348,0.0539452931539973,0.0249125917560539,-0.0675529541290426,-0.00832453829994332,-0.0116064812504091,0.050943801280503,-0.0346206651490889,-0.10353263601439,-0.0669497840333625,0.0842344825019798,-0.00794431099569343,-0.0448585240483375,-0.0174309482451634,-0.00656248979074124,0.0394643664252809,-0.0497147081970718,-0.0127818216749615,0.0346597973612665,-0.000244455796592339,0.00739659983402071,-0.0445076477386669,0.0436173097960244,0.00940610570040661,-0.0181085305916239,-0.0184275159202238,-0.0267689029383268,0.0474067562316815,0.0230440123937401,0.0292560705086059,-0.00516979324758153,0.0339708939787958,-0.0598447232960161,-0.0102658246745518,-0.050494855901319,-0.0240620973581455,-0.016945240831187,-0.00823828690283826,-0.0449773533847699,-0.0175736021798566,-0.0316434758273722,0.0270737911113405,0.00766412776370959,0.0210687270616911,-0.0528860246128871,-0.0160510959594813,-0.0320164423973366,0.0280810512519679,-0.0266843030924548,-0.00163472878267161
"201",0.0538646674942877,-0.0482012678388076,-0.00382556472133662,0.0519740472875564,-0.00936688141619407,0.0299719801804406,0.120360629726409,-0.0698872819085187,0.0364201227665382,0.045325865020003,-0.0508082010273368,0.0482356323371874,-0.0473737823325246,-0.0197832228225933,0.039096787364959,-0.038089883870042,-0.0782197336396815,-0.0373451618545211,-0.073278552819113,-0.0149716879260336,0.01123419486389,0.0972053269834482,0.0219049981183032,0.00917262438134668,-0.0291899916293802,-0.027836819114278,0.042731737199994,0.00544369487891246,-0.0436385353205685,0.0987774372686134,-0.0319341843077268,0.032600211596618,0.0887883017087287,-0.0230743875623191,0.0174803849294306,0.0155706643822317,0.0186543185733403,0.0263370006958991,0.025512787254094,0.00396504253548331,-0.0217100664266688,-0.0494137377199232,-0.036123580249789,5.96637349534581e-05,-0.0624140579572317,-0.0374850729374076,0.0615582537105646,-0.0203305352408713,0.094117525872474,-0.0320350222423864,0.00838578367569067,-0.0187990331278176,-0.0322322206103624,0.00222452618428774,0.0378155003449525,-0.0578267119342545,0.00550894973027329,-0.0485127732527982,0.037294159069554,-0.0699941403688151,0.0316105863601109,0.0226171674687543,0.0650702351206178,0.0377693632196922,-0.0191133617157883,0.00547719674224822,0.00960904242414775,0.0176073751355629,-0.0606129496237168,0.000940265940013362,0.0479361684529877,-0.123231304120251,0.012521844980498,-0.0640370260468604,0.165034686750482,0.0502055598497327,-0.0543536365549073,-0.128184866838888,0.0207002240724554,0.0348060215145034,-0.0360754485742459,-0.0100496530907236,0.0508499099388364,-0.00474090049148115,0.0579034045030543,-0.0674421566177916,0.0306362613447048,-0.0279850433887504,-0.000253134739847612,-0.0811337390468703,-0.0148495692843549,0.0952997698661278,0.0179512575144061,0.0220893936037791,-0.00699337754257954,-0.0350811416551786,-0.0463716658507058,0.062573259251771,0.00703164262554146,-0.0273446135230045,-0.0438395743768295,0.00804852357069981,0.0208441344320121,-0.00202683909052278,-0.0257572093489689,0.014984846635267,-0.0113963221167436,-0.00496479377469196,0.039174528214828,0.0292708661456269,-0.0482164631865427,-0.00130672330052683,0.0434737062194793,0.0451908077012072,-0.057970828781372,0.000437783637366393,-0.0272402182000204,-0.064070497810002,-0.0109096296592221,-0.0164386522495724
"202",-0.0560019193315661,-0.0628685703593791,-0.0381146200303169,0.0500021612317162,-0.0983863178366463,0.0721574388662776,-0.0349858248331407,0.00406222334214508,-0.0128417853883666,0.0151281381870682,-0.0412093931186439,-0.0414024133739787,0.00499665306392181,-0.00842318686735932,-0.00440190051599123,0.0888751636081917,0.0439725955726451,-0.0149828656546715,-0.0521177881251685,0.00678758883549778,-0.0687712898291763,0.0466169385604493,-0.0195827169492486,0.0126621275879651,0.0533098506126293,-0.0133518834700781,0.00902465148481847,0.0467064657386785,0.0413356021790635,0.0220596486424012,0.0417452213027595,-0.0405067841182985,0.0210949401548077,-0.0919400684729593,0.0924534407539321,0.0512690208951101,0.0521902587921246,-0.104211430613371,0.0296446503513884,0.0715292992187115,0.0419625878927094,0.00607035479105564,-0.00170299146416709,-0.110431679021129,0.0379929260173353,-0.0272857380149341,-0.00205429529199845,0.0579889979760562,-0.114864543895489,-0.00079641245338036,0.0292644299808164,-0.000943789135513708,0.0329856002002938,-0.0269229608423008,0.0111142465167571,-0.0115770829292929,-0.0193474212401418,0.00936444514473482,0.00866067247937976,0.0603794509203973,0.0215397236934694,0.0633896887859166,0.0680619546229131,0.0116806298707979,-0.00496771101819798,-0.0287903995477617,-0.00328702251922191,0.0832395917100927,0.0379217230606969,-0.0989107049925517,-0.0746531178303346,-0.0204054858818548,-0.00617266532499928,-0.00814704860718943,-0.0240853018081505,0.0445596200485371,-0.00279575014988293,-0.0454334514172487,0.032434875864767,-0.0343643866778258,0.0157316233544439,0.0254832026985465,-0.052101399818577,-0.0641871548337494,0.00422340141296362,0.0146387632672214,0.0779637247007512,-0.115620268001899,0.00706100197722523,-0.0600920947072665,-0.0202367973035011,0.0497990711548254,0.00347580784155677,0.0656703236747232,0.0246159066222784,0.00205279371211591,0.00762522978621055,-0.0320457767827379,0.00580881387424764,0.011937738786899,-0.00292832199715249,-0.025494548042634,0.00351400496862248,-0.000256745068588646,-0.0366505943088551,0.0235755417984879,-0.00957644811584364,-0.00874594220794922,-0.022675321707572,-0.0871841056855116,0.0175721153365528,0.0168774638717669,0.0262166070625425,0.0367902587255031,0.0274063000903834,-0.0168277011017883,0.00120829129910066,0.0359183672149305,0.0540774048648913,0.0221969904763381
"203",-0.0444039613932332,-0.0291292219482368,0.113731797664819,-0.0035413615203156,-0.0110089371912913,0.0272797040392717,-0.0339965537116815,-0.0904474187785362,-0.00398673194993706,0.023137416036034,0.0471121068151693,-0.0439445696110165,0.057838308500767,-0.00545050796253116,-0.0345449469267368,-0.0297859470037717,-0.0161339120956763,0.0102679998115536,-0.0132378131618606,0.0640126436833873,0.0190651496342544,0.0614431756330189,-0.0193097983994545,-0.0796572825889505,-0.0961408841414739,-0.0783685104200518,0.0153441962599179,-0.00166367307685414,0.0522511655573636,-0.0112183641213547,-0.0233694407810093,-0.0739466265498775,0.122145752268936,-0.0196568817268568,0.0106646017152642,-0.0452392319303854,0.0439154793259173,0.0827612654380339,0.0473458886841329,-0.0573025025500007,0.02259601965847,0.00208360525459532,0.019392735990649,0.0256753080579995,-0.0115678579215281,-0.0453383578966654,-0.049956014453969,-0.0504616877359277,0.0815248284717734,0.0299066208170271,-0.00766622468971819,0.118756980790483,0.0112431568004995,-0.044962522262735,-0.0765463655368259,0.111123644500787,0.0311511549128567,0.0191958697677759,-0.00433065184506602,-0.00880891978357206,-0.00915648833160799,-0.0395823050801192,-0.0377244184355674,0.0173143972893078,0.0400848763970538,-0.0023452799941406,0.0391171226743987,-0.088952588458621,-0.0892412809834549,0.0858610113323237,0.0744576842860304,-0.0152085240179782,-0.0653785562008713,-0.0109956695161054,-0.0244165768652299,0.039206852944787,0.00374165275430252,-0.00225761190918448,-0.00092552138599659,-0.0758257832420786,0.0226963137461445,0.0144374000754955,0.0572077750806319,-0.0414586822076378,-0.00965505733833828,0.0780728610839238,0.0600183148921528,-0.105257218122456,0.100912035040068,-0.072813152980188,0.00664517718885012,-0.0415072703606232,0.00919048295918957,0.062938451796307,-0.00648139347313785,0.022646017555216,0.0268179102830038,-0.0243708655773165,0.0413535884032328,0.00229062043938119,0.0429212623508698,-0.0273283473016927,0.00456844922903239,0.0183068812632307,-0.04813540523491,0.0220247738957014,-0.0189345358353663,0.0602613705839191,-0.0169319643198632,-0.0501428010030347,-0.0213076223891365,-0.06144411446491,-0.029292191003781,-0.00786844928066504,0.00476402520508477,0.035946253240731,0.014154005356645,-0.0423706242316768,0.000782107297506541,0.0418379543830773
"204",0.0395811214488599,-0.081678288064504,-0.0595865010585657,0.0527719023139076,-0.0110724786086727,0.00391728659721239,-0.0120825479115892,-0.0612027250085417,0.05621688878792,0.0549144506443921,-0.0914149927849237,-0.0265127766019519,0.0379735608445834,0.00514685845545985,0.0757822068291642,-0.0884063346733589,-0.0427135332208187,0.0782529699767222,-0.00921608391648006,0.0701122827489812,0.0534416558579303,-0.0183042100528991,0.0165214068555636,-0.0197830107855942,-0.018372625569164,0.0569481141408169,0.0143709204479152,-0.0298232172964261,0.00789219553028682,0.0254425423480532,-0.0218882671427419,-0.0244645418198569,0.0483433503174417,-0.0106250899703105,0.0263608344170722,0.0104318119627866,-0.0843888891525387,0.0212068254423835,-0.0656382340341766,0.09224798137185,0.0463189689670716,-0.00696682105996855,0.0198382740907776,-0.0202501784758054,0.101081528088398,0.0356201761057778,0.000807274136822735,0.0623796392871945,0.0114557044680271,0.0241665022246667,-0.010886513933493,-0.113908746854408,-0.0244865970110501,0.0129761618956175,-0.0255783560172085,-0.0213434670320181,0.0233983908794753,0.0256359106109455,0.0815655961580953,0.0577051139897405,-0.013361109797819,0.0546982306201004,-0.0788286663852891,-0.0834107245228435,0.0533735542930221,-0.0371935848194963,0.069386660995002,0.0526896634749502,-0.00909832463860187,-0.113640048641574,0.018342802686431,-0.0804339638233163,0.0870302399210861,-0.0772314588986462,-0.0261869062058524,0.0970034446007762,0.117727395432536,0.0326591905689825,-0.141242821868713,-0.0698398866317968,0.0115318545420298,0.0701455516893079,0.0167023281210428,-0.044351673382742,-0.00583901783169507,-0.0688217819187048,-0.0146618215774786,0.0275690429447432,-0.0131820494692045,0.0354540444208975,-0.0653296615810051,0.0100777302430447,0.0411614926257827,-0.0307815761319246,-0.0233919456426773,-0.00411908009040686,-0.0455557073479401,-0.0105775403643956,0.0300642829885257,0.0317005216805599,0.036409553280362,0.0301895817743903,-0.00939990656323594,-0.0302547620886738,-0.0369437502046089,0.0190961105801766,-0.00728532010798219,0.016665752001954,0.00869002933397612,-0.0404249507471248,0.00889266316047344,0.0461994392501796,0.021815804276007,0.0253203701118082,0.0435982092596542,0.034226560223722,-0.00400439300889359,0.032110584816082,-0.0338474597469956,-0.00271447462926387
"205",0.00210717303374998,0.0114513556415132,0.10002853715133,0.0640816818770331,-0.0944120572798742,0.0104433914678037,-0.0091845357273479,0.00153618775549618,0.0513564420532638,-0.103163231142774,0.0411840154256309,-0.00323352148488392,0.0174014443121835,-0.00523928205270786,0.00536767177500653,-0.00606847000040448,0.00679263875741248,-0.0403886825847387,-0.0605295856110545,0.0251506593673679,0.0066210952867956,0.00544065495996277,-0.0323460894009657,0.0636523342428592,-0.0794254162105752,0.0368589841549672,-0.00248917599655723,-0.000855036706930298,0.00126238410692334,0.0327924042275496,0.0888043454525736,0.0358137800354564,-0.00749993693384399,-0.00585745409507785,-0.0704420860180945,-0.0605921584110968,0.115759060512993,0.0572715334607447,-0.0141034028575587,-0.0421478655713819,-0.0545041937443113,0.0432797457141285,0.00677179120681183,0.0108915219728311,0.208830560757918,0.0577238997966229,-0.0851909052140987,-0.0444664352691376,-0.0414911418010105,0.0343502521791777,-0.00349697808787795,0.0691862581780316,0.0707582432404557,0.0943200887996628,0.0332702679452879,-0.0437963659211142,-0.00976749551026976,-0.0508668048251252,-0.00666978104050873,-0.0187202797998853,-0.0326556194091599,-0.0569935038018657,-0.0938457544854062,0.0412744436284413,0.00602963131132408,0.0256522092546928,0.0881422434253318,0.0151935755493549,-0.0480919034099906,-0.0562047186342128,0.0581506678255523,-0.023170324904272,0.124035536855912,-0.112669615832638,-0.0430839882873393,-0.0626909957607508,-0.0573392411548565,0.0460200340134806,-0.00036969073241946,-0.0168112874314252,0.0183606567788104,0.0638497430972404,0.0491000536021263,-0.0198675186590712,0.0800030175332043,0.129595546535399,-0.00721628887899727,-0.0985219655879639,0.0443998390449701,0.0179683891989068,0.0627794173244405,0.0104515339334913,-0.0394705034707716,0.0831008467072872,0.0120800054692296,0.0173374923577926,0.0268578085295563,0.00318284903839106,0.00822679675092087,-0.0345361026726553,0.00286622681613286,0.0288890677971615,-0.00900596346880771,-0.0158475026811342,-0.0199387363425799,0.0286962902977814,0.0360151060727214,-0.0597673001894313,0.0508881322948223,0.0208866581918634,-0.0364137957034179,0.0175546371941133,-0.0258181108211939,0.0120325319632062,0.0289131933067642,-0.000636387219000132,-0.0321589713924412,-0.0092167422467582,-0.0142116900678841,0.0538080814703762
"206",-0.0694782211783175,-0.0152542915806568,-0.0354806207472186,-0.0709230361868773,0.00105069776914726,0.0477729432294531,0.0747723930327898,-0.0670338969828295,-0.0596822371242655,-0.0312471168616162,-0.0724579956252745,0.0763885251005078,0.0112664493218031,0.0593206430117811,-0.0471869544818811,-0.0203484424038764,0.0401382085615039,-0.036469435310146,0.0320152345217016,0.00464202991625281,-0.000893003883851941,0.048832727484332,-0.0137243227143238,0.0643105959286591,0.0449057646841028,0.0415037717480368,0.0385566791178006,0.053872563746429,0.0631397828615619,-0.0473761902342657,-0.00997180040349603,-0.0636637793937101,0.038309362554713,0.0593361842858441,0.024886418668492,-0.0219946592252517,0.0197614770813492,0.0493969341033276,0.012370750229375,-0.0555489645123227,0.0316664677155737,-0.0977208379140318,-0.00443553217198906,-0.0556090864122457,-0.0168486555772563,-0.0317963423428904,-0.0796657679652911,0.0265501240119786,-0.00803814449993548,0.016806780840923,-0.0277040558007449,-0.0197752520749855,-0.0554486374578807,0.0104227508024657,-0.032599732911227,0.00964364922603583,-0.0061363506240665,-0.0422070009736648,0.0483132133908926,-0.0122812582019932,0.0284154959436307,-0.0283724544367716,-0.029741266620614,-0.0331697715976483,-0.0384093793034011,-0.0624010601892281,-0.0298723347832338,0.0230566545369601,0.0692154798164172,0.110452054746455,0.0382979012433958,0.0243257520148405,0.00516830058683408,-0.0343447205168389,-0.0137069561698121,0.058323887851356,0.00762323760738191,0.00862591071881093,-0.0172514730945448,0.018883929784983,-0.012791121724643,0.0216751371934817,0.0336666958579513,0.025032407012114,-0.0290072440737544,0.00784928356382791,0.00913249101959171,-0.0268391236805544,-0.0204303840181448,0.0129527019039526,0.0288064955599756,-0.00688651287572876,0.00315536340807883,0.0390348637487779,0.0646627684252069,-0.0197228224108562,-0.019112994022343,0.0251206127431565,0.00854406900982579,-0.0527855588625945,0.0206795136752981,0.0391518291836576,-0.0177221387853608,-0.00922376143133344,0.024312231538495,-0.0526137970743983,0.0571814094195175,-0.0404689531986897,0.0759530577257628,0.0509362169744891,-0.00514896412698323,0.01920678753294,0.038909683150078,-0.0103857077656934,0.0256555709886106,0.0260558466396722,0.0458517402622641,0.0656808662562389,0.0761526475801844,-0.00470752789549779
"207",-0.0990390888799813,0.0423023184734029,0.0424665133535863,0.0307960946316522,-0.0249316450545805,-0.021816308631406,-0.0197450519254476,-0.0128710333717951,-0.0585297964156203,-0.0799729556760827,0.000398975239225931,0.0323412208365236,0.00149504604092282,0.057704972016524,0.0112796457222581,0.0156110370215257,-0.0348980804783544,0.045176991642251,-0.043170053648915,-0.00692369508832092,-0.0236434663280733,0.0334862378849169,-0.0113179689626858,0.0180414212604501,0.0168203232437478,0.11057881992209,0.00750171159857105,-0.0354631220106649,0.0451424677694257,0.046734848530772,-0.0470130557344307,-0.0132899488397158,-0.0410923239371545,-0.0783163121350404,-0.0459718045694343,-0.0380702125619257,0.0511050063605573,-0.0271792479255412,0.0368211667422444,0.0254488550097761,-0.0389805598517435,0.0563682848838706,0.00585049201249354,0.0309260746143434,0.0194419018504761,0.0145304262153876,-0.0202873163025221,0.0522728206769584,0.0497012218319698,0.101830705538085,0.071302921446883,-0.0446270345197957,0.0805865425079826,-0.0734888833411581,0.0375411867727991,-0.00261691802950993,0.0735508399866418,-0.0256467238211868,-0.0362326683901594,-0.11906763283958,0.0256171225535684,-0.018915475539051,-0.0315968101298124,-0.0433568737308967,-0.00471193822583558,0.0237213717569767,-0.0902884362357869,0.0298395402880562,0.0129721878199943,-0.0088446491776219,-0.0152653020268816,-0.0755623359782675,0.0613853758525041,0.0131915059307443,-0.0361252773093546,-0.0390738744327608,-0.00134988681055033,-0.0330061358097489,-0.00292083036806594,0.0348202421088769,-0.0790783905193503,-0.015506121268467,-0.0112895921555135,0.00442268256154735,-0.00662059382858957,-0.0220452500203765,-0.0103863009685032,-0.0700617597869137,0.0229486859620467,0.033854147495297,-0.00796280847872344,-0.105056303225495,-0.0401280410117605,-0.0319555952237025,-0.0327894267733229,0.0107963626988525,-0.00485340586342238,-0.0319382580326894,-0.0300709193733816,-0.00270634003059777,-0.0302284280869204,0.0276156936723411,0.00166541271429843,0.028259693007402,-0.00158116213300193,0.0765278132480477,-0.0384265276864455,0.00785260113082751,-0.0109330935467572,0.0119216908317748,0.0786572728421456,0.0310501940807619,0.031859497068892,-0.0101909049288538,0.0259408146454477,-0.083530218405771,0.0780418961045532,0.000310965797231082,0.01975974416133,0.00401912322397094
"208",-0.0274650731788015,-0.0207692147797515,-0.0741163877809243,-0.0518522613066148,0.00784780521563901,0.0830563142950431,-0.119256951405714,-0.039866280385259,-0.0341015011136277,0.0516066836184764,-0.051875983017908,0.0185262102304332,0.0650835093277781,-0.0418209842595853,0.00784777279725254,-0.0523645721623391,-0.00218310835555188,0.00382147878637263,0.0308941804898371,0.0135043176331959,0.00997920065270747,0.0337880495681728,-0.0243780132066517,0.0447409578258911,0.113653923963171,-0.0479652341954981,0.04390145730588,0.0729606991956274,-0.0177527046024767,-0.0409788427663865,-0.0145724871979703,0.0337418161631789,0.0674156636312485,0.050769203105678,-0.0666106745746733,0.0459858703233296,-0.0315273450247923,-0.033012771247264,-0.0095919073525542,-0.00132277042579672,-0.0195971676096293,0.0374310456287713,-0.039410337741907,0.0247780675928058,-0.0320462590750485,-0.0439519134449071,0.0386410814425873,-0.056896833246408,0.0818397070884641,0.0957520482075711,-0.0472319781783847,-0.0302617199387898,0.0651825234083449,0.0550840651929464,0.0340672630340594,-0.0552263354369321,-0.0746690015192227,0.0371972585351357,0.0388879081164798,-0.0181996203708865,0.031379838709893,-0.0267724213864697,0.00296474698258968,-0.0188182992615166,-0.0345341651718881,0.0162697404018211,-0.103219482798418,0.0476223019132862,-0.10592473619433,0.00660556067944221,0.0602322416331389,-0.131476784640502,-0.0881938777627126,-0.0152629500761849,0.0752823071916477,-0.0565943048224307,0.00448261057047243,-0.00694534352202987,-0.0139743415860851,0.06820826921592,0.0280842806463167,-0.0198682040539807,0.0367125202649824,0.00502697198419462,0.0172051842968491,0.00495015376781102,-0.00345804792949993,0.0350339524190682,-0.00153023304238573,0.0764917300670592,-0.0471755944248655,-0.0278807592198609,-0.0326984229887575,0.000353992522061582,-0.0606299124986253,0.0137723632053015,-0.0294874407269844,0.0298713774843248,0.0102789403034289,-0.000566827405637659,-0.0112230776464507,0.0645802833981229,0.0501072477024941,0.0307527132533709,-0.000896549816855064,-0.00299464756247045,0.0455189352574813,0.0649199522139145,0.0391770854551604,-0.00240274398262399,-0.00567986066990385,-0.0157483146543347,0.0514352412482333,-0.047097607086953,0.00869725399963056,-0.00503890790726472,-0.0151119399520376,-0.0367972509431627,-0.0263556238457889,-0.0619027088462031
"209",0.0165841575534368,-0.021778286218254,-0.000274122482330559,-0.0339830049332392,-0.0494648398326901,-0.0640741058215642,0.111251416865338,-0.0783777958522751,0.0788152010190805,0.000515197064333308,0.0664610569451106,-0.0772873323394482,0.0307082862678288,0.0369600552731925,0.0528540438832014,-0.0278548595936455,0.0301423589204176,-0.0907186997273914,0.0706657746183963,0.0119895520034195,0.0757396733266457,0.00869668293647806,0.00147706664723853,-0.0318935230321278,0.0700715541564376,-0.0336457169668203,-0.00574285927402217,-0.00389291257219828,-0.0315523722192766,-0.0576927919311501,0.0375759195776814,-0.0209115400883283,0.00348625547213695,0.136554225592967,-0.0422915686869106,0.0689573513117532,0.0185755542040569,0.0197409709286124,0.101697447336907,-0.0105525873542819,-0.00515473987427357,-0.040217425124491,0.0495910017230196,0.00404534415505574,0.00741312689556256,0.0836721619603495,0.0404630721029517,-0.0592615554645727,-0.0108124784449609,-0.0295682421914723,0.058665798136879,0.00445468180169238,0.0134778351555547,-0.0315196419044112,-0.00622041339560605,0.0245044575593591,0.0364041697359293,0.0421200203273424,0.0606048843400005,-0.00633890279469027,0.102108498822269,0.0129691982666124,0.00278324603769479,0.0294220562254369,-0.0148043467289516,-0.039117313630814,0.0654246790623121,-0.0351306525833336,-0.0165695015437172,0.0516110508959989,0.0138527382629515,-0.00821099018944982,-0.019327553746712,-0.0402082297470523,-0.0190391630664035,0.0294955555819143,0.0266345613594982,0.075211006852845,-0.0355240642818642,0.060015544265307,-0.071539241553202,-0.0669315879966071,-0.0353446886676032,-0.0141246522674603,-0.0302947621233613,0.0679905410392968,-0.0125165630533733,0.0811091496875956,-0.0519328342072388,-0.0128236602906173,-0.085139343664579,0.00195379038556009,-0.00617330261154037,0.0475182317218958,-0.026246348379278,-0.0250222287818127,-0.00453930099959685,0.0174263181445364,0.0235069243433337,0.0496188008602818,0.00832493099527163,0.0244447354397143,-0.00425263390292164,0.0222042211536949,-0.024673018446468,0.01543506025117,-0.0486251486267097,0.0027496940575234,0.0101242622376703,0.0093419608846776,0.0219575283475395,-0.0174418872367478,-0.0100363293595584,-0.0219617345824678,0.00416247032172809,0.000759136895613385,-0.0163768659921559,-0.0501516681463371,-0.0192503095296991,0.000293787468721256
"210",0.0328453964337909,-0.0473801934719941,-0.0597152047314939,-0.0392987253916021,-0.0187130875138536,0.04563880647622,-0.0607186923502899,-0.0247854411300906,-0.0904992106475643,0.107714060748426,0.050216561876055,0.00469004981686115,0.0189760120501205,0.110621890103351,0.0560125916149889,0.0579826576159698,0.00565705972711055,-0.0392936165895921,-0.0610112437842837,0.0319837050371651,0.00425220054817334,-0.0149592511517198,0.034115854945583,-5.25686928327653e-05,-0.00320581391003713,-0.0413688235894121,-0.0403621411193842,0.00266264702684777,0.103059470010911,-0.00839233437552614,-0.0825351095165532,0.0543025933421535,-0.0316380292496954,0.0321899129343691,0.0231602164382897,-0.0485969580066405,0.00771443771494453,0.0546884542876235,0.0501722925933628,0.0144265131132351,0.0342629778435404,-0.0689319367415847,-0.0103991454822482,0.00464721153897064,0.0102324418778302,0.0345800009947024,0.0141813092383687,-0.0419838874365664,-0.0466307991504301,0.116951704841835,-0.087869807936502,0.0045229984734978,-0.0443602369028136,0.0181453012906986,0.00533578961553347,-0.0200016042208695,0.0321455804273371,-0.0372815527402142,0.0700026981684821,0.0486551282579728,-0.018408468176756,-0.0614208103927346,-0.13806984444301,0.0689249204337562,-0.0246551434284695,-0.0286431864992339,-0.0630686335971434,-0.0104278615288104,-0.0526574562647485,0.0128298385939731,-0.122133608884509,-0.109309110155076,0.0334163047082397,-0.017926466658361,0.00048617091895589,0.0531384807238888,-0.0121305457061572,0.0191230172761294,-0.035798516800195,0.00458123005247175,0.0316778422733112,0.10844450034503,0.0532380664925637,0.0188264755485699,-0.0628380122792069,0.0465154372523239,0.0364405252703155,-0.0335082670181975,0.066896522068668,0.0643391635927597,0.0431944696946895,0.0586660590284344,-0.0447086669735973,-0.0140054068291029,-0.016884771947635,0.0201951992536741,-0.00688986472958614,-0.0238198603378874,-0.0307936650395943,-0.0423988016425848,-0.00421273818772283,-0.085855056873908,-0.0331817047869195,-0.00130750538067407,0.00708058124172786,0.0287113639391174,-0.0111216455447024,0.00139837666371686,-0.0104904535068093,0.0284571196352282,0.024479731059678,-0.00638682149642972,0.0019768648028546,0.00862224891003678,-0.00224875178398828,0.04499648167687,-0.0239581032706977,0.0210674435626615,0.0230458609546833,-0.0396430049096763
"211",-0.00364510564751591,-0.0343473078380931,-0.0748161705197684,0.055059836829726,0.0484058956323712,0.00684428118365999,0.0920364323767092,0.0507664650806622,0.0566503756244053,-0.0827351711723811,-0.0223678237949806,-0.0617677854808638,0.0566820164661145,-0.0237615351415937,-0.00436616292219391,0.0446927824771817,-0.0847701684546887,-0.041738636819346,0.0351411528401367,0.0117692479423936,-0.0581386174496716,0.0155692538094195,-0.021280681514749,-0.0673672812038563,0.00281110682335938,-0.0271075675890744,-0.0829962301402584,-0.0339368149939399,0.0130353494157389,-0.0368926352685796,-0.140301597167492,-0.0193102902335436,0.0167364391857524,-0.0233157840138294,0.0320494686026028,0.00959441815090178,-0.0192197073572183,-0.0761058200604396,-0.0961277802061159,0.0749638018240269,0.00470688044641923,0.00109495844145034,-0.121530557673715,0.0239456671495355,0.0189730181727822,0.0253630394415482,0.00611624946464449,0.0427851769982093,-0.0652903130657184,-0.00261526301088002,-0.0902482865271482,-0.0355561401415641,-0.00181817620141423,-0.00382801347178618,-0.0619699938363279,0.0231248828957999,-0.0525685999250308,0.0402261012305699,-0.115415403789441,-0.0352440206779256,-0.022059920111241,-0.0186690511251095,0.107503772560856,-0.0258789163452129,0.118140585943849,0.026370197442138,-0.0952376770692827,0.0443959164938758,0.0222571174901593,-0.0470448007608049,-0.0749439157387493,0.016262016997962,0.0267993252411039,0.0310937971704936,0.0338894457278548,-0.0744158075783291,-0.0880336192480256,-0.07291726113621,0.0796149061553837,-0.0180128002071111,0.0383116051441154,-0.0557324833375109,0.121881341825436,0.0832109223765367,0.103826470520979,-0.0414755969284654,-0.0806057098324666,-0.0336682410705931,0.0265066926006086,0.0492705412526888,-0.0175784600376879,0.0276110477069613,8.48084652185977e-05,-0.125846984117203,-0.0405726867110723,-0.00469332979063687,-0.0260677600834333,-0.0160687948436955,-0.0128003520987482,0.0243969848345294,-0.0104166595810073,0.0436498274404093,0.0192372589645522,0.0216959818992699,0.00351043186958082,0.0453533866284761,-0.00293626550078945,-0.0225710024756392,-0.0800836869389956,0.042547753459384,-0.0148251126251106,-0.0333692219952191,0.0022913546616781,-0.0156713937838897,-0.0345988941693167,-0.0225291009070812,0.0176534730495594,-0.0190862412242136,0.01706679571462,0.00812491718930103
"212",-0.0576894464950391,-0.0119602730737496,0.00236082309343544,0.0597457456086692,0.00741885797858715,-0.0557055019263521,-0.00412650946911847,0.0429445609548267,-0.0633750948201316,-0.0469216490282597,-0.0966940551284761,-0.0796579977393876,0.0474600058535118,-0.0187083519885794,0.103905999586826,0.00301454177590955,0.0122007758849285,0.0491102266238845,-0.0982581604829701,0.0415966434557003,0.121129727371624,0.00861579317706654,-0.0126493949349322,0.0401897903596717,0.0635904612516449,0.0158252219706677,-0.00923411924634123,0.0454901049202648,0.0433536490775624,0.0162679775267373,0.00996199377186689,-0.0297583000736188,0.0826098793215143,-0.00628251643105548,0.0573650495718936,-0.00939096028437729,0.0697034792426397,0.0214122964022419,-0.0641237534678452,0.0508691831157368,-0.0116329642865178,0.0310561339796342,0.0511897921952447,0.0299838445366301,-0.0827743314585274,0.0297230124115059,-0.105198598386348,0.0931312048899949,0.0383771248759995,-0.0219229291863524,-0.0604802271810379,-0.00939101483496049,-0.0228833563532396,0.0320575552613637,-0.106517751338989,-0.00951610975443082,-0.0560573254229394,-0.063876700866093,-0.0311810058944977,0.0914813505722494,-0.0359203105169177,-0.0208382880475983,-0.0741306915037227,-0.0125270481545766,-0.0294072586960752,0.047593701713496,-0.0208675804891577,-0.02952253910939,-0.0561641373496602,-0.00177448040294837,0.0423219164110451,0.0425692524801861,-0.0556962333614238,0.108630903904472,-0.0666310741889666,0.0688661108067715,0.0238597899905033,-0.0386806748636332,-0.0205943300025335,-0.118073283950331,0.0870012295876113,0.113037216969833,-0.0876331739672578,0.0178913965502152,0.0380189005584129,0.00429436456766739,0.0156595790881,0.0457785123419164,0.0163135051076938,-0.0346887854679669,-0.0102885895205235,-0.0946443971816935,-0.0190721381254599,-0.0601343300873244,-0.0139345834785037,0.0414983688088649,0.0271775092692488,0.0407443184042034,-0.00125612950113551,-0.0344800621688291,-0.0253504354316912,-0.0148306463536717,-0.00931849383699575,0.0656655967717286,0.040861150935891,-0.061064924105575,-0.0195237727530741,-0.0510024266270914,0.0571590862550942,-0.00745960600592169,-0.00649318895227603,-0.013799763660001,0.00589720966961053,-0.00605721027805081,0.0611985202933749,-0.0336974528675755,-0.0168794563616349,0.0161768581088192,0.0229232798035752,0.00619326170529648
"213",0.00367344120326787,0.0971856001244847,0.0420685525233705,0.0181048919047322,0.049902156628661,-0.0272270194522745,0.034930657322354,-0.0710253222197024,0.0677311496292633,-0.0269234191335676,-0.0608575014484963,-0.101394998932672,-0.0505201079496482,-0.0108826761016293,0.0507333809172958,0.0492330513492458,0.00673659091382289,0.0368361265154856,0.0617307313903128,0.0508562048255094,0.0612793325997303,-0.0349102674018739,0.0758512490151343,-0.0032692698089661,0.0138027096519355,-0.0575906984306123,-0.0383764157903331,0.0521736651943801,0.0272003218164513,-0.0270470221653942,-0.0939205212755845,-0.0136013807654871,0.0771040424848671,-0.0336365813653843,0.0438635934394872,0.00923357768964423,0.0165683690006357,0.0374227564366413,-0.0239811323553979,-0.00315972246929969,-0.0196337033798137,-0.0293295798264755,-0.0223034423667581,0.0450603916120272,-0.013991315843724,0.00304440162738513,0.0231020806420485,0.0300108951805307,-0.0778737953756968,-0.0969516078871726,-0.033871509616647,-0.0481204517210164,0.0422111304843568,0.0562218812540363,-0.0724741695668138,0.0133081932782622,0.047004533691149,-0.0776307603453904,0.0479113589261513,0.0252779386718783,-0.0100130821326143,-0.00857675625645943,0.0274038416780878,0.0385980015188505,-0.0395634495553993,0.058164704833463,-0.0585703683903176,0.0382914035382249,0.0639125133293979,0.0150500351824967,-0.086607245407176,0.0136691827800204,0.0468067268963567,-0.0534862965350682,-0.0464109689619016,0.00750726380715136,0.00417408316657638,-0.0296272919064305,0.0873401084897956,-0.0682871249198817,-0.0723447159085401,0.0182767356875607,-0.0526373224049165,-0.072372707039157,0.0760513311478291,0.0212289194141471,-0.0478712115854371,-0.070245639261943,0.013994092085445,0.022425050559528,-0.00436952122537433,0.0448217596149852,-0.0806595315464841,0.0717628685517055,-0.0345691774357454,-0.0211792592391684,0.0152848091697476,0.0214718015551194,-0.0121680962230567,0.0185450556826299,0.000395515798268319,-0.0258290509518658,-0.00315235656972855,-0.0279095935235802,0.0440598116908615,-0.0239706422415581,0.0183087393994186,-0.00575095178690497,0.0288112892638979,0.00896666759311322,-0.000887775139640315,-0.0280492966548501,0.0487114766081168,-0.0149264279544569,0.0466596520491278,-0.0126960491908929,-0.0438203197018706,0.00420363699178454,0.0257545433276192,0.000742274918836379
"214",0.0208222261348664,0.0202846436316562,-0.0181866762749353,0.0493382657013804,0.0745620987489926,0.0289115374196926,0.00610632812418441,-0.0183455736883959,-0.0395943869857067,-0.00658724256140491,0.0550534509569699,-0.0326014385996006,0.101506501658254,-0.102395185085161,-0.0269707445545609,-0.0808591966199164,0.00588536013491223,-0.0599787283879224,0.0240406486193004,0.0697946238252627,-0.0348720698628837,-0.109416337684938,0.0747034734465367,-0.102627340921479,-0.000246334370822518,-0.0900467444305818,0.118987803821242,-0.0426028940989989,0.0447851361908865,-0.03310900426895,-0.0631647616516523,-0.0613250781231721,0.0418449156288199,-0.00518371556258758,-0.0677308614525252,-0.097164395558987,0.0511363188770698,-0.0497140920510154,-0.128373148541109,0.0430718972454989,0.0236907472846012,0.0251170119879733,0.132109042515635,-0.0130938433867291,0.0546426538070108,-0.132122733662745,-0.0130127844447455,0.053381019938845,0.0372558120010268,-0.02523030212749,0.0329571936078983,-0.00650541276570056,0.125566998437951,-0.0281574760813105,0.0415394739170168,-0.0523892498135674,-0.0705731995439491,-0.0166998171678703,0.0408150897304409,-0.0984911358789842,0.0323091179977193,-0.00116729494640256,-0.0568364050471087,0.0634929021625016,-0.00837732425893293,-0.0613717226627657,-0.0273630345730425,0.00164139710201798,-0.0107910396454295,-0.0694483054510256,-0.000283780441740445,-0.0963887467573145,-0.0468072801040272,0.0418195524417621,-0.0362414054302019,-0.0130663288641457,-0.0883139930607749,-0.0334190812960515,0.0304947922720094,-0.0142051354227936,-0.100278579768402,-0.0171024504058476,-0.0384298897170473,0.0317784181324722,0.0395399446943661,-0.0650344449969056,0.107991313624049,0.0500179935540382,-0.0454958506136882,0.0644437522937198,-0.0235524713131191,0.107793028362667,-0.100358762357662,0.038377828277897,-0.0255060096739236,0.0352422229194595,-0.0280088098151612,-0.0147305578745934,0.00792498795752531,-0.0350710821218948,0.02107828608742,0.0490518659739964,0.0111412992161197,0.0628779748582998,0.00691148518163068,0.00352767420737646,0.0303200739220595,0.0469642572963383,-0.0561648149897824,0.0519817895157254,-0.0152136764682481,-0.025322988480539,-0.0316459757414473,-0.0328120241203551,0.0177358694188474,-0.04047108260011,0.0237000670195408,0.0220869434354992,-0.028718755386191,0.00208795361989478
"215",0.0198262244926286,0.0056043328157775,-0.0333723080241136,-0.0952194288334041,0.0707265450967988,-0.0204183720278576,0.0526454421563183,-0.104131135778436,-0.0714485883282069,-0.0213615181560263,0.0311903616901079,0.0586460278133294,-0.054964148434207,0.0522951970753726,0.039644207058028,0.0149821142783519,0.0044677334381403,-0.0541090061187138,-0.0415857725901264,0.0633513370176357,0.00787481329171264,-0.00255611421590748,0.0614888518905164,-0.0824310056074507,-0.0145590494131835,0.0562677248315161,0.00808472211416009,-0.00754094494595053,-0.00137159829408571,0.0256969363983239,0.095689252267595,-0.0205940530272126,0.00105382296617599,-0.0836050703913622,-0.0110895395470991,0.109130849504541,-0.0176555901593652,-0.0371455033262589,0.00411139387692729,-0.0905663109659767,0.0640605878446295,-0.0658289453263571,0.0302742103421382,0.0215283061900698,-0.0204566937080016,0.0467315752561536,-0.055552198605253,-0.00159066318156144,-0.00700063749479849,0.0844085062199699,-0.0079328469093064,0.0213042283811186,-0.0468491239028934,-0.0234352896992717,0.00124526892923909,0.0416856847584099,0.103563238049809,0.0451714911063686,-0.0581224894904403,-0.00334617985278114,0.0152666467681547,-0.0418573579931641,0.0396576834703636,0.00013245325097842,0.0298389133822963,-0.0211349084289133,-0.0505865905319451,0.0933287272162864,0.0961744382198538,-0.0917767141170348,0.00843323634701008,-0.0307561821669121,-0.0304180395052087,0.0631676239860178,0.0585412976858829,0.0824402473546544,0.080841397217951,-0.062775601001159,-0.0162092860141539,0.0671470040085823,0.0161928981133917,-0.033002988441608,-0.0374418985727188,-0.0523205253286273,-0.00860122366867598,0.00144971082478258,0.0249289648001025,0.0484119716477941,-0.00688434870789757,0.0497394636128446,0.0305823335594161,-0.0800139827533757,-0.036001993879436,0.0200243200102615,-0.0220339838255734,0.0105077103006878,-0.035207748583934,0.00778309733503922,-0.0257711919247209,0.0262326116292582,0.014181613759178,-0.00532390378162181,0.0523388925534128,-0.00549351479269478,-0.0201248490046864,0.0114150949326808,-0.0324992708930591,0.0448274577051688,-0.0126948548923907,0.016684571952367,-0.00517201226745954,-0.0467027274210787,0.0399309119664229,0.0344533903077885,0.0253096803488312,-0.00791817200130467,0.0244144046630677,0.0632197993548765,0.0178981001625035,0.00324513994935051
"216",-0.0425471308701059,-0.0592859958645787,-0.0562150399937954,-0.074709388193857,-0.0035922301068819,-0.00643600603645398,0.0698863495624627,-0.00503326300188914,-0.0458427053534551,0.0219900147824605,0.0202365964190324,0.0246151138573791,0.0939224698816868,-0.0202762689322265,-0.0795174136049585,0.0103170681262552,-0.0110024879046353,-0.0771254981741528,0.0162113807516761,-0.0017629362378101,-0.00337358410934503,0.0967881604171046,-0.117614192359762,-0.0244298494497287,0.0080991423061249,-0.0109075861980603,0.0136163971186811,0.00234518292005535,0.0466655174116689,0.0337753872066656,0.168969026340526,-0.0815419280879602,-0.0737066793107068,0.0126694498831013,-0.0356811843617972,-0.0265395113191446,0.0509595673805133,-0.0658141007582019,0.0132735633792446,0.0211255484015217,0.0109592941774107,0.0517750465564756,0.0706314875714752,0.0910005062950232,0.0637657795906615,0.0881462595362008,-0.000946753451311591,0.018881420465649,-0.0637925069244667,-0.00282470464094331,-0.027890985951296,0.0197836108327887,-0.051123515507281,-0.0590608112426864,-0.0163774938432292,0.044517164647661,-0.00818727372886826,0.0134041284002055,-0.0316416704250575,-0.0540907107120322,-0.00220498042056571,-0.0234426674462991,0.0225484049478159,-0.0523127488894322,-0.0325811766309517,0.0320132323086396,0.0430119665895095,0.0140613487946718,-0.072358374480126,0.068498726622212,0.0627075832231508,0.116885230449095,-0.0657267840499908,-0.0027399742962218,-0.000810297689999068,-0.00991951078516663,-0.0318797925847919,-0.0555181537373764,0.0407093546561637,-0.0380017595177458,0.021807050594399,0.0269612581954683,-0.0433106493525696,-0.0541546004518354,0.0222410565603678,-0.000669027661253917,-0.0611761473775126,-0.0504492878343811,0.0754920248566079,0.0598977082706846,-0.0522208593762047,0.13469433582916,0.0302793730050369,0.0895115439737101,-0.0966295005407954,0.043237227544035,-0.0231071471682229,0.0222962851748229,0.034561857088024,0.0342666251558319,-0.03917570418996,0.0262136629795039,0.0423422532078708,-0.0269493159950448,0.0337967893109808,0.0536242870327191,-0.00065602250601524,0.0213543347907829,-0.00944336447281239,0.00750414892548434,-0.0124341643708179,0.00350837511868754,-0.0451209352524939,-0.0581201122685964,0.0119462943248783,-0.00206266775514241,-0.00780258785089845,-0.0456494892301028,0.0264971190394858,0.0361224733983985
"217",0.0517581924244026,-0.00169412069267372,0.0369665423223073,-0.00829590987166087,-0.0346718512765153,0.0177591074162099,0.0370261683099931,-0.0849494709118948,-0.0473559502198419,0.00659990590165238,0.0497580964056573,0.064581090870953,-0.0445815695615379,0.0815368113838323,0.0020886592354493,0.0761437650167405,0.0164370519820683,0.0441906320165789,0.130106175076535,0.0278695027539764,-0.101674101933277,0.117272050374171,0.0302642596004242,-0.0373492395702311,0.0851735638819379,0.0398128065635297,-0.0167464187480698,-0.099489846985641,-0.0364481467949886,-0.0668388074732701,0.0749703869185974,-0.0147117330303551,0.0397268033534935,0.0487078663289534,-0.0761872279854072,-0.0494301073844328,0.00294553791881169,0.0249947873132889,-0.0412558516306719,0.0963977329426898,-0.0223958517505652,-0.0100710499096518,-0.0183890590492704,0.027941975112482,0.0344154130934839,0.0398470333008859,0.0326505931643138,-0.020697009734098,0.0541324343151539,-0.0170865793638757,0.0208169959363349,-0.0743721780273604,-0.0702020083455812,0.0183145414925689,-0.0411070098932584,-0.0654967319835966,0.0253015972361713,-0.0644485256192576,-0.025642173243846,0.0229505016931773,0.00370524846529998,0.0833031967658013,0.0788412128212002,-0.00839179811019678,0.00247760035904371,0.0965864444243475,0.0798996867426682,-0.0584370028302495,-0.0387871350157768,-0.0587873789027212,-0.0411690932820734,-0.0665566315188112,-0.0430790421882389,0.0368965891959323,-0.020171182338722,0.0109350432665715,-0.00286770769004994,0.054660285486809,-0.0694627303847994,0.0148516681391869,-0.0390262243498846,0.0157617252039975,0.000312151907693637,0.0416141859534061,0.0292893204520713,0.102193844592803,-0.0306173736597527,-0.0422497319122289,0.0319610218403878,-0.0051238100894919,0.00364168633897856,0.00387669735155546,-0.00443980676921531,-0.106333683620055,-0.0195378546172582,0.063803948659603,-0.0468235409171621,-0.0141435678410663,-0.015912740513384,0.0369291785101589,0.0485455910124097,-0.000753629675646555,-0.00498395073356812,0.0346955408292592,-0.0151562697128448,-0.0254434856171574,-0.0537046492908982,-0.00256134878877756,-0.0575316697293474,-0.0284124728011765,0.00565107265754731,-0.0108678686939194,-0.0379732915792876,-0.0223414008001553,-0.0348422112933272,0.0114787048721706,0.00608329502040426,-0.0178837815853057,-0.0387915212085061,0.0140303083772305
"218",-0.0976655578846549,0.0502838201637655,-0.0281058783161939,0.00275556653080198,-0.00749128624071931,-0.0319487928215102,0.0157779107846269,0.053711307167781,0.0100545369176684,-0.0255626158525952,-0.0130491934413608,-0.0315237389774576,0.0183114522126916,0.0267958723789407,0.0959402740110498,0.0497136945273,-0.00460450066538852,-0.0489808952647349,0.0177566656848818,-0.00522622153331124,-0.0725425219357372,-0.019455779213137,0.0318185404348694,-0.0355681425015891,-0.100097184767298,0.0715064575093939,-0.0265278149351184,0.0782874013696165,-0.0229892645045934,-0.018591156887722,-0.0291139061057645,-0.0624515010896387,0.0227576626558647,0.0121867410980253,-0.00436091747598361,0.0830552260016478,0.0101659321789868,-0.0269120906610825,0.0640285520977813,-0.0750812361262597,-0.0726501104236746,0.100659495997456,-0.0768558213917726,0.0809568066269786,0.0752107896036528,-0.0244903644272238,-0.0332726761378582,-0.0294471182423194,0.0132698631656461,-0.00334067768877487,0.0201725842886888,-0.0123926809892215,-0.036670708694019,0.0505189218534718,-0.00199603985505833,-0.0290960721847562,0.0332357067574538,0.0751390479488999,0.0988090881164803,0.027199206149692,0.018426104564354,-0.0165043406953455,-0.0236637847527902,-0.0589274832545785,-0.0380297610407627,0.0246569185213659,-0.00936660170411993,-0.0838135230563957,-0.0208583993843874,-0.1010292913452,0.0455799088947213,-0.0475319200554873,-0.0336087687642301,0.0132121577890519,0.0163167405373886,0.00320285777314606,-0.0328600929431473,0.0184464726676863,0.0499009768923379,0.0363251326938428,-0.0640216989515912,0.0117070731100047,-0.000856606017419046,-0.0423093634612045,0.0692531161017708,0.0255452328536166,-0.00703384243710548,-0.0185106629149318,-0.0033681526944679,-0.0542975211200682,0.0681441194247624,-0.0501207676116178,0.000370006744290712,-0.0423429755192658,0.0636868116824721,-0.0658971311235759,0.0496357041610955,0.00367270680195227,-0.0233534590542636,-0.0123871038792759,-0.00199499054408431,0.0258370035763102,-0.0225720775425122,0.0171733347215913,-0.0449087779309963,-0.0273296915989758,0.0103207809429255,-0.0092194204234404,-0.0337578287833459,0.0368438950166963,-0.0125266932955209,-0.00816673292681316,-0.0678016912999759,-0.0209403702790024,-0.0107937861556137,-0.00163302092938364,-0.0138028404928637,0.0625029540567236,0.0100568033717654,0.0322017079213506
"219",0.000690655172178116,-0.120157749711299,0.0369432767573478,0.047371820553694,-0.015679628229415,-0.0152634509398195,-0.0217522462650614,0.0136731074069594,-0.0244189675886058,-0.0302661787651166,0.054084995723509,-0.00513111126298892,-0.0759564438991026,0.0292813814611099,0.078507513796923,-0.0599409406997682,-0.0637959743896018,-0.000820716499058331,0.0474460016191027,-0.0776736596351827,-0.0489375654127731,-0.0103058237112088,0.00225789466080458,-0.0313175197008844,0.0856704314386007,-0.0398753531346771,0.00615060603589137,-0.0728517747543444,0.0456521386908936,-0.0324058606796159,0.105184984607389,0.00367623431593307,0.0569168806879311,0.0372526464914434,-0.05692868635431,-0.0215049544561597,0.0227520073514316,-0.081618177488086,0.0234148387940424,-0.0555682139395682,0.0494481326600938,0.0126475833762766,-0.142419254612601,-0.0330903053242412,-0.0777040146816311,0.0389971147350671,-0.0152335772869813,-0.0645843010950353,0.00285551523392735,-0.0490809884315546,-0.0266223887060291,0.0481795568242191,-0.0393761273808194,-0.0715431188480856,0.0453148424710884,0.01164118213528,-0.0143512897246458,0.0177442694078499,-0.0524013437129552,0.0643077869512269,0.00221868235754077,-0.118948723049211,0.000271223571966436,0.00316072464335619,0.0814291926998329,-0.0820306120221762,0.0151407955863667,0.071898833507056,-0.0667786230174984,0.0718017357013812,0.00733864785742624,-0.0194279709414849,-0.0367536759466175,-0.0209709387106961,0.00968798598426902,0.00942896968676186,-0.0571801288982583,-0.0289639205973342,-0.0252193002911906,-0.0386632989106968,0.0510951048523744,-0.0916406331766392,-0.062417823132816,0.0614149412944031,0.0225508842746683,-0.0352889370763328,-0.0208316789696025,-0.0197470917423636,-0.0964621260631898,0.0981224493903585,0.0197078891821096,0.00579669204682061,0.0143643178791814,0.0213664996097275,-6.53162129426104e-05,0.011030006566038,-0.0215884034834965,0.0155516500288604,0.0266484965405481,-0.0493612580247069,0.0161204204372084,0.0393384246956382,-0.0148386431466387,0.018389708884241,-0.0156364632490314,-0.061691513818853,-0.032133659562679,-0.00270540675986179,0.0224465008589848,-0.00368870739971692,-0.0477067979101932,0.0345898852011923,-0.0313365956475211,-0.020187279068398,0.026061745538625,-0.0374434865116151,0.0151069233791469,0.0430842353426479,0.0259007127321781,-0.019683696437961
"220",0.00368448511159429,0.0256196146078873,0.038977535368963,-0.0482716936126185,-0.000488180992691889,-0.0331367503052129,-0.0478711360000203,0.0441242149732717,0.0664869483161914,-0.0660697378684876,0.0433002864831316,-0.053013738119116,0.00416505710101926,0.0696737360599875,-0.00426221665013031,0.0222495796677932,-0.0594862124622768,0.102326472632064,-0.111175930616789,0.0340398776890134,0.012809132186483,-0.132374679092191,-0.0758043078560795,0.074307557115342,0.00791625217752383,0.0161550298567177,-0.0395113381888802,0.0504426331479405,-0.0132210234499463,0.114212005640451,-0.13383154829456,-0.0647893958765752,0.0394527383595425,0.0859237134386336,0.00154761306605872,0.1027270789182,-0.0921039449805042,-0.0726831756445172,-0.0527417359055093,-0.000673130121693398,0.0904343819473826,0.0580633309756482,0.107994585198371,0.0134259588201803,-0.0787208560928382,0.0457139733872506,-0.0477842788475193,0.0830620038370518,-0.0083163638716434,0.0536070610324727,0.0888333809596179,0.00527348716814157,-0.0721768565882134,-0.00759502523789152,0.0480164614453144,-0.0595220929724862,-0.107993845068992,-0.00769641618115611,0.0666255315103407,-0.075445445670803,0.0898832941131114,-0.0615006431815242,0.0100850060254948,-0.0725550281884643,-0.00622049093095463,-0.107931637592472,-0.00765599355307175,0.125478638359546,-0.0106262227332679,-0.022583783408765,0.0125806142879632,0.049201516709111,-0.0310066692802691,0.0542894223323301,0.055041857278117,-0.0144319550488635,0.0999610159503754,-0.000539965113564586,-0.0629925437711353,-0.0607663054450314,0.0541243041582241,-0.0457616008202513,0.105828822557526,0.0194669444468333,-0.0493957994427031,-0.0203059478819466,-0.0814132703614421,-0.169867670805752,-0.0292941120274926,-0.0187664726459216,0.0127672824465627,0.0231773870993036,0.0709956331547198,-0.0252888517015976,-0.0537387609357329,0.00275035153851326,0.0257159864833094,-0.0378064464978272,-0.00101373080824427,0.010150135320855,0.00255968180016898,0.0284692068853362,0.0306665249243115,0.00683935283286744,0.00798822509744155,0.033352255881241,-0.0287901241642981,-0.00292287048131967,0.0030668142028083,0.0376917946060992,0.00267861732867005,-0.0458422848634319,-0.00342236909429953,0.00508972822962862,0.0470859524355908,-0.00980411187727086,0.0516222411249699,-0.0713938839654149,-0.0114870500530886,0.0158538531972008
"221",0.0127633447486403,0.0116561581719874,0.047460486777584,-0.0208087967649132,0.112294231848483,0.0665934832366687,0.0356270044977601,-0.0680083803645034,0.0597030131338237,0.0126772731915894,-0.0839216433744387,-0.0497697880137502,0.0278296199555297,0.0947115474074539,0.031827817438015,-0.0619495859919767,0.0270235207974692,-0.0466568952687398,0.0618913607821043,0.0150594119225454,0.0356666352253606,0.0519551217613185,-0.0256730259478158,-0.0203181742256085,0.0245007745961639,0.0544686060643593,-0.0533703515978363,0.063000455185388,-0.00777529407661835,-0.000969575910125733,0.0522686394332099,0.0282439280491923,-0.030822280158858,-0.0146240009573915,0.00666229507064976,0.0572636872083766,0.0752015763848518,0.0219074967004034,0.104278525998347,0.0522419267756427,0.0470394918100312,0.0252983665195194,0.077600853332367,-0.0684761381893418,-0.029651318152259,0.126021537187394,-0.053959184119598,-0.0304872833494721,0.0235491881763426,0.0180832823450175,0.0060180556854948,-0.0839994176489546,-0.0297008869919179,-0.0271761761624895,0.0152412210675722,0.031798002977565,0.0142012580530412,0.0250654076985135,0.0443394567880255,-0.01313849846441,0.0441047802543171,0.00364756664183373,0.0339025780965608,-0.0127282488700822,-0.0265090537570273,-0.0518027496798009,-0.00444384130259481,0.0342116942211527,-0.0563737259769182,0.0765667047615504,-0.0230128658803033,0.00755408704492732,0.0107019800380322,0.0526006321708308,-0.020717438428954,0.00578864362259562,-3.61487006907142e-05,0.0132881568189076,0.0528568497996029,-0.0445156234476242,-0.0376595243288969,-0.0303169411382771,0.024338997988095,0.0461939155356972,0.0318315658581481,-0.0361023448854652,0.0497950727921932,0.0234611487247505,-0.0549836180983698,-0.0438734383609134,-0.0815647044422688,0.0103807543240173,-0.0290725037603604,-0.0265224599616906,0.0649850968564148,-0.0228889704836121,-0.00537782302016259,0.0169689777304892,-0.0125397540151762,0.0200882382276085,0.00097251490268668,0.000522254957314049,0.00319569515890717,0.0430587863195187,0.0115800540894497,0.0440435083077087,0.0319716894168839,0.00840901074210113,-0.00998901254782302,-0.00260005235402548,0.0658527631075332,-0.00784298148591444,0.0150825340892922,-0.00575364318997104,0.00509868739588384,0.00268757250290334,0.0184502221499004,-0.0241339964431784,0.0163274812153968,-0.0143220087899697
"222",-0.0593330015221467,0.0882515189762704,-0.0338076969366204,-0.0364992247076655,-0.0851143958692614,-0.0271552244627543,0.0264211447565853,-0.0200268874835063,0.00264859587235247,0.0461554741542268,-0.0325509660468218,0.0931927256171314,-0.0678961941428478,0.0158067345934992,-0.0334366073732543,-0.0510532039185217,-0.00751279018446661,0.0502210218737749,0.0410391327175883,-0.0186136790445329,-0.0303259226440873,0.00274276445942887,0.0659453134220776,-0.0667290905738622,0.00783852366835458,0.0408642286635317,-0.0269779117301935,-0.00226574617352981,-0.0327621813425834,0.0182094372950295,-0.00330839253714934,0.0269966446674568,0.0550667505985862,-0.0428871422411327,-0.0193528335692462,-0.0134968584508436,-0.082723345021609,0.0255440910974587,-0.0724947887509854,0.0313071992005389,0.00420604539741716,-0.0272546869381108,0.0704292498965599,-0.0126634418623933,-0.017840077712628,0.0121035320488166,0.0293874441215299,-0.00282901870681812,-0.062655597491422,-0.0501446710016371,-0.0346580372294867,-0.0458674075563309,-0.0124437153924713,-0.0819715992515439,-0.0013618190634747,0.00205285640004933,0.114660484363918,0.0127196574109915,0.0819592700364423,0.0200678583763445,0.0375731795599175,-0.0405689871394682,0.0817763783877573,0.0156212430871773,-0.00283200852311584,-0.00136419282268105,-0.0753652537769852,0.00543240208180919,-0.0219366740351848,0.0409510294273851,0.0732287948355227,-0.0381563306749686,0.0323622033272055,-0.0211406418931069,-0.00843109109347462,0.0139496174619858,-0.133517671150898,-0.016539930037848,0.028320436357908,-0.0461686114401793,0.06366757617512,0.0487600750184136,0.0636553610882595,-0.0384502285307323,0.0344803265161733,0.0500634737596234,0.0552036452473081,-0.0221474519288794,0.0366989432351453,-0.0173634383299387,-0.0190142590812825,-0.0205431198994466,0.114324206639471,0.00667664536999188,-0.139005566390414,0.0286959603117141,-0.00891767559499886,0.0414658793905115,0.01606532412812,0.0451080904886419,0.0389795584464515,-0.0419306167045116,-0.0085132334020199,0.00828987822343571,0.0195610646670422,0.0337224327547665,0.0576805998479692,0.00448931973434919,-0.0219421307542276,0.00656491411454028,0.0118478024084636,0.0107275141632715,-0.0246684705278026,0.0602643461116039,-0.0502545843507603,0.0461313279526126,-0.017397491124484,-0.00723011770674728,0.00861520066378813,0.0142408033578746
"223",-0.00592210971893929,0.0478275173451642,-0.104655958281957,-0.0279386983656658,-0.039479577367071,0.0249932303574781,0.0684649140242708,0.00521730707162439,-0.016276694830411,-0.0592419142302182,0.0387383746678994,0.0636168268100048,-0.0215434022247227,0.024536960470644,0.0462037468147926,0.0960483133594682,-0.0613481240677863,0.0466950907093524,0.00185448785352738,0.0882076545616906,0.0414751889273734,-0.00827465711485159,-0.1070805464811,0.047127629170813,-0.106202026447197,0.0444639657967663,0.0320299765695486,-0.0234512211572005,0.0539735487365211,-0.00473067601203257,-0.0492793910705577,-0.0305676321123072,-0.0176950069097583,-0.0645010871456539,-0.0169459084899067,0.0411726152702686,-0.018701979283691,0.0152671920098993,-0.0309439568422107,0.0703331942147995,0.0419981457785511,-0.00833982099979174,-0.0392241532045064,-0.0552246261309082,0.000605123096172665,0.0373194068984476,0.00608378131897001,0.0106132201117438,-0.0801360716630262,0.0689065226617494,-0.014509133892634,-0.0794396932354912,0.0355601776094914,0.00460719069232889,-0.0512478610288359,0.00479091836549421,-0.0272919131120425,0.00914973721463132,-0.026686331442499,-0.0255435645110868,-0.115968391982378,0.0584569111455718,0.00705746787662712,-0.045249867798952,-0.0363821805861274,-0.0965333614984397,-0.0163718265237608,-0.111397247647914,0.0237771537042071,0.0659970301356325,0.0605414825813745,0.0234475868636854,0.0742464596458239,-0.0328109916334877,0.0568208980694848,-0.0465725613368288,-0.00541154849932388,0.00721985658329086,-0.0594240257679496,-0.0367641613784822,0.0461823918573415,-0.133721433982944,-0.0306706562558715,0.00746579300773873,-0.0462951231122112,-0.0560634464943633,0.0305244204407188,0.0153662408661027,-0.0784836550389385,-0.0312183334174131,-0.0214823233106575,-0.0164475664158369,-0.0512841179729447,0.0591154255774207,-0.0387303536928177,0.0172720629443494,-0.0166244560800812,0.0204315092424855,0.000949780760724121,0.0141565768494293,0.00973123621242764,0.0271685861649182,0.0444086345957517,0.0029525049228823,-0.00985934861145728,-0.0131226597460742,0.0384894515575367,0.00390363023416235,0.0174854719927546,0.0417488577429325,-0.0187504856832981,0.0330017823733932,-0.00204407679887404,0.00464786305491432,0.0285941856824808,-0.00450776401833683,2.22245341154308e-05,-0.021923726464642,-0.0576872174619758,-0.0496978122093487
"224",-0.0739635976304661,-0.0507686491017899,0.060618728293666,0.0738814243804402,0.00872498605948632,-0.0548714010706275,-0.0636514606941144,-0.0314308513617984,-0.0378560489854461,-0.0134551326161166,-0.0443342964032023,0.00463788299977782,-0.0407951339584282,-0.0312028524381452,-0.0820382601517876,-0.017043632313668,0.0725617662736412,0.0524115008270553,-0.0346474367401868,0.0198223913385918,-0.0329600774601373,0.0168733882644193,-0.0730629327643038,-0.0190819631254765,-0.0262588572169107,-0.0586377783117254,0.0735926681529089,-0.0179920801101639,0.0204290808350077,0.00634158138226324,-0.05692056973495,-0.0520670400000453,-0.00698929718180934,0.000680509447469242,0.00154111159596671,0.026614188048235,-0.0140374019671823,-0.016824437280558,0.0336278379780672,0.0560968252884016,0.0335530811112157,-0.0429863924527102,-0.0242260119439002,-0.00458891799282535,-0.027175710407225,0.0668908788818008,0.0592058962729035,0.0217389213083468,0.00229339922844934,-0.0101305122813292,-0.0286929446647986,-0.0332559413387191,-0.0410058398877797,-0.00246081532969242,0.0430789918762269,-0.025711784461054,0.0569542866928905,0.0369590113231142,-0.0700557478431442,-0.0417955168803577,0.00920664606093371,-0.00051600041965663,-0.0124388797556311,-0.0538486543314113,-0.0244376354467059,-0.0196119230816037,-0.0168948742105732,0.00667682679131032,0.00574239836998273,-0.0665379214234058,-0.055514232383453,0.0274414025855573,-0.016611348478003,-0.0393049001340292,0.0577573218962556,0.042281200165838,-0.0774087235638035,-0.0130880434440781,-0.000903912302107044,-0.00368748767199419,0.0148067187636911,0.0101274473740666,0.0426933040552812,0.0206780471087028,-0.00822586507045577,-0.000118887203688459,-0.0192821486184802,-0.0803379534074933,-0.101498928136103,-0.033605418090052,-0.0465525195685773,0.00778150523991886,-0.0357406696091011,-0.0249718299381508,0.0474405332404263,-0.0315458969985411,-0.0113763569541902,-0.0255449924313921,0.0247874399908115,0.0260936878128501,-0.0152269715988703,0.0100056886044446,-0.092914299618664,0.00101541349916758,0.0106595508453764,0.0544400032525667,-0.0556707021902596,-0.0163378769701492,-0.000777944608109908,0.0360274644495276,-0.0146632894623866,7.82904912275866e-05,0.000758491842345585,0.0374199318188889,-0.00224684513407423,-0.0194050057778566,0.0332944792077841,0.0177169427860973,-0.0296605573626028,-0.015562752959482
"225",0.0769228653718429,-0.0344651251402128,0.106513193508731,0.011912497036316,0.0100133778318707,0.0287039761192024,-0.0107737504007079,0.000233534393156782,0.0281532268707491,-0.0118099970096253,-0.0273380533709761,0.00454521960858647,0.0558888193004885,0.0467391921613002,0.101627831185793,0.101433920975793,0.0255361405373767,-0.0200411027494402,-0.00562472890141222,0.0248304543583582,0.048477185285671,0.0171063071236474,-0.0218902331723321,-0.0238353073876431,0.00893270752710248,0.0181982258457461,0.0202080809549271,0.0753186068542458,-0.0167337194302183,-0.019323330055572,0.0359327842063746,-0.0111104523753285,0.0418420680633049,-0.0642865415673227,-0.0136195726400668,-0.0243366759619697,-0.00954484575784465,0.0858845540993212,-0.0046373302175337,0.0461278301649584,-0.0211122038820649,0.0382124097451914,0.0302802172248999,-0.0403956831132737,-0.00106453521156035,0.0295871223300599,0.125707734583873,0.0321343103421542,-0.00236514823323321,-0.0194316843822398,-0.0308372902333644,0.0736584173071628,0.0303321076563139,0.0548789334749029,0.0586647592153977,0.00689333372547165,-0.0711495483835171,-0.0459064769012073,0.0212360234458978,0.0309643790002438,0.00933248985411591,0.0425510959148546,-0.058171382241185,-0.0467834119018274,0.0491915774967894,-0.0459247170557364,-0.027750178481532,0.0162314568768848,-0.047905319049668,0.0285480258448819,-0.0200197221522387,-0.0260114141535383,-0.0407475333807857,0.052591920827417,-0.0655975703317165,-0.0192669965416802,0.0308887457915357,0.0154300780505412,0.0668666441746637,0.05663793715831,-0.0305980524051718,-0.026496000786419,-0.0319645613057919,0.00177646686170499,0.0284581927270346,0.0575073245495519,0.0109029058517946,-0.000829564843233752,-0.0464005046146899,-0.0222544025144442,-0.0498531953786826,-0.0291977813922658,-0.00902500195623184,-0.0505732290364629,0.0107415130429019,0.0138096958225089,0.0016946398061632,-0.0204057543216997,0.0141641227680316,0.0062604655961012,0.0233253536093374,-0.0109036007079076,0.00429672554090895,-0.0144001437775613,-0.0288451425023181,-0.0721824196879936,0.00623585583244094,0.0186232554675942,-0.0381104629323726,-0.0201607791083482,-0.00871152704991998,0.000781173726859688,-0.0367911241875791,0.0234200946115736,-0.0179273506670658,0.0418780246776603,-0.00626980366464443,0.019050204808168,0.0142379241657876,0.00674109962248762
"226",0.0567394020258211,0.0350485698746936,-0.0316976706629129,-0.0175534306457597,-0.0481149474521967,-0.0142996447659814,-0.0857832423350569,-0.0394501756447556,0.00860813235556185,-0.0598398086043885,0.0177958586349247,0.061685281976849,0.000660289826884916,-0.0563867708587141,-0.0194106466232948,0.114086074160626,-0.0552718444412446,0.036832025204368,0.0387022508221135,0.00463601230768037,0.0946414310831839,0.0518783330468277,-0.0167085168226454,-0.00602143513148246,-0.0520630113817818,0.0639634879646039,-0.0376296008261514,0.0260650716685797,0.043108319639887,-0.0942046290985677,0.0245458000784119,-0.120100845907483,0.125421336695083,0.00279131437776929,0.0703949682782809,0.056467549171495,-0.0828093824539736,-0.0144609923176976,0.0892745429210892,0.107951700788983,0.0564262253421437,-0.0343869940236084,-0.0408209635634659,0.0349111670874212,0.0163443450165339,-0.114179985446324,-0.110497548002248,0.0131037976520761,0.0095578601810718,-0.0266391778929913,-0.0333328221932497,-0.0392331035547002,0.0579229617724183,0.000885486176827838,0.0572851907459282,0.0538456524534178,-0.0176332412365927,-0.0427491328774493,-0.0415087743132999,-0.0143733889416377,-0.0613073773421227,0.000929506690018203,-0.0543555137876555,0.0696005563642743,-0.038548559219653,-0.0104790508252826,-0.0590225348881258,0.0641335119649073,0.0590475318569952,-0.0833290481828603,-0.0318888193772208,-0.0466067254368919,0.0436733624363407,-0.0883321522116389,-0.0590201503551286,-0.0351286817395241,-0.0154902937563985,0.0331890952530776,-0.0490871683367501,0.0636493872424756,-0.00932443058693677,-0.0253951264324547,0.04266336884242,-0.0890193140667863,-0.117709914966336,-0.0281193122949779,-0.0447176884122731,-0.0197266777972239,-0.0129640215302837,-0.138610810560955,-0.0312683090692613,-0.0509706980706062,-0.0696598345995116,-0.051745189418708,0.00238747027278573,0.0278315812000461,0.000563734385137928,-0.00612597600865092,-0.0259853496242882,0.0775407214950417,-0.0044390607488283,-0.0252165195990985,-0.0245054107180414,-0.045575379732084,-0.0410866367783238,0.0385360697545215,0.00283872338246262,0.0336571151313401,0.0515416528279794,-0.0096464480794154,0.074839280996191,-0.100437355804434,0.0369507137658225,0.0939338433341636,0.0377618420664136,0.0455547416246882,0.0391093776577473,-0.0352152547558133,-0.0433228437372398,0.0293056866513813
"227",-0.0146841766379403,-0.0553780973857697,0.0360936324911948,-0.00914946985995723,0.0422519226113391,-0.0746423756395885,-0.0289244224984869,0.019879482970474,-0.0907261762446662,-0.0582947533664947,-0.0767054992545926,-0.0230712755558897,-0.00582986453689886,-0.0341269604267241,0.053349556058588,-0.0586552376132936,-0.0624198438593818,-0.112861319386254,0.0116827865371037,0.0313163717864361,-0.0722168525575264,-0.0351260832308419,0.0598205603249604,0.104752104426155,0.0708188886980994,0.00327218702122696,0.122618910641024,-0.0577781552890103,-0.0687586588226852,-0.0587410131164246,-0.0702661595900847,-0.00525859923341072,0.0633325918075148,-0.00447780251947739,-0.00927626553671221,-0.0281715668501117,-0.0607344711780835,0.0238933422593993,-0.00461768638055695,-0.0529552392942721,-0.00669942087649922,-0.105635585123055,-0.0434970624361772,-0.02056539228966,-0.0810995517772729,-0.0430991301703985,0.0745435119045794,0.0254284600736272,-0.0432432439947386,-0.0163055640943237,-0.0169458005203977,0.0198004155967226,0.0351104673166587,0.00496180324571765,-0.116714277826344,-0.0173140816639302,0.0135272933394608,-0.0217079244604025,0.0312748444819784,-0.0302567255309165,-0.0569652106375064,-0.0442536635642152,-0.0625166395939941,-0.0774448000192269,0.0455446306233321,-0.00305143904538597,0.00230067325842363,0.0958009291704998,0.04502421738825,0.0413343489043052,0.0509534010643918,0.0158508479967949,0.00974152068377905,-0.0142157268790169,0.0129670492028059,-0.00984990977705032,-0.00344176565027155,0.0445243338329671,-0.0523523787154091,0.080914194086201,-0.0704014270520837,0.0445726544851001,-0.09475299794641,-0.0649810999221288,-0.000660700398620621,0.00412305565752044,-0.0151651194946114,0.0375855738342359,0.0557045438182302,0.0268743793885415,-0.0395358491365021,0.0192613373094708,0.0594611922417874,0.0260954843769187,0.0135620609875849,-0.0306978510124839,-0.00184462569262967,0.0239433624370495,0.0262032879825348,0.00765314234672666,0.0198541880966754,-0.00272630495679793,0.00402594135117738,0.0339677451991307,-0.0212822125465523,0.0529669159372821,-0.0106431764739966,0.0105466920264439,-0.0213362944505809,-0.0282148176382961,-0.00916122503882826,0.0244296919394622,-0.000463114947684121,0.000114053168446439,-0.0414003218385903,-0.0291828052961,-0.0140354024220733,0.0285827827099344,0.0359322759521465,0.0424885795841459
"228",0.0649375064194786,0.0355547193317268,-0.0598189394895249,-0.0735419231684283,-0.000478351680551787,-0.0286676647943361,-0.0705341024717443,0.0171566640620254,0.00880061721184039,-0.0284310044350984,0.0135223006369779,-0.0817336031576377,0.0179702807520836,-0.00127625179900184,-0.00634639237118885,0.00164928612914075,0.0384223328457726,-0.0498874307919115,0.116065023806791,0.0103449438523133,-0.00422034240049057,0.0950950599364185,-0.0130543286027008,0.0736216789187993,-0.005206405144467,-0.0486635167883811,-0.0428348426692654,-0.0849158317021205,-0.0371692287771941,-0.028773701228349,0.0898398884312361,-0.0170025412425628,-0.0831966580963326,0.00903149827564967,0.0514029782657748,-0.0110346356766697,-0.00167146564515745,0.0791762966648798,-0.0298816678125862,-0.0651938525340535,-0.0166801141518342,0.0249925509204084,0.0552363673104952,-0.00217568039099821,0.0630019938583452,-0.00980045210378196,0.0969426444304285,-0.0311279765431239,0.0406550711847514,0.00567881524274949,-0.10003640268694,-0.106162728952655,0.0706883938882577,0.0813279752233735,0.0183637467937769,-0.0418029982509514,-0.0213713053193688,-0.0481224878196403,0.0293131940666943,0.0612488646011561,0.177629035868356,-0.07774137922153,-0.0709985066963184,-0.000650483505060309,-0.100133636119838,-0.041856376620415,-0.0722148040444843,-0.0450336739476141,0.0455722643733846,0.0340782889173627,0.0484085264267656,0.0104759449694672,-0.00316590371207086,0.109321844402265,0.0291103638108803,0.0280286706869612,-0.011886728252681,-0.101908585885555,0.023210016668978,-0.0708896690051834,0.136526935043698,-0.0554673482219107,-0.0222857363244594,0.0421757620941504,-0.0429646078758858,-0.0709944133412163,0.0874266118847389,0.0420117219270771,0.0411177804424906,-0.0568521441789902,0.0696758698216776,-0.0245320868614101,-0.0566318779226586,-0.00918932961982981,-0.00637255332250724,-0.0159134060416663,-0.0372774901628356,0.0502849998767955,-0.0308081615400746,0.0102989049998477,0.0537027828140941,-0.0101116396550752,-0.00897795971729604,0.0111711646180612,0.0464951859683012,-0.0654667144947553,-0.00100916537092023,-0.0367623665166815,-0.082978727959801,-0.00830330582832828,-0.00317436075663047,-0.000408502461843459,0.00210317204003415,0.0205804582036172,-0.0154934969271714,-0.0181876700919349,-0.0587031405285443,-0.0673081612433606,-0.0412654503840382,0.00410027129987109
"229",-0.0436771156078253,-0.063004523923749,-0.0310516258186816,-0.015642791971638,-0.0404224981938287,-0.0265820941155143,0.0604727992560649,0.033562734513174,0.0110589580917636,0.0127392408958036,0.000485377063620761,-0.135036758781003,0.0154262348692682,0.0925377549775497,-0.0912168057138578,-0.0473743431691929,-0.00848925961466677,0.116825960099801,0.0709927541613261,0.00619158502054388,-0.0405744202564752,0.01585986454965,-0.0434698598814386,0.0240980846908071,0.00992919352407875,-0.059779492704867,0.017574863646011,0.0458878034088097,-0.00544138593254992,-0.00814480631071162,-0.0214513121519521,-0.0210834164509577,-0.00979026703692893,0.115752300999726,0.0351259639335574,-0.0694756737392776,0.0529626085352488,0.120224038754055,-0.0378230360506014,-0.0339034161199465,0.0593298307801075,0.0581443958154174,0.0320621007474621,0.0150325378887201,0.0396471669783784,0.0386802319623972,0.0251796654830637,0.0155003581567622,-0.0063390528059082,-0.0135479196368416,-0.0393449874268045,-0.0375641753354992,0.0080948387368021,0.00359059252672326,-0.0551960391273598,-0.0531859560621129,-0.0793264682163019,0.00515120741746272,-0.0104709099697964,-0.0801776495374173,-0.156114022799783,0.0194543507333684,0.00761717490725958,0.0614067607523614,0.0292983071051941,-0.0172747234761769,0.0281921867491404,-0.00177326348912436,0.0588515463575232,-0.0631255226051419,0.00168276944272518,-0.116108516349055,0.0156517347579836,0.0353168405525657,-0.0905430112228315,-0.0446037136747206,-0.0106843479948265,-0.0335348570822593,0.121919813898337,0.00100638427458092,0.0423958402249876,-0.0815134085636495,-0.0682723846816131,0.00390645654334696,0.0161719654510297,0.0259638695435696,0.0969779191729031,0.0056156812085204,-0.0191803943122428,-0.0399922465968128,0.00980969774030258,-0.0229274324763042,-0.0189317257435527,0.105396664134972,-0.0260256433232522,0.0372701091802745,-0.0107166504546282,-0.0081077927260119,0.0114288911494945,-0.0105308422757063,-0.0131970369556148,0.01284999117601,0.0195694879448485,-0.0296612639045264,-0.0562416347472374,0.0290086500640091,0.0511152291063879,-0.015339908878945,0.0187418806960304,-0.0172617037786699,-0.0577375260969658,-0.00373301433976223,-0.00156704507961858,-0.064519458385366,0.0212936767420927,-0.0216582018665522,0.0459403206136354,8.22539603841026e-05,-0.0374548178940142,-0.0396067448528463
"230",-0.046345142776283,0.0894912361527976,-0.0443903246258043,-0.0301453355837076,0.0253920282569952,0.0546641942498862,0.00790264940812473,0.0192638259104384,0.0598135283395995,-0.119859718401053,-0.00984542823088198,-0.0244912145930946,-0.0703312445779582,-0.0289912921400399,0.0111860010906133,-0.0106083628908308,0.0451921572538405,-0.0613358187171743,-0.0622913618834836,-0.031621682078246,0.0316718646109766,0.069898574689024,0.00781514345304457,-0.0528545264157681,0.0207504460077081,0.023346572638488,-0.0137334330427975,0.0150194495902537,0.035784218660165,0.0860150017231043,0.0250490015598931,0.0530672801596343,-0.0020436055905171,0.057011434653531,-0.0413746881398072,0.0398199751712554,0.0166841152149354,0.0689469501132573,0.0585678133809461,0.0442992433204753,0.0474692294040258,-0.0556730199587861,0.0241554373401625,0.0543319467010284,0.0741605583030699,0.0322100278083279,0.068548157791924,-0.0251008234864276,0.00604832178605341,0.0288890059592913,0.0351591844456845,-0.0953381406793856,0.0255033992317102,-0.00383383697962007,0.0491436019778763,0.0122821493388154,-0.0213795017756712,-0.00391758259660412,0.0302828307471527,0.0246297242116121,0.0269828574397811,0.0161258622596268,0.0192783214052134,-0.00117771527778175,-0.00636785594740314,0.0381906960590591,0.0889953685498828,0.0339866194357756,0.0381908736560911,0.00689472456836782,0.0222210837497905,0.0681848373912588,0.0219041514272764,-0.0292576146225919,-0.00514574191345222,0.0515553619839217,-0.0669677499961712,0.03728737920604,0.0569316963076098,-0.00482386543787763,-0.133524780956065,-0.0164689622697302,0.0307283488872846,-0.011393774345945,-0.0818077354404116,-0.0534368349504007,-0.012081110313476,-0.0329815379756138,0.0336013267291557,0.0469484403584026,0.0693865294102466,-0.0332196948260788,-0.00550433279163876,0.0143395479962864,0.0229792320649183,-0.0569684045279455,-0.00688497925737721,0.0102728422746163,-0.0261963277961524,-0.0308875063341896,0.0204738033952013,0.00711803686453417,0.0136127876323895,-0.043462349278448,-0.0153792292836232,-0.0339096699279311,-0.012114484233927,-0.0398338199168162,0.0271403989062083,0.0282997968095417,-0.015548115003312,-0.00219887659982894,-0.0309309962024591,-0.0360166154363106,0.0106594083465288,0.00600112299162403,0.00228498286898779,-0.0281169273063038,-0.00212782965199783,-0.0125930825645549
"231",-0.0981066452258551,-0.0240970242664844,-0.0734056697698562,-0.0196639276657364,0.0155368728444394,0.0198614275109915,0.0202741189319968,-0.0474913250449266,0.0123769651940897,-0.0114615718239271,-0.0298557888266205,-0.00745965031761275,-0.0826638318106123,0.0668423986745248,0.0193460497327998,0.0488245341624017,-0.0552022645034494,-0.0253541233119575,-0.0197600281893283,-0.00795451811375648,-0.0237504074740273,-0.0132193126494835,0.0476894124934053,0.0440514817819964,-0.0401634162333212,4.89207209908671e-05,0.0461030465209784,0.0199730512428958,0.0909580329220982,0.0428115855051697,0.0296091466467678,-0.0668729377763031,0.0774491910925568,0.00824540461180343,-0.0273092488119439,-0.033463913943858,0.00166359107181377,0.0480211097235375,0.0400216562595712,-8.97401368385767e-06,0.0715980986915687,0.0532704086141543,0.030260434465741,-0.0185911927770504,0.0176775937448354,-0.0589241158195552,0.000798469584157355,0.00454462858152388,-0.0178905487904522,0.0493541187821385,0.00316583797383014,-0.0362332203012352,0.0285200806246347,-0.00784049081616473,-0.0555750361288865,0.0926969868038526,0.0339750219042598,0.0394217959237921,0.0194847338643374,0.000543240471848992,0.01289155012139,-0.112167372518258,0.00275332418848664,0.0393670523173962,-0.0524580377722116,-0.047090411939658,0.0277322772885808,0.0575741126873521,-0.0310352984284106,-0.0262852677454842,0.0124581927634664,-0.0747834128364604,-0.014290017011108,-0.0371770941243461,0.0323614156267535,-0.0170552186151293,-0.0366556547903348,-0.0627535437352577,-0.0518649112433939,-0.0222058492269397,0.0543476157048565,-0.0633353303091307,0.0132126431372058,-0.0135851328541564,-0.0235654377802101,-0.00805760851609547,0.0462012654153898,0.0265964128105465,-0.0273985882191464,0.0623040343827105,-0.0178166983748056,-0.0157284510512926,0.0357094001274184,0.0629496101428634,-0.0347797707092009,0.0276891795312295,-0.0193724490334211,-0.0102038723902897,0.00098680985816569,0.0127117416437837,-0.00429686201108334,-0.0494290234634461,-0.030970537878577,-0.0506915676167485,-0.0553677300627081,0.0294744324630719,0.000106181694233762,0.0199766925050129,-0.00321252634494726,0.00996246896248429,-0.0131016051930506,0.0416232994171171,0.0313057759714657,0.0842538569641337,0.0235065042649274,-0.0250619226410812,-0.0114256504403769,0.0452559697707126,0.0323216356503075,0.0267557396820594
"232",0.0377497851986539,0.0677318089965876,0.0755908387300653,-0.0534422830363526,0.0729321004805119,0.0358481075153846,-0.0369392192612893,0.000774448505002448,0.0974203878404494,-0.00182800967258648,-0.0466801560645958,0.0210724031773115,-0.00731206395671268,-0.0410078279428079,-0.0189799421918956,-0.0136207535823383,-0.087581224863637,0.00138099293308725,-0.000837473396530879,-0.046541179896079,0.0864844261258333,0.021604456456379,0.0295432180315109,-0.00371764000339,-0.0302419251856599,-0.0863814630791313,-0.0208592720862574,0.00480434206084096,0.0294609624632768,0.0535857022808071,0.0888140342970934,-0.0148274470832327,-0.048054838881381,-0.0227320679083787,0.092670536615411,-0.012933770800531,-0.0201021897659153,-0.0615066284683847,-0.011164934692971,0.0689269379592845,0.0165654682003722,0.0287199978696457,-0.000949847396994331,0.0521628040321999,0.0363927727950184,-0.0101188487358005,0.0241498626237984,0.0492205432725269,-0.0154380752515462,-0.0146724014091141,0.000238710937987926,-0.0246525485383715,-0.0640185403062353,-0.0713588686349276,0.000331421583881787,-0.0411575691232506,0.0397192424999056,0.0345262278856723,-0.00827381818044297,-0.0263156104540583,-0.0646926983262135,0.0662425088235644,-0.0486130410639826,-0.0359247072895025,-0.000924800981339673,-0.0738680645971151,-0.0563946109778223,-0.0732765819026307,0.0610308444920198,0.0196345413371812,0.0219282289869755,-0.0370165507745869,-0.0155227942536288,-0.0385725983742377,0.0411641144157015,-0.0114349507413908,-0.032867555414091,0.0204469784106972,-0.0767430010885888,-0.0296394307533121,0.00831100471266208,0.0128524699804072,0.0391561613751119,0.0228113405435044,0.00143617763190345,0.0300272444408613,-0.0312324647295697,0.0348258624121448,-0.0451586197916676,0.0997014870929929,0.0422647058968351,0.11241050014742,-0.0730744837169681,0.0191008516201178,-0.00404755030676095,0.00586258521659419,-0.00623150307528553,-0.0100637294451351,-0.00428254615034069,-0.0370945087460645,-0.0187187763580503,0.0325412520538023,0.0809835842772773,-0.0518237482062331,0.0534466413182543,-0.00506350082773583,0.0420881980825748,0.00678752682972493,-0.000907714839598169,-0.00792606017579893,-0.00453983716665921,0.0277006402654175,-0.0352650385159071,-0.00033444799367482,-0.0464974870260543,0.0327178175126653,0.0179857734086909,0.0162092101653263,-0.00206843704270201,-0.0202751573400213
"233",0.0602459809367424,-0.0631064186844613,-0.0167029049000393,0.0313662465658956,-0.0423445802642936,-0.0306050959032829,-0.00707066025454786,-0.0130934503298318,-0.0209863611686406,0.00408007202297413,0.060872227634024,-0.0902843633828732,-0.0736314228984376,-0.12868305051059,0.0139059073548114,-0.0356588349779573,-0.00741341244958313,0.0118202097385327,-0.00686721982119776,-0.086806088343327,0.0620235332858938,0.0795993701343801,0.0333673707494444,-0.00497518531023127,-0.0416062608174374,0.0216169280498312,-0.045089561126694,-0.125044027857547,-0.0112599608638894,0.00293489003209829,-0.0738721861473054,-0.0532420277654819,0.00752716792631461,-0.0676583699040559,-0.0108660085955351,-0.000861659645422584,-0.00793965558742044,-0.0112088994823899,-0.051300238785891,0.038289870310093,0.0569326538398383,0.00523234625964249,-0.00660941693287738,0.110635619804975,-0.0116911650314315,-0.0426310492181143,-0.0399681757949817,-0.0246755455192846,-0.0933994952026215,-0.0353319537153357,-0.0270452420172698,0.110504530021003,-0.11855254102819,-0.00675323388780969,-0.09869873232129,0.038624028693979,0.0162565501571037,-0.0772036011553474,-0.00649467440571318,-0.0662203784626176,0.03795685727621,0.045888984182349,-0.0592436523471888,0.00162695982436831,0.00288106171868065,0.018340595787951,0.0346106324998621,0.0326587621756246,0.100997194168285,-0.0197907011944594,0.0959161143337524,-0.0551095519552313,0.0141928951540637,0.0322232615013786,0.00771700230054396,0.0276363444825637,-0.0847504195861892,0.00040137477423504,0.0117914113683624,-0.0146506896283967,-0.0661996202911351,0.0732156351738697,0.0390026438637012,0.0368880365684266,0.0331630996516944,0.0620935447687929,-0.0610089677229228,0.0563129758615498,0.00833574228218471,0.0190170125589166,-0.0464565789984246,-0.0819266323858334,0.056213547686414,0.0415079932756056,-0.0154404662792796,0.0231027433975452,0.0197347744060071,-0.0388539993645439,0.010983470940546,-0.0525603764660665,0.00490931455873478,-0.00529078816561342,0.0332258280032084,-0.0599986116366043,0.0354154663826363,0.0106099939725997,0.0123460419858956,-0.0460170644343624,0.0470793762280154,0.00915867053469059,0.012675288140943,-0.0408579875697815,-0.0184276530269439,-0.00488078974708237,-0.0107873662676393,0.00672685498737692,-0.016638589916785,0.00535318267287661,-0.0200152452095036,0.0592696173788124
"234",-0.0825632457442193,0.00819359176990621,0.102598110304421,0.0391965500148787,0.0186148222556556,0.0465642564871481,-0.00858817581570157,0.0438200218830361,0.0644748127873116,-0.0172774659253081,-0.0332159354381662,-0.00245654994389141,-0.003349867060149,-0.00863683887622848,-0.00891648971976179,0.0550278174157615,0.0306117168959748,0.0368955878271397,0.0658194636622723,-0.000764267245482611,0.00848936514809158,-0.0349405325196979,-0.022611317184486,0.0161634968844489,-0.0640888134873804,0.025759038407841,-0.0645858035790738,0.0176397475577721,-0.0254432851064192,-0.0346273724636813,0.0303564502619977,0.00566107555396101,-0.031818694564522,-0.0321422726766402,0.104521972532421,-0.0238926130077312,0.0492058444531497,0.0654538277316148,0.0679476683081967,-0.00272384753186999,-0.00195548291334398,0.00416508051680593,0.0339030257656059,0.00568733404048189,-0.0629765251256226,-0.00750168580681702,0.0893957002193425,-0.00574628878229017,-0.0259610547578536,0.0332797501254538,0.0405563049828169,-0.0508084361925297,-7.45716410809214e-05,-0.0399626589433305,-0.0280097044057423,-0.0810917143419186,0.0184280259485509,0.0701206005345749,0.0124723224773652,-0.0255594352778835,-0.042768589323922,0.0268949893354053,-0.103595708364897,-0.0373890896271907,0.00961531579848038,-0.0298788014649,-0.105474615268325,0.0348639609352148,0.0375138456506005,0.0345433356066733,-0.0363620187725303,-0.0128060569325963,0.00618791304391726,-0.0199565747945939,0.0461493756497027,-0.00085549427434441,0.0407957354494422,0.0242686670896268,0.0233164575468877,0.0302066625217161,0.0846023326899294,0.0194022185574515,-0.0165548856479673,-0.034739498781676,-0.0264474318300132,0.0694977322838656,0.031002397427757,0.0286373316704116,0.120079272894928,-0.0415057971463097,0.0171910970242457,0.0434699338716833,0.00386441398547314,-0.0441447219312299,-0.0397523162899196,0.00481270267896067,0.0105148884435811,0.0440748422325958,0.00522730173971322,0.0298041827244785,0.0359306618391647,0.0381707818782101,0.015574579977336,0.057648709712993,0.014936546830728,0.0546445846703285,-0.0176142411842015,0.0260963543933274,-0.0572804149875406,-0.0187480219357634,0.0012335824533978,0.0206982623959678,-0.00522747916110236,-0.0240455299270311,-0.0332738626761686,-0.0142188409514519,0.0111355882722864,-0.023416091843157,0.00479774918750616,0.00204078555843983
"235",0.0792133601793646,-0.0194533022702287,0.0296686971245583,0.0178451438486787,0.00622383909909519,0.00598984985891468,-0.00640869692497964,-0.0869916474590159,0.0322791163186514,0.0410598323622604,-0.115473480683726,-0.0784648721949925,-0.0496301927085629,-0.0721485211471162,-0.0111735885456158,0.068089768124215,0.0387199232894791,-0.0317140142079521,0.011473869809131,0.0424868979786811,-0.0393451658293291,0.00773704533684591,-0.0567654903307202,-0.0745820080892822,0.093811780688123,-0.0426599574953886,-0.00344246440935213,-0.00244856377977285,0.06648926822993,0.00717176029936728,0.0274533866276124,-0.0344669642764674,-0.0114765577971458,0.0395938375513237,0.00672884518071168,0.0153175426902792,-0.0596870941649389,-0.0151035989649944,0.0537275074423544,0.0112907085018467,0.0614191854074434,0.0267310979891466,0.0383724379346373,0.00624014150231396,-0.0224926878352361,0.0512174347202593,0.0246532602646732,0.014442975892112,0.0419063963877062,-0.00214901088019109,-0.0217299845121309,0.0279573304405738,-0.0645217900149304,-0.0412519834662938,-0.0714092585596328,-0.00820392213305345,-0.0109028067811014,-0.0144259954704837,-0.0401118967145898,-0.0106853749505084,0.00578252814182664,0.0457953184718203,-0.0178679005150517,-0.0417883339038911,-0.00245105171605132,-0.055463434251583,0.0184373426309405,-0.0485773755523406,0.0166071979039061,0.0258549199141159,-0.0364324412505482,-0.0130513607469023,-0.03244003536263,0.011301976042776,0.00960642769958566,-0.0185450621398609,-0.0295979926291072,0.0176937052285584,0.0410875297420112,0.00648140915577267,-0.0465317723789661,0.112122557415807,-0.0164515703727698,-0.0101119265160099,-0.0157661481156684,0.0420078989492959,-0.00863088120384015,-0.113913097400261,0.048628854949852,-0.0787551407997458,-0.01922271228808,-0.00938102513053463,0.0127519164625377,0.00741139583289629,0.0489444321379829,-0.0500089709395258,0.0384756009969692,-0.0114480262197656,0.0161518424756157,-0.00569052862491367,0.0267405499901048,0.014859524014154,0.0388797630664166,-0.0173170109752371,-0.00197359874129435,0.0302103783745214,0.00424433911547948,0.0344333346410374,-0.0227682819632439,-0.0207064518890645,-0.0210865959852279,0.00697780525462349,-0.0434023205906295,0.0143975819785034,0.00086219601526278,0.00148869185028235,-0.0267194043875264,0.0141527028571747,-0.0125119078081202,-0.00674434795647048
"236",0.0101277800260157,-0.00583903570019129,-0.00416338349003652,-0.0121271815565717,0.151061303358477,0.0269464786783358,0.0329798120489334,0.0219953906844302,0.0242853555299988,0.0349920253022975,-0.00998312437318931,0.10523955088666,0.0011231258808362,-0.0332430799664158,-0.0377813696936573,-0.0406381663804713,0.0621709134333142,0.0721775154753802,-0.0412772445291852,0.0115246586275535,0.0718203338683342,0.0406085200832971,0.0924065827012503,0.0463886117498849,0.101086643502156,-0.0276911351088682,0.0317639280475172,-0.0193233705211404,-0.0494855830182619,-0.00268998121876954,-0.0460546290144051,-0.0288622094402271,0.0653847262300032,0.0753852472630432,0.0541350226015539,-0.0205521633889638,-0.0132309201792765,0.0375974216726349,0.00523876193768306,0.0284120405528995,-0.0241304082812604,0.0328226478028505,0.0376729832992783,-0.0236511471937769,-0.0284330356691858,-0.00639534914932892,0.0738416338937957,0.021281997042467,0.0752245809703655,0.0440893224348125,-0.0574197957846419,-0.0361017874712824,-0.0178943174944484,-0.0875330402623343,-0.059121909192315,0.0319298107827926,0.0362120157339584,-0.0484428710765035,-0.117727352054804,0.00368882979990173,-0.0252295697190311,0.0851147044259433,0.12644734706895,-0.0785503221162119,0.00753028596156934,-0.0434335979714582,-0.0554593987952517,0.0282844192452894,0.101639227440367,0.016187058680724,0.0531488905235914,0.0495487019045168,0.0284135679169275,0.0112265636812256,-0.077779599809985,-0.0342199387274822,0.0547135816325,-0.0195177699731718,0.0481009069362547,-0.0683026452483379,0.0126639176564503,0.0255027026468755,0.016536783697116,-0.0196708543298492,0.0734754711122065,-0.0453410304807887,-0.00194951053071164,0.0384052577984463,-0.00913630514702585,0.0626047230708905,-0.0679163513602668,-0.0607938029627647,-0.0940811170493319,0.0555046047277818,0.0427582754021163,0.0100439384398268,-0.0300415602839269,0.0193629113444113,0.0200296795410441,0.0231832535848896,0.0274680016045285,0.069181683701982,0.0925859972225304,0.0042607446026135,0.00452665275927828,-0.0346832063349901,-0.00781268650623025,-0.01462223615316,0.0156024751326024,-0.00028736929834327,-0.0241192549647125,0.0298500347321965,0.00869188595799904,-0.0205164527941714,-0.0722187398594215,-0.0090590689050554,-0.00253956700296244,0.0169908375075241,0.017714838744269,-0.0931865752977654
"237",-0.0782095361952272,-0.050259588492865,0.0748856689433248,0.027666910822012,-0.0206543217077198,0.01093017074656,0.00899152404571771,0.093086646585743,-0.0793868490959053,0.00659925867658995,0.0210233466459627,0.012815675899152,0.0197780746876064,0.0172374099443127,-0.0074311290183763,0.0283819028846027,0.0609467810445198,0.000435706332722624,0.051381434666774,-0.0266518122492487,0.0286054491089724,-0.0669244997882871,0.0301582668992831,0.039992841410154,0.00624233548801374,0.0400154807058031,-0.0688818716766006,-0.047809491097195,0.093906348781678,0.0200919153209802,0.00384934941720201,0.0044352556440171,0.0178674304127055,0.0528673667339751,-0.032019761189824,-0.0349340762044283,0.109041859451671,0.0515559770697887,-0.0234748822394152,-0.00206700400562408,0.00370765753845186,0.0085511439531119,-0.0196452717095192,-0.0704107454892601,-0.00449242996867236,0.0303163267256337,-0.0380498367844773,0.00963652592872643,-0.020074843247385,0.0293815940951171,0.0126536514116574,0.0342432107357364,-0.0638054960969457,0.0579856665357726,0.00314962593102648,-0.0067391919595839,0.0116089051276867,0.0690298731808089,0.036711225752713,-0.0173252023173873,0.0367855596179333,-0.00401271115748327,0.00991608227595698,-0.00401551763002429,0.00520493767739497,0.0152469623946321,0.018277819351556,0.0184238793012712,-0.0241543040278261,-0.056988049280826,0.0229121386991023,-0.000436409200000979,-0.0655842958324095,-0.0394284147163954,0.0063181159949753,0.0268479763547779,0.0104248236494492,-0.0462273742058105,-0.00669446819730986,-0.011024534659285,-0.0608067870497531,-0.110357732484137,0.0109397542920949,-0.122731846336888,0.0579087617253141,0.0161409036998513,-0.0125679302319765,-0.000541284213054833,-0.0865685272890752,0.0144960637430188,0.00222254719691791,0.0438667945815454,-0.0468686528027187,-0.0213191064308234,-0.00782365487923533,0.0446742706724926,0.0143353084488339,-0.0397844270495166,0.00363184957468669,0.0546197235565743,0.00215887432457974,-0.017945899022757,-0.0472345950104923,0.0093950092470054,-0.0239621002896261,0.0271217739928449,-0.0589820680991809,-0.00163256359139665,-0.142694770592049,0.00572377417743264,0.041102234759426,-0.0161050973362191,-0.0127982708900134,0.00921270637160275,-0.0148457697058162,-0.00953009899453283,0.010551638244789,0.0110051174560258,-0.00478128756956784,0.0285436235125639
"238",-0.0408432377047999,0.0437119087783323,0.0343799000926725,-0.000386612997862469,0.0104235207816293,-0.0152321075254237,0.0609469049537746,0.0587103743905392,-0.0269484671484089,0.0564800347307881,-0.0183770606236156,0.0254122128433728,0.0137719199802357,-0.0305703615349597,0.146389260696698,-0.0174031579305494,-0.0955392485170153,0.0759883803599722,-0.131495760654162,-0.0163940898230737,0.0830557993281905,0.0430447023846211,-0.0735087054866443,-0.0309545311313873,-0.0806030291337591,0.0122615571339339,0.00378754775536699,0.0933980991093617,-0.00752196714115475,-0.0147706489949816,-0.00895863468733962,0.0878210819833224,-0.00845434870664865,-0.00996708740086088,-0.129763341369255,-0.033301308821822,0.0289434983121837,0.00580276769154782,-0.00346002586135777,-0.0800804806406104,0.119064033239875,-0.0361399560142441,-0.0224311058081362,0.0644703392801969,0.00870133362363739,-0.0440874274080344,0.0244353402245351,-0.0583196734100267,-0.0324955040643839,-0.0412239892924461,-0.029747240896887,-0.0562550143001154,0.0515007411265846,0.0415551598051287,-0.0287372571805752,0.0175431509678733,0.0665711174939284,0.0360256869746718,0.0147547519728748,-0.0195145283647643,0.079977395662235,0.0203750802452079,0.0650397105235527,-0.0968943061017573,-0.0957564338763688,-0.0371832843731442,0.0998275965895478,0.00734738509753077,-0.0363633029600874,0.0474070184585815,-0.00967197221377053,-0.0374169427040967,-0.0993063005016289,-0.00527857565903184,0.0591711225049465,0.00613791277109378,-0.0503619657848199,-0.0272794928454957,-0.00533890288738507,-0.028826889949401,0.0340566131562115,-0.00957634107758794,-0.0158776018396532,0.0629613476229923,-0.0763361106807218,-0.0679206734802827,0.0502813768056429,0.0584872649883756,0.0186951787212527,-0.147042066474493,0.0472535251363637,-0.0263461905365893,0.00749420638568127,-0.0371975446861978,0.00153704259811327,0.0171759991874348,-0.0634333434363381,0.0256895480415334,0.030098224706781,0.0181561392245292,-0.0135876740015627,-0.0543574899121811,-0.0618683391344496,-0.00553374454355059,-0.00469202301599096,0.0640701062508661,-0.00591247730082324,-0.0377692083302742,-0.103238592336021,-0.0956159482752257,-0.0450001912886934,0.0432960032524645,-0.019629866492148,0.0129559052486069,-0.042140757557505,0.00756297545992078,0.0172898588430608,-0.0344575201139378,0.00104274033568976,-0.0179607996058639
"239",0.050604122740577,-0.0223973949761591,-0.100896858852697,0.00808655424241351,-0.0652674680384424,-0.0141196869968932,0.00900843789206107,0.0367886588499627,-0.0753071581565412,-0.0581903843859659,0.0200857020008426,0.0279336235071472,0.098337738604107,-0.00289308687949994,0.0176137636791081,0.0311193995826517,0.00699250703794322,-0.0475386323228303,-0.0434637778675443,0.00253889142370595,-0.0389835897979346,0.0143496216278275,0.0218414655380288,0.0510275653813631,0.0263075519096625,0.0551929073764265,0.00383144873410898,-0.0153212038017556,-0.0739862675769858,-0.0498437878541753,-0.0167357587866866,-0.0741092681388859,0.0725257144305197,-0.00672063439308168,-0.0245691573672673,-0.0577748764426567,0.123068800335209,0.0881044382027952,0.016784512595922,0.0504909019648856,-0.0178058347435268,0.0365105928168808,0.0211725906668812,-0.0977260766006039,-0.116983218914238,0.0196901843185594,-0.00705524504447808,0.0101666557258924,0.0528382224980758,-0.0671465100275301,0.0939385395648127,-0.121220128644287,0.0119850225470004,-0.0502832416139229,-0.0768275424964247,-0.0393484716400863,-0.00473029073504819,-0.053152360945198,0.0367152312068013,0.0767244765497162,-0.0653479407855896,-0.0116704289229812,-0.111887956416083,-0.0177018074098223,0.0542861503237034,-0.027323978560667,-0.0411933733852342,0.0545374387688761,-0.0522919796650452,-0.0285642261592663,0.0029158241196724,0.0194409146167892,-0.00560554357519594,0.0215596931753096,0.0571433200243343,-0.032630053697757,-0.0561918893426456,0.0753415729039438,-0.0334020753686335,-0.115741914680555,-0.0205346289758731,-0.0596126330266555,-0.0236955605431629,-0.0139762871671567,0.113533247571695,-0.0634814392133876,0.0136568763301281,-0.0252155887608712,0.0548469455763949,0.00695174755380882,0.00917656852174739,0.0474578381387806,0.0363170915113815,0.0323225533746221,-0.0137766938328763,0.00241890783701635,0.042396689895133,-0.060202340405438,-0.00676361070946178,0.0482527645429984,-0.0156614736397269,-0.0343379508061179,-0.0044235964106705,0.0107620265600541,-0.0492643793370987,-0.034420623911356,-0.00993782463320899,0.00631302841291172,0.0107296298343677,-0.0330855188159739,0.0603243029071769,0.023525212892285,-0.0219492732468195,0.00556527808925289,-0.0349898186996195,-0.0104515018847779,-0.00901154509243599,0.0270359603672079,0.021749489556336,0.024674663797781
"240",0.0388362733970141,-0.088886190614366,0.00907490587429843,-0.0439096553044497,0.0244348055909664,-0.044609134169571,0.0828088986757931,0.0106728359678702,-0.035875359026075,0.0561029980135344,-0.0319382986973922,0.00417498634844002,0.0380479459376478,-0.123807684926159,-0.00273984390531234,0.0723026966880938,-0.0453444665421637,0.00190949425818334,-0.00966392417440421,0.0158370025595958,0.0121367727644857,0.0226088161023611,-0.0758880235252899,0.105403112263001,0.0353496084139217,0.00751513518183434,-0.0625392866549465,0.0115954182264451,-0.000820516756242681,-0.00669627491930247,0.0130334401419423,-0.0736114834725979,-0.0345738707455871,0.0882019908833957,0.055863044445225,-0.0690785750992986,-0.0187057021973109,-0.0161036591400993,-0.0567945280110332,-0.0423448609750859,-0.0419512476175813,0.0289305799869563,-0.0442275188852767,0.0748033013978335,-0.0687687589061697,-0.05410176507761,-0.0374287465902089,-0.0354283963876654,0.100471716797538,-0.0330341982577401,-0.0680140944437078,-0.0589838621096914,-0.0342353571749655,-0.069949636473851,0.0588021642841292,-0.111215167385356,-0.0787047944521098,0.0644796541581642,-0.00648736978152244,0.0402206676051578,-0.0236224238893519,-0.0627724917214606,-0.0388993782629797,0.089167573549142,0.018918628131936,0.0285346014638242,0.00438146770021935,-0.050996586754387,0.05286584927003,0.0058047989014191,0.053738263017065,0.0456569065662546,-0.01239007016297,0.0496524838770501,-0.0216656041209914,-0.028521868797762,-0.0593728439491691,0.00205296835908921,-0.0496047219309934,0.107140223199312,0.028363040659707,-0.00222856470762436,-0.0881598547677851,-0.0548795990703892,0.00737663549258341,0.00212962601438881,0.00512923092113589,-0.0500338833730584,-0.0811357560811912,-0.0485978107857087,-0.0507153924009269,0.103534404513328,-0.00163149053181582,0.0256547728866087,-0.0306869092964777,-0.0161493388405903,-0.0168579769997801,0.0350798118113786,0.0164964494108831,0.0587307716667795,-0.0418194156953959,-0.0178876090694973,-0.0264918600377189,-0.0116623457396325,0.0256761423652474,0.068431883256358,-0.0125738852791314,0.0075802649879783,0.00884094296854764,-0.0120323522021474,-0.00818607808568613,-0.0322134894658751,-0.0049983656396323,-0.0271130859410132,0.0732712780640803,0.0110790452308512,0.00342126973990994,-0.0280402588749676,-0.0100384569573883,0.0441422382420737
"241",0.0552913789937029,-0.0203736153775677,0.0962344999652565,-0.0648576032500271,-0.00814514583916717,0.0471032869422099,0.0147756220020385,0.0238991120983615,-0.0100562443668882,-0.0671445136514814,0.0310064540839803,-0.0689528491901212,-0.0421687791444822,0.00418589352542594,0.0404439778812196,-0.0338574783345925,0.0784877891070874,0.0746822751635328,0.0303302670542762,0.00332470034339419,-0.0181831661458611,-0.0381298970194787,-0.0619130870653381,0.0967678412750757,-0.00215981888518849,0.0356397157318138,0.00406595295651333,0.014046517978376,-0.0703347159564183,0.033773372216928,0.089322072693578,0.0281237243706794,0.00620844075496206,-0.0935405649656654,-0.0468452322192649,0.0442578094403288,0.0480344775547831,0.042596051897584,0.014447425569803,0.0364807606930014,-0.000167696972288739,0.0261625116485451,-0.03902470124149,0.0338384738810204,0.0768666433134279,-0.0685976709755877,0.0391151567114659,0.0303774845598652,0.0142490281075811,0.146634563456676,0.0665281844493779,0.0715281165425482,0.0554857542062992,-0.0193484880498203,-0.021452081290892,-0.0158870425069116,0.0338819325505885,-0.0167297718358718,0.0232480340000261,-0.0255545848401649,0.00377050857251936,0.0650868649938545,0.0255776061619593,0.0602958726041505,0.0162285394831046,0.0594585378955314,-0.15005484271761,0.000453140247154892,-0.0571092378290568,0.0124415400573894,-0.0680299572444954,0.0354540526423522,0.0424933886493652,-0.102440549431553,-0.0376138811293629,0.0138112823556153,-0.0891374758146779,0.0221109324253402,0.0166450465560125,-0.0417611262804507,0.115722925175659,0.0247578916801674,0.109577452825491,0.0527144435310346,0.0258226040273993,-0.00891657947419563,-0.0466934900484009,-0.00620992837039437,-0.0298348594132111,0.0149248712644877,-0.0181462175826427,-0.0940983650461045,-0.108198332543754,-0.0376467352705194,-0.0386013531115164,-0.0289595779024978,0.018573018219912,-0.00916882049417536,0.0173010492908537,-0.0160276714712432,-0.0170115445533617,-0.0110885669936989,-0.0219903918006291,-0.0410222839734608,0.0382582526814165,-0.0129988160572569,0.0361108999512575,0.0105469475954938,-0.04725340816882,0.0195631143111529,0.0065044360579922,0.00666298232732584,0.0405673837752418,-0.00560567747097184,-0.0124523352414122,-0.0134864215011161,0.0269745100582414,0.0313760358399804,0.000576118025316982,0.00846298578992098
"242",-0.00676298237553471,0.122728849863172,-0.0520596000087309,-0.0488831385602719,-0.0121522045320523,0.0246405352344582,0.00126455449768708,0.0707313699827923,0.0288846846936,-0.00946457763493654,0.0438450047733876,0.0620130041607035,-0.0494639333101829,-0.0608365723894338,0.00852109450595825,0.0125772405439958,-0.0735546613125716,-0.0390968693257049,0.0100441235787048,0.0209567239863549,0.0356232918111697,-0.0444313298096975,-0.0419837821318728,0.0133333275762527,-0.00242727372585739,-0.072248510091983,-0.0312125813940675,-0.0253220937584812,0.108336693861209,0.0896941362977402,0.0177121654931042,-0.0488207821368487,0.0116811283127633,-0.0637264383501202,-0.0192372709372552,-0.00125842013147449,0.0248341377218767,0.0383925024747563,0.0547745809222289,0.00324210244808938,-0.0486939545808498,-0.0571074912714035,0.030299975370284,0.039520502936714,0.0323803987140992,-0.0113531257209168,0.0280921578586415,-0.00287354949641335,0.0210688137919073,0.0449205173875384,-0.002816894600517,0.0500725731852573,0.00362280694040993,-0.0540112068571493,-0.00307158127439403,0.0163869360452882,0.0210977896501221,-0.0803372869182077,-0.0573958426679967,0.0181468655836549,0.0472173561022586,-0.0210922352548512,0.0176751911393599,-0.0147941097766377,-0.000551274246260749,0.0335479523956992,0.0246264837608431,-0.0743378644438123,-0.0823578031356483,0.0406391150086453,-0.00802391514239818,0.0020061260336113,-0.00297107824719464,0.0100639883184567,-0.0405166764607881,0.0213210345954023,-0.00792364181738427,-0.0442240901715301,0.0509020839784886,-0.00870969037426047,0.0654259441351035,0.0114794540632789,-0.0143522004829103,-0.0264519246458272,0.0151034681782235,-0.0756047646513905,-0.104685869638115,-0.023494419149842,-0.0649181224739046,-0.00401143641877582,0.0159007380998579,0.0283158285878144,0.0574740601722898,0.0200666376346629,-0.0199808698276728,-0.0236520431463261,0.0244445033691409,-0.011941626448098,0.0133396971370024,0.00381112541553588,-0.0374198496016986,-0.0610741229331996,-0.0149819322437262,0.0352172557723409,-0.0260723884153635,0.0126549421810282,0.0112631299854534,0.0482159467978884,-0.00301635525483944,0.0297475340520252,-0.00316990162792414,-0.003050734835963,0.0127372004993892,-0.00668587514300841,-0.0214157964828694,-0.0181116645496533,0.0126490281182857,0.010088218739727,-0.0454767475754348,0.0558223959489383
"243",-0.0336379012717729,0.0614388275041361,0.0422678718750793,0.0517663052056056,0.0128167145620778,0.0245182226139494,0.0198931980396716,0.0749949987704276,0.115168894626534,0.0225023733122723,0.0400648349166122,-0.11045018474974,0.0222347769039703,0.0543993141412166,0.0239359926480194,0.00123340173609929,-0.0218737929550978,0.0295345833131168,-0.0656810843009962,0.0327774349315407,-0.0394207754477871,-0.0124254792628228,-0.0198882272882417,0.0554803093468312,-0.000771492697888414,0.0247599370585008,0.00450970064623982,-0.0822292085257788,0.0792069168606978,-0.0543163359565536,0.0516221090461954,-0.0558007606820163,-0.0747817510726502,-0.00479410751694979,0.0949080811621586,0.124352471554816,-0.0157083881286036,-0.0128837165448708,-0.0185592292005526,0.0549433960466668,0.031478885250249,-0.0672533778045236,-0.0741363610840366,-0.0159727288208756,0.0217607614796491,0.00012347064873904,-0.017442209928209,-0.0320507332859422,0.0236455544027332,0.0281621698029315,-0.0431516534816199,0.0117586054217493,0.0434397622672129,0.049583532964604,-0.0554786652097956,0.0829507056087242,0.00994489510633832,0.034828510193222,-0.00771760722728823,0.0512191257283351,0.0323425903275279,0.0488706028935929,-0.0742967514151745,-0.0627855978909736,-0.0459155392193006,-0.0443120962369218,0.0512217215434816,-0.0337066687374986,0.026578286597706,0.0867763348766919,0.0623598027550186,-0.0236542265522668,-0.00367813952356155,-0.0652922196451415,-0.0115735891693468,-0.048805185284782,-0.00667766034986794,-0.0321858890112329,0.0228200420686569,0.061010478050724,0.067016231973521,-0.0384260453100558,-0.0108982864136183,0.0623260524949088,0.0280397938044961,-0.0371711704549669,0.0723440363543825,0.071437906711949,0.073917267683424,0.00880500009958451,0.0395356251152203,-0.0401242235847909,-0.028485450843397,0.0429333653517163,-0.00253901602920388,0.0065322973678901,0.0377016416933217,-0.00187326897307344,-0.0395343381759891,-0.0104515737921101,-0.00484201185120988,-0.0359231159279638,0.0184865105914279,0.0159266760986102,-0.00987760508249651,0.0264147711569013,0.0266889728592696,-0.0087088049028215,0.0379052848832981,-0.00825679361955035,0.0684425021782728,-0.0280484288271167,0.0204355374204424,0.00122146273494087,-0.0722685946342817,0.0215012464430276,0.0166122036630756,-0.0496166569565306,-0.00651243332099726,-0.0327101581052203
"244",0.0534077297364182,-0.0707526537773352,-0.0375361051528203,0.00179640604817135,-0.00504726944726465,0.119148330250227,0.00994736628532678,0.0152383883551997,0.073637709451437,-0.00383494143986037,0.01207293875673,0.0792462852697597,0.0144412100949027,0.0038147329627872,0.0582120538019045,0.00686870899668222,0.0842038710603771,0.0335169985584557,-0.0484778260148885,0.0829168092455369,0.0586478452844472,-0.0382969517257844,-0.0234522118475831,0.0750112240263893,-0.0551657336147517,0.00293732133266733,0.008478120349631,-0.0248391701835309,-0.0105948214604749,-0.0204173275622429,-0.0233960413497102,-0.0986244038698608,0.0310136906847138,0.00494925204969603,-0.0295328410881735,-0.0322514905666744,-0.00431032526031244,-0.0269707964218659,0.0182854264040729,-0.0461538796725273,-0.00838713022771716,0.0154059698283702,0.0230094415952825,-0.0429559326823814,0.0467226862866189,0.000311123819220567,-0.0300361166507144,-0.0927904917108656,0.0760189604620415,-0.034643194727529,-0.0106246559363827,0.0306743568849774,-0.0150290358915482,-0.0169772087352437,0.0257915767421532,-0.0180406661836756,-0.0332826740229909,-0.0155114823216238,-0.000950925302825836,0.00248487066003701,-0.053666564976356,-0.0362613042065515,0.00338531924035847,-0.0857268337183242,0.0294416811155403,0.0343205906138957,0.00674032599140359,0.0670610870770186,-0.0366711593091568,-0.0381603255126589,-0.048728877880761,-0.0957842878273713,-0.0652902915169877,0.0368191415463381,0.024236221950779,0.0224336057837945,-0.0478317323463854,-0.0449128682533333,0.0373614055076083,0.0815774543446125,-0.0691315722293906,-0.0116020096048713,-0.0445864538312833,-0.0160026968585178,-0.0180572105450133,0.0601555292427881,-0.0536978298049181,0.010102061988865,-0.0399630129604875,-0.0468197362465049,0.0727908146295982,-0.00178176871209709,-0.0594417444268338,0.0126837794450164,-0.0171637856611422,-0.0126472103713488,0.00297083966668825,0.0318941631262018,0.0214843315376497,0.0578129711996355,-0.00721475885119344,0.00623187597915353,0.0626153749104912,0.00761039361072233,-0.0247878870558875,0.0187365676150539,-0.0283091515328499,0.0297458695328349,0.0362508837965916,0.0153410455703081,-0.0317828759535687,0.0224015773074601,0.0271267538712671,0.0403948864063108,0.0122398971547826,0.00174683632974147,-0.00983379461380629,-0.0409930396259488,-0.0173607691500947,0.000382023476082663
"245",-0.00795531044012626,0.0892332171576389,-0.0836453453027938,-0.0403054771373559,0.0113069643016049,0.0572142313586297,0.0332192449777345,0.00290983851944737,0.0365720491888413,-0.00222135872143324,-0.0356869057476266,0.0081094113422647,0.059854528324741,0.0508646208351576,-0.0963120395288809,-0.0306716440015899,-0.0596430137132186,-0.023136565742129,0.0385181380706256,0.0392573161122109,-0.110339821503156,-0.0214935499275338,-0.0281819745604985,0.0805050028283962,-0.00830629704211435,0.0107108080354086,-0.0925109974702631,0.015286577287435,0.0360132021920542,-0.0367818882866612,0.0234173384035876,-0.101806214263676,-0.0140298583168009,-0.0376302193597557,-0.0283209831932476,-0.0627586191203874,-0.123895560765362,-0.0222969896860269,0.000442132268020944,-0.0850124406871001,0.0201785218631986,-0.051187280012848,0.00275579477338539,-0.0428348191378515,-0.0131131885966926,0.0556928601135226,-0.00965847259223027,0.0600096894832447,0.0508916707297466,0.0465550187986735,0.0185650868643625,-0.0327197648328156,-0.000509746635428482,0.0238174213557574,0.00884896190333581,-0.0305578901979301,0.0738119684416915,0.0230288088974624,0.038491025641991,0.0521128600583005,-0.0707983145783659,0.0449755768580364,-0.000629049608598189,0.067014516710153,0.0902197441645507,-0.0408423117308827,0.0464975507531993,-0.0515689486582436,0.0647385758686111,0.00156366347007292,-0.0691348550004079,-0.0390248924886565,0.0518961343407238,0.103186949390719,0.0247662169434658,0.00515727123297067,-0.066642652735591,0.0498700007155341,0.0701253171369068,-0.0513040007661397,0.00238407317295712,0.00346539574233763,-0.000800683394142535,0.0232896540648122,-0.00558316326510069,0.00216536148442575,-0.114474538633857,0.040441753584185,0.0139969413796853,-0.00328446202998091,-0.0737490021835538,-0.0254450592503871,0.00837798379701572,0.0292670199722491,-0.00483520884826638,0.0200163907787172,-0.0228560610944231,-0.0633455932775578,-0.0254089606648644,0.0189060653041739,-0.05291356717956,-0.0568329265280068,-0.0232954274894816,-0.00363817294760146,0.0263911962339923,0.0274360654546301,0.0403802635867468,0.00848676028309738,-0.00324710167398077,0.0680168504054995,0.00536993519732137,0.0582613686477375,0.0693288712585319,0.0517192927460789,-0.0336325850244985,-0.000387170874628319,0.0371001363421898,0.0285561232265038,0.0222860942006514,-0.0114043761083606
"246",-0.0901502838725564,0.0489133765600715,0.0241911035070508,0.0172770391674617,-0.0251958767686814,0.0580965981104398,-0.0392184559547744,-0.0224947991591164,0.000901511953446053,0.0534718565399662,-0.00253637092301877,0.0529800328720555,-0.103014027549861,0.0216249977223065,-0.0112031721543207,0.00748073428821026,-0.0663052849940999,-0.0239998325792881,0.0427579062546611,0.0346756565752092,-0.0280168844841094,0.0350847347777194,0.0504742849416733,-0.0308733131830931,-0.0772386274478902,0.00837517603231647,0.0569199658664209,-0.0411200967514213,-0.0129865462247868,-0.0348824785650917,0.0176199139640537,0.0631866767809237,-0.0398866133790092,0.00456848824833922,-0.0331872089340108,-0.0274728815590389,-0.0315507250255816,0.00724587820171289,-0.101726896233748,0.0257235450783811,-0.0674044209548557,0.031520268437257,-0.00514282674352672,0.087930510931094,0.0625743010710361,-0.0493664041558609,-0.0603998462321328,-0.0747731839230685,-0.0731728525847908,-0.0663868414801166,-0.0386359318785515,-0.0492637032286817,-0.116458455968849,-0.0681637382010247,-0.0116569001888122,-0.00783900254372616,0.0633071165959783,0.013177312733829,-0.0297928891967043,0.0228923722040897,-0.0676384345693842,-0.152801593340163,-0.0237638322676443,-0.0127820335889633,0.0557879124168772,0.0618862636593575,-0.0191918844538969,0.0456536706206218,-0.0997810787053392,0.0376646623747248,-0.0524985494224916,-0.043593816802255,0.0867083622336331,-0.00954088226805915,0.0133504413511808,0.0130902664357902,0.0203429515506541,0.109816640783759,0.0187013155956675,-0.101725581560715,0.0691535060428905,-0.0489289734198305,0.0200122549771449,-0.0313558265275476,-0.0305507155525822,-0.17828699844558,-0.0902471008682799,0.00731985131984172,0.0198011181720723,0.0077351082682385,-0.0395916833144115,-0.0336339281375497,-0.0227713931057456,-0.087595865346505,0.0175448104540853,-0.0346615530221517,0.0173047808666808,-0.0212283304092045,-0.0320689519052693,0.0200036858695578,-0.0100975003069049,0.00603007634725232,-0.0171981835255292,-0.0338330274861104,0.0235141817661445,0.0107884766692816,0.0304558933164505,0.0490552800698354,-0.0123424761761815,0.0204571354950974,-0.012365491740021,0.0257582614197416,-0.0034660477967799,-0.00232716806385395,0.0194051918614283,-0.0521941453393943,-0.00537466304630293,0.0226670778681262,-0.0095659779263825,0.0569023442317824
"247",0.0363506834730684,-0.0716696636540399,-0.00542411667484827,-0.00252266418087452,-0.0352833702404645,-0.010206841941361,-0.0411768469615137,0.0776873882327121,0.0344232982288045,0.0234432686579945,-0.124788456733779,0.00512523145065846,-0.00301256856425488,0.0509849761836913,0.0115082605671674,-0.039874637698055,-0.0755969428920857,-0.0521874564325119,-0.0298517894637877,-0.0123782424336468,-0.136683012894619,-0.0130874699403985,0.0305664929392229,-0.0189821617946843,-0.0725101337191394,-0.13014220176288,0.0585143030070385,0.0251380852607766,-0.0113805796456544,-0.081131628376013,-0.00780383827328431,0.00933474991681225,-0.0950042841731471,-0.0294949116845284,0.0450293245476702,-0.0701287991393852,-0.036570904877153,0.0233773490282995,0.0704358270936241,0.0557363452643746,0.0312257110285993,-0.10912467291963,0.0608536584589195,-0.0583776736469237,-0.0506321425720594,-0.0517657573577446,0.0208070369049458,0.0612312982997526,0.000764496972160056,0.0142239843602718,-0.0419195629820793,-0.0160787126249122,-0.0566183905195251,-0.0110941904820007,0.0276014497908498,-0.0376539114762032,-0.10714103217547,-0.0417375860336365,0.0412371401837815,-0.0117731012709257,0.0828098016547114,-0.0916024205918274,-0.0770537243848562,-0.00299961717369718,0.0440399251241511,0.0608566774932398,0.0564115044454809,-0.0662539929559302,-0.00659880719230685,0.0276547129312629,-0.0633313005915388,0.044855262053417,0.00774783041736538,0.0771087705099373,-0.107750520498429,-0.0516523344577183,0.067648940504288,-0.0269097437252759,-0.0707064312395563,-0.013121189300861,-0.0484261618476055,0.00930945321470748,0.00315657683845738,0.0340614713452272,-0.0420843569894903,-0.0198012647474097,0.0298478421161675,0.0744467163728504,-0.0222038227614446,0.0266414424620084,-0.00013711731374317,0.000943536044271576,0.029497644983135,0.02597254679955,0.0269755853486291,-0.00624632737343902,-0.0228119679841716,-0.0411399461986227,0.00152902856415651,0.010005437066502,0.0181733690708344,-0.0696657593344912,-0.0196573003242725,-0.0127861243809381,0.0181731999075908,0.0245521897431823,-0.0110294043557572,-0.0318151516887554,-0.0206000257898647,-0.00700918232074982,0.0594690817152212,-0.0425979158407561,0.0406636502662463,-0.000462141894098745,0.0142199478468539,-0.0101897761248338,-0.0252618823346908,-0.0449101229020961,-0.0114442488848606,0.0256296817880845
"248",0.0810440231412643,0.0494933215866078,0.00394833926030966,-0.0646401930218787,-0.0159845797244655,0.0267491185062712,0.0262412522708295,-0.0102282539404884,-0.0301090978545966,0.0306533798377453,-0.0505262200380459,-0.0178914044096749,-0.0873969428960827,-0.0666093643492595,-0.0453298607898252,-0.0492326871266738,-0.0183410794970843,0.0316234737263058,-0.0533622820753636,0.0443307993567885,-0.0132932632611885,-0.0147291258454299,0.156625078390934,0.0310381930954186,0.0590908762820454,0.018906436069946,0.0158905208383636,-0.015879575406034,-0.0298209933425724,-0.0739757396011932,-0.0299307637847408,0.0381577313567218,-0.0191188601616039,-0.0780327699511816,0.0208558672567595,0.095769704927566,-0.0464768321461874,-0.0297274778796881,0.0344333943402644,0.0650168815444432,0.00949089265012794,0.0569470469391412,0.0138462729920934,-0.0172993065957145,0.00161486487581111,0.0845494986630419,-0.00517259607883091,-0.0131224364786187,0.0263739560062639,-0.0036094469403178,0.0659831527438593,-0.00414078874743029,0.034248079608463,0.0679024245949694,0.107245413434365,0.0216136738919352,-0.0711127810173384,-0.0249503723889826,0.0430571777580473,0.0355563099570768,0.0596773689774631,0.00142232778655847,0.0108973084923661,0.0516014765453875,-0.0358145091263562,-0.0192085465808401,0.0294914138955511,-0.0639243512587853,0.0953304446714458,-0.0530771666237031,-0.0403211813341702,-0.00828169807745636,0.0532093583010439,0.0180417577826356,0.0551764444259331,-0.0529398742092234,-0.012134628649672,-0.0562028113115238,0.0405768487411793,0.0822769776372306,0.0758668664523673,-0.012471866285533,-0.0013494924021975,-0.0790221621093577,-0.00406911580301683,0.0554680124161245,-0.0864260376051688,0.03816823203936,0.0672900377695192,-0.0327848823894561,-0.0623066862364137,-0.0171540252973311,-0.0577738426336231,-0.0434003351475185,-0.00897873208707674,0.0179923716822983,0.00305903064278798,0.010624944533039,-0.0186884204185512,0.0176294685456573,-0.0119027790361459,-0.0769282117461177,-0.0107707495873647,0.0474670900219634,-0.0306244787640264,-0.0544030369720938,-0.00981816341930581,-0.0135082502259074,0.00432721738367937,0.0298833165897456,0.0114170704487299,-0.0117074375333443,0.0151421654001433,0.0515033967521669,0.0165256690525349,-0.0342888131706946,-0.0269933049853164,0.00926454591522856,-0.00349828849740894,-0.0462227313666442
"249",-0.0164342619888841,-0.0381809036641026,-0.0234810109197489,0.052476295163551,0.00249648576564021,-0.0417392298346381,-0.0260367126812696,0.014136211341662,0.109255377934137,0.0749067284151744,0.0396741465684795,0.0879587971367178,-0.0260768788676911,0.0685655082363575,-0.0205812708563478,0.0632357692150287,0.0241205723650999,0.00213528227806807,0.0121103103212265,-0.0428785577095259,0.0909020088639102,-0.0666641972602336,-0.0692586760360478,-0.0759213092499324,-0.00291068146379381,-0.0297860441714034,-0.00343589006933899,-0.0890451454611055,-0.115542414417943,0.0240266956393182,-0.00942546871409949,-0.100152154405515,0.15441464975408,-0.0816008289261724,0.0318437444593562,-0.00216666800334988,0.0663850888307975,-0.0042506296620093,0.0224650187658162,-0.00410436328431532,-0.0640382737313798,-0.0735305109625744,-0.0169485011124748,-0.00987734833039656,-0.0681747545235107,0.0649211386518854,-0.0717496985296644,0.00999665100753494,-0.0939294027641806,0.10310061241281,0.0523460430793332,0.0481219018534051,0.151011589097452,-0.0475608634129141,0.0694517696318687,0.0289679920870934,-0.0455528180976501,0.0312838951145645,0.0655436283266893,0.0297217011811595,0.0428376974435198,-0.109368252040606,-0.060372143888155,0.0664806460660971,-0.0676495894784322,-0.111214708776457,0.0110159874698054,0.0115398239371964,-0.0349136783604088,0.0366499488278159,0.0337353216971384,-0.0996224451885793,-0.0261767194597253,0.0507143589036533,0.0165731317424874,-0.0813762450583866,-0.0632664794450066,0.0285934252757124,0.0298569996674775,-0.00196948236765166,0.120747732629795,-0.029897607187858,-0.120789321839039,0.0445923799596095,0.0833472647861597,-0.0273894386411618,-0.117831375488673,0.0773433277608714,-0.0390016946232169,0.0242561160993542,0.0671326846337902,0.00706623194788367,-0.00875089003701264,0.0183046913027898,0.0107459406485003,-0.00785838919606763,0.0241641297509818,0.0847115977847651,0.0468613053562893,0.0135489218338907,-0.00167053461875964,-0.0551417034507564,-0.0108920094150906,0.118651241218401,-0.0656019894544925,0.0457063300809206,-0.0397276088605985,-0.0402422901243568,-0.0243181086141866,0.0346718604694975,0.0443458836015514,0.0180081818652612,0.0157182768206817,0.0173566119056908,-0.0204936688100634,-0.0107772093227893,-0.041231736917642,0.00145605209808932,0.00332776154087538,0.0690060500835507
"250",0.0810101691077324,-0.0193199233593661,0.0332502882983002,-0.0504095741460234,0.0581868563645052,0.0582006629192705,-0.0156943853731584,-0.0544619999864899,0.00355182135141893,0.0410233243461813,0.026381411940636,0.0270825446729451,-0.0412715358045344,0.0972964060823121,-0.0463633161071767,-0.0784295030475268,-0.0152971008726093,0.00714543844369801,0.0111602046572882,-0.00474358870226811,0.0160700815331157,0.0314824633220095,0.112438624730704,0.00741908220623236,-0.00279430989771893,-0.0430046940253087,-0.0618430913749383,-0.0108161225771921,-0.0720923103341466,0.06305793070399,-0.0396306841153422,-0.00839058576680347,-0.0229671579377376,-0.0129848418612938,-0.0591104331061979,0.0742804417454935,0.0182685434423038,0.0323208867785314,-0.0336643969726702,-0.0306852831955141,0.00520879942114791,0.0291482659893609,-0.0271728480491098,0.117135832719397,0.00472596961341436,-0.119631933278687,0.0236105614796528,0.0367274012572867,-0.0117590935037492,-0.0892157589678025,-0.0984566100450222,0.0298085724362218,-0.0293126949020276,0.0378502854524423,0.0322457297716759,-0.0115745829613062,-0.00312604790847829,-0.0376923791489108,-0.0312673208954726,-0.00254533963629748,-0.0211788372305784,0.0389488842275884,0.0690830637907405,-0.0406885443896095,-0.0176857242543425,0.0335482782882109,0.050402582111665,-0.0533846114995534,-0.0312990578528571,0.00503010181884194,0.00642968431112427,-0.0635968804857687,-0.128236730806896,-0.0487259173721421,0.0277735742518965,-0.0463720059669571,0.06459407023853,0.140154662272459,-0.0412499171303477,0.0224203474423739,-0.0486091694534969,0.0479989496785491,-0.0108849244870874,0.00687966375875223,0.0187129454356647,0.075606182928955,0.0500578554833151,-0.0755449779787983,0.0918503887589127,0.0404864315028531,-0.00654453529637818,-0.0666406279075092,-0.0214379168563444,-0.0933583926171214,-0.043335367867563,0.0210581551540345,0.0121173581484793,0.00173480223198691,-0.0180560734263966,0.0509464432775659,0.056928606167906,0.0261161338617977,-0.0157953260125756,0.0241538385959226,0.036503585007525,-0.0402192507775717,-0.00406667326367932,-0.0181244472890537,0.0355385060025528,0.0118667479582525,-0.0287345589655411,0.024559517451506,0.00937118130396665,-0.0162051874544623,0.0262293685588988,-0.0210669815577621,-0.0116962283088225,-0.0692535693515603,-0.0161757268757219,-0.0152502885112532
"251",-0.0324125512642061,0.022345688411369,0.0141741388767159,0.0323324328493577,-0.00504010406390866,-0.0023688187002685,-0.00897733495782461,-0.0995990616291477,-0.00698104961160066,0.10878618219676,-0.0188422832772911,0.0228998869854389,-0.0128815154298313,-0.0831312588892952,0.0351971396470743,0.0352554394498541,0.0427332351881542,-0.0932613703067273,-0.106615615627079,-0.17573317689433,0.0454584885587376,0.0102377518190806,0.0136605750013578,0.0226180134443039,-0.0540075138762813,0.0472506714977891,-0.0638367459345888,-0.0289187514452303,-0.0317172453998579,-0.0335484650720783,-0.0301251841299853,-0.0617622441891202,0.00569814500620348,-0.0180500413286071,-0.027929134019671,-0.03201367132178,0.0160447529177654,-0.10214684509605,-0.0856064705732832,0.0530861792718115,0.0381576528077525,-0.152393242024926,0.10032466332164,-0.00243781485939871,8.04346481646038e-05,-0.086872186383499,-0.00148893754225803,-0.0411262627255903,0.00177021349211212,0.0039491208561537,0.111966423749025,0.0131684923234914,-0.0304498647799807,-0.0652349128877519,-0.0420104616599326,0.0062259574508455,-0.0639769425362236,0.0505883256128946,-0.0268037809350442,-0.0683790126395944,0.031273995042645,0.101574550786226,-0.0495799048623666,0.00897682758350991,0.0165468102929825,-0.00498143213136994,-0.0987846449032125,-0.00378357351302558,-0.022425522638038,-0.00366400609153279,0.0112666078629327,-0.0283266853328845,0.023876684450835,0.065654456585784,-0.0991281370898885,-0.0389119344993217,0.0017702948159243,0.147563153950265,0.046416158311423,-0.00765871003778294,0.0531854518390485,-0.124863789539438,-0.0172907994639799,-0.0458244971030752,0.0099014257943981,-0.0108695940057257,0.031314722103437,0.00092577408552631,0.0226491007074195,-0.0555462635088604,-0.0860368509675615,0.080609946798059,0.0155634951525314,-0.0188730670438914,-0.0413383836513638,0.00546017772042984,0.016459465549556,0.0129700379155099,0.011887460621266,-0.00214581975853551,-0.0424774269950247,-0.0176658203041819,-0.00588268615130208,0.0173686749979255,0.0108304098037268,-0.0230420085380096,0.00777159515820853,0.0422167331821438,0.033807889769396,0.00342500498973455,-0.0166941324685321,0.0207790251999632,0.0103750344152166,-0.0420149932975301,-0.0060849416300116,0.0303791633897371,0.0139245933434798,-0.00581224791887188,0.0180330035725789,0.0545421882558982
"252",0.0842439833024806,0.0133898021143735,0.0267544790880368,-0.0415748439744816,0.00336397893118676,0.0085227410281418,-0.00281900152096548,0.0632059879169562,-0.0289454222674339,0.0259461142982077,-0.0281328876834438,0.0317766791250455,0.0566003052283465,0.078727684662989,-0.0395549344769183,0.0669430934845048,0.0373485177499071,-0.00101262781656371,-0.0254095772170589,0.0997357324040587,-0.00126728182171144,0.110178892563949,-0.0377263212759247,-0.0719370753109223,0.0139702034425767,-0.0799791147215222,0.0050608286939027,0.0498448536570137,0.00952033071207992,0.0499935317242869,-0.170347901248355,-0.0682649837265737,0.00578333198196488,-0.00943141191434707,-0.030439342771272,0.0437854667002586,0.0258014285321314,0.0135677385829166,0.0169976938227061,0.0664880018798553,-0.0439426482527529,0.0401969740008268,-0.0303331287981376,-0.0275022413474444,-0.0484284710045958,0.086940631604854,0.0304348840751171,-0.0281312784047298,-0.086094628925388,0.0680437251083094,0.0415012230314258,-0.0190314963550081,-0.00328469694003077,-0.064059706618667,0.0242084906761802,0.00653566510962523,-0.0649864456596675,0.104806992289896,-0.0198461108860611,0.0517298640193645,-0.00128961698571435,0.0723235536420591,-0.000268808730138525,-0.00181279172600914,-0.0209239283665717,0.0390195971353534,0.087551515710878,-0.0346687190103808,-0.101154130097286,-0.00909222642663186,-0.0123054426882631,-0.0950610780130315,-0.0532756129035696,-0.108444110970784,0.0506181285543128,0.00134984761878445,-0.0540963974961658,0.0733531609942819,-0.021676220459507,-0.073171192875256,-0.0366119130485448,0.0366940677137634,0.122321733367009,-0.0420365115469899,-0.0373483325198134,-0.0364118636351214,-0.0756832417399805,0.0267324876718286,-0.0595349147811586,0.0260572375514352,0.0876116046383695,0.0520642998935106,0.0243199646392525,-0.0180660297742634,-0.0613950757910362,-0.00981314733221719,-0.0168983215982659,-0.0248680171562562,0.021349063943444,0.0435438067915815,-0.00234133860783429,-0.0203995976514524,0.0270506928072576,-0.0416240512915077,0.0276202114088027,0.00871825842656161,-0.0185768583601724,0.0378384721541162,0.00230063622426553,0.0138760857186039,0.00321135248013221,-0.00758517340414704,0.0114111008639827,-0.0194547952456826,0.0310497472704418,-0.030308227310798,-0.0370833174974155,-0.0186188756427966,-0.020375955040152,-0.0532200140829852
"253",-0.0431092666011569,0.0356866795282449,-0.0672661151964975,0.0813838173735993,0.0208288199919836,0.0571052740619686,-0.0159362517896982,-0.067116357918433,-0.093797002293182,0.0401874041379462,-0.0617505574713385,-0.0792889652688587,0.0095882780229328,0.0372245686607152,-0.0302615546490593,-0.028458300424209,-0.0963237557960333,0.0553742705031492,-0.013634481313033,-0.00833196017002165,-0.00563372955649693,0.0544600200468392,0.000782722309742681,-0.0681859027180126,0.0281339116491064,0.0257850040855112,0.0792096773440833,0.00865001268920578,-0.0305947279777939,-0.00424716100706861,-0.0442437483846571,-0.0237724323172979,0.0359976318557688,0.0186268371096718,0.0275740259302741,0.0144791181691637,-0.0132803883757898,0.00800685824358589,0.00778760497151802,-0.0250677692831149,-0.0167420147880947,0.0147990096012706,0.00779286654968956,-0.0134654790622947,-0.0406662602638667,0.0229292016936963,0.0525105425366659,-0.0634616141249053,0.0620371467402832,-0.00431841417533395,0.0282714930589011,-0.0130917506887977,0.0262912676025234,0.00368436878618962,0.0112905154857679,-3.06346055716146e-05,-0.0433347496440195,0.012928974866666,-0.0608337201925758,0.0259681567814184,0.0333994361837043,-0.0113214374880029,0.013531421723313,-0.0792062955716529,-0.0292023619613633,-0.0150861319956585,-0.0498971727864089,-0.0639013890620651,0.0414169048266876,0.0118493934211337,-0.0226222617227426,0.0054161597266333,0.0280603146596546,-0.064777762911584,0.0113152425627586,-0.0407513023634759,-0.0514591769134828,0.068977670415116,-0.0196240602817153,0.00623421419651495,-0.0609586651958317,0.0678688265822302,0.0417359586800536,-0.0368690023354022,0.0149211017836323,-0.0224224803994165,-0.0255673016622547,-0.0597374937125767,0.066677668964848,-0.0250317664973938,-0.0056101259556788,0.018121697151231,-0.0604640732501969,-0.0606784055130795,0.016849772290511,-0.0260980382309609,-0.0055437619770197,0.0213580619210685,0.00727819092969567,-0.0357511340434768,0.0205935166351189,-0.0337904045528477,0.0137612855620141,-0.0413437480970989,0.0266144980214698,-0.0227053544428012,-0.0249560911262163,-0.00958373617974029,-0.00183697542932298,-0.0186144990634331,0.00224992344327107,0.00911266768564922,-0.0365084629298974,0.00972274513146162,-0.0243957436598177,-0.024539795036535,-0.00214520431269519,0.0243458040772534,0.00256389512133281,-0.0310668455577031
"254",0.0694737246260486,-0.078626405450339,-0.01754219892659,-0.071017743319866,0.00856098207932575,-0.0700323401335274,-0.010829559073959,-0.0785400475040164,0.00458806006432836,-0.0463400557178596,-0.0281514828801736,0.0210499996013952,-0.0559156325802014,-0.0681711877919075,-0.0303248296313154,0.00389488374128966,0.0376277720349488,-0.010258053452612,-0.0785895026851185,0.0343026322730619,0.0334646176198359,0.0075307271567415,-0.00350737504856125,-0.0389772886844522,0.00670450733478579,0.0306560831280139,-0.0209266247574541,-0.0297038939794186,0.0676329210606104,0.00443151881563186,-0.0730339942564791,0.0506983521701935,-0.0243452357279419,0.012222666049131,0.0477821711844149,-0.0389760491690383,0.011221594688192,0.053138060722491,0.0271322508199697,-0.00222912559675712,-0.0141539706693912,-0.0326824263147976,-0.0615428663041386,-0.0138794735229251,0.0554852132474981,-0.0240288377119965,0.0295328297667171,0.0117280399702258,0.0641209491837242,0.0064682911285703,-0.132784044095633,0.0103994566553599,-0.0154775369329998,-0.0795988740909525,0.0851173941934333,0.0704662801151845,-0.0107128489691977,-0.0438103357488666,0.0185738733876583,-0.0304553522241183,-0.00736521895555219,-0.025909022809258,0.0141892066153751,0.0392657196156424,0.0108659105445031,-0.0040772650381183,0.0126660456746461,0.0601360851853753,-0.00351807873873124,0.000101186971791376,0.0316119112872482,-0.0196355470708958,-0.05565541021006,0.0334766767047623,-0.00482744456034771,0.0752084892711406,0.0192711209014483,-0.017011925140654,0.00758985400990424,-0.0500422653316608,0.0712106722370625,-0.071084647691706,0.0223374784105978,-0.0115819735427423,0.0266533596478035,0.0472241008441095,0.0121134596960886,-0.00809139358718229,-0.0371791249299156,-0.0133709457482698,-0.0450758198160152,-0.0661646723870176,0.0515325289416663,0.00117694618233234,-0.0250937473591168,-0.0215940448370087,-0.0341581327320602,0.0234819622035283,0.00813589385938066,0.00565892540903034,-0.0271630265874695,0.00480240390755474,-0.0296535952511289,0.0646063196243216,-0.076202909389145,0.0679021528938568,0.0514301247677621,-0.0221947314320271,0.0490847521372204,0.0359939240314373,0.0142896931570804,-0.0437845568016652,0.0460619379187192,0.0124565044352473,0.0277899808939493,0.0132427326562052,0.00260051230360551,0.0259420959350946,-0.0351210575076887,-0.0341311433902363
"255",0.0681464004541478,0.0334121397906026,-0.0453015357419383,-0.049959428323587,-0.0949524988614045,0.052971119806858,-0.0592366276379926,0.0438827403058348,-7.78065921813206e-05,-0.0591215902652461,0.00863646953501255,0.00580226475876372,-0.0069449516690998,0.0170892941580357,-0.0487638839863396,0.0362154272671222,-0.0588985257598647,0.00152889355346092,0.0738706095251243,0.0197438461478192,0.0621913774501015,0.00803165861430856,0.035620426031786,0.00812203630684519,0.0291929558481282,-0.0865292750712146,0.0375497706469499,0.0544876911887781,0.0387140288024277,-0.0442817027359438,0.0202834393381021,0.0529476001410778,0.0473267641375821,-0.0617956587323035,0.0382604912020095,-0.0474242233789518,-0.0909250729570911,-0.0593995734725104,0.0119106444753766,0.0575301547539455,0.0314594376582988,-0.0651868744234659,0.0551546792049787,0.0477529923858531,-0.0129110565625648,0.043015840854162,0.0204577716470779,-0.064791419985062,0.0403385202373987,0.00132593215342691,0.00209959412462433,-0.0404259896528057,0.0622074825085239,-0.0329427094580295,0.00441257433628664,0.0239534781335256,0.0132650998171503,0.00713664322566459,0.00567264672910819,-0.062920044234772,0.0289328970807264,-0.0149548975348411,-0.0627030464824328,-0.0333071931327946,0.0112305740696057,-0.00169011196880091,0.0378944330984959,-0.00406852997585301,0.00173863415979531,0.00628426374183988,-0.000994450599934489,-0.0483308479470262,-0.0719320004525597,-0.132606926919793,0.044771837767796,0.0214505358291509,0.0977197684140256,0.057387267365137,0.0555875330927232,-0.0219237068445981,-0.0379392225187357,-0.00416705972756604,-0.0497842192039266,0.03159353387717,0.00644221400192535,-0.00844862443288213,0.0353855475598559,0.00310230923280617,-0.0828323113861322,0.00906112177519738,-0.0327668663770223,-0.0613380072725742,-0.00249165814490232,-0.108190738711774,-0.0373961010507904,0.0605865337193553,-0.0270547111805256,0.0164484380781979,0.00798042709069747,0.0554588490768364,0.00713527446157733,-0.0435038013256561,-0.0129985174104786,0.0136946820418646,0.0253114337632867,0.0467778927239589,-0.0165026726055462,0.017043518650528,-0.0388520834081655,0.0610889662114848,0.0552980071949297,-0.0112534326994621,-0.0342739050722102,-0.0260384515574737,-0.000858723744661373,-0.016048637782723,0.0479738092198569,0.00222195669368808,-0.0453821480362035,-0.0539983075245715
"256",-0.0214542542813968,0.0699752848060271,0.00661708343215756,0.0778412279969988,0.0442781330612432,0.0121520554438742,-0.0497948284692458,0.0872893448868906,0.0289528552921372,-0.130129179635108,-0.0368859467981124,-0.0153137498134863,-0.00798652878725318,-0.0530613284865971,-0.0197321918552496,0.00752981173449536,0.0704294448133619,-0.0226377119523333,-0.00346354008621253,-0.0064632418991291,0.0449468189201838,0.0282499482427265,0.0826010974701672,0.0160046520987032,0.0213744218175312,-0.0953329670550064,-0.0334239300810002,-0.00142942819460376,-0.00957109290502868,0.0375909139279406,0.040082523430119,0.0586425722797963,0.0422794767993928,0.00296252118617227,-0.119917411506859,0.00517831769165926,-0.0358816482040405,0.00384399367499204,-0.0763804528100542,-0.0809607200326723,0.00424194612009455,-0.00365017798617826,0.00957701240143922,-0.0285378177542798,0.0351748226402237,0.00808981251046073,0.0553264821612487,-0.0270540468004072,0.00266590968425088,0.0831997570577779,-0.0179691952358132,-0.0442350868625013,0.0752679495853519,-0.0157277785205581,-0.0179639407607098,0.00243086525025718,-0.0298525363656128,0.0698279856874884,-0.0549595070007122,0.0282628401017379,-0.00612606440769737,-0.078382801622065,-0.000535855759692243,0.0167725430732039,0.0194376177207543,-0.00504036526251675,0.0232961770096059,0.00877952425062039,-0.0233896558863126,-0.022995919924809,0.0380905194693554,-0.0468178461989129,-0.102974709419963,0.108705813244213,0.0401218104876159,-0.068348764404923,0.0375652390372274,0.0433772638850086,0.0186237478936647,-0.0207886257499272,-0.0588363413428052,0.0212007647602988,-0.0453360297610522,-0.0526239550402888,-0.0391900361396404,0.0575389340389879,0.0572478506025202,0.0100719066542242,0.00333616993437389,-0.107384611679828,-0.0043467945753,0.0272658693555858,-0.0203597963493771,0.0715268803650117,0.00668410484057771,0.0118744663687509,-0.0185780529909247,0.00170693447020905,0.0143340882472217,0.0237328389942315,0.0396017652031837,-0.00722078731561781,0.0170956245303541,0.0229162100229665,0.0330456605195473,-0.0143658473661334,-0.0448187680626892,0.000254590858136691,-0.0318696201714516,-0.00653075415656136,-0.0438963705888043,0.0226441392444291,-0.0125079556495393,0.035762533269943,0.0149780338191192,-0.0322605027820865,-0.0487295467541232,-0.0140838287114046,-0.00311682372434461,-0.00733356138006105
"257",0.0692287297347631,0.023907523827447,0.094460787647175,-0.0589412486920329,0.0416746716062904,-0.0466566530758582,0.033519387768276,-0.020167306868662,0.047466913200788,0.0398255701480165,0.0276850647434982,0.0280667550817872,0.0347854730942881,-0.0938933749463529,0.00731331727350445,0.0338313083661643,0.0140696427212445,0.00992309810541698,-0.0147469403486608,0.0391274277401774,-0.0351208040973708,-0.0195122073707432,-0.032858901279915,-0.0651569658001946,-0.0227331520540852,0.0673794826228851,0.0250931644902759,-0.0125697040656018,-0.0727833004442268,-0.0234126788287699,0.0872851429675206,-0.0310759034186608,0.0113820922129631,-0.0128472541784573,0.0231368904249411,0.0373772228055952,-0.0591670789937613,0.0952716530566388,-0.00348064807034541,0.0598320435581187,0.000396290757267469,0.00925770901294118,-0.0266698060825166,0.102612985394256,0.0219186750755003,0.0245233721408126,-0.00615330709712398,0.0505258403957985,-0.003623599162636,0.0220254064749697,-0.0109083506164826,0.0329342304680119,0.00110201879851391,0.106065529025833,-0.00372970997458651,-0.0134251281053632,0.0977617843363748,-0.0077989982398844,-0.032286048103044,0.00622017752487198,0.0409579489322198,-0.0133904255781556,-0.0576649913395659,0.0437793509751433,0.0298015070349653,0.0101954201035494,-0.0507148912479694,0.0329101524316381,-0.0750923958619999,0.0414678205827275,0.0443470908340574,-0.0514290553688114,-0.00457818848252483,0.0117909577744793,0.0623336098867257,-0.050369351184487,-0.0287125048046823,0.0152109613170792,-0.0697353728258085,-0.0367192093707521,-0.0342312260686982,1.27213442988401e-05,-0.002246983784745,-0.0383570015498861,-0.0593702676238876,0.0296949571568082,0.00162154869186639,-0.0309628826197989,-0.0320020661364225,0.00283963032532843,-0.0686972481936828,-0.0278235919094029,0.0549893638062456,0.0713240210616981,0.013418829840527,0.00519921376501714,0.0216014031110054,0.0108718899600598,0.0216185368511831,-0.0234125821573642,0.0143342018830407,-0.0349829857818211,-0.0320041294470302,0.0097526161563793,-0.0212832360755706,0.0685395488227414,0.00401398870982124,-0.00313293799305613,0.0069073089692369,0.0208413784102767,0.0677876081747591,0.0152940187286031,0.0326973566201474,0.0773713971749807,-0.070288861181874,0.0540675328907063,-0.0268044030438299,-0.0392268135720138,-0.00932965598760647,0.00246128726313472
"258",0.082610262450618,0.0200280779585104,0.00552817996864507,0.0357521597618602,0.117815447243172,-0.0544076671173191,0.0171704700262022,-0.0461042086283687,0.00873350915360588,-0.0151160718392774,-0.0158097930141809,0.0186884365847339,0.0112447400853763,0.014659544335247,0.0117142248602338,-0.00834531367013713,0.0381162748885028,-0.0743319247002216,-0.0449646732929326,0.0247709468157717,0.033052858726388,-0.0646255952331016,0.015447778947969,-0.0269490318237813,0.0287075188093913,0.0550319295280804,0.0698755524488499,0.0257073243169777,0.0395308135954238,-0.0658670574665104,-0.0608043584862085,0.000129601966135532,-0.0255384603212568,-0.0130100597507773,0.0344059876161398,-0.0646953653201243,0.0411363728436333,-0.0334369111937934,0.0249472540927242,-0.0171726966378164,0.0507252287532698,0.0161261920356319,-0.0987231205658721,-0.0390633990347903,0.048820001637833,0.0258945929278972,-0.0595938241358658,0.025277511614316,-0.0159751089717844,-0.0438276284081716,-0.118113554871255,-0.0506867255508209,-0.0847605045715979,-0.0265139313935117,-0.0978091922783228,-0.0161996828252517,0.0381700547934376,-0.001213198952768,-0.0569823238459004,0.0859385140628373,-0.0411273151025349,-0.0423175733901442,0.0688675396503596,0.0202279787419882,-0.0158071706266851,0.0450738733179919,0.0333005972616303,0.00367102177909537,0.10040042543596,-0.0304249482531563,0.062543003526425,-0.020101138332884,0.0774618720343326,-0.0812066446713813,0.0639262747358855,0.0208781050298792,0.00771452244209411,0.0451915661101913,-0.0100091948084932,0.0802175432486024,0.127033727624673,0.0456738774253982,-0.00330506265337173,-0.00911045553400181,0.0196545127322487,-0.0492481686539469,0.00521346833952911,-0.0763013987972559,0.0254254741035584,0.0134993733230074,0.0396555084128169,-0.0416764178393355,0.0541518251780246,0.170333074596782,0.0258401928783319,0.000873659940584868,-0.0106752080748185,0.018327777176708,-0.00286709235769876,0.0088705542642613,0.0338296742444736,-0.00146152046843972,0.0618778615166068,0.0194170636531058,-0.0560131337989637,0.0704234812481296,-0.0120402153403494,0.0353212450252017,-0.0468544449655213,-0.0354721270458368,0.00143135078844635,-0.0116347188946536,0.00481282804799501,-0.0269325587182542,-0.0243599445643078,0.0059912196489625,0.011518055683316,-0.00892480415931518,-0.00273153139019852,0.0283311975740831
"259",-0.05103401177012,-0.0750490283360949,0.00992316202233121,0.00763223324185892,0.0294776989106719,0.00992146075312915,-0.0109160766768964,0.0117925325918583,0.0702971914087301,0.00663792064301791,-0.0950804045405625,-0.0482130010353864,0.00809236323814989,-0.0557666827233692,-0.0688997505190403,0.0169388674849814,-0.122288977421352,0.0115300528199808,-0.0453728984817078,0.016283272911833,-0.0349197607959263,-0.05533291262614,0.0391914291293058,-0.0324517295140603,-0.0283507907659428,0.130526249565757,-0.00479352823315131,-0.086242606926484,-0.0609754890313642,0.0835717884992323,0.102154688927846,0.0502019181454222,0.0488099333285971,0.137021784808808,0.0152585990207554,-0.0343239158607601,0.0153373879051165,-0.0597431596159032,0.0234193249681598,-0.00972540859103634,0.0207161644161658,-0.0214936037688452,0.0828731767709321,0.0181550616264603,-0.017586023086498,0.0627702180504306,0.00863400830043177,-0.082933938204298,-0.0467381595586605,0.0752718217179369,-0.0149408059734196,0.0127207340081324,0.00369367713867378,-0.0160783663959095,0.103331323929628,-0.0287656705957285,0.00960899417639987,-0.00709856459854377,-0.0390078828103472,0.0871529697945658,-0.0503424665322309,0.0437453427785364,0.00261777885287024,-0.0439430188417072,-0.038947972010083,0.0186963042125837,0.0349721540721639,-0.0593827940072679,-0.0165587933183482,0.102317323871831,0.000290729205048992,0.00253941227190978,0.0511219791676476,-0.00362345156247927,0.0767413463646321,-0.000442735023191236,0.0633357550655778,0.0511012376859101,0.0965906310725265,0.00586011360419562,-0.0652307106305998,0.0156905467891147,0.0301653176568375,-0.0225989608222699,-0.0786914196938894,-0.0176142340047503,0.0256080677942441,-0.00405240033554675,-0.0607007178310825,0.0466786173997013,0.0738304125343374,-0.0553849339633078,0.02184273743946,-0.0287694862966169,-0.0792144902537389,-0.0204295769312974,0.0706105833988855,-0.019287270781473,0.00628792127615028,-0.00124749625706899,0.0273704846814333,-0.0181512161474635,0.0257385451280817,-0.00452775200525594,-0.0483825642856902,0.0393235375993742,-0.00526820644734805,0.00182778763266239,0.0297710267203757,-0.0223785928441241,-0.0158230821738421,-0.00877261177738894,0.010431357463357,0.000444130334889025,-0.0158822651936811,-0.000736977179914066,-0.0174074957285889,0.028625809147311,-0.018171886040752,-0.00893241061448491
"260",-0.0791781082277929,0.0297215728148315,0.0358182680726935,-0.0332817274406593,-0.014033087809807,-0.059492685462224,-0.110201753317824,-0.00503049491003438,0.0360172813718387,-0.0393742136713793,0.0147880034873417,0.0143148549818439,-0.0033248783307339,-0.0451190603671504,-0.0115993354787774,0.00799489142240782,0.0248483124322772,-0.0138808976190165,0.104166409582382,0.0121908856118834,0.0384653910428696,-0.00350660689347215,-0.0367878596552807,0.0183668671667817,-0.0291873707155826,-0.0308859722990806,-0.0253072909602804,-0.0538227140182501,-0.0718069532689485,0.0727319345310791,-0.0358386257817345,-0.0160833150760363,-0.0720296240656606,-0.0146100511823333,-0.142465750302764,-0.115220105767948,0.010905747938313,-0.0706975649501728,0.0276536567781407,-0.0222811105708165,0.00406445094760091,-0.101689913538036,0.00466468059089875,0.00297020014579508,-0.0747807872231954,-0.0206066107638546,-0.05244239644228,0.0529735389325172,-0.00324352663551709,0.0185247945402747,0.0229458138877996,-0.0538340971893889,-0.0157116754365664,-0.0306863783784707,-0.0895745509872611,0.00999019491172439,0.0232169354994586,0.0727523426723576,-0.0408434900300286,-0.0481270906893614,0.0562943355843969,-0.0405320954864058,0.000303666278111605,0.0716025387702211,-0.0188046812562272,0.00643195235049224,-0.0292591903543063,-0.0172076116516152,0.0742482411379746,-0.0613986043692506,0.0430561162988857,-0.093619288003776,0.00307685589190908,0.0357358608136443,0.0401712202896322,0.0145312484826675,0.0378149080665898,0.0576521650646357,-0.0313179851534014,-0.0465030091736145,0.055115435796081,0.00696948023418573,0.114480219383623,0.0258061079596645,-0.0068977694408171,-0.0836773716155292,0.0445762947302036,-0.0095162185069409,0.025462141742056,0.0011194488315488,-0.0397965647819491,-0.0380852043488904,-0.0649200663572355,0.0133983637485437,-0.0177152036334882,0.0266775655789791,0.00940610515382886,-0.0160315339325405,-0.0767657759976167,-0.0632504910218383,0.00996471009405288,0.00804380690857392,-0.013959737015757,-0.0397989984209032,0.0673611368581906,0.0178548400788919,0.0104439726268094,0.0111771451574773,-0.0394351205325937,0.0317950792495841,0.0374509746990291,0.00361559834435512,0.0507339586477196,0.0456646492094083,-0.0380353379487023,-0.0244360661986953,0.0277027132052204,0.00754153788472091,-0.0298893255490259,0.0346735768524323
"261",0.0722274465582352,0.00115832897582967,-0.029092941307712,0.000979174981070423,0.087747063128072,-0.0166914401047705,-0.0980117776213757,0.00313492156535874,0.0439140550187086,0.0449943526534233,0.0825244698410428,0.0398192397873196,-0.00852860460048134,0.00824062267772977,-0.00379874334292202,0.00897409055441146,-0.0164895160323103,0.0668999005904906,-0.0692922600058965,0.0375972218471354,0.0269269451455681,0.109790650125245,-0.0157264182769922,0.0514506709487543,0.0291781076490082,0.0167290892252795,0.0273190819402467,-0.00451687395924598,0.0457574754015205,0.0318149879431102,-0.0482165464887897,-0.0277162322840826,-0.0319435589545104,0.0128422329014551,-0.0994913449574252,-0.0521981364159704,0.0249512663518296,-0.0621623400310866,-0.0692221370603081,-0.0224172358191641,0.0373209654546721,-0.0214425589014315,-0.0206833074423821,0.0158804684295659,-0.0977606143187206,0.0376450892833459,-0.0421334764595094,0.0119925518341877,-0.00533364418900067,-0.0275723215616907,-0.072762215467738,-0.0014557402763872,-0.0474513806871734,0.0778432594095665,0.0531838721541863,0.0196978139218958,-0.0441472762737133,-0.0262092133029387,0.0509527323659731,-0.0590322037865115,0.0396924737087229,-0.00155065678820957,0.0101082492605188,-0.00587006528467025,0.0744645327284941,0.000541663850342534,-0.0521173262412696,-0.0153339993276378,0.0170501652524845,0.0415976072781279,-0.0597654032431389,0.00704620383243297,0.0238694709136109,-0.0279983767023133,-0.0420031062002184,-0.01110515399319,0.0440868906874782,-0.00514018994396229,-0.0394741128415369,0.0343879248132951,0.0123910234199767,0.0951129228733864,0.0049115968813276,-0.00191725745058811,0.0229434298139149,-0.0540118071297983,0.0018358778027784,-0.0284949487165461,0.0285722453978621,0.0204622391698662,-0.00495995778558282,-0.0276390519453621,0.0342986193969946,-0.0106162381914895,0.0821564577527528,-0.0527760519277738,0.000893539985489532,-0.0159817228579731,-0.0310884145665834,0.0281940829194217,0.0341376269458297,0.00129423883073175,-0.024194588775889,0.0206336121773886,-0.00885443940160757,0.00745375723333084,-0.0497146920416873,0.0320093239104452,-0.14721172646971,-0.000856005965862029,0.00198199574854738,-0.00282892905535215,-0.00839405467278752,0.00488323780143736,-0.0248191137332864,-0.00766694820854579,0.0081895329357078,0.0471793179131284,-0.0696215365358825,0.00546518131740472
"262",-0.0215202694037711,-0.0348148735070088,-0.0235324807526892,0.00270190427894023,-0.0254550194696495,-0.0238115647595368,0.102874598259585,0.0553042718320906,-0.132794893525177,-0.0793673588491933,-0.040894468292735,-0.0200624366561585,-0.0362167959912487,-0.014446833550825,-0.0669206653245715,-0.00871743407616301,-0.0372708330474598,0.00148697443504873,0.118953281686371,0.0626609804771066,-0.0348386863669004,-0.0640803599293198,0.0339718852471198,-0.0388806558030175,0.0151800648479539,0.0559170030447029,-0.00465517667319202,-0.00633646458693321,-0.0224110915504316,-0.0633580753774049,-0.00216401955942907,0.00408163352806791,-0.0549440535781135,0.0235845010893655,-0.0389364786183383,0.100470984888133,0.0304078295919261,-0.00722019056829683,0.00781633840733818,-0.016968325996414,0.0362002693446864,0.00415311496565215,-0.0163609763765272,0.0869925707580254,-0.0186052036559188,0.0329380175085668,0.0917402370107837,-0.0426285704342842,-0.0850909269021542,0.0673917353102911,0.0394511859572891,0.111961554755471,0.0440919351476087,-0.0294096574741453,0.0107770356189465,-0.0492663106487387,-0.0223040079786174,-0.0791968329237065,-0.0462142087099329,0.0330126809746038,0.031009553349788,0.0793924673385146,0.0271215922258592,0.0409121860355267,-0.00819167777294786,-0.0178414077508232,0.0152487059994791,0.0528961177933281,0.0178387494880828,-0.032838269519103,0.00921629940649656,-0.0586162997551227,-0.0121846177203152,0.0308006852399688,-0.0303953518856001,-0.102617708320968,0.0174859761039149,0.0142787214839842,-0.0129440671363464,0.0350047693126891,0.0910048900254481,-0.0473223605886475,-0.0291671125723448,0.0104797413442874,0.00331081290621907,0.0166512266236353,-0.0429436523036146,0.0789816883835611,0.053268711740876,-0.0328101227994741,-0.00650636410271415,-0.0316898068800037,0.0562506923046509,-0.0409836556746359,-0.0010652575729105,0.040128639313493,-0.00407172890663763,0.00534758506436749,0.0273074800889175,0.0162802995689854,0.0154367073996005,-0.0014695207099331,-0.00440839053946204,-0.0132215715745387,-0.0445831449829338,0.010104962406429,0.0140112704772469,0.00213178146139383,-0.0649145836300186,0.0496678274708597,-0.0120449280699243,0.0578179301278608,0.0114463105417556,0.0317352259597719,-0.0431372950549028,-0.0499550868005123,-0.000721107173727698,0.0765688120531267,-0.00558418929215868,-0.0190118320038914
"263",0.0587002773980347,-0.0247310490276108,-0.0351422868269067,0.056590633140685,-0.0697196840232717,-0.0758361549649242,0.00341990366316616,-0.0144968286053644,0.018371883356406,0.0902469748972397,0.0260888025933955,0.00134218950268423,-0.0475328985316837,0.0671019480090279,-0.0150897769587491,0.01055712210772,-0.0450693182014688,0.0833009032627565,0.0439010759588894,-0.0411704778070741,-0.0843269876852268,-0.0972466444676403,0.0136007842489566,-0.0612924627064054,-0.0401394916813245,-0.0746749899943758,0.0185786870435128,-0.0021558211799304,0.0890734400095477,-0.00603258940962413,0.0258234516284086,0.0808906474715801,-0.0449440923711656,-0.0411076560030575,0.070370654586464,0.0238124358245382,-0.0398864971080929,-0.0230312281335005,-0.00549305579618329,3.11222938629419e-06,0.045768194996881,-0.0295817946666264,0.0981293375778828,-0.0423216961808476,0.0335521147739865,-0.0258601551837509,-0.0313238452327568,-0.054815711852033,3.08237919240036e-05,0.0708436588777815,0.0366682318126344,0.0321602025071222,0.0305518602426799,0.0368460305841803,-0.0652412046343673,0.0514494638684678,0.0240575177941526,0.00807906741599719,-0.0409613663618481,-0.0117284536195125,-0.138077113873657,-0.0359938418549872,-0.0771355031329571,-0.0338211889402831,-0.0163265781469249,-0.0114265801658891,-0.0138335268589272,-0.0205333660210483,0.00450684531177227,-0.0808346850687584,0.139313795210748,0.020752858710799,-0.0269247375255528,-0.0539194865156026,0.0452117311462054,-0.0343904242504958,-0.0155265700279571,-0.0849303356552843,-0.0203271514374609,0.0458017417708039,-0.0176083525586825,0.0110135396710579,0.0529988826555398,-0.0106404294985395,-0.0476371641854857,-0.0288517135176408,0.0411071730403409,0.0644528028871967,0.00491123986482988,0.05855524535408,0.0227338820057207,0.0745383013747272,0.0242479837475469,-0.0660519544042536,-0.00875731110716824,0.0437462891501631,-0.0220496897231642,0.00514747223660648,-0.00508427834275455,-0.0483877972144918,0.00941791965559887,-0.00364877034558112,0.0313288289191542,0.0287411676899,-0.0178619260027929,0.0164066900556398,-0.0258752543986203,0.0383886566910486,-0.0119300122557363,-0.0312665506960428,-0.00575632857609517,-0.0644726306337887,-0.0537939127824645,-0.0264192438703495,0.0238422804683658,0.0154059119520212,0.0235064578478968,0.00565268176605738,-0.0067438627584069,0.0266826677903954
"264",-0.0729615504527807,0.0134862050503241,-0.0351699785951917,-0.0272318058450366,-0.105504522067023,-0.0409687772542194,0.0103209926712996,-0.00904646754815104,-0.0212814385167455,-0.00507317540405991,0.00747991368086344,0.018429363431293,-0.0604566016878878,0.0394145420840997,0.0980273027790665,-0.0867033309994949,0.06041568924688,0.0557901200398191,0.015171465962612,0.0184399410323982,0.0762680393040894,0.068532054345073,-0.0245034893994949,0.01544508924037,-0.0144472980963028,0.0288773508460781,-0.0538396986201179,0.0620618614018238,0.0500247529103323,-0.0386072019720232,-0.0613131453203303,-0.0219610109721962,0.0113092929331932,-0.0306114903678889,0.0668297212236097,-0.00755618496589579,0.0697684282355699,-0.0256800453882802,-0.0399395248444634,0.0615969845901885,-0.0406263682094501,0.0638196061112553,0.0954968779239708,0.0348471843887585,-0.00787846973083865,-0.0504226512625848,0.0312410077751905,0.0455608721302782,-0.0477890190333713,-0.00992501056390378,-0.0206803002324665,0.00178629299048306,-0.0512616747695139,0.0273208266611192,0.0396427219038442,-0.0170863286299228,-0.0676749691007449,0.0445242381810289,-0.0429924079834784,0.0268474027801392,-0.0438136095347177,0.0520669573053834,-0.0514369049066163,0.0753690377541096,-0.0263925075000115,0.0146438184749904,0.1373858743146,0.0117462804181419,0.0363793730604091,-0.0405137937313314,-0.00513408483438087,0.0163730284321686,-0.0453483523291488,0.0844762183201486,0.0221498865904046,0.0654299553379986,-0.0276897365955817,-0.0738972915733454,-0.0391394784510521,0.0191781161479931,-0.0519089806125191,-0.0847772845691909,0.0530121507353413,-0.0575191977589919,-0.0235516125178438,-0.0697919166625166,-0.0374128380188761,-0.0540121957757032,0.076964736296826,-0.0181617120120547,0.074006822835656,0.0555541781187738,-0.00701055618535016,0.0522506732996971,0.0600111145072305,-0.0113527856560834,0.000389142514142016,-0.0247128471351988,0.0339528938727027,-0.0425871717109643,0.0231235965251725,0.0438650109800487,0.028929926890544,-0.0208881748757029,-0.000623727315088909,0.00570809665913794,0.0279771372064816,0.00351185206839115,-0.000350006312370988,-0.014479895256793,-0.0286220048368857,-0.0062943588086597,-0.0436478053608242,0.0152944506211883,0.0046832566538069,-0.00093910807521335,0.00301968422974575,-0.00540568384219273,-0.0460580620897922,-0.0292214243375417
"265",0.0554734729336582,0.0221178793577634,-0.0562931984337954,-0.021477580370778,-0.0981844923583256,0.0195605983760204,-0.0155689739150517,0.0582418700203798,0.0495757138792856,-0.0133408544827114,0.0669254710734575,0.0390089853173678,-0.000117713676898227,-0.0928157907049412,0.00568848107154079,-0.000929567016299419,0.00687051181625019,0.0463892223327624,-0.0705277055814399,0.0271857114706698,0.0228234943327169,0.100671827484671,-0.0162766358462411,-0.0667640761993362,0.0892859441043134,-0.0339266048871012,-0.0320277507197863,0.0396911129917877,-0.108426584693258,0.0208270617415961,0.0111855645378422,-0.00969822234226897,-0.0295766605497863,-0.0768750001363593,0.0121358140672226,0.0287959488381949,-0.00226888300109852,-0.0693344674860571,-0.0635880453735569,-0.0646959815665952,-0.0383928356327832,-0.0274900764137523,0.0772864189717096,-0.0102288618611562,0.0361187015729846,-0.0615242759468186,0.0497368142790062,0.0637718161768372,0.098880755126499,0.0915151027934978,0.0130309864828018,-0.0197281598987496,-0.0609842512695663,0.0290842839768084,-0.0690687133087015,0.0138414997000781,-0.0357380583440997,0.000109611065910618,-0.00313208484545966,0.0459535501751595,-0.0585333708871741,-0.0556041118157531,-0.0713798339355027,0.02484996830188,0.0161741362277044,-0.00645890065909011,-0.0262814221004429,-0.0472922460345581,0.0163313679409635,-0.0828906612932688,-0.014631758317502,0.0268767251545459,0.0705705054608101,-0.00463413250485183,-0.0299616053441753,-0.0276091389357227,0.0284354243215449,0.0535476326803904,-0.0158225438466765,-0.0234118018201818,0.0741647125379924,0.0229051187170199,-0.0407111730137941,-0.0024611266337809,-0.0979476394504045,0.027310503771723,0.0297057396669074,0.0250537425654378,-0.0689702933903125,-0.0225771536567843,0.0310356107919244,-0.0901760532587949,0.0870128920586218,-0.00539353300668585,-0.000214068541790881,-0.0517335751073985,0.00553847997076993,-0.0180452382304047,-0.0161241512003825,-0.0198859208134974,-0.016694564911367,0.0410353907036045,0.00975675874768831,-0.0569398348541969,0.0337243655269448,-0.0701963945897757,-0.0276079338681778,0.0240298337203347,-0.0240166557331714,0.0206188009375884,-0.0134205399806925,0.0262283649655275,0.0106873225906027,-0.00402279646465873,0.000326995918514215,0.00920776991087536,-0.00174985185307111,0.0391728569176584,-0.0300165270578739,0.0271381489110545
"266",-0.0617565923353139,-0.0550606689049734,-0.0561134928889993,0.0499521206283564,0.099999451826275,0.0173919563974494,0.00675724988613061,0.0372460168889581,0.0164582289218439,0.00449126249023552,-0.075122103976346,0.0377225090426931,-0.0386466993093679,-0.0188029792404042,0.00221153567490425,0.0402039638751495,-0.0100049620944283,-0.0128801073249177,-0.0228465264277663,-0.022696191666572,0.0308438054029107,-0.0241435734182232,-0.0393808552627305,-0.0718883922308165,0.0274023561791336,-0.0245844607921213,-0.110507174869789,0.0619761102328582,0.00499759528466291,-0.0519751433648658,0.0507531908588095,0.0317711567157267,-0.0539441773520675,0.0633077428931258,0.106760335216425,0.0247830935932611,0.00213026838961045,0.00547542093641065,-0.0684803678127733,-0.0320181615166524,0.0439254160258944,0.012136285939167,-0.109750039746068,-0.0891552628748089,-0.0193102327086398,-0.112308253463534,0.0511508132511775,0.0315008313744988,-0.0207122603025191,0.0176414485435933,0.0435974768342147,0.0509094482253822,0.0356135299060588,0.0593127143107875,-0.033782594942515,-0.00360838951279416,0.0210364541707831,-0.0529945640778774,-0.0191654002327859,-0.0148683101617734,0.0398190358136836,0.0448643497308484,-0.16319502281791,-0.0297056507628458,0.0804639280235425,0.0380477698334614,-0.0205278216403599,-0.0269231374173617,-0.0238590219787484,0.0341751428162139,-0.0395583210877384,0.0374339936834588,-0.0336526141491222,0.00599868825699516,-0.0249997018298377,-0.0161517184870945,0.0357105754548196,0.0156072963697809,0.0329180465130311,-0.105391830553825,-0.0595190217726764,-0.0365427338324205,0.111353018815261,-0.145436081965539,0.0295027066665915,-0.0156189773360281,0.00623988368270905,-0.0744231112405556,-0.00433722758658981,0.110399600898308,-0.0326030183376166,-0.0569576676207946,-0.0245726634205148,-0.0108936992497906,0.0523602654516064,-0.0141955033975673,0.0245420145331787,-0.0471453872397184,-0.0281930189682765,-0.00953548020626109,0.0654655521147533,0.015061118784148,-0.0161077489339264,0.044410453064088,-0.0227009753677981,0.0121992287864121,0.0565397315899102,0.0283799857171932,-0.0354064813160227,0.0307972648075041,0.0338070968943941,0.0148707161922125,0.000889562357361658,0.0275687831965385,0.0111235700932348,-0.00427180698687624,-0.0475934369122391,0.0363190128599326,-0.00822702016359287,0.00874706327833394
"267",-0.00624516022578415,0.0343848263021296,-0.0420620965509036,-0.044615601920572,-0.00981663394919721,0.0143441823813866,0.0422076031469152,0.0524515081280997,0.138635950484052,0.0138040577479327,-0.0170867643755851,-0.0229853189409908,0.0288298174922709,0.0062805107475236,0.013155048486884,-0.111120017721399,-0.0892729684688179,0.0135006982406184,4.5012851066954e-05,-0.0824069897134154,-0.0389389338033671,-0.045907649016116,0.0487468342008063,0.0227420641746869,0.0360388988025911,-0.116373634435962,0.0484757820218207,-0.0140136175778432,0.0575164729679086,-0.0746828728337291,-0.0296412150229679,-0.125641107471182,-0.0497768775498559,0.0103312006518172,0.0984575506073795,0.104296654071649,0.0443803199657327,0.00240902019337233,0.128169522596545,-0.0669066188007579,0.0332975217034314,0.0295210854708965,-0.0644666093709728,-0.0378859398134838,0.0059807081139299,-0.0819831193177832,-0.0647060107129139,0.0578213836737231,-0.0433599528993025,0.0379611769565717,-0.0219353240621552,-0.0365717934532672,-0.0138607520278762,-0.00938693080684944,0.0351406392297442,0.0898417551529362,0.109989510096796,0.0289564392721847,0.117322970765515,-0.1021245294708,-0.0425803052697567,-0.0172644957633437,0.0210271279464976,-0.0110556427448102,0.0737754221341589,0.054513097692385,0.0345753869312732,-0.0177093076612224,-0.0774031566163792,-0.00352617504174997,-0.0198168721885474,-0.0571714267043102,-0.113718371755518,0.00356933852570229,0.00078622357102123,0.0364398464619984,-0.0172303633413103,-0.0613316703229439,0.000994509188230056,-0.0607548096785919,-0.00172941119176031,0.0102158075772518,-0.0211138426916095,0.0566625645901921,0.0959665673994039,-0.0683941619759978,0.108212097615496,-0.00362722919761446,-0.0156748917039714,-0.0158870035679632,-0.0031179254507182,0.0438894484338965,0.0119842364609113,-0.0959364476647389,-0.010663629134551,-0.0128296646872292,0.00656342720343905,0.00820732083510155,-0.0145604175536201,0.00862121791045322,-0.0292158865973513,-0.0144301631785291,-0.0588278594374462,0.0679489360356658,0.0511121831269863,-0.0319575646636745,0.0539811914142479,-0.0494739303729096,0.0332534106466213,0.0173863209771256,0.00527269990711411,-0.039371506073409,0.0163568518255571,-0.0545188913488838,0.0419311323887145,-0.0104507005524424,0.00896331794673811,-0.0189779184981834,0.0431196941163824,-0.0142075648473412
"268",0.0597772027716856,0.0481999111378861,-0.0656887130566161,-0.0214307935889608,-0.000710690726199644,0.0496101845815706,0.015779259921412,-0.0157371246771235,0.00599229691412106,-0.0287586770642891,-0.0792226183191023,0.0668086789999927,0.110903981941201,-0.0316939278734339,0.0159105312014379,0.0449120969905529,0.0636780278881399,0.0376012048449381,-0.0324391524097063,-0.0489023720702598,-0.0280963081110341,-0.05497510874045,0.0965911180068686,-0.0500185829198568,-0.0154837680515577,-0.0170834674518137,-0.0564898742232162,-0.0708389606462389,-0.0115988695500152,0.0253741346937376,0.0931824403438423,0.061563305494804,-0.0283742549367282,0.0823218880034913,0.0763490972336931,0.0922722120317375,0.0324570585305828,0.0247645618556039,-0.0998545580262516,-0.00348819098746209,0.0184365129767905,0.0463473794120139,0.0330686727424386,-0.080883570621402,0.0748086605451585,0.0405258768813337,-0.00685583839408977,-0.0180237915114892,-0.0162976621618538,-0.0162728466531092,0.0167500212263073,-0.000162611482042854,-0.118142173370588,-0.0039778087651808,-0.0499584473752573,-0.00967934372171437,-0.054232983637398,0.0173618154886238,0.0324443171376533,-0.0511698143187454,-0.0782318817751007,-0.0782528209234552,-0.0163118121664948,0.169829674583348,-0.0210817727760667,0.0220981130866688,-0.057002295654833,0.0392602617445781,-0.00929515105958986,0.0490747981588468,0.0599354791504136,-0.00969381922187251,0.086583795498181,-0.104595107719223,0.0176678479196926,0.0789045300467146,0.0133122637711689,0.0131947998595082,-0.00404812167005626,0.0514070781659739,0.00366146223281815,-0.0186328067200737,-0.115251595687193,-0.0326773848977092,0.061328067131296,-0.0576683088482922,0.0426657577401739,-0.0862828368707239,-0.119039912365569,0.0712638584022752,-0.0298064976845544,-0.00376810589267235,0.0554684360945028,-0.0639726645731338,-0.00355221762127539,0.00600565009697763,0.0122845837510264,0.0388021574417752,0.007811091153075,0.0533725116200983,0.0304558024499196,0.0504056470503158,0.0181373471177246,-0.0233664617013598,0.0260067569051598,-0.0170491322742286,-0.0206144118750721,0.00996768719694083,0.000935555400868527,0.035306928587941,-0.0170032509621289,0.0344304063297504,0.0255067783548605,-0.0179842003901268,-0.00704183952738019,0.0295746294029086,-0.041975299409252,0.0170631651740951,-0.00969128835335378,-0.0186540048991654
"269",-0.0612660369191618,-0.0743429288569156,0.0273497489531391,0.0418103195444297,-0.0331232857413963,0.0175222231916856,0.07782634127395,0.00599269060828639,0.0444428680904715,-0.00184783689383528,-0.0463325284893015,-0.0499938189704421,-0.00869367178626773,-0.00784501975016077,-0.0238711544337905,-0.00797113109433189,-0.115202388472527,-0.102071003420166,0.0129001404214786,0.0731673485229705,0.0264358473127343,0.0442852398035648,0.011091803667024,0.0198046719397738,0.00632576625338379,0.134496157594975,0.0554679874303238,-0.0423552316447182,-0.0203360375830736,0.0591587514426724,0.0230351488494584,0.01500091370516,-0.0357929040406209,-0.00694887764936905,0.0251355395872312,-0.0532359531921556,-0.0382635585988213,0.05231485762716,-0.00474114172571516,0.1106159805532,0.0349751368094455,0.0236647555412234,0.0310040665906022,0.00971061256068186,-0.000851289354845106,-0.0502572251266502,0.0343917700016129,0.0230463986175044,0.0672765398773507,0.0663146138351974,-0.0846465415372471,0.0296226984142493,-0.0641858673785281,-0.0264314212825079,0.0557392482392947,0.0758898679988596,-0.0824326674768381,0.0653183363857148,-0.0326044444078875,0.076026911509662,0.0744015804439191,0.0387921659115784,0.0152021815117334,-0.0146148372101109,-0.0953132940172388,-0.0680778077244503,0.0412008371944084,-0.0271848185462032,0.0163824400267485,-0.0504213926647609,-0.0448767690133426,-0.00483239565489771,-0.00842012733568528,0.0204698394884129,0.0885016051753465,-0.0705760529806038,-0.051332540609572,-0.025187636790747,-0.0246190703532706,-0.0324799885547584,-0.107051003502913,0.0141533788314282,0.0147481197595717,-0.0195192562388428,-0.00734985838742619,0.0987880294064508,0.115768957409705,0.0433063889306318,-0.0568795922217793,0.0745406303131062,-0.0248089854514021,0.010369860475964,0.0204067933418256,0.0563120187366145,-0.0382009697733268,0.00228829597655527,0.0137222068516684,-0.00877112903753894,-0.0132393418993899,0.00474252111065191,0.00957778969828936,0.011851517120147,0.00425902244223342,-0.0284065112125899,0.036252487535398,-0.0129508884949553,0.013410679035648,-0.0626660007525248,-0.0562830709709371,0.0434115546070052,-0.0413100481977877,-0.0319979279858187,-0.0331605573090578,0.014489828727561,0.0334199451211342,0.0185757976136006,-0.0203180214267008,0.0120817099461757,-0.0363428050244124,0.0244823877246747
"270",-0.0460085719094505,0.047908776989126,0.110573386942055,0.0220667870881789,-0.0256946200365275,-0.0781908020914281,-0.0330998617367625,0.0632332695991578,0.0449841933501274,-0.00931252181395238,-0.00340571183957991,0.0322613567520019,-0.0446613471798758,-0.0534238825179389,0.0248488410692731,-0.00890651403287299,0.00829055954165525,0.0237254475017361,-0.0142214869572223,-0.0545547864994951,-0.0762679353169193,-0.0225343739766754,-0.0568565816519051,0.020186595183451,0.0655736429937592,-0.0623478962504256,-0.00882179059633886,0.0149816696681327,-0.0374630881078831,0.0660605438884978,0.0595507553660375,-0.0999142394492769,-0.0163872105118472,-0.0188236722255697,-0.0486228036843749,-0.0402486699617258,-0.00851992293890023,-0.0633930968214709,0.0390002990315572,0.00119568292700857,0.00818003358201849,0.0674290326269804,0.0197125245145283,0.0577921581400488,-0.0107257253960554,-0.00648111638450461,0.012137843761858,-0.00703304154815018,0.0335123972779293,0.0267743908657412,0.0480479194353462,-0.0199017548675664,0.0162157645667721,-0.0148553595512097,0.00259738104909412,0.00675865698931075,-0.0275762715122736,-0.0522506067676282,-0.0383152266134502,-0.0544085499412018,-0.0009128848369427,0.0209133489917889,0.0858448770819548,0.0560642216293598,-0.0510991845791653,-0.00951391864904201,0.016044947223974,0.112771450587128,-0.031658729717592,-0.00338759653285093,0.0272165776389629,-0.0322025661201106,0.0168788159381809,0.0325934887031695,0.0566953673945575,-0.0865897994973725,-0.0347502710686808,-0.0345101571702468,-0.0176055636324375,-0.0402170973260228,-0.00636159565511941,-0.0316957726967987,0.0035356638634556,-0.027684135455682,0.0570512656596233,0.0320025770336806,0.0256116460585001,0.119423945378178,-0.0522710982707451,0.0344108961452102,-0.0348813179386558,-0.0580417780862013,-0.00796741260131689,0.00346127105662466,0.015190357501715,0.0126953142982539,-0.00138909508507971,-0.000205836933473709,0.00742572838293337,-0.0155358284795082,-0.000956066600185467,0.0577710410009923,-0.0228371678046175,-0.00888401961912158,-0.0020573945477165,0.0530320386267387,-0.0292977954054705,0.0211947127454704,0.022462567218875,0.0226793092579365,0.0412130189352192,0.065236663879184,0.0202557242992256,0.0429597425424041,-0.00520486345064746,-0.0414478185929385,-0.00253256461963299,0.0155984170786992,0.00612851767828575,0.0138060391049455
"271",-0.0274860153325371,0.0343890836929987,0.0647655551487048,0.102342304366243,0.0416212769742251,-0.0542354723080196,0.0546979724245156,0.0548444337908567,0.00136050849031018,0.0370391739877165,-0.0664104357900307,0.0257828881233522,-0.07056194065354,0.00666711944824687,-0.0199436199561131,-0.085910703991052,-0.0559093781360951,0.0634064747267222,-0.00434550763352674,-0.0680818814296724,-0.0709565886306817,0.0219799507422776,-0.0101496007989338,-0.0486985070583076,-0.0300808548372524,0.0558671933774396,-0.0230312114480657,0.0202715145115658,0.0340839561046855,-0.0408574576011875,-0.000852681413757291,-0.0134508133742013,0.0258135128363937,0.073570040774121,-0.0612316274121205,-0.0592453247616896,-0.0702383358332189,-0.0481264308620525,-0.0902699928928727,0.0514190975589874,0.0316697060084971,0.0371068051194938,0.0269756254605369,-0.0260431782646741,-0.0238804624937103,0.0321467309530691,0.0702752776676042,0.0119080074238702,0.0109598523385951,0.067844739728532,0.0554592828183609,0.118680615666452,0.0337943602427041,-0.041876152529016,-0.0271550144557149,0.00717785123592824,0.0471067030433119,0.00253117747925719,-0.0173544623140447,0.0316356320667955,0.0627224585897997,0.034270636543628,0.0241185451197831,0.0316511720657351,0.00537096025775779,-0.0184454396519125,0.0397281164621617,-0.0361461271583913,-0.00515372042556373,-0.00179577268794434,-0.00290989701487877,0.0291695866846392,-0.0134259488233395,0.012618917511625,-0.0787515633539758,0.0125235021259783,0.0089030329643538,-0.014467018067419,0.0155805330603898,-0.0535590319906354,0.0302199146814032,0.0495974924789802,-0.0372649366750475,-0.0136843794189367,0.0294651297168111,0.00561348794716332,0.066682006429499,-0.106199787589917,0.0103499370838676,0.0135111188471698,0.00687364287762344,0.00614593555719234,0.0357787511800932,-0.0458101215726998,0.0567259015926561,0.0105973880989854,0.0177731628313597,-0.0158575925391722,0.026881223357747,-0.0107423004491437,0.0557692039072995,0.038259488508484,0.034082894877344,-0.0177957058014278,0.00507549044195104,-0.00296616350548361,0.0290080483550361,-0.00189151984183104,0.0266838875831721,0.00550328817526162,-0.00601485702253294,0.0227412174790059,-0.00338613947785592,-0.0434238216247325,-0.0277223996503748,0.0177205804596882,-0.00774259512026835,0.0395244998014362,-0.0375864641087631,0.043422074325417
"272",-0.00910756538049015,0.0416496628387269,0.0272354509793183,0.000881757412954725,-0.0494611677238314,0.00112893777811613,-0.0718043492422023,-0.0129303595420101,0.0512747236382595,0.129521399173144,-0.0306682569069621,-0.0810145296184699,0.127183602033061,0.0472559711494338,-0.0370561885122481,-0.0104713055819072,0.0738354920161069,0.0205167746824414,-0.0303965513977317,-0.0504551395118642,0.0149083759647267,0.031246126190813,0.0178478026534532,-0.000513585001644797,0.0513306916332653,-0.0494931502082116,-0.0163750520902161,-0.150709616683772,0.0630553546792518,0.0613315828086704,-0.0153478992806753,-0.0133526568162863,0.0523441898162821,0.0080669798830665,-0.014762563108363,-0.0446429878023642,0.00918318772148362,-0.0270309344084109,-0.0296879668194738,-0.0657253619676886,-0.0318651077173132,-0.0395756512039362,-0.0282532519178173,-0.041811114483822,-0.0265378629562395,-0.00627819890547977,0.0907575120560262,-0.0934375871899285,0.0629699327724598,0.0264483374088955,0.021026010377381,-0.000859379935959819,-0.0755849817027483,-0.023193851855051,0.110058474910746,0.0690898733738679,-0.00171824243767107,-0.109227163789485,-0.0220663078493412,0.0846704569933633,-0.031577511915228,-0.0713786478189916,0.00903269409128676,0.0635656254204068,0.0812096777332911,-0.0577433531638636,-0.0347704821374255,-0.0252728290994908,0.0650551706796006,-0.0475118564174714,0.0799548233039121,0.000584949427866781,-0.0539980399336842,-0.05495699585404,0.0127727973451732,0.00556777446091928,-0.0278282456242772,-0.0125939723664847,-0.0107440392987785,-0.0748829211862013,0.00316158566113364,-0.0155009218753312,0.0800207530563016,0.0962526642783649,-0.0756033794570413,-0.0027500381340658,-0.0947681216738244,-0.000825307551142073,0.0177536037381228,0.0763053876239731,-0.00929308806705852,-0.0504385883841249,0.0193073092611166,-0.0857886472035202,-0.0459397020771874,0.0251319341935107,-0.0463390595690263,-0.0559132038612228,-0.00106248574765741,0.0150759791965413,0.0501336873953746,0.0571663828676926,0.0401290206194036,-0.0293791286226245,0.0450155396492625,-0.04668045109118,-0.103430484243336,-0.0177679967637695,-0.0453628271823791,0.0268904991841691,-0.00575631354992708,0.00288538546171274,0.0125172664389122,-0.00899913936955158,0.0880141966307365,-0.0465083584739436,0.0102472207622644,-0.0151629477851656,-0.0277753151266221,-0.000254426462077634
"273",0.0706135680299167,0.0161294688959024,-0.000672557663643219,0.148843823071861,-0.0125257281952693,-0.0516132610504417,-0.00828112206889247,-0.0558396898187347,-0.00239347922239176,0.0192683053025657,-0.0129581976020218,-0.0215368687872586,-0.0486448302621923,0.00486788215814727,0.0117520327438011,-0.0399391185844531,0.0371789769485249,-0.00274182311802732,0.051213470099721,0.0337824025565059,0.0141901403009415,-0.0542309156841888,0.0079760855865173,-0.0202797036289386,0.00172359495354258,-0.0402371250603507,-0.0517200303076725,-0.0147621478990737,0.0437795353518047,-0.00618103449019611,0.0405620228057079,-0.022372300724922,-0.0271186072796046,0.00558493522904525,0.068519233573149,-0.0499492497494502,-0.0555319149546952,-0.0244179754909615,-0.0166105386937663,0.05205946344841,0.0232505125343401,0.0600259839677593,-0.036253474535962,-0.0169899916624221,0.0107083357036511,-0.00106986221090484,-0.0731534031086617,-0.000960915264587413,0.0310239222881677,-0.00362042824042316,-0.0207154547879073,-0.0199814914914688,-0.00329451516091922,0.0577600968636841,0.0363374735652263,0.0432726777541808,0.033571097292566,0.0652935008794639,-0.0337377318351727,-0.0428220394228317,-0.00920628247401864,0.0422751532084533,0.0326040365377219,-0.0729735280814997,0.0435237904772451,-0.0168146670067855,-0.026709344428246,-0.0152018471373137,0.01182596691806,0.0797803713071806,0.0264349564887042,-0.00442303809499058,0.0177350858646244,0.123014395085602,0.031910675751617,0.0617113730650228,0.0250768558349285,-0.00865712684218017,0.025601325865588,-0.054167114304182,-0.028511787325918,-0.0587890995576826,-0.0408112063889316,-0.00997097521814382,0.010589169113363,-0.0195140176292303,-0.0103945227080291,-0.0133318648250421,-0.0246864975859499,0.0895504123237646,0.0788059082382627,-0.0744162322844855,-0.00936530789162708,-0.0138804989591534,-0.0102011530112439,-0.00107868458203166,0.00826396973464034,-0.0131683888232567,-0.0333630681665412,0.00943012405637859,0.0232868717816888,-0.003266647611848,-0.0345481341836937,0.0438131492253052,-0.0137743115258198,-0.0136690862795409,-0.00824079417932775,-0.00101518201273994,-0.0537954582041228,-0.0223058715619187,0.0274502645064199,0.0109338652571927,-0.00621975948160512,0.0402030515268246,-0.0319938150669545,0.0514502552174261,0.00627756165940993,-0.0209617184258461,0.00650891193831097,-0.0350118605479123
"274",-0.0656451608107056,-0.0319870076794159,-0.00572026699894178,0.00249684597485941,0.0378116075485719,-0.0248341374972093,0.0822876016997458,-0.0217181432925436,0.0201669187127156,0.0793839356589341,0.0421919403306573,-0.0462234949152819,0.0240029989646182,-0.0201396499498236,0.044399874423682,-0.0109838465968233,0.11211957427686,-0.0733890885761804,-0.0438060934930121,0.0646566457785052,-0.0494800958093419,0.092817083868086,0.0343392719516958,-0.0633383046003153,-0.0917524254046415,-0.0370587991428712,-0.056921704897361,0.0353188649412703,0.0901993447635401,0.0533003416526315,0.0250836338979737,-0.0140959980808626,-0.0251954342453057,-0.0824616436895346,-0.0586246143938832,0.0612494274005353,-0.0880580082278623,0.063485703987103,-0.0148611095323777,0.00356688658430498,-0.0724530595186346,0.0324730707322197,0.0045967914954073,-0.0052322499855458,-0.120989420926241,0.0456618789714362,-0.111176466922159,-0.00546241664946461,-7.33172277446663e-05,-0.101012991682571,-0.0332745937568401,-0.0574020044723447,0.0565118871789877,0.0146746977978675,0.0475926491685798,-0.0267229850201783,-0.0128712458433586,0.0278948882691973,0.0731572676589071,0.0189551032055751,-0.017452501370708,-0.0276049728975067,-0.0137010752085133,0.0755351583318505,-0.0825680810345954,-0.0432659883340954,-0.00922012672465333,-0.0603199941457962,0.0100930239036571,-0.0325792645929931,0.107429893594484,-0.0605666273282694,0.0208024725970216,-0.00662881157184898,-0.0321235766860283,0.0211919414538124,-0.0537197172596419,-0.000209790669179301,0.0611663308533916,-0.00383826233048401,0.0898255235829896,0.0115666345893756,0.0587266833579198,0.058225791912305,0.0183705652643006,0.0773271532594717,-0.109974583126409,0.0477746815645081,0.00136144757133472,0.0974436939658797,-0.0455109823423191,-0.077080887499221,-0.0336653194695668,-0.070362410715273,0.0617097205857709,-0.0412898995487673,0.000198104742744567,-0.0416210331230136,-0.0120944729017972,0.03989899549964,-0.0156895885685277,0.0229813017973528,-0.0436785588127914,-0.00246605933854775,-0.0380434362990361,0.0262192037158409,0.0377650306670151,0.0140188882096084,-0.0579234797624395,0.0392162168103201,-0.0157034604669646,-0.0253116996304612,-0.0216464906782694,0.0391614801581963,0.00625825584124304,0.0172585574740191,-0.024906429852148,0.0344695040708165,-0.0326168425718515,0.0045356372429891
"275",0.061404394990097,0.00202397369705628,-0.0317089352200288,0.0388505987150611,-0.00632814791566092,-0.0515287262478551,0.047319213548075,0.0398540144254918,0.0542097576631403,-0.121893891119794,0.0820412825204286,-0.00303294372086002,-0.00820972829157196,-0.1273292250184,-0.0680649031608676,-0.0188062464230793,-0.00473592250503681,0.0181769761124118,-0.0627588024851975,-0.0278293199712149,0.0497190759025668,0.0275938583399713,0.0181378320281893,0.0295757687856131,0.0535037200963098,0.000957832080247132,0.0286991831008904,0.0155989580658061,-0.00814262636265419,0.0637616231169116,0.0237956965207683,-0.0106629908409307,0.0743166212423405,-0.0504995823988418,0.0676234965400623,0.0212272209221325,0.0102416565593193,0.030190489057491,0.0501949013318253,0.00635384251254022,-0.00387670450819334,-0.0621022902023586,0.0433738115930848,-0.0135956850497875,-0.0178937016261061,0.0519800109908858,0.0506704523412705,-0.00110457984462523,0.0611821874505603,-0.0181371736368363,-0.0564135135258558,0.0277763573106989,0.0252892803328486,-0.0690654299408944,-0.0468947005067612,-0.117566036966252,-0.0189220678936188,-0.0487769606313568,-0.0596938484392424,0.0746340563844928,0.101985450056702,0.0017988878540978,0.00802954886747784,-0.0147614195700132,-0.00245567200095281,0.0200842677928387,-0.0233355860124045,-0.0319262158432967,-0.0129903635020027,-0.0332047537418799,-0.0424939651128441,-0.0111449912633848,0.0379290343747838,-0.0693414553786679,0.0211743261196189,0.0747222654503071,0.0117588126520683,0.00342319048631949,0.0407344152762955,-0.0389809659651919,0.094065459663454,-0.0491482234465571,0.00777453415346924,0.0338817479202819,0.038314609269368,-0.0270062951976348,0.0541934017537751,-0.0199104605031355,-0.00140771672785511,-0.00473871119356206,-0.026517132437636,0.0313230546758961,0.0520484332774293,0.0153313124518011,-0.033724376003263,-0.0115706002731232,0.000584993752002356,0.0344423430995506,0.00547179101495066,-0.00307892550159466,0.0293800406800794,-0.0196151091851736,0.0335513967174457,0.0117963468413849,-0.0119344988603308,0.00436907319946825,-0.0207471184739385,-0.00194954161118273,0.0087746239541999,-0.0110321898604844,-0.0242382824200384,-0.019559061386964,0.018969216357876,-0.0133715783436337,-0.0272243587566947,0.00895200946301157,0.0167755912559548,-0.0250064563652321,-0.00840651615798065,-0.0208103241152847
"276",0.00397366693469884,0.00956454660410438,0.0345763444948551,0.108475723042809,0.0515730450293201,-0.0486364575502671,0.0609239733575346,0.0558342383383481,-0.0257647785902826,-0.035442331577225,-0.0109954787726917,0.046456739517775,0.11268986146599,-0.0276206923285717,0.118486268655262,0.0785304877561136,-0.042915193849251,0.0189048148884668,-0.00156321625405236,0.0635553430335454,-0.0172222215763346,0.015850355030327,-0.0209339310403029,0.010653590176934,-0.00485156523175761,-0.0488098473063526,-0.00832837754162299,-0.089985822442141,0.0157388525136078,-0.0137310936540585,0.0119238598884802,0.0473295991260511,-0.0349787596784201,0.00783980329948761,0.0223980049634761,-0.000106306905108356,-0.0440140383929439,0.0174336646693833,0.0950627406557894,-0.0297106774284259,0.033059821242503,0.0211352966027367,-0.0855545096555409,-0.00656217926783265,-0.134478862765089,0.013993538010027,0.0723308616930669,0.14138953684941,0.0416870969637044,-0.00219787098762671,-0.00108041220599384,-0.0587699983882642,0.0350377374672726,0.000743235928300962,0.0181606021657565,-0.0126356912654647,0.0648636169783476,0.0371840856585952,0.0261447767120329,0.0352531568578225,-0.041616106474341,0.032389094530504,0.0399458780613349,-0.0315925030618227,0.0122081857086187,0.059230830402948,0.0201730195561458,0.0712896804646524,0.0210541856312723,-0.0506546731478565,0.0594073017649154,-0.0246538408884938,0.00153075904516092,0.0646015783236503,0.0181149134113846,0.102252466522608,-0.0177756159071283,0.00735580062142568,0.0560433596423724,-0.0113098195358232,-0.0210120595780064,0.00509486896808089,0.0416521867348952,-0.0272843715668783,-0.0292289687791208,-0.0742614740933166,-0.065207406540471,0.0291314543072548,0.013242020412847,0.0501845147074426,-0.00176891207826891,-0.0912463043280788,-0.102603860836478,0.0976191690592115,0.0461970176198156,0.0243007491771618,-0.0233403596552396,-0.0300855124204609,0.016266968068262,0.0236958925507065,-0.0390533754873626,-0.0211749051750656,-0.0469686254478104,-0.0156809032729983,-0.0136263249852631,-0.000804800933635612,-0.00963264449724145,-0.021562717132221,-0.00951004737181168,-0.0407110635922223,0.027212399988382,0.0168521641830681,-0.0182100991810806,0.0468757142521114,0.0173559772871411,-0.0113471178686029,0.0341182437986828,-0.00774801277895868,-0.00532502571626691,-0.0868048430119968
"277",0.0015015400362881,-0.0370119567408769,-0.0320441351363414,0.0290845851432601,-0.0472511481327279,0.0834695432462445,0.0160520189298879,-0.083815903595445,-0.0658612609435825,0.014952833098842,0.0385666441357716,0.0811709244183574,-0.0600577831442302,0.00349700258962771,0.0202150551239204,0.108527180688614,0.126319989051984,0.0379351653579801,0.0281221613815161,-0.0110882173294743,0.0524564291561107,-0.0177758166828952,-0.0627028225216155,0.0376003607162846,0.0702044739840183,-0.0872226391300635,-0.00680979384787795,-0.0488182088689593,0.00870589509685888,0.00417664679254497,-0.0608852347728617,0.0205249714915086,-0.00677736739492143,-0.0364252286231839,0.0101558881631333,0.0751394523978084,0.0451218445940442,-0.109464603622628,-0.0241928628244419,0.0123536960859833,0.153633553271592,0.107167757508308,0.00944270618723754,0.0137652663656873,0.0590723395225528,-0.0116413472394433,0.0112745704058515,-0.00414443860794399,0.00686269786624621,-0.0470360992421144,-0.0368546547142163,0.0708741764780775,0.0227586931403543,0.072723481752117,0.122184298144387,-0.0288709668117235,0.0231424137748962,-0.00467183450177934,0.0128429751237226,0.134546093481594,-0.0714981879089356,-0.00848435361390724,-0.0792740863888624,0.0241212818934671,0.0211398208033887,-0.0166336392379352,-0.01001305226421,-0.0185561949886626,-0.00403041309481192,0.0586249472697838,0.0355866268359279,0.0202126835516231,0.0197215676828202,-0.00184767823590958,0.0723719176854489,0.00656213852239826,-0.00836848744077092,0.0865236080128407,-0.0459692354531672,0.0130280652058411,-0.0187698960415238,0.00548400319451707,-0.0216438135414903,0.0565578487673143,0.0542477965585341,-0.00718431576181096,0.00162875921556193,0.0167612088419767,-0.0293651014936666,-0.0318809910099748,-0.113641252507139,-0.0450754862741072,-0.065194921430281,-0.000372625650859984,-0.0218692334094222,0.00801876117809094,-0.0124664149981355,0.0280007484547679,-0.0399840024699923,-0.0406427973651517,0.0263400337954954,0.00719725789264857,0.0226870284940156,-0.0298221379154753,-0.00801750188067745,0.0117181818747696,0.0351713862536648,0.0354980147018118,0.0593126333153247,-0.0545299577821172,0.00598899389498447,0.0347968401819985,-0.0839489910907706,0.0533314542980733,-0.00932632517467829,-0.00707916549782823,-0.0208237312808248,-0.0374256951737314,0.00913250421148919,-0.0135314033365327
"278",-0.00809956400551496,-0.0123224440497238,0.0651240476687433,0.0878499397112804,0.0255684464492142,-0.0297971233736417,0.0707121311510484,0.0468561308252516,0.0687284633764831,-0.087333991079515,0.0111563012245675,-0.0114784959892783,-0.0331897958892934,0.00753330635922018,0.0143466610661236,-0.0838150439373581,-0.111163806459571,-0.0156952376128159,0.062899796809478,-0.0640352161482462,0.000898467112116978,0.0526640140583615,0.0621845274579787,-0.0564616345599518,0.0299117341557256,0.0013026144234936,0.0489170720961226,0.035620345001454,0.0232757738705405,-0.0498248179975243,-0.0440461521002904,-0.0304746936478195,-0.045840908731732,0.100202022173119,-0.00354885567527343,-0.047299972703507,-0.102211272179966,0.00658629246927869,-0.044946109888323,0.0178585004403864,0.0577287235718691,0.0430666986567996,0.0763340138705537,0.0230483139251979,-0.113967442544446,-0.0895892053935329,-0.0667183514849442,0.0502822740434868,-0.072058451408132,-0.0133129659100112,-0.0421159317383383,-0.0485018185185798,-0.0036446300023409,-0.0648480596400372,0.0542735484721681,0.0493028878660943,-0.0453228658617215,-0.00774468336858323,-0.0439130665264345,0.0967963558648965,-0.0198238871527342,0.0691641183161973,-0.0688210813353152,0.0548095811569442,-0.027658462019286,-0.00664452976576784,-0.0478262689299902,-0.0847783753048603,-0.103065114851605,-0.0198407762155918,-0.0321462576318964,-0.0430399658174466,0.00937573362460581,-0.0142261584033419,0.0530290547355622,-0.0113210308073555,0.0174579345508942,-0.00450281788561646,0.0269067045405068,0.0354138043502919,0.0487384500367293,-0.0181183915117969,0.060236039999431,-0.0200228382330837,-0.0134805725404103,0.025226195477809,-0.112111637287485,-0.00791622008495379,0.0299884940121817,-0.00695210160248639,-0.00371144102470508,0.0224673876755458,-0.0813227827299383,0.0674018892786162,-0.00306610713975306,-0.0449816871637168,0.0234522475457007,0.00865187431516862,-0.0161064546464561,-0.00245636387826388,0.0313046874802583,-0.0304382315742039,-0.00519636269491706,0.0196858316410917,0.0246296311828632,0.013203187024278,0.0795461341632215,0.00920256540233097,0.0375830297384523,0.040099377844538,-0.0224920799428302,-0.0418403911016115,-0.0168700569656185,-0.0391732125600443,0.0234823739315513,0.0140039439894052,0.00936767687719866,-0.0059544970865,0.0204033539928582,0.00372966593528123
"279",-0.0307904192939974,-0.0221764275273017,0.0964185445734247,0.0164773582987526,-0.0269346522203608,0.0429337180190765,0.047573171862623,-0.0872969472708759,0.0217570435051002,0.0743169252175571,-0.0165566694605778,0.05759691402067,0.0201416685479476,0.0733639760855742,-0.0162753051971964,0.0110463366680859,-0.0936192677223195,0.0647514306608947,0.036749690407522,-0.0424589436683355,-0.0118337882840301,0.10808960741983,0.00330799839888261,0.0785134875661424,0.0333328841459245,0.0125593445617834,0.00185486596422342,0.0383710191045483,-0.0416014428679337,-0.029688998189316,-0.00478466257197273,-0.00101163365591565,0.0537002115434042,-0.032321969766157,-0.0608030624341562,-0.0154284658665899,0.00218143317681781,-0.063755035626399,0.147771592000492,-0.0289475609329128,0.0211911031321396,0.00493178024331306,-0.0379295191361055,0.0387564847455018,0.0260903888887073,0.0877987774898539,0.0254043217007118,-0.0612185173758698,-0.0010555416721037,0.00469310946923981,-0.01783603630735,-0.013099802337457,-0.0448078908964646,0.040527454681454,-0.000474205940423773,-0.0151012558021571,-0.139523724965997,-0.0678580959111606,0.0470436299861052,-0.0530820826674492,-0.0478090508569612,0.0107785594601784,-0.0108996446670228,-0.0761576652907626,-0.0190800726471497,-0.0173448024475217,-0.0967337231454583,-0.0410661493441845,-0.0137746102160435,-0.103832896014774,-0.00175125158622017,0.0753412083524405,0.0260703084082128,-0.0191914970460747,0.0775251621022271,-0.0514516655136424,-0.0104259166927253,-0.045499610231942,-0.0434870293120421,0.0016992334049477,0.00263539592391017,-0.0926939438347588,-0.0203258597357284,-0.0660729990475659,0.0668162300620861,0.0159853966461321,-0.00097590121446753,0.0604856732480904,0.0570346638290519,-0.0672214420899344,0.0288141013277285,0.0174658719570973,-0.0610680600774368,0.013489968135592,-0.0179399542433495,-0.0229366419144778,-0.0234237803206478,0.0241198039929483,0.00718675851010409,-0.0123065116036566,-0.0244256641529208,0.0152335173553197,0.0198457371085001,-0.0367454735998356,-0.00425180352137273,0.0176070331479309,-0.0277984683778092,0.00583576159467317,0.0203556344519009,-0.033909331566815,0.0200796059823914,-0.00138551492998229,-0.00522895872683493,-0.0207819390357255,-0.0122520142052627,-0.00898580135963845,0.000810157274555423,-0.043560337046147,0.0222353674517977,-0.00905738360956788
"280",0.0461619230022474,0.0445432406110332,0.00966568733016181,-0.10105933894212,-0.0024641860687717,-0.0203083938817587,0.0853813292987251,0.0414250051099428,-0.0618860651604844,0.00816956586636836,-0.0454935483458338,0.00587163403584317,-0.0206208449962885,0.0146993141317893,-0.0224064161581647,0.0845376548114746,-0.0660665327480085,0.0115631619346498,0.0423828765898807,-0.118486047897137,0.0825587373430023,0.0430240127375146,0.0400795535495634,0.0287438077177105,-0.0833416007542592,0.0353034747248627,0.0433513378771391,0.0251204155053128,0.0178933649670936,0.0322289553727766,-0.0109542141500241,0.0699143692983152,-0.0810636889583404,0.00587367664825627,-0.0495429511723744,0.00367794538500181,-0.0280734665431417,-0.0107398869525151,-0.0287799088742569,-0.0657421891490175,-0.0201983966327012,0.0565416403633365,0.0576277879155754,-0.10945860011381,0.023200907300279,-0.00591736051894487,0.0333679873106743,0.0167659772450039,-0.0112072582233002,-0.000260060513417289,0.00368635275559065,-0.00329801889553063,-0.0930433238455183,0.126928679678584,-0.0239519575007587,-0.0646398099592312,0.0486815356524709,0.0191141388966352,-0.0265050450300778,0.0301151274510479,-0.0144113512023253,-0.0351537435950677,-0.0437662912493086,-0.0207420019826612,0.0817987067404472,0.0350880669279478,0.00796544668874626,-0.0189625937070527,-0.136857168162918,0.0685104703443849,0.049948322326279,-0.0435786865960703,-0.0022139889683913,-0.0531608019330609,0.0118192325224754,-0.0144572695056256,0.0327202004471795,-0.0867603596150017,0.0121691505014224,-0.0271459284252649,0.0437163265838616,-0.0451990489524157,0.0380915463586648,-0.0156840485855192,0.0160329704264983,0.0128975385347144,-0.0162287777568975,0.0686172170306927,-0.0557795744489521,-0.0341791021165905,0.0723517937597901,0.0054221862952483,0.014418599373827,0.0313786702282176,-0.00559148195532306,0.020756060156249,-0.0331792415810406,-0.0182379159921275,-0.00113107381910793,0.046962123504856,-0.0321806795629749,0.012742702112723,0.00701007266846359,0.0126620092269372,0.00491981813129833,0.0516525423682138,0.034678287872902,0.0374797478888814,0.0409415157672621,0.0217698607000582,0.00102226884552793,-0.00986571508343542,-0.0146453990600211,0.00242993057215148,-0.0400104814161513,-0.0392306244874982,-0.0201288450975964,0.0152417208814865,-0.0540488323768483,0.0395883107567774
"281",0.0610234784558886,0.0780895310888809,0.0094731739907501,-0.0447576592444824,0.0211172498338581,-0.00682944257103299,-0.0762537359711828,-0.0175755120874865,-0.0162082017856339,0.032410116691981,-0.0379822530585159,-0.034033732973082,-0.0568696455798705,0.0632304072118865,0.0199200621352662,-0.051434775645826,-0.0158734866516703,0.0736811974810884,-0.0389987198652828,0.0233139518842657,-0.136540311806119,0.0549972606855096,-0.0653004254280798,0.0395536519970724,0.0649565342997429,0.000735493869657239,0.00747966637127011,0.0180668510235775,-0.0933773486953645,-0.0728301843199099,-0.0849524156312165,0.0775927344030942,0.0390846054416296,-3.16586865842367e-05,0.0379287198937857,0.00855041124229875,-0.00496738940295798,-0.0541960209142319,-0.0636296337129221,0.00579263221167499,-0.0167110197129706,-0.0550943064894311,-0.0892775515511255,0.0387718676399078,0.0327789855490814,0.0244256680624829,-0.0668905655443279,0.0186079305174143,-0.0733127717967027,0.0285699780842353,-0.0875566709309606,0.0259231718215354,-0.0109161929237531,0.00992952821193664,-0.000164807307759284,-0.066749087103452,-0.0709378821753283,0.108650338541297,-0.0230294435735055,-0.000932801133895763,-0.0112476878785652,-0.00873393386451611,0.0428402317169192,0.00941767175261253,-0.0257444651551687,0.0113341627967421,-0.0624882793895095,0.0104778013503931,-0.0165787647293044,-0.00925217773401227,-0.0351747685049428,-0.0974430419708995,0.0299906265933376,0.0631185493400654,0.0340572511067968,-0.069414788027201,0.0705047667696039,-0.0968939385219419,0.0308091439418208,-0.0426607098823792,0.0017097058077148,-0.0351079760551729,0.0567396316157098,0.00129726657730581,0.0446631660785033,0.0209145938231038,-0.0162702029473526,-0.0128155898743624,0.0913312204376675,0.105563492439463,0.0336106231204143,-0.0529621623042292,-0.0254413160621567,-0.00142120982681509,0.0029641498791711,0.00885797345374456,-0.00313438315983591,0.0283273800619283,0.0322731348350441,-0.0124128150332447,0.012824855350727,0.00895752431508528,0.0554424971274702,0.0295579408163169,0.00777586437901227,0.0412595358074936,0.025699078139139,-0.00801000982648183,0.0354821238275624,0.00910103016858066,-0.0196347307240579,-0.0112630781139988,0.0164332335110156,-0.0225489820701048,-0.0116830552859918,-0.0486357599147782,-0.0127984985745343,-0.0437571271078964,-0.0176906520370055,-0.0409227038877573
"282",-0.0585409529791967,-0.103221305914289,-0.013499416038476,0.0361562160108557,0.0352372742838734,-0.0451083059569886,-0.0220594619266104,-0.0223241845447185,-0.0476263790513936,-0.0223100650847811,0.010050946158393,0.0275390457962493,-0.0130488854933029,-0.0370618350975946,0.0460377520278507,-0.0186524932365667,0.0572444043805957,0.111362823027243,0.0859371521244601,-0.0149839386119547,0.0129782596137544,0.041731062525868,-0.00108692276127754,-0.0302969186553969,-0.0751612132450043,-0.0328761309494952,0.033639900523995,-0.0224953442673138,-0.013918310867841,-0.0498634891543405,-0.0231564163286041,-0.114463491557286,0.0675068922005292,-0.00339095269686481,-0.00753065422683297,0.0596839823400251,0.098963295311346,-0.0718030195759134,0.0194945662285999,-0.0491124675280745,-0.0232953936211419,0.023486184516904,0.00793262021107035,0.0426739131850984,0.0695475450318434,0.0598164807586011,0.0797505057494969,0.0276164386101244,0.0375585910180495,0.082408596620425,3.14489871559207e-05,-0.05016203342379,-0.0792942781346754,0.016685303288217,0.037775472395535,0.0221001074608456,0.0139828204852712,0.0433413891712521,-0.0989931760841756,0.0299684071644072,0.0106020553495003,0.0911922108192607,-0.125649189121401,-0.0820954810211816,0.0428086994813831,-0.0191591583552331,-0.0443339135666575,0.00537327554440761,-0.0110039175296218,0.0467513221978109,-0.0331719167373687,-0.0597583254080389,0.0364112780189733,-0.0230312964664493,-0.00701027539358091,-3.45744483540921e-05,0.0227919448366601,-0.00994551003846736,0.0433712948234679,-0.0285887943559923,-0.0103906564987914,0.0324106700794712,0.00481162609396378,0.0489807771427207,-0.0169663441862065,0.00483203127393895,0.0138001125440142,0.0760404173770438,0.00317087517185833,0.0283213989881238,-0.0392265643045725,0.0624914335337138,0.0127522231159009,-0.0167946261592784,-0.0444178506290927,-0.0384169321857208,-0.0405880715739107,0.0379658400316719,0.026429848749512,0.0691916965971121,0.00114571057135932,0.00783253650107141,0.0296286535516883,0.0740971314606267,-0.0280828044737791,0.0806091445746171,-0.0980625681293557,-0.00699124626820714,0.00956358877132935,0.0159869976036693,0.0131304800594375,-0.00201861402808105,-0.0112707265436137,-0.0449417655527167,0.00598619468696462,-0.0181331676569048,0.0072450938047883,0.0199743014066366,-0.0139655441161193,0.0195523162345337
"283",0.0895963947958503,-0.04391382661328,-0.0447501052622416,0.0248988389202471,0.0429726323313121,0.00458043804179983,-0.0257557907606993,-0.0475064024380355,-0.0712241026248027,-0.0348369464181024,-0.0261780620132201,-0.0318983222986079,-0.0675633447843674,0.0235561973998735,-0.0434813331896323,-0.047235068058616,-0.0337134635629359,-0.094773024365572,-0.0935973238990851,0.0422629565299666,0.00288105243938398,-0.0202340001698906,-0.0150588384294442,0.00167477419464174,-0.0336907179674648,0.052715060674981,0.00650333214367471,-0.00948796702904883,0.0614869206903442,0.0333913173906039,-0.0198199779746809,0.0226263876735107,0.0127748767039534,0.00542652372408479,-0.0375714435630736,0.0329342985019878,-0.0175119021887091,0.00545942128310764,-0.0188277347925682,0.0379154534488367,0.024262426070275,-0.074590527691307,-0.0590528635176495,-0.0186713302305829,0.0632940666109325,0.0167537966312214,0.0223768767901681,-0.109391123051368,-0.00333970572370252,0.0163676409910223,0.013351843249882,-0.00210335956193704,0.0447743533581907,-0.011542919382679,-0.00704176335766341,0.067397262601001,-0.04075863211841,0.0514680640335531,-0.0145874927236436,0.0533088574027207,-0.0641981229612909,0.010758217637009,0.0291778971966425,-0.0414292420232666,-0.0253740466563193,0.060013335245969,-0.0373297653073432,0.0222976273713501,-0.0593338658967855,-0.0540894418585835,-0.0583825792592844,-0.044106034742867,-0.0834839128774525,0.0553245576768286,-0.0936910957054818,-0.000238745215095037,-0.00552006903745971,0.0452923903619046,-0.0291728886887168,-0.0457406511693933,0.0264324189073175,-0.0268380663250709,-0.0371280001792371,-0.00758271235463992,0.11917693180373,0.0347978710695436,-0.024406125537138,0.0366554127463059,-0.0016255874969901,0.0114211055565961,-0.0567360850592505,-0.0243485301393199,0.0362502420014137,0.00396543680712512,-0.035215479452765,-0.0215666938279975,-0.00896066907116849,0.019904767672593,0.0168005503799582,0.0399064910996039,-0.0354136565000251,-0.0532171967595949,-0.00833176305918775,-0.00753162298321312,-0.0239830117867195,0.00209399016362172,0.00403442640332446,0.0176562662038895,0.0504467479613694,-0.00994313449595823,-0.0209798398321052,0.010982557955454,0.0767491085461161,-0.00860401839431517,-0.023835057890913,-0.0100527303633696,-0.0229739946523741,0.0192730956552646,-0.017653587306418,-0.0237228420125358
"284",-0.0794375011687667,-0.0537619492222041,-0.0385555321110934,0.0292043748022208,0.031435547392062,-0.0137538226572774,-0.0194541367655003,-0.102177766534086,0.0203659909549281,-0.081423731128598,0.0286286370493707,-0.0473784077120736,0.00956306263934024,0.0572307203769323,-0.0391412076388829,0.0259875888471042,0.0178783712195779,0.020610826976848,0.00464504152257359,-0.0271896472687547,-0.0123041802319828,-0.0712431814217725,-0.048611757024609,0.0104529372445207,0.00933397008562917,0.0408581444594913,0.0617402815283065,-0.0508266960150205,0.0128590216141497,-0.0911182623824913,-0.013342656289543,-0.0971037921901301,0.0170098346889861,0.0617411370200808,-0.00682120182495596,0.0457469833825069,-0.0145564138105038,-0.0126909958136896,0.00802405764507304,-0.00754793850986238,-0.0457080076110747,0.00813253236351935,-0.0462369561568718,0.0211843670969553,0.0691782476613569,-0.00900174220570305,0.00779157288233241,-0.028514919908791,0.0707728651742645,0.0361321676425262,0.0730962568146071,-0.0417075899692639,-0.056476870213507,-0.0383614068763134,0.125394287579151,-0.0675862300724945,0.0785594872566281,-0.04878960303691,-0.00260923662215566,0.0555631283336186,-0.0267643161853493,0.0451495555240343,-0.0218627318407884,-0.021453573712074,-0.106336462445234,0.0115730787964869,-0.0408114778678951,0.0163543482347967,-0.00881252957023397,0.0109726482127022,-0.0144731255795096,-0.0132885238196802,-0.0498638002899872,0.0276248203954879,-0.0146089864942847,-0.0330984871627595,-0.00594434198485649,0.0127425841372403,-0.00179837841248498,-0.0836541909861851,0.0382753167015906,0.0548674577297925,0.029503409364994,0.00800014783374618,0.0015329254836017,0.0565625129917578,0.00557987395267962,0.0553367045142737,0.0102512940972536,0.00983911818415692,-0.00691818284341744,0.0255433262088442,0.000908413862050552,0.0471492751324439,-0.043396002461585,-0.00784670554065887,-0.0337338833514685,0.00316022607340787,-0.0123772214335603,-0.0100732516665079,-0.014103505472251,-0.0138648762036594,-0.0174030484377094,-0.0761957346725072,-0.0327777677517926,0.00755955489403923,-0.000607479942048622,0.0308797907377214,0.00323678940465343,-0.0128427812840773,0.0213911085391769,-0.0273608721584002,0.00053659896361355,0.0111316259177023,-0.00107446796211036,0.0183413105603037,-0.0138360651045814,0.0119559076361436,0.0215838404166744,-0.0301675618493023
"285",-0.0104582388742101,-0.0264335370765635,-0.0519717852056527,-0.109257016998027,0.0221220322550717,0.0259940838825361,0.0582570913138581,0.116822796335312,-0.0312100035734241,0.000920897466366072,-0.00292884809789332,0.0700068409328839,-0.0215474396559802,0.0899592063231369,0.0276469070948669,-0.0028843789735592,0.0113041592217733,-0.0823510838638737,0.0211726696006691,0.0456364414846325,-0.00370990178096288,-0.0438674571689914,-0.0579673131689297,0.0301754238737927,0.0286924526787109,0.0310818857126125,0.0272453045097162,-0.033881770787375,0.00161253159025039,0.0350718036710159,0.0041998560178924,-0.026667054442832,-0.0511656490907179,-0.061945641506348,-0.018844517980335,0.095603106254935,0.0202104961867953,-0.102572356378821,-0.0195509661779461,-0.011653245597338,0.0812962585485846,0.0108374625503625,-0.0354240752327477,0.104391629381293,-0.00569712392870677,-0.0160504677659721,0.0917941068352588,-0.0450123129025366,0.0293516132480719,-0.0269202690240686,0.0114734125320471,-0.0230025677633943,0.0733756387922194,-0.0301900871857726,-0.0244464940550839,-0.0449342962064926,0.0219619297848533,0.014462169325938,0.0224416622685181,0.0358437109879909,0.0714243099306146,-0.102883822885556,-0.0583491882360446,0.00303989781890429,-0.00958120972300924,0.025015299498489,-0.0644665158426213,0.0271189619969282,0.0165917529436718,0.0761717958883937,0.024999138507643,-0.0369604476927275,-0.00957455107758841,-0.0453966574723182,-0.0361433182261292,0.0734096258293542,0.0293670152115481,-0.0501075300142954,-0.0211643491114828,-0.00823897065632872,-0.0327469645848271,0.0392500251377665,0.00692954724573872,0.0326873032905065,0.0259988615773348,0.062724640786504,0.0250622605952343,-0.0382555579814155,-0.00867256249632442,-0.0860509183364797,0.0253694198038878,-0.0340269632768732,0.0406438291135365,0.0119700491733911,-0.0693397187640571,-0.0243014835271005,-0.00428972391025634,0.0434793492549086,0.0202368604733005,0.0221331053572227,-0.0257280190592541,0.0263018513386196,-0.000144730815419538,-0.0248132133454506,0.0141427763892803,0.0902125044751503,-0.00797682291022351,0.0634118957591183,-0.0815423733353568,0.00244036609253811,0.0479513666439962,-0.00312850690877582,0.0106182694418758,0.000568762608593907,-0.0329938159694223,-0.0281320108633042,0.019022368727279,0.0232180447545688,-0.0197146525189562,0.0501431165033943
"286",0.0499464182998879,0.0242573944509083,-0.0272036266666311,0.0365747747761509,0.0277420014692265,0.111664599581101,0.0185376540718467,-0.0716800482111677,-0.0723556851266426,-0.0427851994243194,0.0413157842219734,0.0100847900987261,-0.0222806354420717,-0.133725782179248,-0.0447621132820348,-0.034415641336281,0.0276533727348819,0.0736743384923773,0.0544985900009421,0.0173255432098466,-0.0476076913281456,0.00978838228274147,-0.0345652081798776,0.0334709083031791,-0.0388261775316385,-0.0328039241174042,-0.0373407343065872,-0.039434614921862,0.0209582446924683,-0.076101618687602,-0.0199802611593659,0.0560249970621228,-0.0200961065345759,0.0138424581195937,0.0469623275722792,0.0104634114623412,0.0370710161620047,-0.00938642120474853,0.00875400479149685,0.0670145557786337,0.0188334635891821,-0.0053304122394102,-0.0833503530604448,0.0503596170608723,-0.0174759899236476,0.00754131453816467,-0.0249225302202326,0.0153120865432882,-0.0112822579693057,0.113922113852094,0.020269617954817,0.00277326759456648,0.0265113943576956,0.0356553122513082,-0.0466761666690422,-0.075186597837,0.00815297174458058,-0.0419800134809365,0.0596735618785825,0.0412563649193257,0.0153803791055478,-0.0104615122180289,-0.0721725626567838,-0.0075205791398777,0.0571387183417346,-0.0433591477805656,0.110357922069958,0.00657917832713617,-0.00723217097612239,0.0566624794561768,0.068176545375826,-0.0049947386064237,-0.0105474389564513,-0.0338433012065837,-0.104515994414956,0.0335620359369003,0.0341625859696468,0.01895833807138,0.0211409402565938,0.0898197138200603,0.0337638566901059,-0.016932380074888,-0.0182220498451172,0.00725172652971785,0.0430177292415827,0.0111832228175353,-0.0842414035895491,-0.0512517835781505,-0.0163539888517915,-0.00909974608809858,-0.066837016968577,-0.0709911103006304,0.0168767061684813,-0.00734594347584623,-0.0167188264024818,0.0374084604984346,0.000858650924929566,0.0116933940846738,0.0059144260641165,-0.00494419480973353,-0.0076361732593671,0.0158340896816783,-0.0711370948389259,-0.00665335718346408,-0.0205622695749613,0.0202011563419183,0.0325735855802037,0.0250895135044875,0.036727637248065,-0.0160337647697576,0.0258907000454167,0.00409441446011653,0.0235541321258101,-0.0508549374979498,-0.0799756507129931,-0.0267090448387865,0.0440304920076147,-0.0375400830522696,-0.0097593487560246,-0.00726217365570362
"287",-0.0396293761255445,0.0162776861298805,-0.036324376155532,-0.0152202164768921,-0.0150466296161355,0.00479537466402311,0.088417276664398,-0.0556004252821535,0.0102450709097299,0.166703499866087,0.0193213167522719,-0.0710457127457025,-0.0267041611426704,0.00116701043911193,-0.0363674475381777,-0.0781024868752238,0.021888995789365,-0.00816048578645579,0.0481888219661747,0.0846128062418215,-0.0358599579989663,-0.0221719071457046,0.0211350237882646,0.0511252783616802,0.00146902468936071,0.0405514939681779,0.0727931288541307,0.00212130098533675,-0.0284271523487035,0.0423393528446793,0.00418424299573168,-0.0283617542275127,0.0945815434199038,-0.0190834008103281,0.0301847678271912,-0.106093412777316,0.0344975187401053,-0.0332787252912352,0.0611650810226432,-0.0610792052119741,-0.0212982415626683,0.0637983083843516,-0.0596943174234613,-0.0114515659335317,0.0172737443562965,0.0338125801262438,-0.0495975239778163,-0.032705211097754,-0.000673581610329311,0.0933376149720407,0.0156011743135715,0.0160861088852215,0.0625424095638062,0.0361850292795429,-0.0651354229642627,-0.0346214720136157,0.0611579445163737,0.0497318893777824,0.0162401367033005,0.00308606407263707,0.0771499607190789,0.0101731631912726,0.0434251186596197,0.0127292974063805,-0.0503542219547287,-0.003869537108243,0.00730622350432579,0.0229093500639702,0.0908823523167567,-0.0112685922706894,0.0109980914339109,0.105521702579211,-0.0257840639103021,0.00640968379305351,0.0426647832652015,-0.0126914203447581,8.73157753296975e-05,0.0119761848128611,0.0573558938185567,0.023812123030427,-0.0307975834864127,0.00689721518654416,0.00304117017572334,-0.0578503879279925,-0.0226378964150641,0.005286477560562,-0.0360993690690901,-0.0119637288202139,0.0204379500691419,-0.0037867736243861,0.0339260161795764,0.0105682122699007,0.0222386260309398,-0.039562169409006,-0.000160839223090192,0.0115372805548567,0.00444376470614648,-0.00034497574158367,0.00480542959830143,-0.0247273131978325,0.0333144365612709,0.061685752665951,0.0611884278123211,0.0303980595404421,-0.0446881600066655,0.0271171301465307,0.0285472669224398,0.0459847207583643,-0.00277031649470319,-0.0126110989914339,-0.0539628533892777,-0.0241859828509514,0.0335448404954217,-0.00714762416334755,0.0357091279777088,-0.0137762846624086,-0.0245875314068788,-0.0157425954690778,-0.0286771447218537,0.04960902767829
"288",-0.115118729641017,-0.0332274022496008,0.0398655631962081,0.0157784801795284,-0.011703242261032,0.0544646373289401,0.00655629269777562,0.00502405605505412,-0.0513168600921905,0.0388936587738662,0.0303754099838057,0.0289057152978784,0.0553550513565735,-0.00296164729009324,-0.0345030212584557,-0.0478862894231792,0.0124431107245334,0.0171272809251695,0.0108085469700896,-0.0245507578077044,0.00345125100528972,0.00721635127299454,-0.050295133440161,0.034794446289561,0.0167333192772393,-0.0324238360645127,0.0111157399685908,-0.0584124969067774,-0.015729571666937,0.0197192398638084,0.0353222779214323,0.0337513085358518,-0.00718861902461039,0.000900367963653433,0.041534891899984,-0.0197257605807426,-0.0472837919834745,0.00903890724061794,0.0341266769319372,0.00103770758780509,-0.000644232496116681,0.0529839121773685,0.0238826694654238,-0.0575022157168186,-0.0457027484105858,-0.0151363428976069,-0.00501430496597803,0.0291755856388957,0.0473329318623028,0.0071626833082574,0.049175663032282,-0.0203304714394491,0.0225499531586533,0.0188897457655857,-0.0674979083505125,0.017298401988859,-0.0379380417823685,-0.0251168487316918,-0.0485553660391185,0.00954483518586959,-0.029607669003519,-0.0724984842396086,-0.0157353224356605,0.0647230816235447,-0.0242785668364211,0.0119869463850461,0.0900754763242506,-0.00194334492877354,-0.0347477617356314,-0.0153612093034007,-0.00773533663315561,-0.0104967368375543,0.0261980784594547,-0.0177846016324511,0.029935371676887,0.0228707442543481,-0.0466914285453088,0.0483763537093326,-0.00689354720338778,0.026376883335268,-0.00738316615671926,0.0128912877278341,-0.0127311726228169,0.0137732193138038,0.0772844566525553,0.0442390777286414,-0.0111260648024991,0.0171708738381894,0.00893285134376453,-0.0650474056499187,0.00645039147493471,0.0412612135843333,-0.0149530295344187,-0.0171985055393675,0.0448559846263392,0.0284388873019147,0.00339563194440904,0.00314399520284628,0.0150597726598501,-0.0486520403351834,-0.00310175714716886,-0.0282144352658702,-0.00288855630074002,0.00198282902656353,0.013168102215414,-0.0111211246890705,0.0083405854423525,-0.013223904920875,-0.00686122712327371,-0.00904031681033725,0.00581145779409863,0.0400216033662695,-0.0392313889012696,0.00515245802316669,-0.0290843835791559,-0.0134865832053232,0.00940701769168625,0.00106593038321068,0.025032981539186,0.0272593814809144
"289",-0.0294685580529306,0.0344961458556425,-0.0191787499182539,-0.103928023043365,0.0355002907960608,0.00302557566222415,-0.0583393043003966,-0.0243292437093409,0.071419298468234,-0.0949376217992371,0.010019738856592,0.0294172401788975,0.0222761150861025,-0.0497391854165425,0.0986776111666431,0.00804586574952444,-0.00506090054892999,-0.113772525417257,0.0406490288777678,-0.0316009127129817,-0.0868274069979088,-0.0162727681302573,-0.0193602352592745,-0.0785795921812304,-0.0458241541894438,-0.0400922922332511,-0.0132649176321928,-0.0162250950391556,0.0132285097506198,0.0306508280673462,-0.108013414165135,0.00801358139409087,0.0191572398934697,-0.0712780628348435,-0.00480250837732234,-0.0334302745336616,-0.0638973250516071,0.0040431107545067,0.0893028456232918,0.00558430568887573,0.00854353261148933,0.0743149729505792,0.0168176668518004,-0.0274837658613316,0.00296198628997617,0.0270771541465055,0.0749788097899587,0.0300025227575042,-0.0668597905354272,-0.0309659019975944,0.0574789000680233,0.0220483379095762,0.0401744302480082,-0.0170656010195746,0.0897185809710558,0.016135482700738,-0.0315215500003942,0.0648323172756549,-0.000488012962093819,-0.0693637302786639,0.0111472318303924,-0.0205014943423427,0.00467884772593588,-0.0212496514398414,-0.0337938668274162,-0.00669493680627796,-0.0417540378211562,-0.0322913002159341,-0.0657156256757217,-0.0126520261931353,-0.0300212871780055,-0.0222426147018449,0.0174581637566867,-0.0674984208064945,-0.0498424362728264,0.000514832681384617,0.0347509976888859,0.00745761370634904,-0.0766672658196374,0.0525659665155302,0.0629730383093164,-0.021114134211314,-0.0253040741395106,0.00762054111633766,0.0208319105938818,0.0687213750182029,0.0112839912404247,0.0189371520726699,0.0715816278786982,-0.0662587481171729,-0.00709863184972961,-0.0342686361786302,-0.00975371560415803,0.000426417634896635,0.0344611322731665,-0.06432183881199,-0.0126945765965941,-0.00751228447118401,0.00249085966218563,0.0115885514476342,-0.0164250027451868,-0.0180426134750451,-0.0316199782948705,-0.0398647985990892,-0.0360141654688302,-0.00112554836645776,0.0623421069444228,0.0349311055256527,0.0228405113575288,-0.0351274054161468,0.00638707316191498,0.002957439021996,-0.0160049118723144,0.0203499885003895,-0.0620481349584599,0.0135636300729062,-0.0367741675001407,0.0120080147722685,0.026947607014621,0.016748098287826
"290",0.0557219800818266,0.0105994145494901,-0.0799086158705249,0.0105409761001518,0.0198734983102884,0.0562373526023982,-0.000952910697700541,0.0816154898066722,0.0316658662882224,-0.00171826132961998,-0.06211904372315,-0.035764937418783,0.0335750227222219,-0.0113501657059813,-0.078997747832227,0.0499883997846419,-0.0516389991563821,0.00912439361732724,-0.0151637522038966,-0.0244888863177368,0.0818475021815563,0.0293516509516565,0.0813903794776428,-0.107350150611288,-0.112771686490521,0.0421359393011032,-0.00198093900865873,-0.0420514176817437,0.0550988795252827,-0.0346529312766629,-0.0608582228022573,0.00488855434261667,0.0394651783994167,0.127233587279434,-0.0445345048339393,-0.0559225774052121,-0.0532598402072222,-0.0301660638807946,-0.0338860493313647,0.0190617979025681,0.0116750264104589,-0.0013042956264059,-0.0402538377281859,0.130226235487746,0.0763324870912974,0.0155931993500913,-0.0932806428383862,-0.0338252832608931,0.0515132487517402,0.0547064643740071,0.0940979826553278,0.00821447968452029,-0.0300665476242463,0.0389458303133451,0.0326567043062377,-0.000230578913513083,-0.05069954826132,0.0282521416558282,-0.0886477121486651,-0.0311358438419055,0.0190140308114658,0.000599254970941826,-0.0478099733311447,-0.0843443780329926,0.0527386933430108,-0.0106259965177313,0.00937838602452953,0.0394448888160184,0.0277431385988655,0.0203517964398395,0.00068502050998682,0.0357130662272824,0.0110872655397043,0.0241053224780741,0.0381623088223464,0.03086184949686,-0.0821434296958934,0.00486505861913906,0.000576254847540682,0.0181234309186226,0.0325162396212234,0.0465364116776943,-0.028956931973963,-0.0537270270535606,0.00881926479677657,-0.0450869045458592,0.107429244715301,0.0561263187147152,-0.00244052959418374,-0.0405868600325081,0.0196310224030598,0.080051960773069,-0.00397860292294573,0.0140382259735793,-0.00429038934276432,0.0106065969459432,-0.0347199998558744,-0.012634932500671,-0.0591959165152546,-0.0107555521622206,-0.0550305769732812,-0.0501334127640321,-0.0227914309558942,0.0204518378819916,-0.0488569372512063,-0.0296203522602424,-0.0137330387893547,-0.0218500691987499,0.0228457322847097,-0.0523352025508485,0.00808242636716648,-0.0692099654637268,-0.0239812234464387,0.0123235961670131,-0.0379912606471437,0.0460739409720871,-0.00188581518184507,0.000499301530649156,0.028935753298334,0.0502428838872689
"291",0.0803794023891199,0.0519292082045841,-0.0473260644215639,0.0635916593718169,0.000922239403444448,0.0394376619838576,-0.0454969095593003,-0.0386400568088129,0.0289394716126871,-0.000383759110589192,0.037153851765996,-0.0314749556900194,-0.108434331151691,0.00264783212155787,0.0230362371737415,0.0205339206747509,-0.052213161591564,-0.0202446020154711,-0.0465913862674452,0.0215230441815199,-0.0662825653381937,-0.00943567396283397,0.0246299564554206,0.0578454810650349,-0.046400213858006,-0.0436357668217685,0.0477410959368078,-0.00452102423870114,-0.0130761665826672,0.0222295438795202,-0.0237220274834923,-0.0426322726028644,0.0160571515986054,0.067801544656482,0.0482991659816183,-0.0281177151385062,-0.0409228468106116,0.0166204817189314,-0.100774161284341,-0.0204945078059716,-0.0240266891036004,0.0779972742528734,0.0609395237399258,0.0946398715109647,-0.0614114783929016,0.132613053447075,0.014282064852612,-0.0189662498715701,-0.0892478219241157,0.0837825646518474,0.031309600342505,0.0218594895315974,-0.022597764213005,0.0379379991599583,0.0101524474219035,-0.0341620251255096,0.015271143006789,-0.0678210822162687,-0.0555715642975166,0.0279846012550469,0.137585749274695,-0.010256934626447,-0.0487159823824797,-0.0466023768541463,0.0477539529420794,0.0379107184389629,-0.0083961969101841,0.0428958701419175,0.0291430160602868,-0.0622892302925444,-0.0393733344437876,-0.0184878984737883,0.000759570841426349,0.0448718479083583,0.0581490106574343,-0.0121908488460732,0.0134951284497651,-0.0435017882582136,-0.00843096156535935,-0.00327195358252148,-0.00424656990888207,0.00667174543833066,-0.033039738446452,-0.0456010927375139,-0.049270566093402,0.0420126207083774,0.0528449014174723,0.0454153305815653,0.0883773195829478,-0.0633258988246866,0.0666478694935147,-0.00961904433215139,0.0164058731238847,0.117767235511016,0.106949891856725,-0.0399438775140781,0.037653599184899,-0.0451748229455779,-0.0151545678792281,0.012372744401199,0.0408105190045579,-0.0336687066572974,0.0252986825025477,-0.0174840250584475,-0.0346921582171495,0.0104644491790551,0.0497429337176116,0.0198960466153424,0.0589439665417429,0.0164472101179422,0.00982967598847301,-0.0623590083952232,0.0305842828517261,0.00237926396652362,-0.0197428629755397,-0.026484172754378,-0.04980017732034,0.0216784083640728,-0.0500066887659691,0.072664534557088
"292",-0.0582757882797426,-0.0248723297433757,-0.0290946967866739,-0.0533757033928142,0.00965884902024478,0.0372482392938312,-0.0417513548450266,0.053741613422263,-0.027494928173269,0.0338382645229289,-0.0527728280389225,0.059396896868409,-0.0485717218644537,0.106920112365934,-0.092993446314645,0.00645011954283056,-0.0254596999923972,-0.0509155922260746,-0.0928728912616169,0.00288701587147264,0.0655999847311282,-0.0947483237353898,0.00282605230026723,0.0860227600865383,-0.0255802061618733,-0.0391585833465543,-0.0277923208937499,0.0360493329448057,0.0106534940629307,-0.0979653494877933,0.059809551240854,0.0177868191404634,0.0871585171999475,-0.0763391137066139,-0.0926745482544748,-0.0315337474825743,-0.0780971145300471,0.0474304246401851,-0.000532380019020467,-0.0185233645767403,-0.0229329826364158,-0.00551020042404056,-0.00799124349444503,0.153559861950587,-0.0354833378524017,0.0323440806103661,-0.0236114877168838,-0.0370599240264786,0.0286800227164282,-0.0333320503108219,0.00728072232915742,0.00182823281985735,0.0218393172814014,-0.0220176494069986,-0.0145608313390538,-0.0881594979016032,-0.00486584356915703,-0.0166868146558038,0.02640959851295,-0.0848727840256663,-0.0371897695262094,0.0839350356333855,-0.0420355781170599,0.00762154827976363,-0.00415377316976248,0.0742786179634058,-0.0582101157126582,0.0795208165248096,0.0506528665383216,0.00452840992617559,-0.0366515302054899,0.000347485698292601,-0.0442987590957113,0.0253814571266838,0.027196899293816,0.0952991576457887,0.00480980862724861,0.0153978415502696,-0.0434404209118625,-0.000445907662113039,-0.00738332866613654,0.107174716732017,-0.0520925241841721,0.0467569011738834,0.146122597828221,-0.00712145977390311,0.0449261626043555,0.0677484480670137,0.00120990481846457,-0.0068942601576841,-0.0457840941230367,-0.00183116645216877,-0.032835885748437,-0.0200208746528738,0.00100074760479051,0.0536252065310708,-0.0418393272722024,0.0122665103935848,-0.00566458938850347,-0.0921750250999552,-0.00365828000872728,-0.0313548125077431,0.0259278122724744,-0.0752045290516514,-0.0097847520380035,-0.0327188940648653,0.0391105988076938,0.0315099508854025,-0.0225197954709435,-0.0382537462476448,-0.0111327682754853,-0.030460614436614,0.0106988576812029,0.00225831840808272,-0.0633708716648606,0.0498423601239571,-0.0121863699265757,0.0335812869330619,0.00578919960119674,-0.0751296826493235
"293",-0.00965667666250164,0.0469607809440386,-0.119983807454354,-0.0610262755840993,0.0183660019066581,0.0132020399996353,0.0346058396700126,0.0657131316291608,0.0183919314713904,-0.051712563223061,-0.0086175345089776,-0.0205965156537023,0.0412663271752648,-0.0690727670522277,0.023034804284721,-0.0310551618268336,-0.0860789996075773,-0.0514921837041221,-0.0577795120548954,-0.0101223483550724,-0.0577938546035764,0.0842863116927112,-0.0401572987089606,-0.068838717925668,-0.0257760314297701,-0.00332972534450373,0.0439852811677224,0.0152063921373355,0.0122672078453709,-0.0703369512814808,-0.000941556944806803,-0.0384859071113929,0.0438043625654084,-0.015531801723789,-0.028770240883716,0.023263847819774,-0.0287244696626133,0.0627836451712311,0.0231871018450259,0.0424637449698387,-0.0531965193322511,0.0126455397027533,0.0214590026461758,0.0468874172505165,0.030110599607372,-0.0834848752399264,-0.0434806298864255,-0.0202953485004536,0.0264069258898172,0.0359430216521823,-0.00841319431924672,0.0439179915478671,-0.00269019962437433,0.107243329165577,-0.014941691997066,0.0651624672684823,0.059885625221924,-0.0272727380627476,0.000979406576919744,0.107189904991161,0.0327603945853322,0.0575863798600459,0.0428663830135174,0.0467858677528322,-0.00711020113018938,-0.039929664331152,-0.0264920543799887,0.0274570333343315,-0.094711600743612,0.00693898453500649,0.000891130256761953,0.0798012057287336,0.0245568825605328,0.0250137353856056,0.0375351868955131,0.0830023169130342,0.0205938138858975,0.0241860635707883,0.0172023338754148,0.0199005358409894,-0.00753676102843833,-0.0181416221037855,0.0797249895862973,-0.0319455162157478,-0.000794899142002534,-0.0193154837970302,0.0343310647282405,0.0227121300980547,-0.0186590641934496,0.0213619875794983,-0.00972925415182427,-0.0232833272129346,0.0604750380572662,-0.102715963584955,-0.00402290427918175,0.00373737339145466,0.0104969511711231,0.0130605583143342,-0.0118519045815958,-0.0489906471738912,-0.00658100357809326,-0.0167166661607535,-0.0841591292833955,0.00239013539083768,-0.0193610314049967,0.0116752360331768,0.0175378199857017,-0.0332173646349238,0.0180188198687507,-0.00480179359961597,0.0700856027198087,-0.0448412032623006,-0.00554085301202449,0.0374475523366392,-0.0392345259955266,0.0485213026253729,-0.0276408824689447,-0.0342151090262576,-0.0284432014852415,-0.00228262324754589
"294",-0.0586931971555473,0.0625234637503767,-0.0274687577453788,0.0699196672266447,0.0175455547429792,-0.0232270647328711,0.0465673544889214,-0.0191362798893374,0.0244905773854275,0.00890500041978486,-0.0653322080301261,0.023616282103407,0.0364236342822168,-0.0166785943621674,-0.0301726748850874,0.111372831625408,-0.0290564057251419,-0.0422894489873841,-0.0487300118237249,-0.0169189666709657,0.0111520821018619,-0.0506105670410538,0.0515355774946125,-0.0555349675687043,-0.0302785445177393,-0.0421655843714211,0.10595321187796,-0.131885341819629,0.0845219913209972,0.0915692236488883,0.136653600520677,-0.0334217018587944,0.0030966344673894,0.0194479599719589,0.0266101499506808,0.0352199442846167,-0.0595758166049462,0.00106016672521698,-0.0936774121488261,-0.0671011339242357,-0.01450173678297,0.00704335067668735,-0.0308322466109299,-0.0132616699354384,0.0144789762603911,-0.0136613450977912,0.0631597222546231,0.0349132367429578,0.0498295620984891,-0.00893417041145581,-0.051066147875484,0.0127246920258927,-0.00757275919414353,0.015616764916526,0.055295331737869,0.0701538275519931,0.0564635653533053,-0.0521130272266991,0.0463760785628985,-0.115785929567035,0.0967102872359065,-0.0270932654631673,-0.0176315811816483,-0.112744887667178,0.0255733663024616,0.137969096807791,-0.0133796499726749,0.0375109653674808,0.00475073497564794,-0.057320273411936,0.0580204075395516,-0.0498053680954022,0.0162596963044858,-0.0405033561244081,-0.0742673180094925,-0.0340719498072115,0.0653749041408695,-0.0168999230313354,0.00996113211627021,-0.0667386625958847,-0.0312322411364785,-0.0192086062277105,0.0065622548079521,0.0704314229676935,-0.0139618518259168,-0.00420810953286124,-0.11028222485165,-0.0032074816205187,0.0572688759057799,-0.149432295563001,-0.0544006754004549,0.0105388537027092,-0.0562220914890222,0.0363164313407597,-0.0231291929786324,0.0176679010866732,-0.0342528977963473,-0.0212513869425161,-0.0424097717927157,-0.00698788019669995,-0.0200603424542965,-0.0183059728764433,-0.00288347347020578,-0.0492262492642965,-0.00907540337843674,0.00204135022683657,0.0268855167459763,0.000817535715082427,0.01742962777147,0.0113487544586101,-0.0108249859647143,-0.0102015432430363,0.0280974245144703,0.021382781208617,-0.0321704194902716,0.0026176563891516,-0.0168675272112796,-0.017030781975851,0.00816945320655109,-0.0274254939094969
"295",0.0299223329804728,0.00210405836817981,-0.0888736172731412,0.00877155876007997,-0.0176286442764647,-0.0602240940984791,-0.00436883830166436,0.00316945261779914,-0.0417552532791826,-0.0602945984805164,-0.0684292542062709,0.0460572483205804,0.048342543923382,0.0238705221572838,-0.0671831514907741,0.0753748122095734,0.0940618019312129,0.0586612825864904,-0.0303886242320522,-0.0555523634453191,-0.00139487063503331,-0.10330440375817,-0.0165450484696269,-0.0513713537432849,0.166335990536309,4.91790837985881e-05,-0.0018535449810158,0.0382841498875208,0.0767571516177642,0.0724141369686711,0.0686556998917549,-0.0468179222878258,0.00729946276468213,-0.0208737394619616,-0.0230323118674474,-0.0569105913818116,0.0706136928266665,0.0275946052794391,0.0338145415364871,-0.0158743892643188,-0.018454477153431,0.0914146265652109,0.0270053964084167,-0.0148218145026183,0.083423812538307,0.0479214214956443,0.0798548054731473,0.0430848617238859,-0.0566923191444169,-0.103227653793256,0.0255705456437034,0.0467909332529081,-0.0222910379216909,0.0650854973009765,0.0391921841839905,0.0380356986978513,-0.000838643793726459,-0.0488804362365376,-0.0282962382788112,0.0194377738085558,0.0708598023264059,-0.032837062194193,-0.0398981242244413,-0.0711011167999789,-0.032512405669103,0.0280002669516758,-0.0380797940897459,-0.016543529644521,-0.0201151614670685,0.0371888087587655,-0.0272345139957824,-0.0505578472895707,-0.0630821763232271,0.0198355790590393,0.0858233368067945,0.0293592395940836,-0.0367733641655381,0.0754517557495793,-0.0641202658915798,0.0286585713637419,-0.0268258277844178,-0.00342673145291482,-0.019179171847748,-0.0192355032522939,-0.0122998902249779,-0.0677766635804462,-0.0770950929469573,0.00517854977232973,-0.0770737874392498,0.0520221626992259,0.0989902922927402,-0.0415350544346346,-0.104265337539665,-0.00139549077004903,0.0112365768878295,0.0127602586116305,-0.0126328197075273,-0.0195766847421879,0.00144185158376122,-0.0516981204345643,0.0177253895493436,-0.03206899256175,0.00334752050246136,-0.00893059502782342,-0.0345374519172347,-0.00612602280504547,-0.0228849592714275,0.0092418773322045,0.00104593031235395,-0.018997767402169,0.0947845166763419,-0.0078717833316238,0.0202282347952987,0.0346553415883175,0.0106731862273976,-0.0274195160149193,-0.00411459436398712,0.0277494865796155,0.0198358569754838,-0.0166567947117822
"296",0.0960443571769456,-0.00154713242491285,-0.0676447538885722,-0.0772680553619709,0.0143266327241945,-0.0155573867547818,-0.0300290848465171,-0.0424979498660957,0.0142089692607969,0.0371522643511217,-0.0152060030852856,0.0115808135880024,0.0692602293878646,0.0241637830852001,0.063673480774742,0.00915096267874308,-0.0438179500400649,0.0348701819238219,0.00462105828170931,-0.0364979545735229,-0.0271951317222077,-0.0052143049012681,-0.0135234822649868,0.0188495201415441,-0.057959549250963,0.00295082873316829,-0.0315273325384165,0.0146258205330378,-0.0116811490876577,-0.0766465200745853,-0.0313114890746347,0.0303081307909336,-0.0547842778499072,-0.0454760062948901,0.0132165892449323,-0.0105010728336736,-0.0256408042506766,0.0393799101592779,-0.0278860187805856,-0.0192324885753305,-0.0996949365368789,-0.0777399575380673,-0.0614104908205397,0.0193234896418818,0.0214104059012059,0.0554861146243193,0.0621647539034802,-0.000413264479887162,0.00180270573135331,0.04724834382265,0.0156633278001232,0.0133844055040761,-0.0489666458733352,-0.0160531952048873,0.0187992971038147,-0.0819120252202609,0.0123679903889689,-0.0742833167532415,0.00967380168319235,-0.00764283692191244,-0.00210004452769337,0.0341864931707977,-0.010047207157698,0.0273524358655885,-0.0332848757907176,-0.017965169019366,-0.00296122158672269,-0.04220570337461,-0.0573422672429873,-0.0414666582319983,0.0167113352818727,0.030655619357528,0.00280433944121329,-0.0616137476989127,0.114008701714807,0.0422192034888542,0.0181533541498905,0.0291156210754897,0.00860133665807492,-0.086070393361872,0.0307105875400372,0.141632153753651,0.0125620366229895,-0.107056716529154,0.0946475165338214,-0.0705751979616019,-0.026168106517654,-0.0651085844469813,-0.0274288224006898,0.0337402512419827,-0.00438498865556293,0.0368339562753434,-0.0120524596097914,-0.00594806237764405,0.0525782320438456,-0.0236328566988023,-0.0113677151964196,0.00992163334621935,0.0223084169073667,0.00392492593221199,-0.00648275159738308,-0.011300308439178,-0.00448803531585267,-0.0135829186450489,0.0266688605547414,0.00760559959010883,0.0203911235489286,0.00527623199434886,0.00442515838970355,0.0209837970358108,0.00149897065474483,-0.00119827718670274,-0.0679948055129151,0.000586943159465857,0.001016486950147,0.0166513682678015,-0.0776153566703179,0.0429099025977722,-0.012251881972337,-0.00886508800380061
"297",-0.0364879728109499,-0.0706455857279477,-0.0318381354840212,-0.0462576270532726,-0.00455685574304831,0.0330494154099735,0.0305733578434709,0.0920857845438126,0.0538903260471587,0.0623520069043368,0.00861595463877078,0.0756736165993917,-0.0160875993071218,0.0496899983904021,-0.0258319693684646,0.056607245098632,-0.00527983171662783,0.0112486439287616,-0.0675933593607557,0.0496171608352297,-0.0736022511738372,0.0378036395501889,0.149564153604788,0.00662407704877875,-0.00384053593122489,0.0071855348808639,-0.0406136107770311,-0.105597884327105,-0.0260419934475112,0.0273571552153714,0.076156558368019,-0.0109949959373725,0.075897755827709,0.0564967587014572,0.0245384988635407,-0.0964248279217015,-0.0110255844029719,0.0783958086171476,0.0199818025817813,0.0293935399364831,0.0502903227760044,-0.116175834410304,0.0214058924934777,0.0221843179052951,0.0303879643622165,0.0540319301697226,0.023769159653346,-0.0130032598538148,0.00255726811113125,-0.0314011647625222,0.0411259713145011,-0.0140015216523556,-0.0378733433890503,-0.00818836974914483,-0.00923401697882954,0.0154146671099331,-0.0251503191190963,0.0265200639269817,0.00975581277055465,-0.0840271906880506,-0.0311435532316788,0.0206505837706094,-0.0365377129642903,-0.0203502545181862,-0.0155720793233893,0.0290326638065603,-0.081514118473574,0.00495757961205026,-0.0400067451182353,0.0210069933962136,-0.0367461964022818,1.45159433981219e-05,-0.00735564505341872,0.0728050892260945,-0.0215795899385932,0.0325551726307687,-0.0123317618292243,-0.0818034513715564,-0.0606307458622909,-0.0194087467687899,0.00108536385283454,-0.0389995582100563,0.0595586262424697,-0.0252900624296406,-0.0776178739345519,-0.00206771981890898,0.0764424545110314,-0.153655499916299,0.00705346500320822,-0.0101438494388193,0.0181022352160116,-0.0573311145309061,-0.00401005919498326,0.0203044077025083,-0.0238066582940393,0.0463106216821814,0.00230680085961976,0.00603586510923625,-0.00364142832711253,0.0265483331226319,0.023813163689479,-0.00857611632041611,0.0084387556423585,-0.045183824445568,0.0128952282397887,-0.00672560815749249,-0.0121034945021667,-0.0264046504582401,0.0206742143460808,0.00490079064842293,-0.0521316182572078,0.0454328984556836,0.0373546200530414,0.0478057390919285,0.0290573166172805,0.0368377548855018,-0.0300843355776765,-0.0299882197336128,-0.011845023357675,-0.00696138990188352
"298",0.073084631563603,-0.032301040818267,-0.00110086976591333,-0.0181847605720622,0.00281161436292077,-0.0763203333522852,-0.0633149805900516,-0.0135060568468374,0.0258010202355092,0.010648987094768,-0.148036600294562,-0.0990224505209855,0.0311947474931825,0.00558078933555327,0.0347184264112392,-0.00793464566372165,0.0350207000156522,-0.0106702752195575,0.0233983893170454,-0.00739746880031588,-0.0375269140579426,-0.0544981042111378,0.0666284371494204,-0.0148850702735095,0.0275064031508861,0.029505162849211,-0.0616628136714734,0.0309134699836585,-0.024817419153824,0.0593588877186773,-0.0276304804016683,-0.028299874832591,-0.0135685073558074,0.000744114431547722,-0.0234120174312362,-0.0223211979229889,0.0565030813036819,0.0739218966385746,0.0225634072564433,0.0715359340968571,-0.0210357549928495,-0.0352749782615306,0.0316386476717513,-0.00760673458147688,0.0389599492678341,-0.0484283132363922,0.0239360809962492,0.0338652766255733,0.0114554069118015,-0.00424007808055129,-0.0653759194072169,0.062571195758199,-0.0452574022389002,-0.00033429207413028,0.000352102460348026,0.0180496688952071,0.02975295411486,0.0166350864515794,0.0664623480424788,-0.0554955214077052,-0.0832120308399403,0.0489068011748821,-0.0043494869464688,0.0182025887364346,-0.0244245841657412,0.0680466040662556,0.05517139645891,0.0514290834752381,0.0183428986397043,0.0843543904632847,-0.0331434442920365,0.0441475833188564,-0.0147749207843489,-0.0165520397443448,0.0290760717587415,-0.0373612834885899,-0.0579520289389745,0.0235819407395993,0.0914403283049055,0.0313778692924281,0.0818439631080203,0.028701589305049,-0.0453977461806916,0.0630419632998536,-0.0618289650716975,0.0134208859423562,-0.0286993971696198,0.0075155937829836,0.0229000243348091,-0.126185551546164,-0.0394215180910729,-0.0161429309409577,-0.0307014679956034,0.0447716100028679,-0.027986772684623,0.00568282377583668,0.0271928276789933,-0.011814627462567,-0.00387171688959857,0.0244413115088222,-0.0609581367154539,0.0053650057869172,-0.0162030717041095,-0.0248941872449257,0.0192732777770904,0.0299083643403722,0.00554454940672853,0.0193486489367876,0.00493204710792611,0.000163833791564973,-0.0152862718788208,-0.00916108119586621,0.0152193407757155,-0.0190798026714712,0.0146407270400775,0.0202278174962587,0.0105046845536249,-0.0459874689720699,0.0152473408096604,0.00574614857056934
"299",0.0132230962033029,0.0150114930220842,-0.0478845016939969,0.15618825326258,0.0522661720837685,0.0657008097817387,0.0402219988832542,-0.0531934715312681,0.00415913686656901,0.0446409061739259,-0.0299063450154825,-0.0583472146112276,0.0113845106900074,0.0132476164022428,0.0261149044104951,0.0057496648026958,-0.0434144234527771,0.0373250859797771,0.0348470156740367,0.0133532112377414,0.00362007670850358,0.0285950652461594,0.0268192436025044,0.0184959632636336,-0.0345028482152795,-0.00169940248881366,0.0351798908425938,-0.00528760170029026,-0.0350532627230427,0.00406910443489806,0.0192349094215885,-0.0291322358252422,0.0541315618175249,0.0187803884932754,-0.0568485096590326,0.037242146142241,0.00800131288569203,-0.0144877085461811,0.0123267307030496,0.0422550766291073,0.0153137298880544,0.0228858954001077,-0.0305655894947157,0.0747297144248342,-0.00176463807280784,-0.00580835164260802,0.0794130992545185,-0.00986966279792519,-0.023417708121255,-0.115099253930894,0.00157020185686832,-0.0725623429754935,0.0921695598673122,-0.0303114637880499,-0.00523515798811423,0.00227305701805675,-0.00216814597558447,0.0156642520909708,0.0200124644724196,-0.0585506566287463,0.0397194106181421,-0.0763572310739095,-0.0621137798843251,0.0760130150450674,0.0165885126841432,0.111868135203479,0.0862753182916302,-0.0110555838713146,-0.0634212504728671,0.0535361222830377,0.00919243996529555,-0.00515301986273521,-0.00718546148150522,0.00937144648952187,-0.031321446581927,-0.00892395648710461,0.0451348548224451,-0.0382379389542833,0.103527679153236,-0.0630040297864186,-0.0403817230784596,-0.100113561140783,0.0163632776958489,0.0314325788340224,0.0558976930597949,-0.0161477029941716,-0.0121214951144298,-0.0433580602454858,-0.0163946875985169,0.00116393596464812,0.0553895292135624,0.00205484516953375,0.0186651888297164,-0.0657603702129299,0.027839263834848,-0.0195928229605665,0.015327203757041,-0.0190463365292334,-0.00586489149211035,-0.0126318929280008,0.0207195657432185,-0.00170080543067312,-0.0178246248780522,-0.0492383800464431,-0.0417494735833334,0.0135350880302155,0.0177555403201155,0.0517332831595712,-0.0442852195458966,0.0199007034399527,-0.00618326728640322,0.0283127947250629,-0.0136445383177714,0.0385874874459668,-0.0300852160053466,0.00964992508038491,-0.00313165950213925,0.0242880623329184,0.00260737045984948,0.0093164438603592
"300",0.00394387692108043,-0.0390103919145832,-0.0179680745710869,0.0416657140321366,0.0378209327244447,0.0508448754318343,-0.0248479268658304,0.14564169879546,0.0155317088370991,0.111867180763698,0.052114969743268,0.0295290574329319,0.011416199693971,-0.0335600004286536,0.000895973643041165,0.0552919226585682,0.0418321160756691,-0.0741863918493335,-0.0603346668195481,0.0526811821497026,0.0608677158109037,-0.00910554591759904,-0.070597245178705,-0.0243950520560336,0.022347402347232,-0.0141994729421981,0.0182836673585957,-0.00600077107098069,-0.0753863408163953,-0.0547730334723309,-0.0156940556214491,0.0260748104580824,0.00152986522339692,-0.00894244991005476,0.0151164333324648,-0.015965431662802,-0.0303375495744505,0.104187175982021,-0.00549948561478374,-0.103325284614205,-0.00355555665884843,0.118883847959425,-0.0306978902018627,0.0696391493461016,0.0390676314539114,-0.0283426587390722,0.00861749028117232,-0.0826532255983767,0.00298388660671055,0.0225487020612807,0.0318368961072532,-0.0292841877406769,-0.0366741134007658,-0.0781736788213912,-0.01035929391259,0.0764681383693734,0.00373900894340896,-0.0279497169905941,-0.0287583211194372,-0.0376714437855723,0.0383250947704018,-0.0023556994327568,-0.109305236357154,0.0994733424394338,0.0773324557968726,0.024513957863151,-0.0249576711728844,0.0158917443195132,0.00365788428574821,-0.0112744092251258,-0.0477700953355561,0.0814325049851961,-0.0232895449751125,-0.00874223272524394,0.0680168696624757,-0.021010340223773,0.017523452939088,-0.0248362599451402,-0.0797924081385678,-0.0510272242434612,0.0364118496682631,0.00905752794662504,-0.00667450339556399,0.0406035322421822,-0.0116575841593289,0.0955333138469921,0.0192638414694032,0.0258027303116377,0.0202733567874849,0.0610411893247806,-0.0430056467205506,-0.00100520861398418,2.80297104254233e-05,0.0150567273015476,0.00430037872728728,0.00505143383032303,-0.0160670705401388,0.00825954679599663,-0.00767128229791884,-0.0164531643707494,0.0168945548303543,0.0111995124608897,-0.0108934951601989,-0.00927649639910106,0.0130153007955613,0.00869111212011295,-0.0210621395126129,-0.0290910387733402,-0.0359761893124804,0.00623961465986366,0.0478807169398577,-0.00857393911001615,-0.0164297667950999,0.00366907936069314,0.0176143506299773,0.0457042395810191,-0.0565093686399152,-0.0287884324958023,-0.00846284761001182,-0.0211523775530023
"301",-0.0822371993767953,-0.0257827421986603,-0.0276223153757397,0.00644543681083817,0.0354353565644675,0.0648924575677626,-0.0178429764668462,-0.124363881298024,0.0374722953672993,-0.0359433925237655,0.0411278785260214,0.023444789427144,0.00981047703835821,0.0485471177289618,0.00525624222174449,-0.0155700676903325,-0.00826705143249329,0.0540349735105957,-0.0228935040843632,-0.036366456889884,-0.0849090741883867,0.0442610803316879,-0.0257019384889294,0.0128427140261265,-0.0291597832898541,-0.0455020078548993,-0.0443075703874548,-0.0403475260303148,0.0472121914261254,0.0558157336831551,0.00743969690716884,-0.0187887448993977,-0.0625050464130096,-0.0227881195465919,0.0813072588779334,0.0131186807568209,0.0247645670220603,0.0465820261119717,-0.00525840307299851,-0.00208653451819447,-0.0829836210872864,-0.0103844649071556,-0.050002348151219,-0.0423391913445002,0.0302436448034077,-0.00443131362823957,-0.0833665032313528,-0.0173131102360349,0.0161545832505648,0.0574318662002367,0.0277823772358766,-0.0477660685796523,-0.0801885484609106,-0.0323829573145223,0.0593179217202684,0.0591534021307139,-0.0770904464216352,0.0221240875690122,0.0198673215219486,0.0176440484265046,-0.00576649864510121,0.0387396803607657,-0.000406087418826113,0.00393418995266695,0.0246057957228665,0.088911960066608,-0.0123769640524648,-0.0173294843109607,0.0283522820710835,0.016572445913164,-0.0519538409849897,0.012710125405974,0.0312526400688929,0.00404004587536257,0.0657842166326899,-0.0659279717837781,0.051486129758365,-0.0564313652858053,-0.117213313896061,0.0132165097546547,0.0677154608454044,-0.0124029143025828,-0.00176180345794123,0.0339924617555905,-0.0439472004494778,-0.011309401974025,-0.0270818007308939,0.00411191600150321,0.0470652833187713,-0.0346502235684179,0.100986808427672,-0.0174664851337125,-0.0246276308601637,0.0598502174698859,0.0320374708403739,-0.0505431598634862,-0.0284887705376458,0.0118701703811428,-0.0230069976612513,-0.0142113614599948,0.0182989515397413,0.0279465465289327,0.0679942471041158,0.00521472174738354,0.0134718364865664,-0.0203718677619654,-0.0170129641454915,0.0236648448260231,0.0109228751899536,0.0513992207557347,-0.0489809102762564,0.0386520737592077,-0.0142731305007566,-0.022317098375309,0.0763539770822946,-0.0253822296955085,-0.00580730956625481,-0.030957720115743,0.0116327394974228,0.0126942384740752
"302",0.00788809774761256,0.0351206454101126,0.0501953715110558,-0.0159341462552166,0.0250271263382635,0.019998927220551,-0.0412723688329354,-0.100873244544936,-0.105040343907934,0.0224456439808465,0.0924798442993178,0.0420104947645676,-0.0493986759519906,-0.0508851584980793,-0.0354297715412199,0.0305554600282501,-0.0970254756370209,-0.019242131717382,0.0403684590427206,-0.07182348858058,0.0244783023091398,-0.0377847397057676,-0.022268180963659,-0.0833342953753577,0.0459096128351197,0.036790609087177,0.0274981670501771,-0.0382906436822692,0.110140926087903,-0.0336219836245604,-0.0490547720842145,0.0690784581778292,0.0339513823692581,0.0877585044664134,0.0182535896220499,-0.00291845945872645,0.0310009900978099,-0.0276129818888138,0.089927298367902,0.0109319039755125,-0.0132035815586321,0.0562944615199807,-0.0869465411836474,-0.0249240462474357,-0.0580704061532867,0.019650268063582,-0.101526946127714,0.14630752971609,-0.0246608674212678,0.0990626280738163,0.034821864369294,0.0410772225949297,-0.0287856365090316,-0.00793817788172653,-0.0639139718715729,-0.0396715058542483,0.0167619821225739,0.0993229806127845,0.0265485061532444,-0.0230795449235172,0.0311642879256756,0.0214006866984409,0.00233889736220633,0.0343117556655403,0.00356290579017156,0.0484937795985426,0.0373372897002523,-0.0567269784952082,0.00658069892466134,0.0503794354465681,-0.00680878834452919,-0.00807167454387495,0.0665189243792611,0.0054004995869409,0.0172025502638119,-0.0846248937009636,0.0307394232470519,0.0544543079004183,-0.0811099831254045,-0.0692670409177382,0.0183611701064923,-0.00424586143667505,-0.0603490626439895,-0.0455999388809,-0.0124530411319229,0.00710525119269211,-0.0306711215849302,0.0615991371361254,-0.0992846685029549,-0.073464544219422,0.104035902129639,0.03924293407499,-0.0112566964203994,-0.000823251548211023,-0.0476926694586488,0.0158494879076621,0.00772789176785072,0.0166462730136767,-0.0100616285765734,-0.00136993574160463,-0.0323297545210684,-0.0938452662977246,0.0715196345625214,0.0596271472344915,-0.0257911193058854,0.0336835008656965,0.0227987007835028,0.0109970333385929,0.035536199281636,-0.0105580523747761,-0.00195830038614412,-0.0495164723365113,-0.0412018407983517,-0.0425669070536838,0.00337790778276712,-0.0267359657575539,0.0170188088475217,-0.02007971513958,0.00212351681539205,0.0474985038398419
"303",-0.0317851821267896,0.00984353529473409,0.0216040818614355,0.0355446201037858,-0.115072796681827,0.0807419514234697,0.0261828829347403,0.0599118617885355,-0.0146479982816786,-0.00797545206537253,-0.0577120975576018,0.0541650904588937,-0.0673232951132745,0.00484190779753233,0.00800429776895332,-0.00949794690849023,-0.0689434606409263,-0.0431374254364552,0.0226658486885981,-0.0813829508780182,0.0217630947829573,0.0249997878610249,0.024509238338541,-0.0476172987594993,0.0710411392800457,-0.0482494029643959,-0.078109320189837,0.07151797286762,-0.0192404410154926,-0.00609920491205966,-0.0654825546311799,-0.0906054835848239,0.025002438732252,-0.0170016254398001,-0.0119327973624473,0.0255620868171432,0.129652031046327,0.010495387561439,-0.140096975562015,0.0327428964993967,0.0748733915822505,0.0749752236859227,-0.0240042812497203,0.0276657230005095,0.0373803162491903,0.117494070189924,0.0596036890853628,-0.0108993438448666,0.0418481710575453,0.00204643467464054,-0.0214045514443536,-0.01288859762436,-0.0586871912155728,0.125952277146692,0.000234177544374463,0.0616120675478304,0.0141926852850656,0.0518865543759189,-0.00488080962187927,-0.0315751963084007,-0.0259458235968148,0.0169201283553592,0.0567431636841987,0.056256432739391,-0.0325852857792763,-0.0151772505779575,-0.0262622942130793,0.118104219314068,0.100282759713391,0.0760031638301845,-0.0373855618841342,0.0753005861611364,0.00521984570099299,0.00949244913405121,-0.0356229255713854,0.0124714018236606,0.0316801869256843,-0.00133857780637693,-0.0318326113253763,0.0146978103725816,-0.037869607113539,-0.024165084812833,-0.0113385979659363,0.0125954836609465,-0.0354018812187202,0.0383786373453122,0.0472762676424101,0.0642949553003895,0.0232291307562407,-0.0339428286058621,0.0258400005983683,0.00118549701328982,-0.0748404218841475,0.0164747936215266,-0.0767693562089191,0.0470971524422847,-0.0185898539673425,0.00241133690558149,-0.0505142440989648,0.0180421612388648,-0.0293371379072882,0.0393809445517693,0.00191201994054365,-0.0501952703087774,0.00663813250586082,0.0372665220412517,0.0192511367320865,-0.0482548225221358,0.0429295582944842,-0.0351042306753118,0.000761304864773354,0.0219777088098725,0.0288735326521391,-0.00206130818718323,0.00834347064186073,0.0359896624420176,0.00129367860067052,0.00551116888623665,-0.0450913866375276,-0.0364088449968471
"304",-0.0289885836233013,-0.086624580584246,-0.0573963317214462,-0.00707710488618257,0.0451745657922404,-0.0670689494942157,-0.0512364643679008,-0.0424847098324085,-0.048609588705788,-0.00624398097687671,-0.0664823708356261,0.0689166686816254,-0.000695727721386266,-0.042072154769421,0.0653960122578476,-0.069220949857646,-0.0540972774110845,0.0454977799565275,0.0375739858532348,-0.0826701544700817,0.0870302461754999,-0.0263155801908533,0.00796124260740269,-0.0104580765702401,-0.0114152873396571,0.00528289256491224,-0.0202430176181064,-0.050989540118777,0.0486881369851883,-0.0425703638660125,0.035840707172564,-0.00663752090350078,-0.017029022868209,-0.00187473126877885,-0.00702700315865586,0.0343718058925169,0.0207114711817851,0.0572188781502478,0.0961080905001566,0.0410517275604818,0.0708108099606701,0.0103710795898073,0.0304957467451194,-0.0144400898855161,-0.0506124223957683,0.0531696873584594,0.020759071614137,-0.124844002553756,-0.0198464676473551,-0.0385278703571519,-0.0867418635616577,-0.0431436300359606,0.0253290783501678,0.0721989668776553,-0.00961524675032274,-0.00515693159502498,0.00337578603672509,0.00460189083920505,-0.084906337308642,-0.0682414701180037,0.105448536379233,-0.0790576235669018,-0.00146137140958564,0.156328936788634,-0.00728650739735112,0.0526634565835113,-0.113485681067173,-0.00796706255012094,0.0122377668519708,0.0114691570769725,0.00356139867405764,0.0854454689351184,-0.0163876692357566,0.0128338608062198,0.0259495353076699,-0.0927464596904203,-0.0072355622739798,0.0223978493754617,0.0125790399979707,0.0373293503954757,-0.0155411015084054,0.0338370439171242,-0.0483654336838768,0.0776701186800164,-0.125432798973948,0.0393703878641626,-0.0526122344667335,-0.0573788424518943,0.00748362178557552,0.0176565873604731,-0.0421878178935142,0.0502323255141194,-0.0133128043033624,-0.0073878174317358,0.0689606469741475,0.0117489211477045,-0.00666773480693325,0.0463155998787563,0.0381177971574641,-0.0584614299517487,0.048753837424949,0.0258057023074856,-0.00602377953218959,-0.0323771895254597,-0.00387550624273357,-0.0122276083891255,-0.0142087749047496,0.0349598948776349,-0.0397671233729463,0.0149807521983335,-0.0515145300564672,0.00605540965127301,0.0104390900529513,0.0302944535904048,0.00389044087798503,0.0433468538476036,-0.0281486521005406,0.0121929102108967,-0.00206702027190564,-0.044196795611299
"305",-0.0749252051181817,-0.00103177652214524,-0.0785491936476064,-0.0103649452652069,0.0522889539904415,0.0163000186238263,-0.0348190483297265,-0.00304968464762438,-0.0311025713611185,-0.0630207631819292,-0.0454349568487353,-0.0215440457467599,-0.0044497593878272,0.0721057240355596,-0.0872520583014554,0.0841392976791853,0.0606768853991805,0.00570816793575518,0.0526053848051953,-0.0846415194433537,0.0170447969315943,0.0651935161567977,-0.0156384272654863,-0.0522741642929777,-0.064211015763242,-0.0232124699559284,0.0400131802162206,0.0299619374410814,0.069267393231404,-0.0125926981347955,-0.052748848173176,0.0780939921240791,-0.0232993436363769,-0.0320045588273,-0.0338544734204929,-0.0468429683596843,0.00845008611582781,-0.0413773286973713,-0.052108474996492,0.00949959610557874,-0.0397695641263445,0.0368861567106826,0.0199938465811951,0.030497378090997,0.0526158082265237,-0.00562686314236113,-0.0621381653143634,0.0300126840520409,0.017860676429327,0.0381450261248506,-0.00926001247032889,0.0473400058163592,-0.0152033346719488,0.0276685620196225,0.0366379013533661,0.0166052899055027,-0.000334638947048133,-0.00769906398572566,-0.0292255926752224,0.0083797347325936,0.0445464863510267,0.00711744906540657,0.0578717052637442,-0.00425752021659415,0.0901715708177018,-0.0683440690511859,0.00545315991183961,0.0399286207194814,0.043587872028752,-0.00137174602879093,0.0990006768021831,-0.00598926498206756,-0.0432551803308907,0.0209910585916628,-0.00326317981010271,-0.0283677375590921,0.0384090311371615,-0.00305773163009153,0.0753958742608354,-0.000737162771138086,-0.0049099064641211,0.00649267437298523,0.00158006505811234,-0.0752628490918504,0.0214686209943759,0.0216883483438627,0.0404374515364897,-0.0435428570213344,0.00751472131381161,-0.0241738679098249,0.0197112131100679,-0.039222979448318,-0.107110060976492,-0.00421082125355728,0.0402562246078829,0.0686253666263301,-0.0387900972732885,0.0149521964651543,-0.0178709047610786,-0.0554889010914116,-0.00510384713136471,0.0116373278275412,0.00900977359257155,0.0100603246481281,-0.0214036373580028,0.00900747297702071,0.00986720316433489,-0.0421191468544895,0.030084595360094,0.0011127111516268,0.0662269221084772,-0.0425253415393826,-0.0593077895661812,-0.0420521132343861,-0.00485020854476458,-0.0107461902828603,0.00849760355373445,-0.0294598795243119,0.00247233758209753,0.00895705450320356
"306",-0.00384999378174291,-0.0536003921097323,0.0215837929221685,-0.0105761516768854,-0.03334025007501,-0.0784410655476976,-0.020715349967068,0.0836151502441342,-0.00212363568459689,-0.0299784904948124,-0.0651974150615759,-0.0303354880892827,-0.196015908536168,-0.0397548826585706,-0.0219657718729585,0.0118536798521534,-0.0534809345041992,0.0778443044969338,-0.0289222807532707,0.0112562308332214,0.0132660574236575,-0.0607327076736933,-0.0215749410922348,0.0396132936140309,-0.0915491984312609,0.0259239103889433,-0.00559306645890797,-0.0457841620259198,-0.0238038863762469,-0.0274660956909225,-0.0288972082666084,-0.0185318901930735,0.00103585658082719,0.0304549541279203,0.0257454231878138,-0.018950521459771,0.0560305011962037,0.0207365148643231,0.0399303429203802,-0.0212473102743114,-0.0741027557766009,0.0455657946724263,0.0333586982902051,-0.139250945884537,-0.000262137415850775,-0.0511189393743691,0.00307838780845531,-0.0406208394438338,0.00307454578614144,-0.0534818415446763,-0.0183468068428457,0.0497387177962261,-0.0221548239401826,0.0142975279060769,0.0208498156465517,0.0287884519793156,-0.0352333605456432,0.076286517664005,0.0261987345582679,0.0453033479642259,-0.00546117475969679,-0.0213935554927606,0.0554489651870672,-0.0106747183376073,-0.0440159519680957,0.0684843352625776,-0.0182703061138809,0.0152407213449405,-0.016624936191026,0.0204573489802552,-0.0543863348594738,-0.00798124809003243,0.0276174493739006,-0.083961641800008,-0.000632734838869037,-0.00836747885991961,0.0048084667754609,-0.00982685185896688,0.0536802777667967,0.0212943672899956,0.0620504476118191,-0.0408212213891293,-0.0261594981594417,-0.0390993774251355,-0.000260447467274353,-0.0246832574207854,0.0334226783580436,0.0673647903837465,-0.0227944455736904,-0.0226185231356902,-0.114878305156022,-0.00556919804979736,-0.0847343068223989,-0.0815760505489209,-0.00129705070278282,-0.0360830489053609,0.0400253757135583,0.00250079773028049,0.0253885218198836,-0.00195987790054195,-0.00866255678710523,-0.0411739913735299,0.000300610287678017,-0.0362250220530346,-0.0285657267915748,-0.00999267163713115,0.0483768098510907,-0.0204049590912547,-0.00200384874415683,0.00135394338761131,0.0024160809668045,-0.0284397085390928,0.0565414618472638,0.0272261763232749,-0.00179651243098226,-0.020128277244354,-0.0273355605951555,0.0271347071613686,-0.0461301160121033,-0.0329934960917493
"307",-0.00149509678471133,0.0615173774679632,-0.0587984445602001,0.0446040928860056,0.0614439373605867,-0.026241517393963,0.0891439626782955,-0.0553051625555114,0.021600173352424,-0.0270227222183849,0.0486893755874646,0.0426094388714638,0.0620555366696214,-0.00830590778129337,-0.0614437394986296,0.0127232096834322,-0.124303630652876,0.0643496035247667,0.0130123937691945,-0.0444835856769133,-0.0280622716959824,-0.0161155799648287,-0.0787021900921446,-0.0256457623579457,0.0681779941313123,0.0307382855945505,-0.0233300411019492,-0.0734271559476799,-0.106988923342428,0.00420314699348932,-0.0978903250936528,0.0521296820695943,0.0457930547527805,0.00851370636223142,-0.00111593830907065,0.037946052979808,-0.00575876591829622,0.0629130606515173,0.00722736103200474,-0.0193425639261001,-0.00170880176279419,0.0293248422995778,0.0855555834389838,-0.01963156649197,0.0793395058501044,0.0499219992154864,0.021926041568057,0.0692323830694022,0.00534119768427765,-0.0797680107567227,-0.0494607778915971,0.0288847938252373,0.0433720434443291,-0.0060027992631005,-0.0195558515311657,0.0279225970096162,0.0247245879001993,0.07876660768832,0.0308767560797374,0.0714659513439075,-0.0449389021143849,0.0162349885911434,-0.0680170233615685,0.0441658184767598,-0.0762657619181157,-0.00984982204667144,0.0435831446122377,-0.0401136726646075,-0.0782408857337503,-0.04029692993558,-0.00689125993439733,0.0541332876542777,-0.127100751565178,0.0734348364589537,-0.0237339396629317,-0.0760864970634069,-0.0093009415868186,0.0971228858470486,-0.103300376790317,-0.0119702481975372,0.0558350018852921,0.0769808335907201,0.0172880853535821,-0.0621573291472953,0.0295619317544332,-0.0293101979520004,-0.00756931880282402,0.0227312413867474,0.0844700565728729,0.00840646028814026,-0.00222179579946696,-0.107660962373299,0.0109063137498901,0.00883603401138251,-0.0343006093996037,0.0167180655081908,0.0158629789339912,0.0324031165237126,0.0184702618011812,-0.028977563780056,-0.0125267610088795,-0.0581515628714817,-0.00821462352708853,0.0214531141938136,-0.00215117503775392,-0.0190440579169167,0.00211979058666967,-0.0332463499847604,0.0478720822259173,-0.0403542448599323,-0.0262136751373592,-0.0315903694385676,-0.0266299741659768,-0.0202792233211826,0.00569072310648208,-0.00653895275472038,-0.0100320854160751,-0.0106354513738491,-0.00997900979220982,-0.0238110576385666
"308",-0.0305572437550108,0.0062401800239863,-0.0123966166645774,0.0348237825890763,0.0339219001225428,-0.0844431239511658,0.106321740449761,-0.0711099964575398,-0.0571395456053581,0.0653844993090285,0.0213817588807809,0.00727810870847091,0.10205249041867,0.0639578373517306,-0.0808337358904913,0.0603226210195603,0.0621124124770203,0.0572791880526282,-0.00404937770020429,0.00446294476971246,-0.00400543112440288,-0.0159143204588556,0.0134684328944202,0.0301559425116298,0.0400661766985856,0.0826837027278061,0.0179649933223575,0.0290616689848808,-0.00632872140509696,0.0371632465913134,-0.0520740056994293,0.0661817589661242,0.0093193210063461,-0.0411681569964421,-0.00731435982867269,-0.0449947303818317,-0.070925813940112,-0.0128707958556997,-0.090988176866208,-0.0159132040688143,-0.0142631886986815,-0.0808527522612461,-0.0248986993615891,-0.0252867159007566,-0.0350754893926429,-1.99861328210466e-05,0.0495564214766451,-0.104948323853333,-0.0546666108419694,0.0298908729977951,0.00407664018311518,0.0306998896358794,-0.0235206694298288,-0.0170999355877772,-0.0314636598171809,0.0667931163913761,0.0674507472257921,-0.00929802330530293,-0.0477444711938838,0.0944369487856749,0.0672396426719025,-0.0135462998776649,-0.00653876396710929,0.00535690328519982,-0.0638292154686044,-0.0901102594532354,-0.0540778483007787,0.0365095449222936,0.0439989801532934,0.0980031673630425,-0.0602019560680676,-0.0528866414756026,-0.00778422370805703,0.00979114195218243,0.0728246981111619,-0.0520693696792204,-0.00256492376421103,0.0255279198466394,0.0786653621197456,0.00778572969756266,-0.00215081572613025,0.0416187103305376,0.0289144089607052,0.0352845746459283,0.0445847946746623,0.00643954263693005,0.0203782590956496,0.0356669810221689,-0.0523519620186675,-0.103906239632147,0.117872741864012,0.0465139320939819,-0.0199727255712795,0.00881962956196199,0.00413497771478844,-0.00229556410604679,-0.0317440267358012,0.0368038169285365,-0.00488666687131505,-0.0225543087979707,0.012872180379879,0.000831707622328927,0.0245807932322725,-0.00601746651344473,0.023825686031655,0.0300660042363965,0.0103923308687372,0.00144816675493231,0.000714668090230533,0.0047747464086857,0.0022263270479312,0.0209971117015333,0.0362548365192914,0.00332364296232049,-0.0209265325778269,0.0240166058499811,-0.00902436009791697,0.061608257687677,0.012459797147967,-0.000706285503871453
"309",0.0361058805960722,-0.0717267845256451,-0.021263631938695,0.0188707887551101,0.0900382228395881,0.0609838742989781,-0.0976408355430443,0.0423059825415111,-0.0101748522393195,-0.00544631283399859,0.0336896370628122,0.0310055960033596,-0.0260092611509238,0.0260545457091392,0.0710454224728098,-0.00799194038500757,-0.0807324959301414,-0.0266949220633148,0.0577247834644076,-0.0670389453039039,0.0365100692344368,-0.0225520668890052,0.104470268677876,0.0487863889203092,0.0209195798058329,-0.0221336034147979,-0.00759180754676501,-0.0163166379850689,0.0722853578294198,0.045418356227119,-0.0345203360118975,0.0186655974610902,-0.0855898481807951,0.0286915439962106,0.0283197250214785,-0.00994645258945918,0.0491355660630432,-0.047511340217254,-0.0104334254910663,0.114497967815656,0.00792600390888496,0.0498044768303195,-0.012980137088459,0.0207373626245885,0.0126910946288094,-0.00621235614605402,-0.0427750189704669,-0.0612239245469215,-0.0707470891860736,0.00535648608083386,0.0376234257815716,-0.0417239026571022,0.0289789701639059,-0.00250993276396032,-0.0380470985107838,-0.0420935247737811,0.0379973365168375,-0.0313512013031002,-0.00447143530951073,-0.0113294605605942,-0.00235173468961032,0.0287923369696457,0.00195481575047236,-0.00768512890698612,-0.0768322059019064,-0.0181435182045959,0.00256780711502534,0.00646606702460007,0.0387409281048929,0.0250120289389823,-0.0658117622886548,-0.0301605785204369,0.0092976624334334,0.0110770603203307,-0.071554333084419,-0.0145015727630969,0.0511094171111671,0.0363516312669899,0.00185469274993577,-0.108727068100387,0.0313145804827232,-0.070912509620384,-0.0335192046700267,0.0266938750392209,-0.0288183554091376,0.126842246749582,0.00220420061852577,-0.0558940634140025,0.0313897904537767,0.00422984955046211,0.025962311381616,-0.0814281069578838,0.0311892307237814,0.0302533318021752,0.00694544280614705,0.052244167393299,0.0407250450720929,-0.0141308009906665,-0.0181680241188094,0.00425135867398869,-0.0213723151316759,-0.0429329120017467,-0.00398856167001634,-0.0293930936486899,0.0440714532022089,-0.0290278178813234,0.00354999929132558,-0.00251565530106744,-0.00756199445719866,0.0178228918531983,0.0103765193883253,0.0645457468739349,0.00488666520906291,-0.0547061306251069,0.0453137809085794,0.00149142663495372,0.0174421044447459,0.00168612684439347,0.0378273650646362,-0.00359468415701972
"310",-0.0440791959813754,0.0590221454774588,-0.00609243526441936,-0.0624392749254311,-0.0377434867617467,-0.0649950498248573,-0.083072568345337,-0.0259448821567865,0.0573003753316639,0.0283243484977868,-0.0543004018456479,0.0067835496064863,-0.0569214133456692,0.0828784954518346,0.0240554573892231,0.0731363434647628,0.0512058307225774,-0.0579507898947485,0.0422646741506438,0.0100879923889373,0.0933319902624789,-0.0715840252651151,-0.0904554006510808,0.00645444230085469,-0.0374773770371499,0.0138832550423436,-0.056642096937764,-0.0457323834793875,-0.0196066379644708,-0.0230525139638603,-0.0524802328663295,0.0101303593459959,-0.0174027074825088,0.0706561218222017,0.0144324639083959,-0.046241558749559,0.0557318018171295,0.0108319118448049,-0.0360700522655859,-0.00223502966958123,-0.0194736505768486,-0.0555252312818541,-0.0140637443024321,-0.0510166317824773,-0.0131359761998277,-0.0348885452303738,0.0923681497759829,0.0198169400235414,-0.0511587189167212,-0.00775358609154233,-0.0256557061578317,0.0493886915636253,0.0399405735712204,-0.0815770464721103,-0.014135281971848,8.53501477931783e-05,0.0417736273373053,-0.0818039053432233,0.0308152563047741,0.0529341679368192,0.0116057325630793,-0.01319770930514,-0.0843016820003989,-0.0861907026591251,0.0551366301753559,-0.0400322127578477,0.078642473714747,-0.0577407874673329,0.000409937970938109,-0.080995232192814,-0.0882999919770013,-0.0921277256717872,0.0537239768913535,-0.0300918613626608,0.0408377729392389,-0.0328196986742202,-0.0422244666145426,-0.073456014209839,0.005940432479453,0.0589738000696142,0.0503738668672193,0.0115490041653295,-0.138034205200566,0.00830527939593684,-0.10361993542061,0.0868436905115636,0.0424246796570736,0.0253491305217582,0.0685195246452671,0.063147600215261,-0.0861188761380774,0.00384630604119704,0.0260498642290298,0.0357347426829863,0.000240193517745619,-0.0173938386710418,0.00304298136082964,-0.0597152906625402,0.00555407084410293,0.0477731900686631,0.0157959295955792,0.00977363483925865,-0.00326159235512192,-0.0218452221274742,0.0188897506770178,-0.100034233555855,0.00104054215602957,-0.00387642384495801,-0.0132780746054094,0.0453314256817441,-0.0432047018357332,-8.38322414796532e-05,0.0278906145622348,-0.04318625023665,0.0522414087332261,-0.0475442215581775,0.00899386465567657,0.0252083170054453,0.0138211415588889,0.045187936985884
"311",0.000171540446787806,-0.0217378799003036,-0.0759203494578262,0.0466281123302294,-0.0067700382002173,0.000546851179641038,0.0317804370851859,0.113793601509164,-0.0130181728156891,-0.0233232514015114,0.0191449063828114,-0.0496458310678024,-0.116524228516145,-0.0495383416660166,-0.0283617284698505,-0.0710031753242436,0.0165184311583492,-0.00327552209612744,-0.0246044525503417,-0.0369387680164121,-0.0584085077084662,0.0317384656323186,-0.112558039653505,-0.044901087628114,-0.0417304402864286,-0.00725905796574522,0.100451453949602,0.124965212895771,0.0864131395314349,0.0805049280549961,-0.00544804627415491,0.0300206609270527,0.0394431890830389,-0.00930241574871712,-0.0475970436023768,0.0239245272592463,0.00603717177109011,-0.0111523680662354,0.036265562734699,-0.104631530666332,0.0422897728787765,-0.0643249750715611,0.0354104605489322,0.0156116101630623,-0.0292481459778979,0.0326470979643184,-0.0637293292915267,0.113131711713117,0.0797297301683006,0.0557511779478485,-0.0576136638895439,-0.00766914802507903,-0.0840194295894884,0.024788364231092,0.0526134712462865,0.0524782656943168,0.00922663564665134,0.0360541817738523,-0.0178100309068336,-0.0247861830472825,-0.0459113119726405,0.0467345664555087,0.0344464797168675,0.0711688121086116,-0.0541085455534272,-0.0293541442647102,-0.0390050438218878,0.0127585056534466,-0.0349267338061556,0.0869224610708292,-0.0149834200936538,-0.0568825358207326,0.0648492144692329,-0.0285449229691172,-0.0534637953762576,-0.0709526848488441,0.0652554983836009,0.068893251932181,0.0741405202155138,-0.019753937702108,-0.0435517362066055,0.0748957618007439,-0.0433263213067815,-0.0630716838447832,0.0364228373018196,0.0356874532505732,-0.0461188806907234,0.037866792580374,0.0241571843811696,-0.0675341622153523,0.0449433982542806,0.00176795721224599,-0.011288095282452,0.0383130236463784,-0.0717819905972509,-0.0392144183728617,0.0113258118756475,0.0351853742232833,-0.0118629944008683,0.0683329744085143,0.0143285437349145,-0.00572587603218481,-0.00333311614503923,-0.00275562436604789,0.0136493080617405,0.0469726107215315,-0.0726178455638509,-0.0286694001119777,-0.0986981840899268,-0.0138537455487834,-0.0207300252947537,-0.0455017563660411,0.020671431607588,-0.0643686343462826,-0.0111239219471443,-0.000985684499836706,-0.00516476972968457,-0.0361415350457743,-0.0490116687224249,0.0295962076225566
"312",0.0292416044714631,0.0304603422083467,-0.0034284231814631,-0.0283735448822321,-0.0629465968118194,0.0465587993790438,0.0616752099749494,0.0482736374683746,0.0182779635061203,0.0727320116449725,-0.00387745799754927,-0.0444471522211159,-0.00976636771476549,-0.0432625034403733,0.0217835401409496,0.0690172896649747,0.0971856287249705,-0.104990443976326,-0.0103694475031356,-0.150038878190505,0.00110293907484812,0.0285833167972854,-0.0348568693271737,-0.0173755820110288,-0.0443689019062874,-0.0906601294162478,0.126670580211379,0.0242825009576451,-0.0991278694005784,0.0721819529733125,-0.0362179570415059,-0.0468327551128145,0.00659999700487707,-0.00942647463101062,0.0298831377766145,-0.053301453498677,0.0110569961733766,0.032987869035694,0.015826091368612,-0.0680413818344821,0.187652181554862,-0.0791959455132346,-0.0240637216943656,0.0231402117015159,-0.0250536211789252,0.00672297264979482,-0.0119115959069601,0.0101540731208452,0.0515929999329694,-0.0496769402164329,-0.0190422294757596,-0.0654741937321823,-0.0143792738132281,-0.0998104217621541,0.0538957606912936,-0.027209014812453,0.0355281723201597,-0.126218835562788,-0.0129813450985688,0.0505148615917963,-0.0346676881639953,-0.0377520070706579,0.0434373537805908,-0.0578898298603378,-0.0490417131071454,-0.00792226428575289,-0.0170494308674429,-0.107734807587901,-0.00182551462052708,-0.0288352226414432,-0.00768010151405702,0.0376623172975852,-0.0255143611039466,0.0448696145088853,0.0106116572480804,0.0103848011168065,0.154943228889628,-0.0992381382536049,0.0316674996775082,0.0779350274845239,0.0280724162160529,-0.00509073310476156,0.00166880050624805,-0.0633453118395065,0.0357198295650111,-0.000106035855559129,-0.0359063506801008,-0.0340324552179408,0.0458220328548045,-0.00141053237358766,0.0149529252921317,-0.0129829049778888,-0.0241761220724483,-0.113026800171747,-6.61559788771176e-05,-0.032747156953643,0.000962555023390821,-0.0282030813768547,-0.0371819845407746,0.0362233823658882,0.0300536037104978,0.00968541564128532,0.0618117398762096,0.0358933665266874,-0.0417784506315595,0.0308296523230287,0.0204870333650587,-0.0551013865122487,0.0357819460895577,0.0204139813625333,0.013396132483083,0.0663601520396489,-0.0844452186437606,0.0602010527745487,-0.00822805135613179,-0.0259216555361152,-0.0445848409438651,-0.0259310733378913,-0.0044460045556581,0.0351074187248919
"313",-0.0124736731825452,-0.0312973269962472,0.0524445012714918,-0.0738435694713487,-0.0600551290580499,0.0476392979280113,0.0975798475913499,-0.0089389751997579,-0.0153251618362642,0.0570463815895772,0.12846753730779,-0.0375392078918674,-0.017542154238811,-0.0171449647207669,0.0768523364258883,-0.0295785170536744,-0.0304359071617988,0.0197864766943231,0.0128720186114519,0.0548991959564944,-0.0192232167684954,0.0306028458480275,-0.053045921805597,0.0496436680713554,-0.0199638577204399,-0.0159882612241773,0.0269032488835059,0.0197955795367063,-0.0383274786534459,-0.0284337786365612,-0.0428919229115036,0.0562515454187545,0.0905247152474294,0.0119740397324723,0.052431042618459,0.039155776058281,0.0012926315186761,-0.143960892390806,0.00630741192043976,0.0312129394938558,0.114741017036304,0.020669163848184,0.0458452655318673,0.0459667672322243,-0.0121864879734124,-0.0652377847235057,0.0179421608020084,0.00481503610061896,-0.060641463872262,-0.0111502486038341,-0.000403561438379485,-0.0319349872489806,0.00432126242010505,-0.0362451343991823,0.0609646503851036,-0.0083256601612238,0.0756900126114423,-0.022791349750822,-0.0587199853085471,-0.0312567233669804,0.0116287951162242,-0.0136458533158835,-0.111094587634202,-0.0185282575638684,-0.0707959558368081,0.0336700113146033,-0.00856081824968997,0.0445998174087762,-0.0347058999438252,0.0941433987116206,-0.0715683384662564,0.0514720497695707,-0.0383493984619947,-0.0142515919187292,0.00446608989627576,0.0422632348266969,0.0174409622476751,0.0651098890834992,0.062583121111648,0.0027845772470417,-0.0992036805098122,-0.0263205702226904,0.0563406100919488,-0.0114315270794102,0.0494867348140016,0.0702143660430919,0.0726561291717372,-0.0527872513711954,-0.0107103630408983,0.0367645636102774,0.0368845875040856,0.00261152781048091,-0.0577700054996791,-0.0548017134788503,-0.0286868271725123,-0.0139577825628518,0.00919442740027277,-0.00933041266901823,0.012293577475008,0.00835316299040721,0.0392013093711386,0.0179335040385149,0.0342884883413882,0.0334040361761225,0.0107202442795968,0.0117666565418929,-0.0292001314824295,0.00267606481382925,-0.0183424209552358,0.0175637405596924,-0.0112894329904438,-0.0158777111572973,-0.0444937168152622,-0.0136548728705856,0.0109036588480793,-0.0196065077578372,0.0450699446267255,0.00449985664205857,-0.0129436409036837,0.0021884741487881
"314",-0.0151709477540791,0.0215839308473713,-0.0386812755450454,0.0650293536308525,0.0471560786041805,0.10427132118142,-0.0296598699464604,-0.0338063203409317,-0.013276909686118,-0.0221133619913353,0.0631774817141083,0.0507095549460685,0.0345107309917013,-0.0277287174047003,0.0184619774180339,0.0129815369581895,0.0621924224245762,0.0329892214246248,0.114750141735295,0.05801922292662,0.0221500517282539,-0.0828151738040842,-0.0469520358496361,-0.0162989597617997,-0.0565770087539287,0.0330283763914574,-0.0486837519113218,-0.139624448995884,-0.0528686638075547,0.0413231646344439,-0.154712042904653,-0.0499870559541815,-0.0343550731427158,-0.0642000819016925,-0.114249501657439,0.0173408816519061,-0.0347617033908722,0.0340947168027234,0.0796370094378415,-0.0459058077044657,0.0684019945797765,0.0154770702633772,0.0170339737256888,-0.0319657731433266,0.0602725379286832,0.0391854616952166,-0.08241348159106,0.0100119821190981,-0.00281667020555544,-0.0398050765529043,-0.0617606019472727,0.0927100546361486,0.0208508090360197,0.0214375976419055,-0.0852737669140654,-0.0210762105726646,0.0468584450665082,0.00804936021719368,-0.0999830874867172,0.0208055706782742,0.035779941467389,0.0547996771771167,0.00947181770251069,0.0468205892900292,-0.00386180503769735,-0.111568006327667,0.0245421605190496,0.00908081514835679,-0.0318449803064569,-0.00127291781303117,-0.0670948255166952,0.134919647842996,-0.0255657572659638,0.0535663529969935,-0.0549392192302566,0.0475649826053041,0.0284696087382328,-0.106841167597948,-0.0455970433425259,-0.00468019784239939,0.0175637838470018,-0.0469038705925626,0.0576023428146451,0.0313163386498312,0.00894456237691948,-0.0813262430595497,0.160552509573771,0.107759919304969,0.0333683848763426,-0.0160977368431379,-0.0457962862101812,0.0536692399732517,0.124215151937882,-0.0553004397078745,-0.00664430632187427,0.0207546572508913,0.0178407566237115,-0.014085685527576,-0.02015483102752,-0.0105962631849892,0.0287580543298043,0.0372001029300978,-0.0287868647583827,0.0221101963902316,0.0293553523802991,-0.0333118977350159,-0.0114771521736849,0.0274254924991764,-0.0327304410864292,-0.0320914175823316,-0.0250483195266337,-0.0232985329585185,-0.00716770338810908,0.092220019415652,0.0389716329385108,0.0201071644624103,-0.0251985939256964,-0.0324487598381894,-0.0272116341089293,0.0341892549760891
"315",0.0570415192093286,-0.00454516862097984,0.0328429436044521,-0.0862737933976426,-0.0633008581289977,0.0121383358358629,0.00493315834433922,0.0432186888070837,-0.036268073275889,-0.0121211147926166,0.0208550204799724,0.0267991574903896,0.0421984009256929,-0.0214330629633527,0.0658201108646901,0.0294472852846989,0.00896272576998781,0.0955712854323653,-0.012611625619043,-0.0226089173453063,-0.0518880899725056,-0.129411400938052,0.160152517774505,-0.0499668161399421,-0.0451490274755614,0.00489860514794609,0.0230626942947088,0.0534549535697228,-0.102973610656288,0.0190245165936005,0.00851896367474763,-0.0256616310002899,-0.0658111888505057,-0.0601478809830662,0.0565348263500498,-0.0265783313111095,-0.050874263315546,0.0319904406380314,0.0619064795789298,-0.012459208133601,-0.0241924287732849,-0.0544877370911263,0.0192272881961124,0.112296325805769,0.0177653137023048,-0.0513211001203994,-0.0239282777633916,-0.0762458843530555,-0.0122669872089136,0.0433433896266884,-0.0235959622652587,-0.0525610600873256,0.0486302470171664,-0.0434182937198221,-0.0100845850996055,0.089196671177086,-0.020262877174155,0.0469685078959817,-0.0619172990891034,-0.0243229780568501,0.0358236848212069,0.0847311179503211,-0.0638822658505941,-0.0320990229196501,0.0322107523925409,-0.0229487995083115,0.0584366658124639,-0.0192337056876953,-0.00908015254085881,0.0576216073009174,0.0465249381125,0.0246182974843105,-0.0420023681226983,0.00795865586055533,0.0208032374154416,-0.0140427819380395,-0.0710793924709223,-0.0327063180047776,0.0204796626058561,-0.0225168192809754,0.0419501002315628,-0.0423383839714886,-0.0154573816607235,-0.0806161787650105,0.0601729060419426,0.0321479946851059,-0.0529134074978232,0.0129370533781345,0.0359985557302605,-0.00920359289871408,-0.0450416062181402,0.0546303932866328,-0.065720552637227,0.035452724917453,0.0553231708384935,0.0349679161299483,-0.0389446458766073,0.026641584502653,0.0386778968318287,0.0216850062693009,-0.0348725241625014,-0.0129045344078603,-0.0167931225291056,-0.0274812761956135,0.017518805680816,0.00957364613601284,0.00725087720738167,0.0340387733088331,0.0119942552851908,0.0517841937421767,-0.00548947498666481,-0.0812093496414719,0.00342246719041106,-0.035343920695527,0.00362386561190242,0.0241180220265724,-0.00735980692177133,0.0134984221198687,0.03141228808453,-0.0551439072439478
"316",0.0309005951201136,-0.0366351422451389,0.00626106224950429,-0.115522415393426,-0.0190916810519707,0.0670412803070906,0.0631926265765175,-0.00846297155617395,-0.0699354640448459,-0.0325266291824739,-0.0418744470226461,-0.0252533253996345,-0.0172223339052399,-0.0371691529905084,0.0885320254177518,-0.0779604023432429,-0.066155310844819,-0.00600554494853355,-0.0867726790693001,0.0379189166830039,-0.0025991151599798,0.00672440671285009,0.0593200403484569,0.0150729926326362,-0.0498485124485256,-0.0284123601701692,-0.0980715195545668,0.00133204408331229,-0.00050779799151637,-0.0399247844756806,-0.0442285203800005,-0.0137303085113754,-0.0217661757629436,-0.0156508901122466,-0.0581525888682618,0.0676906177554964,-0.0469828862188541,-0.104679924935718,0.00468572992972183,-0.00696947977529836,0.0391459979046395,0.0548662325176031,0.0330441674427574,-0.0792133878473839,-0.000410465518031214,-0.00406324259725097,0.0222384724361754,0.00169732237007195,-0.00984807559867814,-0.0796983396687405,0.00858279001622662,0.0414672144057791,0.0561106768073371,0.0597939441977162,-0.0137008209919708,-0.0470928926418046,-0.0285028763235819,0.0590015036021261,0.0173786018803242,0.0828069941405563,0.0115442378932275,-0.0209812527773469,0.0234531325288207,0.0302799476309115,0.114176035228343,-0.0581563658717334,0.107320831520963,-0.0205132718816733,0.108204960132275,0.00813808434306718,0.112722387102713,0.00408917764160059,-0.0100025482539697,0.020515686389634,-0.0663684175644607,0.0377263693494748,-0.0174709745078174,-0.00957103152398871,-0.0160368848262126,-0.0476464553021546,0.0295453913010898,0.0501657117405766,0.0191962562438167,0.0536652777811689,-0.0587094000526505,-0.0326188829535226,-0.00303131631476809,-0.0383508495603991,-0.0357988774056213,-0.0611083151681327,-0.00688040145138067,0.00332709856389505,-0.0546636853988815,0.0405364797399314,0.0434361245422687,0.0261852933680353,-0.0235264505659252,-0.0284845509729872,0.0236110682148632,0.014985281182759,-0.0178973355554291,-0.0317780330622027,0.0591175282225373,-0.0149966015331206,-0.0217204971583795,-0.000920851307655248,0.00382563609287119,0.0119248919770118,0.0254779317845324,-0.0149227920467731,-0.0411724340510047,0.0230746298860112,0.00246866736360087,0.0552707536060521,0.0188843436992239,-0.0389525017321952,0.0062479059107195,0.0230574987427944,-0.0178930428065665,0.0147391714863063
"317",0.112561236919879,-0.0214912766998725,-0.0100876212523949,0.023913194466623,0.0193833570149208,-0.026781288488168,-0.0318909884772993,-0.00521643821776672,-0.00178954167454923,0.0347862045083552,-0.0704088384284693,-0.0129798468155858,-0.000326347251503307,0.0196635717428991,0.0662655751347413,0.0115886708957113,-0.043161220069579,-0.00759816695293464,-0.0372570592901921,0.0482558698068974,-0.0491998283419194,-0.0323408599749697,-0.0179252469771521,0.0119657179865799,-0.0449150931535768,0.0394299174712868,0.0659052131440651,-0.0260844057625814,0.0158996074415667,-0.0762683281040276,0.0452585603519533,-0.0222885946226914,-0.00623379568369772,-0.08652922775017,-0.00439644091168205,-0.0823826777141117,0.0584684722182345,0.0636815263670861,0.0113665286278278,0.0473847360239604,-0.0709035974088078,-0.0417195309724042,-0.00208894453007815,0.0583780961247627,0.0282228342882452,0.0247871648823992,0.00477457193181664,-0.0696999504622556,-0.0774669811720253,-0.0371792479218436,0.108764123519778,-0.00612269391200579,0.0135475694844314,0.0220166455524603,0.0243125043103992,0.0431535845610783,-0.000175014559749435,0.058776232884978,0.0249798156516824,-0.0210919474139812,-0.0663451082483144,0.0712532185374749,0.00656694815451732,0.0179721230324489,-0.00719003505869439,0.021553713551438,-0.0292469076680549,-0.0642037929488005,0.0509929585471151,0.031268383212325,0.0203022562927265,-0.0142323638391637,-0.0402499281997188,0.0693325559878794,-0.0168668809765606,0.0581033951788854,0.0497267374326017,-0.0860807438390861,0.0204473993045803,0.0319035371197796,-0.0742692764057499,0.0264237286123165,0.0515263565737427,-0.11260338557702,-0.0404055524145967,-0.0626192413271156,-0.00646307231714629,0.0136720548733396,-0.111744644436717,-0.0109524716982042,0.00257662401405604,-0.0599572192794057,-0.0314775264396246,0.029464412403775,-0.0239995161312321,0.0336638891856956,0.0112679723846496,0.0218491197416318,0.0421960100785687,-0.00806593005494483,0.00580832837098785,-0.0327960317156573,0.0324590937584538,-0.0150100636233106,0.0509849096808956,-0.0116879263445891,-0.0405192802718255,0.00634706281615933,-0.0193839575053412,0.0119459610546666,-0.00727791399021405,-0.0393624421301249,0.0205694865334315,0.0119191614272164,0.0420945259382961,-0.0191203976567948,-0.0426913677712221,0.00235461379584843,-0.037387812520993,-0.00681968343273385
"318",-0.00581639396535387,-0.0140111367764277,0.0182004327280892,-0.0687700040740613,0.0260857922926082,-0.0331928181652433,-0.0132977909425099,-0.046270529452684,0.104167704479947,-0.013252353474698,0.0384230538823863,-0.0603327772133515,0.101209081785326,-0.0839030314813421,-0.030038975794505,0.0708811117451787,-0.0668267864733213,-0.0611139798612021,-0.0593972359087052,0.0482715223347496,-0.0090156872157735,-0.0812137303499113,-0.0413467954480854,-0.0741610067264601,0.0471463586163608,-0.101257843700159,-0.03751588193839,-0.0179356670405834,-0.0773928822726835,-0.0126148349677399,-0.0758657832576397,0.0395799448901745,-0.0678516910533163,-0.1006518941474,-0.019698388460271,-0.0577066051396249,0.10713511392307,0.113343096716136,0.0753835348736057,-0.0418782463176908,0.0330845497197575,0.0235097194634238,-0.0214776368157406,0.00125777083385262,0.00773875932684314,0.0236043544865123,0.0581057403874189,-0.0389896376144023,-0.0956612834626713,0.0769716445331518,-0.061891011202097,0.100760280478978,-0.0830746182610783,0.0599947729155811,0.0200105305667091,0.00247124695083215,-0.0349027031637367,-0.0640499682782684,-0.0727893346167793,-0.000628096403693712,-0.00565651684876839,0.0129623955139577,0.0664531553882922,0.0429068243433215,0.0713909810354385,-0.0322846949560214,-0.0287553339511465,0.109618663870195,0.0170258947390667,0.0231442789954171,-0.037924806657156,-0.00735762210877611,-0.0317165368487416,-0.146294758481237,-0.0908536591159506,0.00590310763397787,0.0245697987807214,0.0485555012365237,0.0220063051010096,0.0344358245991941,0.00441440579880617,0.0624311056521741,0.0115173914565017,-0.103016233873864,0.00963415439647783,-0.186938379648022,0.00711979391131704,-0.00308923146358307,0.0482612390301222,0.0600183211575074,0.0141942282636398,-0.0136646904299992,0.00250380202863155,-0.152987357893813,0.00462246371178781,-0.0165620229509417,-0.0146420942588307,0.0297694613033629,-0.00808737663607008,0.016108093078406,0.0522123571489437,0.0177710000958986,0.0255861515648341,-0.00258833020548181,0.0440743624641707,-0.0403894454859846,0.000179832120308331,-0.0353202435502807,0.0641506072069448,0.0343168517071414,-0.0185666739951112,-0.0178766447634412,0.00743264274448202,-0.0104972171799314,0.0735044851826489,-0.0318648634535373,-0.064258758677665,0.0224619636509276,0.0138318051661248,0.00456929884188149
"319",-0.0392070040158473,0.0674397143239247,-0.0164139110092725,0.00757362307171221,0.105049918137064,0.0758359633165364,0.0410388191327944,0.0771779751219036,0.0313750720335208,0.00110204509194092,0.012469722447937,-0.0531519528235521,-0.0164495631490088,0.0234685211812516,0.0688385460437626,-0.0495442993988466,0.0611274309442237,0.0607237561273044,-0.021784640067053,-0.0297318167324098,-0.0615028141081393,-0.00287350961305088,-0.0169614229801743,0.0222683205982609,0.01497572688665,0.0113396161735921,0.0706675416090789,-0.0237343852819632,-0.0313862370596664,-0.123375663667774,0.0314310528647205,0.0275634009197594,-0.0419800154297992,-0.00884486102638307,0.022406185289112,0.00974243931276549,0.00911917432764112,0.0244884397515801,0.0733487983978512,0.0108983226568556,0.0935323498197312,0.04888274206675,-0.0617245387265008,0.026391775471991,0.0307635723053142,0.0230854435851267,0.0522183909036926,-0.0189713175668334,0.0584461782800332,0.0334208317500967,0.00320853998349617,-0.0367197101038949,-0.052060441828548,-0.0876581742897635,-0.0707085333435565,-0.0351223461781777,0.0162290185212599,0.0159218436344226,-0.0525283024506093,-0.077638111836734,-0.00227521446394199,-0.0909720106261278,0.0934994730269889,0.0460173562450282,0.015736114216208,0.039540690349509,-0.005118225586839,-0.0651173796017827,-0.0181160188770237,-0.0335883632313219,-0.00804576066116851,-0.0253470713029157,0.026087547129531,0.0336372362732536,0.0181501015776243,0.0521111374944416,-0.0192886913668348,0.140904524353795,-0.087426385981473,-0.0769015116162926,0.0682652531630232,-0.0814233786456073,-0.0603749652619115,-0.126779611513888,-0.0762897597014717,0.108617817569566,0.0349043838271283,0.0365543740456103,-0.032044100442469,0.0555007116805297,0.0924832567739529,0.104115672491206,-0.149935705486798,0.0911487711341411,0.0424300859576615,0.0256865877029363,-0.022150685272519,-0.019747515101613,0.0285328990406267,-0.0468539520489269,0.00789613500603232,-0.060337277370713,0.0160051602314566,-0.0631681027706052,-0.0758144422787292,0.00227067927135221,0.00590488617313867,0.036300301509038,0.0353900171976174,-0.0263279458082528,0.138481473198564,0.00663350766745628,-0.0290631191175157,0.0774960298857533,0.0214320624147717,0.0145978239859494,-0.0416432864245372,-0.00665724984050695,-0.0180551176584216,-0.00243316008334824
"320",-0.0302341158051953,-0.0513606247286034,0.0062746295495321,0.0368393152485321,-0.0402807760321909,-0.113614097258993,-0.0662828427958409,-0.0098802470896147,-0.108694474842629,-0.027968948685037,0.00979546865051471,-0.0117587373122263,-0.0632788079923005,0.00366639292159546,-0.0940480486728362,-0.0555331276168937,0.0322953200482387,-0.0102707445437151,-0.0528226263797271,0.0531742221146531,-0.0169309633320763,0.0311280242988211,-0.0732505795717617,0.0321224583735889,-0.0160941768409557,0.000789695129850552,0.0704310738143134,0.00568607283966217,-0.00739182234065792,-0.062148076088068,-0.0789044539406692,-0.0281022455374585,0.0273966627948198,0.0363414846925978,-0.0509442381346484,0.0157297075258497,-0.0959191546273854,0.0205156713239487,0.0635901537088535,-0.0351989583261842,-0.000650881723634472,-0.0678545859062685,-0.0205568698344374,-0.0621015539483616,-0.0275424594120532,-0.0103977635695451,0.0179373156414962,-0.057456279631596,0.0477250153582527,0.0116737134628319,0.0379505750590249,-0.0166618359661522,-0.0981864940289001,0.00589973587374757,0.00893324404903558,-0.0348681780128849,0.0739620627060715,0.0778472667654799,-0.00154338073301614,-0.0302405886427164,0.0579299714610961,-0.0164777657846909,-0.0343662072636964,-0.0489413777359953,0.0595147634381285,0.0126729005004542,-0.0184967692807188,0.0305223524888157,0.0187115933823545,-0.0375768874518794,0.002110126997685,0.0383836496383651,-0.0396559430137558,0.00205511436975387,0.0289759027781906,-0.0107116036977807,0.0278414855807547,0.00696513176407132,0.0697152702417552,0.0127158117945505,0.0373378158370971,-0.0426650153476839,0.0153715429240268,-0.0298073889144082,0.0155523165102164,-0.0704531813519027,-0.00241470249426241,-0.0225404669677684,-0.0207049195005817,-0.0114651064102067,-0.0766918347248462,-0.0150606440793138,-0.0451946061166876,0.0247961470589418,0.0313343463904334,-0.0172489183872438,-0.0255558938471274,-0.0124195544454241,0.00723619461433511,0.0427003343431003,0.0334353661124316,0.0578120489784375,0.0017591139695978,0.0408229095703286,0.0602128758034542,-0.0341966012095145,-0.0253119822909647,-0.0275584354985733,0.0876896254194309,0.0317122926557491,-0.102054373388123,0.0151945047208009,0.032226472932593,0.0116248498281227,0.0608010125744857,-0.0281892535857965,0.0305108071490603,-0.00885932735713321,-0.0460362795896659,-0.0184548155971696
"321",-0.0198993506923451,0.13721369755875,0.00282263960264152,0.0452357846734808,0.042407774086198,0.0309132693030643,-0.017592262608966,-0.0105661591211205,-0.0579299837114749,0.0354609266926207,0.0829596118881386,-0.0121446655192999,-0.0460865751392473,-0.0210610634519326,0.0277567265334501,-0.0194832154299201,-0.0431961519349141,0.0362421798943823,0.0026558827651757,0.00470594284004231,-0.0667992865850233,0.0389293707085548,0.0177051721391918,0.014559841381902,-0.0164643601494959,-0.0552160180289711,-0.0264923737843396,-0.0351931158460247,0.0412211008659393,0.0480218034009515,0.0327825816536602,-0.0255718069731409,0.0527526305026149,-0.0294971237418757,0.0062839315311583,0.00547934895336111,0.0136464424725596,-0.0047211691092049,-0.0762494796658261,0.0518707065368418,0.058009717795716,-0.0160528595878638,0.0462355980288616,-0.0160288286305678,0.0647408857605826,-0.00503129308182883,-0.00639656979083585,0.0533973832404533,-0.00640318869756758,-0.111229175225085,-0.0417115425481414,0.0107773897782958,-0.0491144976479522,-0.0560309117946696,0.023670000578522,-0.0706500110695722,0.0314476237320072,0.0437010352073511,0.0429012116438812,0.0394549147129217,0.0425886970285775,-0.00102041111398426,-0.0231317020743967,0.0317845083674161,0.0280146271126945,-0.0619569650265855,-0.0876596615448561,0.0243821550601966,-0.0771389407685358,-0.0119579378109063,0.0289574844150394,0.0505838186126585,-0.0920157242584925,-0.0889585940168041,0.008589522809909,0.0062881598027644,-0.0329531074699584,-0.0118060747707787,-0.0248448636674645,-0.00737191949198035,-0.0293660690962108,-0.107369051165543,-0.113100933752042,-0.0444450940904534,0.0211542465211251,-0.020873763212861,-0.0832411596025232,0.0346789356846111,-0.042861470952391,0.0447643041841795,-0.0210843566215183,-0.0305629819880961,0.0142710068910622,0.0636226597132777,-0.0032545596822797,-0.0272997536269352,0.0276087789378761,-0.0442500446541368,0.0330591456814934,0.00423530869778677,0.00276559457666644,0.0204099156853305,-0.0300542641906732,0.0255922351873674,-0.00157125178455344,0.0149055105088224,-0.0406147463065903,0.0595419823592524,0.0459846745820361,0.0312379862629504,-0.026687437094901,0.033112294538889,0.0211225942388563,-0.0105014363420399,-0.0424602919285228,-0.00655559266827643,0.0474410829503902,0.0583886404068994,-0.010521575195429,0.0179824547774602
"322",-0.053877969369932,-0.0343642255462175,0.0793580186401696,-0.00219445930064227,0.0371836524943689,-0.0488508668034918,-0.0936730247611645,0.0716196942839389,0.0154570653861759,0.0210922016605271,0.0178003545431516,0.0573127485754769,0.0150149091307993,0.0622570191149504,0.0256918956327091,0.0691579653406726,-0.0189490236413526,0.0521581272100793,-0.120334672317906,-0.00304255804162747,-0.0515631985074208,-0.0221773904030523,0.00374442699016125,0.035245704941838,-0.0390249293352146,-0.0386975640917023,0.0333396881600462,-0.0571127220661582,0.0115484755252769,0.0159447441386248,-0.0561711809023062,0.00531663201022495,-0.0208753635971039,-0.0346240122997177,0.0298383552192144,-0.0141487737213537,-0.0150944185893916,0.012206349986401,-0.125349338654628,-0.0245363403910288,-0.0224134589077186,-0.000623468821931592,-0.0837345226764496,0.0037662519653999,0.0642227391752172,-0.0281414479223638,0.0377824225862017,0.0508461932203885,0.0592509855076611,-0.0246175554687638,0.0437214399026386,-0.0304272988125972,0.00365537714442644,-0.00537692376006053,-0.0328213566223038,0.034555277042395,-0.0722587077611371,-0.0699617905636905,-0.0776835407726446,0.0590328310323503,-0.0753352615235282,0.0155981799793421,0.00900794240314531,0.00361278731136984,-0.058985290526673,-0.0280629761261261,0.0379611959795845,-0.00899649393841443,-0.0465324238913989,0.0109203969406439,0.0227678863845442,-0.0454231045030492,0.0596426401908183,-0.0842198701888146,-0.0163520968113106,0.00800276492800962,-0.0185214977483964,-0.00203586096059451,0.030502062103683,0.0825544140560543,-0.108070210652967,0.0112772134388233,-0.125999693676737,0.0163935984389297,0.0302481051257904,0.0561178046260297,0.0225673158232277,-0.0108021137109845,0.0974971888159206,0.0240087297538432,-0.0595116868047817,0.0254327040696249,-0.0992139858837432,-0.0570962030370739,0.0271705649951898,0.00784620324425995,-0.0282327322828138,-0.0185570191440014,0.0168275156036952,0.0989599772060718,0.027767477428596,-0.0193718201082309,0.0387055877234995,-0.0179600069094523,-0.0473942546505784,0.0416244968152352,-0.0608547728963062,-0.018555350380795,-0.154104441455383,-0.0441126503259289,0.00842735432614152,0.0249627352895264,0.0105422742427862,-0.0189119146129628,-0.0724820882149302,-0.0303893192655248,0.000737185918717665,0.00198855441684472,0.0106532683294695,0.0252043132281573
"323",-0.0558769547308385,0.0332677060748717,-0.0733958817091351,-0.0362256506432425,0.0295338886894666,-0.116643647897706,-0.0587301744849068,-0.0188913962450368,-0.0463925280925199,0.0264516934793149,-0.0085653081568262,0.0164228206144367,0.0510210056703904,0.00254701855703312,0.0406559675353209,-0.00192844152090939,-0.000958250684645054,0.00609215399827808,-0.0851761337297821,0.0308501571604105,-0.0103719059361813,-0.0570238183065088,0.0337661682631693,0.0606456883367304,0.0220266168456615,-0.0142613741197841,0.102065210972461,-0.0146458542148619,-0.0220383420742437,0.00460208941458675,-0.00636227608599044,0.0869181932557357,-0.00324759312922322,-0.00495460836628989,0.0441806009318707,0.0987064062459829,0.0543300396220807,0.0306691698949083,-0.0823440802811674,0.0258935718313445,0.0745927012910511,0.022371675393363,-0.0134593714403313,0.0473312367062825,-0.134229624207719,0.0158382797845166,-0.0408761863731412,-0.0364520652622469,-0.00318105069609334,-0.0680868763241134,0.0238574558820538,0.0329923410075673,0.0311432533011466,-0.0885983066589188,-0.0291409056603917,0.0370923286402769,0.0424065581771466,0.048851090131636,-0.0137992807603645,0.0532013957164726,0.0116061049186988,-0.0474778461716518,-0.0333214454091148,-0.0352258703263883,0.0340731794169712,0.0234610365694059,-0.0044542364622977,0.00809632851092143,-0.0285329457678374,-0.00788094655165327,0.0560111309339902,-0.00509841510288732,0.00853235411423098,-0.011900732391833,0.00164985218097871,0.0311175108248851,-0.070924162793178,-0.0273215157011376,0.0671506446246937,0.125628715988242,-0.0467740705283705,-0.00804848363796627,0.11199230115868,0.0190989469623998,-0.0120001896290896,0.00563195530151977,0.00224488709508424,0.0789631884150242,-0.0109133718909128,0.0799728304633713,0.0157478959845827,0.0624313887446264,0.00438007181976008,-0.0444294181449732,-0.0929357497352815,0.0380866362259681,0.0351803234134041,-0.0181591443152939,0.00938135177770756,-0.016164772397525,-0.0231392258264068,-0.0133103661967086,0.0214930232885212,-0.00248553687336418,-0.0219663123116368,0.00857206054580742,0.0293067862274877,0.0484244677648305,0.0531641908527699,-0.00922261866740617,0.0146416016304948,-0.052439122115765,-0.0310704567524046,-0.00453324959364271,0.00714710969163025,-0.015678288281513,0.0341365194687917,-0.0175464709137338,-0.00109495240456741,0.00384118571755751
"324",-0.0953560583299279,0.0581739003232161,-0.0299924957709639,-0.00872701957249385,0.0120454186294948,-0.020531074526878,0.00488098279831057,-0.00546860047998892,-0.0217649191663603,0.0326321562375226,0.0944277334404129,-0.0739590953000148,-0.0107060902423552,-0.0394416983939256,-0.0237906919662989,-0.0452967098021923,0.0420033197736418,-0.0798298208694182,-0.0250008757503898,-0.0227648118909967,0.0179072066109616,0.0492128915286934,0.0552704401359203,-0.0347253416952311,-0.0354689030370839,-0.00984342832561883,-0.0295883906399539,-0.0123852598044029,0.0458526896434571,-0.071803366137932,0.0362564059189618,-0.0510727507665151,-0.0266000276983553,-0.0660080547582101,-0.0109004715552888,0.0596542528166461,0.0912597587686756,0.0236569438553862,-0.0652427397189174,-0.00834746481831539,-0.0216928042022827,-0.0127505849660021,0.0111191311762587,-0.034868053555044,-0.108677829961487,0.0626359347568768,0.00952502717251054,-0.0171642729207971,-0.0292703644326241,-0.00281013744204682,-0.0805349499545719,-0.00819613703037437,-0.0249495789064424,0.00654881729350334,0.0137823751511606,-0.0171226311949762,-0.0186434418924487,0.00999857419994043,-0.0862292223048347,0.0614128808826585,0.0294355590173351,0.0120952943205962,-0.0142967548573916,-0.00173383504467514,0.0229259269975514,0.0473249195659431,-0.0189901842843107,-0.0123850189939352,-0.0180659293304238,0.0576028875271596,-0.0551810478022411,0.0210041090362239,0.0749445116475183,0.0313260637844676,-0.00804078172019776,-0.0250806285106932,0.0362455640991819,0.00664213380181837,-0.0956188295358233,0.101384882812718,-0.0307772957506997,-0.0242603126457331,0.0249703275652128,-0.0292589044373346,-0.0873693483010139,0.0874243612052355,-0.0512039510085152,-0.0253048195449184,-0.0360888316573816,0.0187949148055147,-0.0857085714246924,0.0359839751766944,-0.0157173521618987,0.053297485230375,-0.0342687151230502,-0.00353044077465655,0.016955535388904,-0.0507395806280753,-0.00548594103404305,-0.0426199723152264,-0.00510303345334693,0.0049773367265684,-0.0292459223859316,-0.0485287711570511,0.0520699017007335,-0.00462312450840307,0.0072888930699593,0.00675044421929831,0.0307232756205864,0.0185898963160174,0.0178984202106421,-0.0248013682849814,0.0427328616385788,-0.0142400446115137,-0.00519408541596979,0.00224937507451204,-0.0148093868961074,-0.0148154168881713,0.00325850726023918,0.00728280044827903
"325",0.0307489530303453,0.0914069643668001,0.0486212738899756,0.0014128328630265,-0.0228801669084789,-0.0114857813966153,0.0719189036782745,0.023902560332441,-0.0504742090535731,-0.00839420685263587,0.0513322097204493,-0.0422142213018585,0.00944757363747228,-0.00816453213946132,0.10404833487225,0.0369701055324095,0.0682063459462427,-0.107099771087035,-0.0559884156533292,-0.0523733930525338,-0.0158635177541148,-0.00916765657473663,-0.0746026313320202,0.0443408849719746,-0.0279885999936397,0.00798979146234416,-0.091996740629637,-0.0025005032788214,0.00886332548030629,-0.00775689709632273,-0.018384199970655,-0.0864531175440749,0.0468846654525941,0.023566260670949,0.0290828723659009,0.0173902186612726,-0.0269794154691072,-0.044734453517973,-0.021065216153037,-0.0165259769038015,0.0288263321869985,-0.143258506307328,0.158861695689842,0.023728352453142,-0.0364625884060377,0.0829177104174044,-0.113705125098582,-0.103973300992227,-0.000965286209345967,0.0254637583520166,-0.113788044839505,-0.0497808542231635,-0.0355879720018124,-0.0489701079730279,-0.00396727126123179,-0.000735335876114809,-0.00501762092286486,-0.103236986136319,0.00517852210901926,0.0249992916272379,-0.0581918241484417,0.00483686549437275,0.0945924487229925,-0.000679642626588938,0.00480047378013349,-0.00579465000348654,0.0232839245798273,0.0582604809900605,0.0340070947946559,0.00228353186185875,0.0290704879174965,-0.0988788885237909,0.00800737363764484,0.00274484919621984,-0.103754685768172,0.019756519554895,-0.0679829788109722,0.0746073328230825,-0.0304833134958377,-0.0753070913415985,-0.0561109845602171,0.0202859907293897,-0.00275266873931382,0.0739216173268445,-0.0385193692694589,-0.0562927796908251,0.02998427126162,0.0185911914733928,-0.0176705317586902,0.0589389565969946,-0.0143965913691166,0.056827006043771,-0.0272514368838997,-0.0508381855414638,0.00850939963986836,0.0100173928079484,-0.00535086895386295,-0.0226534847705963,-0.0240907431977243,0.000580562456147826,0.020429333245948,-0.00709838093772023,-0.00292230779280361,-0.0400676157914412,-0.0283920261401345,0.0248522331161154,-0.014216259180595,0.0148456275158108,-0.0153600767914694,0.0575045175288147,0.0652078946800977,0.0425146308796215,-0.0316809835387694,0.0270473405114428,-0.011213078345694,-0.00633996485430894,0.0165729736205029,0.00652004392536981,0.0319069265866927,0.0202506898218084
"326",-0.00745780075635421,0.0767705935718368,0.0161981028737573,0.0810353543901806,-0.00505300491496032,-0.0338975937264053,-0.0387858729805642,0.0377555699514314,-0.0414469927815049,0.0263043632060945,0.027902594010998,0.0604600094546647,0.00783636072571489,-0.113501646805882,0.0201927343167059,-0.0291648957310139,-0.0397398612733749,-0.0464497835503481,-0.0335416641261722,0.0524762558539705,-0.0268431020585259,0.099057552272469,0.0718463721531343,0.066464135213485,-0.00721242212760684,-0.141357224057116,-0.0428786375543481,0.0304863494058175,0.00964894599942884,0.0572306723214882,0.0140079895323382,0.0863384757423613,0.0709138624366121,-0.0794831423063088,0.0973760430453059,0.0342314700313432,0.0906322974748667,-0.00347954366564059,0.0138189369110945,-0.0494944043801694,-0.020473964884382,-0.109253861018308,-0.111682364260253,-0.007204200934163,0.126669988119804,0.0422743260278571,-0.00850486609300973,-0.0437828306175278,-0.02543325110507,0.026433809460134,0.10542238696429,-0.0277362027104354,0.0387381935968403,-0.00945499256137621,-0.0621824973035179,0.0223225663933236,-0.0135250856093124,-0.0207079347292947,-0.0105845196190395,-0.0812521739004603,-0.0446970399673204,0.0970753344023807,-0.0211098120853929,0.0073086726417071,-0.00247152536737814,-0.0965815543154648,-0.0424406718222798,-0.0319817136795332,0.00784408431570127,-0.0636292159572733,0.00552634289324841,-0.0756722708082058,0.0236785671390149,0.155583616152862,0.0348080706170693,-0.0747923336159281,0.0136150102973016,0.0836275716307694,0.0425174072695213,0.0545218293784715,0.0810675610575343,-0.0312913876498178,0.0634376218211208,0.0528454679235924,-0.00108585598373793,-0.0767846260108985,0.0335176190516263,0.0265093711527657,-0.00268716569249498,0.00754380038872533,0.00697139866188132,0.0386094881826073,0.109375222583275,0.0128513065950024,0.00911459989209999,0.00475550775669496,0.00539444839314113,0.00340323518796784,0.0133854745817283,-0.00422162589963127,-0.0550984525081026,-0.00468660929435117,0.0479138253599605,-0.0321426565803264,0.0294520792755997,0.004598039145616,-0.0275324027743843,-0.0116879904651883,0.0444878142679836,-0.0481555600691207,-0.0364356687094643,0.0460138207081909,0.0204826179851427,-0.0108094510639937,-0.00146205911902158,-0.023419282191489,0.036124691628695,-0.0323266120349379,-0.0111375151022225,0.00197420861067876
"327",-0.000469959691058744,-0.0557463046052209,0.0912382184785683,-0.0148113144291136,0.0665554412723141,0.0510214611819803,-0.0248650323332752,0.0382881934645776,-0.0133981078699522,0.00103373054596179,0.021928716791041,-0.0233413389879096,0.0974545504855752,-0.0526888376440304,-0.12004010748412,0.0249287630704214,-0.0478962758191659,-0.0278845879686804,0.0476554006746524,0.0306829878356871,0.0776070656170506,-0.0269964982204878,0.0649801156859665,-0.00126611524547879,0.0213429481244931,-0.0198698232258345,0.013634131865624,0.0119041721814981,-0.0697097972638672,-0.0192134692250214,-0.09655748982397,-0.0702862599440484,-0.0511305621496429,-0.0302699390449969,0.0629721339924838,0.140204856598853,-0.0411309607974331,-0.0202913959993433,-0.00434080903999721,-0.0792214662539383,0.0480073647519765,0.107674164111195,0.0739346576924141,0.0516074994544142,0.0590030999280033,0.0152958892462262,0.0269980726901209,-0.0410007667046835,-0.00724311909966527,0.0472877272408395,-0.0200227406362305,-0.0222984522171234,-0.000875475833306316,0.0224234811905226,-0.0762393178209994,0.0576159209290331,-0.0358507539883942,-0.0235011039189155,-0.003453527920892,-0.0292122469936958,0.0110330187920316,-0.0325206705174611,0.102187533949001,0.000264825626590084,-0.0709189087328775,0.0456716299740587,0.0231371432829456,0.0486549932674952,-0.0213792550469247,-0.0755675253085038,-0.0327596857680112,0.0067398992322821,0.00985460371163074,-0.0348378373600199,0.0457591853465829,0.00371025950105835,-0.0146720328898186,0.00224508696822279,-0.0367900660073072,0.0460393534694832,0.016833491456381,-0.0367154268416559,0.082466299834117,0.0862196053512836,0.0392126453779321,0.0625318305966556,0.000125292399895607,0.0371699221528784,0.0622167829717655,-0.0132430987458091,-0.0253081637652954,0.017094397400293,0.0022072579367689,-0.0221862159601381,-0.0379410321441041,0.0312787757148724,0.0112429276056576,-0.00255199223854673,-0.0152908195601694,0.0057579363060969,-0.0240014471015042,0.0138483108384521,-0.00443246750888527,-0.0309261752416321,-0.0134923746260378,0.0468883764468553,0.0449309533029277,0.0195346194673623,0.028960512779482,-0.0314963835578713,0.0385165341978502,-0.0438794772770825,0.0320358015605197,0.00901545458569902,-0.0392937790842884,0.016322736128803,0.0039914565595862,-0.0384287568365574,0.0295080921574788,-0.0164963489204674
"328",0.0123876130123165,0.00913654884604471,0.0534596255867631,0.0338169150797584,0.121131355268066,-0.0887118184240519,0.00672924000170158,-0.0901458610447015,-0.0104744459450753,0.011336186868669,0.0419494277772363,0.00521250415641791,0.00906842079786482,0.00231419791967909,-0.0506704675255189,0.0352510978570762,0.00129374254628879,-0.0250384512512942,0.00389639420403143,-0.0643187137565384,-0.0426160284475857,0.0378557535985441,-0.0585862542762954,0.139344361517252,0.0199412741485774,0.0486523989778367,0.0755043764837651,0.0132931141459446,-0.0337203556448813,0.0186870282808572,-0.00236966546380257,0.0216102081435979,0.0345401571223556,0.0012919483969922,-0.046701895165547,0.0653054247843395,0.0305998691842247,0.0637262416657812,-0.0940263202249517,-0.0368921247314279,0.0102240442705186,0.0371724342009477,0.0568915054528162,-0.0133846891560712,-0.0504962330955547,-0.0213980889725743,-0.0318849059763011,-0.0783104740332884,0.00639605392053052,-0.0849403611786801,-0.0978038056991922,-0.0252739461405692,0.0105033282677319,0.022252527726108,-0.0437310332591041,0.0161479238510473,0.0247507590405865,0.00875353225786054,0.0627191666140379,-0.0581929614432166,-0.057582517735597,-0.00574021041061066,0.0293267578711795,0.0335767473039769,0.106724382802628,-0.0757026932491347,0.04119464484579,0.00911218799502144,0.0794819413644159,-0.00190038364386646,-0.0606988103779702,-0.0838038189694504,0.0590194957567732,-0.0339398347860052,0.0176540402011416,0.0165180313972801,-0.00605594289953522,0.00995244417585178,0.0217591783752842,0.0296991942421944,0.0046707219820016,0.0027973486975162,0.0218670613707964,0.00975474152440934,-0.118892389924093,-0.00362492489350916,-0.0746315746687683,0.0300022244289321,-0.0124892475617756,-0.0181788442504796,-0.0330925690412892,0.0238191175087432,0.0321339328566192,-0.0526181888617787,0.0172030172492365,0.00549309439668659,0.000706007330415639,0.0234017115872497,0.0258106038833602,-0.0820429004361797,0.00581953921914729,0.0151562311127966,-0.0368576328783541,-0.0497783172757155,-0.0343661080620842,0.00759231770330706,0.0737409973324009,0.018203549604956,0.0555259691748241,0.0032348036769517,0.0110562550116366,0.0258670939382178,-0.0214847885222565,-0.0167466574002758,0.06449148344874,-0.00612778981856521,0.0258226294142398,-0.019817635367566,0.0129038747299955,-0.0294157416224857
"329",0.0853706186211468,-0.00641785433048045,0.0444828844364396,-0.0243777110622894,-0.0246883542232085,-0.0519366606666369,0.0396806919973729,-0.0128393036678919,-0.0227365480911755,-0.0145879282548158,0.0880250897381063,0.0738752473349318,-0.0609091371447872,-0.00537775407440878,-0.0691280226427691,-0.00700982215662495,-0.0263926333142874,-0.0138731732439448,0.0362224293718627,-0.0502146838729638,-0.0453758435004103,0.044044167194478,0.0602202454152465,-0.0852625248251224,-0.0347714676043425,0.0237659046011935,0.0194725037614115,-0.019488743666845,0.0978316933295722,0.0225030805940518,0.00532654793966925,-0.0250087227277813,0.0540845412472734,-0.0289144621975885,0.012459019390066,0.0343584626901616,0.0995700445608912,-0.0344669810287919,-0.0580775939953504,0.0525282110572569,-0.0140958531816749,0.0484579250921313,0.0872362651647927,-0.109908998258609,-0.0311752624143298,0.0265880596819051,-0.0201291241555942,-0.0973453264424721,0.141457667028622,0.0560090355118388,-0.0448848301160428,-0.0110172365582244,0.0646774372549284,0.0440295243876671,-0.0201938371032452,-0.0462782323396203,-0.0708588813242274,-0.0741850313131378,-0.0307800063727867,-0.0395747813609436,0.00877725015676214,-0.031409643426125,0.067440726700002,-0.163340368164931,0.0256442237059646,0.0381683808039181,-0.0182221932632035,-0.0348485518271263,0.00428409641614322,0.0308469113530274,-0.0511141112311397,0.00387513028195641,0.0820556013528109,0.0433327909956254,0.0541986707635436,0.0981023812966484,0.05202533589835,-0.0379267799582216,-0.0284572006327541,0.0226438287605651,0.0558005405859655,-0.00829634889957362,-0.00335361406469726,-0.0292490116852599,0.0628944937921655,0.0499242851122059,-0.101654345897966,0.00711153502196195,-0.0200987375782678,-0.0549170567593233,-0.076338964002534,-0.0448648483790869,-0.017653022163982,0.124186384508824,-0.0228449171535045,-0.00792420371227165,-0.0156109551906177,0.0137296740342171,-0.0226908039622338,-0.0358810413130634,-0.00342334416255365,-0.000767176142907527,0.0112532062732014,0.0261293686205776,0.00905067019298809,0.0290868788989083,-0.00678249142360657,0.0157696989446868,0.0510833911689108,-0.0365437025910855,0.00613624363297673,-0.0408754580621752,-0.00660604696601677,-0.0409155573635,0.0174525218630219,-0.0363573745396139,0.0210005563669589,-0.0202755121242207,-0.0402383791743033,-0.0471101995516034
"330",-0.0539719334658614,-0.0781225018536944,0.0554537340997133,-0.0173688013852151,-0.0324609039893685,0.0210103723637305,-0.0574876236384482,0.0861762962476642,-0.0684058026126495,0.0235688165612963,0.0459427627523546,0.0240689029035639,-0.0516155485209821,-0.0179032517563576,0.063011597475025,0.0144791693303415,0.00485241377040968,-0.0765649953172402,0.083944077949638,0.0171711085067937,-0.0235216932050928,-0.0534830628867432,-0.0748642766279685,-0.0312805294735467,0.0113868795025657,-0.0169314756965984,0.00030106153994848,0.051598638198822,-0.0639556457965963,0.042584789772629,0.0253152978574827,0.0865438563796098,-0.0117118329516288,0.0347769314234041,0.0527946885495065,-0.0275733466438067,-0.0307338928697584,0.0099381242450272,0.0154343987030784,0.0709238464792796,0.0169681064641679,0.00303580292829661,-0.0359390809928343,0.0157008393820527,-0.0278343401350527,-0.0522404072975327,0.0175854614557366,-0.0286093889071304,0.0922726995432542,0.0255532767618817,0.0383643082517024,-0.0100678878688022,0.0150861313194994,0.00432087638681283,-0.073011671429505,-0.0184971213875499,0.0552097328752469,0.0584620001039822,0.0453107520675554,0.00634297217452432,-0.0496063572798837,-0.0176936168025102,0.00475215474528888,0.0348905730753293,0.0116858625398124,0.0273869907439529,-0.0715859510124274,0.0257111184773178,0.0313555186040507,-0.0716554012050214,0.0161205066360864,-0.00431512541552904,0.0555136843483939,-0.0306620232831692,0.0517017890490752,-0.0397355251726168,0.0588310230856958,-0.0266723057876748,-0.0262444690323349,0.00618670700586254,-0.00287555024445201,-0.0596631392238689,-0.0883478053128354,-0.0285789211961823,-0.0763997380893001,-0.0246451067641767,-0.00998818395193951,-0.0266637902024996,0.047251093589661,0.0236505228139526,0.0579988962043691,-0.0556538475341776,-0.0032051660205404,0.0451541845375423,-0.0295056248353272,0.0222050467960656,0.0212525503990354,0.0115804379917726,-0.0102670393852614,-0.00881553007491623,0.030165039480595,0.0220923711176727,0.056931291525877,-0.0130361032634964,0.0278357690335088,-0.0372665357190602,-0.0527153019878037,0.00731333576175131,-0.0374433919899743,-0.0326115329738558,-0.0442726529432858,0.017732105212702,-0.0598114769418912,-0.0598636289530209,0.0617567574040993,0.0302336073263512,-0.00089790664799521,-0.0326444067159312,-0.0150915530854882,-0.0172537846127195
"331",0.0143986350813358,0.0594457950725263,0.0189434669299132,-0.0343946218814357,-0.0235735488305754,0.0335779817992412,0.000227890650464027,0.00788341823667808,0.047872215249076,-0.0347526253866296,-0.00201008380412471,-0.0181745415373752,-0.0991523534242314,0.044322061881957,0.0377978976607736,0.0145882473070383,0.0222019344420489,0.0776568664159115,-0.029664122291276,0.0362234883371921,-0.164959645300922,0.0291261870923757,0.0402599091726687,-0.196553609553961,-0.00106128042084164,0.0312953043759865,0.0738917082209023,-0.034521381916571,-0.186793216739412,0.0461042948664511,0.0530543132745054,0.0207960204208987,-0.0242693387364925,-0.0250475991700738,0.00670644110065426,-0.0541211489055783,0.0774530413042641,0.0403919184897732,-0.0491317885449017,-0.0284774087112695,-0.0145495796636059,0.038937827999965,0.0079859807382537,-0.190931370539357,-0.0152518752184293,0.0217129202484185,-0.0387271554438116,0.0887441888707981,0.0535518779948605,-0.0703677183208904,-0.0298032396707396,-0.00493879817832349,0.0399132968276961,0.0188841219447748,0.0283627492399812,-0.0302280589006329,-0.0454245385206672,-0.0813168453810622,-0.0555588348149541,-0.0273478444690474,-0.0264439965946964,0.111232593599511,-0.120923493780096,0.0499100916484332,-0.0655278931415628,0.0554349520483281,0.0732290568742331,0.116166457595431,0.040924995438623,0.0785121198446261,-0.0357394089372971,-0.0219378493704611,-0.0159958500669412,-0.0718664564052473,0.0208507515894975,-0.042224684206324,-0.0357413202531271,-0.0114981160830052,0.0227425133875318,-0.0675567847478906,0.0753727945298803,-0.0176036245752653,0.0379234541228353,0.0617922563181683,-0.0180972268947289,-0.0435019494661575,-0.10149016773221,-0.0184431389985489,-0.120745530540372,-0.0188139232018057,-0.0654918264547169,0.0454594256459048,0.106699985323684,0.0588143068252174,-0.0973672328913232,0.0461045162517957,-0.0344687096899246,-0.0338069186431392,-0.0274939180215726,0.0285897336979255,-0.0251161011871483,-0.00805197866962607,0.0198107047386879,-0.0488950646036778,0.0322704084858345,0.0118505342247244,-0.00744689933760896,0.0409765761096739,-0.0953572837683691,-0.0333789277090342,-0.0227833812851119,-0.0654686856219341,-0.0158307899666923,0.00578477023097597,-0.0105365935516072,-0.0475434397037501,-0.0263899597793733,-0.0506369233139653,-0.0609023317805594,0.00626229523620338
"332",0.0365782310649765,0.0621908119652689,0.0262403956983843,0.0922001705131055,-0.00733144368141427,-0.0433088329088356,-0.00666310400730812,0.0507000355886088,-0.102923801626877,-0.0181213418069905,0.077749459084911,-0.0179518120394661,0.0452778529280579,0.0233606976330196,0.0127102598550288,-0.0485057070234843,-0.0482349544404534,-0.0438069592306332,-0.0179806952527417,0.0747971352358868,0.10478740282684,-0.0495353779496784,0.0474860674363202,0.0502843647227085,0.00381771375833098,0.0559106037498725,-0.023229201782063,-0.032009127369752,0.0124697418083506,0.0104100959865754,-0.00815166391955006,0.0267332861775902,-0.0981729960274634,-0.0557514661754472,-0.0263692668325807,0.0519605363926431,-0.0136780042043061,-0.0337038274213203,-0.0367379486810708,0.00894865325758862,0.0505095038153565,-0.0463848578240433,-0.1107533854403,-0.038544483007311,0.0199244928115929,0.0442137408193689,-0.0640126423733873,0.108719893388973,-0.0327799812363241,0.0194331154641979,-0.000967708671682454,0.0327123317392425,-0.0398706913076303,-0.0401359949726181,-0.0192573486942503,0.0280654938089277,-0.0209170011482625,-0.0634149079272242,0.0866307094168646,-0.0148855178268144,-0.0274190171560038,-0.100803153505342,0.0142940262909942,-0.0044220365485223,-0.124633348777202,0.00998363902206816,-0.0194517979534222,0.0349662523876202,-0.0131571077458868,0.0900505842051339,0.0737219892890306,-0.0492010304571101,0.0282869259181684,0.0479481094605854,0.0421834735172569,-0.0481615954250839,0.0421645189117662,0.0122225009050491,0.0249821004493475,-0.0446093749209719,-0.0576962858113239,-0.0261307851465999,-0.0107091543535249,-0.0606029677261462,-0.0227368632385436,0.101696334065012,0.0505290188300842,-0.0933726185122187,0.00932190152451509,-0.0319318299122833,0.0520964157923334,0.00389465193458404,0.0138758605616228,-0.0869594776792167,0.0286927768171523,0.0392222944131605,0.0504486807266372,-0.00593067224109209,0.00141884986507274,-0.0285279346741719,0.00968774157637414,0.0270992058242228,0.0148043897346542,0.0550761164952511,0.0153389900778278,-0.00237121697406048,0.0259225487256455,-0.0298381565542077,-0.0197722498765656,0.101491133640339,0.0389500392772992,-0.0040448124822923,-0.0392885724659385,0.0366183155233653,-0.0177566489106399,0.0270310937500033,0.0131083651187598,0.0381359304862791,-0.0222448048323371,0.03697623318658
"333",-0.0275521049403424,-0.0680841881894119,-0.0300044586107796,-0.0530152443895646,-0.0379533780333811,0.0405720944844277,0.0651931954762343,-0.00532556869579694,0.0447512374915265,0.0433064613077169,-0.0583700496794536,-0.0170803483912327,0.0158320495627416,0.07542840281872,-0.0575305480275397,-0.00370947661654853,0.0643503423710471,0.144256927985161,0.00784176527430509,-0.042544788183094,-0.0885292018777811,-0.0890191836108522,-0.0607733456049439,-0.037202168818417,-0.0658312760366101,0.0152719193048435,0.00241933350975723,-0.0321210463512213,0.0115708994101087,0.107940689220407,-0.00701893138142546,0.0327644354001847,-0.0132710773177071,-0.00682611780035928,-0.0753939182855844,0.0757437084259201,0.0626696105471092,-0.0142618429825494,-0.0125378301169946,0.0155241762163213,0.0143603727256786,-0.124231895600549,-0.0620842613505441,0.022983477033104,-0.0645078689424317,0.0429920756379732,0.0122260960833464,0.0626627981081347,-0.00312216144883997,-0.0251234549268686,-0.0456692877025569,-0.0307578432621743,0.0189919882438566,-0.00748153602272512,-0.184113089125465,0.0889831067828027,-0.0441233308904303,0.0369257220381174,0.00726496368245519,-0.0199086039694342,0.0874696644229378,0.0759885345357359,0.0146716750971117,-0.0142059637028158,-0.0209613778501154,0.016387796410922,0.0462279758535096,0.061213116518047,-0.0102958954047696,0.0445971927022718,-0.0879112463678889,0.051505622593085,0.0979337012816364,0.0869471377381704,0.023406570225353,-0.0610191472808803,-0.0368478213882881,0.0786863409452929,-0.0397475026777383,-0.00322525504025375,-0.0753490961489746,-0.0664782446385667,-0.0755208738006959,-0.0468587961188773,-0.0208687491969575,-0.0280468912781454,-0.0699408617187794,-0.0767448296979194,0.0600974127600785,0.0863559704220467,-0.0518476291237338,0.0403102740062151,-0.00675390364877449,-0.0100888124884323,0.00969183322463291,-0.0215643949522287,0.000606208636214215,-0.016159410389048,0.00621224693060194,-0.063973595523334,-0.0382754591289537,0.0101215023227127,-0.0201840087018015,0.0180470827511951,-0.0208669204622956,0.0216740711262676,-0.00181038165780292,-0.0501528644809948,0.043715924652945,0.0233950794615193,-0.0243238152698794,-0.00527686092786286,0.0421217934385771,-0.0250791312851441,-0.0111854047013679,0.0228634868340596,0.00881654244977999,-0.0432316027467177,0.0232254908619362,-0.0379564268659862
"334",0.00580339297010694,0.0358832477688079,-0.0346750568483727,0.00730278406436853,-0.0793924423317238,-0.0391087477172342,0.0558319334492823,0.0167328265821794,0.119284430377308,-0.0113357606844198,-0.0370718135437114,-2.67791054614965e-06,0.0485024655520972,0.0489978462586184,-0.0389677050926465,0.0238829002524443,-0.0322509874370016,-7.66876362489792e-05,-0.0148841696023604,0.0150798230235954,0.0375996330167082,-0.118065548219931,0.0738956142924717,0.101055327850871,0.0636055893890331,-0.0555637214942107,-0.00310509768163431,-0.128732132298773,-0.0650194314586139,-0.061079791794985,-0.11856901310595,0.10330389552699,0.0193368327075357,-0.104334250697146,-0.00161541597710738,0.0349828629783439,0.0636779461219129,0.0152106501316581,0.0283268182579711,0.0570318352708551,-0.0633270253084351,-0.0480691661205142,-0.0488348183109302,0.0531125898438343,0.0238895170593498,0.0659607185121251,0.047059486563796,0.0204072162092366,0.0100387073265573,0.0433415951503934,-0.0731564516887048,0.0143794808228365,-0.0027403111656652,-0.0803015870199179,0.0612536239835647,-0.0978951473520709,0.0417296822518161,0.045414777369082,0.0194906422281572,-0.0798565537278496,0.0449336437616228,0.0270820188529569,-0.0460704162647803,0.0067802654055839,-0.0396413503913055,-0.0571398251853235,0.0521444761049111,-0.0310096896368692,0.0367861966448599,-0.0349726862728195,0.0670380221040177,0.0188855837250761,0.0414669063612582,-0.0479244473889739,0.00734108789118707,-0.0368737237993021,0.00717000578760229,0.00760617136736469,0.0493090318813392,-0.0133562684511704,-0.0683199569394983,-0.120766529741357,-0.039902537078169,-0.0684732917979093,-0.0363474747481065,0.0593851046532683,-0.0400933036976879,-0.0111888809472833,-0.0297538964887088,-0.0731248506800384,0.0399008156138284,-0.0843934552353525,0.0386970951974344,0.0341683102213557,-0.047137605233599,0.00560064650130707,0.00650042189362457,-0.0379657117689416,0.052104564254477,0.00609693771833719,0.0143118476670532,0.058097187664514,-0.0239653294174006,-0.046889577181648,-0.0169526392467325,0.0408898388336478,0.0150009848654025,0.0262099329644197,0.00562915938844721,0.0112078409191695,-0.0198628602159162,-0.0154606010137382,-0.0142867231144465,0.00531931709425208,0.00502404924890857,-0.00636615911156854,-0.0107482661612664,-0.055489660138935,-0.03193753879463,-0.0406144832539962
"335",0.00921759085889543,0.0270430670592214,0.0359933401428076,-0.105010747313563,-0.0253243899981933,-0.0497384035717967,-0.0245266445312718,-0.01754581933042,0.0460878548598291,-0.0537710718993298,-0.00157497634135483,-0.112309706611907,0.02937148421957,0.0431095508035536,-0.0908648459283654,-0.0619740556463534,0.00196679027617011,-0.0851871943379249,-0.0340222298851329,-0.0342121318664342,-0.0857389000849772,-0.0237669222306642,-0.0936436010299791,0.0504665390508601,-0.0557471079742682,-0.0170043841408431,-0.0577962136624907,-0.0275453327440246,0.0133374547010765,0.0607574354564981,0.0698646109066779,0.0513101004535045,0.0653243540309695,0.112597156191082,-0.0431039719527959,0.00096245608622776,-0.0496295163199515,0.0109806114284379,0.0422715855290875,-0.0460361455273585,-0.0166560501169974,0.0285860503609416,0.096695607063303,0.0671480028610097,0.0108910160803943,0.040399005194716,-0.00319993881452873,-0.0820062555607672,0.000934317265252305,0.00752887016187066,0.0596985238302107,-0.0649104382623666,0.032233373213831,-0.00850426821421488,-0.0705104425765393,0.0641078318964882,-0.026774210975373,-0.0149096952108774,0.0506292472864446,0.0601695877158278,-0.0296196996139092,0.0991925267353349,-0.0399982251795932,-0.00615907733724793,0.0341814344129339,0.0233173102600193,-0.0167026190167615,0.0464542282083547,-0.0177558523176883,0.0103610295364134,-0.0508486831483847,0.0203395736484977,0.0304244268367299,0.0564772932450088,-0.0560981382758166,-0.0303478788810826,0.0524486065430912,0.0186061077642727,-0.0431440329159511,0.00703283457766988,0.0524504133392062,-0.0756892115594127,-0.0289279371908934,-0.00371438086974452,0.0515189104297653,-0.0268469316457485,0.0329982413695219,-0.0299797218691139,-0.0560618318991339,-0.0187329756637335,-0.0722834482421568,-0.00146975151707705,-0.0356335548346388,-0.0625651064464731,0.015999480961663,-0.0421258167658017,0.013356795030609,0.0137915242873655,0.0534267855832934,0.00264651231269924,-0.0103528499567918,0.00182672209930402,-0.000885444367094048,0.054407306620346,-0.0427777615819086,0.00484552950654858,-0.0316602294239521,-0.0123264733321784,0.0310290453861291,-0.00751424905081046,-0.012988684204607,-0.0184988083583326,0.0125555774979182,-0.0307057263738364,-0.0353386237176813,-0.0409822279075441,0.00156590337917875,-0.0421258142546026,-0.0228413204129447,0.00171360812571882
"336",-0.0203267788387384,0.0677053079881573,-0.0439278010685963,-0.0566818501859772,0.0501837353739403,0.0384544955956058,-0.0220463302217596,-0.0383040676597762,0.0531247628895097,0.00665856577821064,-0.0657822757669208,0.0664095485060661,0.0488663269903193,-0.0246374582231519,-0.00202896293948255,-0.0218174618180344,0.0917994697245886,-0.0446215641998354,-0.0789038487406292,-0.0300415015856737,0.112306247814728,0.0466007998181374,-0.0530967740724644,0.0290627804757075,-0.0592090581225508,0.0942205317753519,0.102695558091068,-0.0018712127095213,0.0149932622205092,-0.0658724066657921,0.0610520725513917,-0.0363472043194368,0.00287785432673883,0.0181224973105508,-0.009622299171599,-0.0156655684545102,0.0374565102295089,0.0506200562518306,-0.0933947078544323,0.0597765676904489,0.159343064815993,-0.102677749614637,0.0143886153704154,0.0139203792183785,0.0971529026433056,-0.0450587869298493,0.0345869094238318,0.0696736682517601,-0.0789619235305319,0.10086703686124,-0.0283689446642364,-0.0852389963400988,0.0588009642588166,-0.0237891609407051,-0.00417521450008129,-0.0424059503738063,-0.0563895300467543,0.005175682804816,-0.0318805872287263,0.0405030835417221,0.0231718450387887,0.00964309007284256,0.00480115572792093,-0.0142337809433628,0.0411636919150196,-0.0147313981619784,0.00519368921584168,-0.00604222116967749,-0.0934231665463785,-0.126054026296672,-0.0385409759250674,0.0880449947265809,0.0629222189132546,-0.02806449616399,-0.110260660527669,-0.0728368541671764,-0.024941992848624,-0.0302731503727528,0.0719635033198864,0.0380740718918659,-0.0292775146446777,0.0216417831980088,0.0267187414292797,0.0831562083441413,0.00274103755121328,-0.0561881370733582,0.0113107574337962,0.0344511735948591,-0.0465789480356696,-0.0246922959682577,0.0835789416728796,-0.109237403468885,-0.0673847679844819,0.0153289246654228,-0.0486182701350914,-0.022420382174884,-0.00416778503564516,0.0542343367235223,0.0270550317461471,0.0528996527961993,0.0125762979617929,0.0194243467653709,-0.00343182798484591,0.0266947202087668,0.00472246437911652,0.00622997412752225,0.0344691502449606,-0.0452983311758399,0.0213109679776774,0.0457908338816749,-0.113694527382184,0.0173821414040348,0.0353395682358043,-0.0676489704036651,0.0258467243455914,0.00301018077145665,0.00382186367947466,-0.028431056331419,-0.0159103904426063,-0.00290795395593166
"337",-0.0477972032164585,-0.0506702350523552,0.0277921402252749,-0.0887672491027698,0.0217129849692792,-0.100799347064276,-0.0322895308954008,-0.0219998698928678,-0.0281812944848831,0.00921580813979972,0.00405847566460107,0.0264795621579877,0.0163669701335866,0.0118177974226103,0.0582598537782182,0.0704257552990844,0.0453658599774618,-0.016068131798156,0.0721491381053154,0.0022031192811831,-0.0534430159551244,0.044608441169536,0.0255047115577109,0.0578271608654687,0.0437893134806368,-0.125904176798699,-0.00265760018758672,-0.0816143404891315,6.68974575123286e-05,0.0234318043154505,-0.0173984580016114,-0.0547937369627713,0.0295640399395521,0.103885650566361,-0.0132355438486782,0.0949044710894427,0.00292631546635784,-0.0475346544876237,0.0600964009648908,0.0941054905771058,-0.037329194855879,-0.0867758457166258,0.0456562878288024,-0.0205838173919449,0.0457758226657809,0.101747250264418,0.068390065145139,0.00745209569787644,0.0829231377207306,0.0398927204313359,0.015728956926814,0.0669308652719671,0.0515756299233615,0.00108690902026752,-0.0334310149016323,0.0112876115936396,-0.0128950657493207,-0.0470173801830255,0.0735921048459204,0.0175828585283695,0.022577529100699,-0.055882788613451,0.0212568962622465,0.0237951906438192,0.0921984927130418,0.09158976459632,0.0991373287241493,0.0158260105614728,0.075669203595332,-0.0461846093041324,-0.0352678367810699,0.100637688518492,-0.124667501430066,0.0384022410078908,-0.0958966915180743,-0.117708137741009,-0.0357939230890743,-0.116266616455577,0.0745675654776906,-0.122559513763286,0.0349982991995702,0.00796610075821233,0.110516464830811,-0.00796248950673178,0.0666201859849832,0.00213373309544591,-0.0273342532193461,-0.00751049348976966,-0.0671502067452573,-0.00137183199376352,0.112288825635453,0.0961060332932274,-0.0765098994923856,-0.155770755127899,0.0376627113796857,0.0107164842868191,0.0323847433291629,-0.0378530173374373,0.00734659666827118,-0.02048949919206,0.00551401607339548,-0.0213771259593613,-0.0278984049289685,-0.0307996991949514,-0.043755604892476,-0.0186339927442569,0.00825221192726695,0.0151870959776475,0.0291756503546081,0.0104780772225879,0.0117300415588266,-0.00333686084280638,-0.0839919273631258,0.0314395422638821,0.0437873968318661,0.0246029358361686,-0.0163556581030834,0.0284748703649912,-0.0210525212244066,0.0235915495241104
"338",-0.0131485760031788,-0.0450757761297766,-0.00123380540392001,-0.0633248672162793,-0.0846263503454738,-0.105254874537045,0.0824418512231015,-0.00567178970670981,0.0615913741620598,0.0608724128088651,-0.0155533894582219,0.0188606594467184,-0.00987474351584242,-0.074569574963501,-0.00375748983782267,-0.00479945697657352,-0.027008010818865,0.0429904514787043,-0.000570520310891212,-0.0165461001925226,0.00889220677299712,-0.0728864846665981,0.0387634471797768,-0.0468118732171105,0.0530376227287137,0.0338714550292508,0.0731906970551146,0.0686267943100495,0.0189173772224702,-0.0225771749269431,0.0441100925956925,0.00720855914170513,-0.117524125401168,-0.0445475499383792,-0.054286494155491,0.0503687829881024,-0.0429317552995303,0.0272994923880802,-0.0422783731108165,0.0617166107108043,-0.0212136433388809,0.051068006774221,-0.022161804942058,0.0341279793583522,0.0478750258551564,0.0590357000145399,0.0288305629498165,-0.0447791447564878,-0.0497015986432786,0.0356345973697408,-0.0336982074993429,0.0309497152919872,0.042529976588727,-0.0095195016190101,-0.104099307270108,-0.00226325050992615,0.0645741856481652,0.00552774816100472,-0.0688007466960981,0.0714204132493232,-0.00878073660698576,-0.10168550330332,0.0389288820857493,0.00719612432954166,-0.00243502929614605,-0.00448316098914811,-0.0840811812756888,-0.106947139825693,-0.00278971867072959,-0.00396887244634419,-0.132793567898506,-0.0241978932902493,-0.120537732277064,0.0185970935419638,-0.0773549236287594,0.0239101984023516,-0.0516658770594022,-0.106568849898939,-0.0263476128997006,0.0190653832515393,0.00436707978705088,-0.0105739498808361,-0.0817413789062918,0.0328097628740372,-0.0346250215671578,0.0470396213577803,0.0517157868961962,-0.0643455044192546,0.00652067770487547,-0.0410336182807003,-0.0317764539510984,0.074799421274025,-0.0993042622709407,-0.0178718913374786,0.0116233452442757,-0.0152504698950153,0.0276536578172378,0.0365159628233017,0.0294471428507828,0.0013579377916128,-0.030153946960131,-0.00886160235503758,0.0207417690223546,0.0293936205709266,0.0222333840851816,0.00373664537039809,0.016889788414744,-0.0211841220663738,0.00290237448414142,0.0405982192537216,0.0117153306191812,0.00850554031250894,0.0494840174534439,0.00186119568929483,0.0379788067057328,-0.0156769187453161,-0.0402785095302289,0.0520474048630483,-0.0305785922624716,-0.00162531585858929
"339",-0.0535534270863853,0.050746228928534,-0.0262484530055095,0.0252606685809642,0.0517874703800444,0.0365823756559039,-0.117623165667587,-0.075350497678733,-0.0411755781279394,-0.0112954641710382,0.0136639624852278,0.0239211525405064,0.0152657210446999,-0.025563579246786,0.0501651162107088,-0.0666483401728266,0.00587372378052597,0.0171250615450767,0.00293468624462905,-0.0437973056781319,-0.0139864635984313,-0.0197630574041399,-0.0456074859546569,0.0265748221214996,0.0711563922467236,-0.136241311583612,0.106479786150749,0.0536252872609156,0.0191523556653067,0.00307980208900738,0.0263835173409467,-0.0417094876915747,-0.0293529961816146,0.0379045903775146,-0.0307665330333923,0.0404900696529839,-0.020431359492642,0.0933139372855085,-0.0479412057447439,-0.0516544884811095,-0.075083737678357,-0.00582373137899958,-0.0363630894783252,-0.0427640391394149,-0.0495098115318696,0.017702769219143,-0.00730049898093312,-0.0438220811082902,-0.0385591113343883,-0.0448706839481441,0.0372476603792075,-0.0203704697876907,0.0607292422437553,-0.0910454225058371,0.0584106194378648,0.0106829858597607,0.0322509991268942,-0.00186068642037138,-0.0707069157146995,-0.157285816521893,0.0105781670719542,0.0176049404594331,0.0661079735943927,0.00500918068080921,0.0454985853982044,-0.0503384482280123,-0.00677359553863275,-0.0678305848943907,-0.00339074666406395,0.056951391552432,-0.0572097383124246,-0.00317418473536432,0.0211915284277292,-0.00215519896865126,0.0767378610278542,0.0973102786451588,-0.0389011518796688,-0.0393307350586329,0.0060376864268104,0.00700655704142576,0.020529332529402,0.0131572831586015,0.052166349719946,-0.0468703805962485,-0.0359138972247715,0.12098179155009,0.0256238005818924,-0.108552375076318,0.013729368265485,-0.0643345770772532,0.00801072540208087,-0.00655431945094345,0.0925096787168347,-0.0753596931107556,-0.0103586873575377,-0.0240317087657044,0.0145596157143811,-0.0183474313191097,0.0291829203244935,-0.0188651936187264,0.00260367676071672,-0.0424531230707941,-0.0240067254844412,-0.0548861283485322,0.0099157073197337,-0.013778477058465,0.0298582165991267,0.0583007668725191,-0.00439010806111467,-0.0153801747091285,-0.0274584941629682,0.0113786629010055,-0.0539083980621259,0.000337725820800754,0.0152147458862699,0.0337180884296635,0.00531140642805563,-0.0130639040148015,0.0434042935677491,-0.0380911475671279
"340",-0.097147325837856,-0.0383463994388173,-0.00766390945154435,-0.0324276693197014,-0.0267853155718025,-0.0511821978634157,0.00751030790636771,-0.0197479575966537,-0.082762363826729,-0.0276105477663426,0.00958884159000874,0.0438985111491686,0.049359877477836,-0.0681932593987557,0.044681563846464,-0.0331436433903723,-0.0239884189668299,0.0499617925745692,-0.00694565511741828,0.0480601107594553,0.0431910095697576,-0.0423000275552729,-0.0299066034122824,0.0657292130442222,-0.0849123050722979,0.0154211189712718,0.00486677637349896,-0.0282566315821903,0.00235899941576614,-0.00534969933844675,0.0110660929816271,-0.0600322823534643,-0.0896307727482953,0.0479837031336324,-0.0161169826943189,-0.0578944905738301,-0.0270474835330134,-0.0014730229622093,0.00450223647600008,0.0138628816422508,-0.0427353682912071,0.0743311161361421,0.0339549321350775,-0.0172746700570257,0.0137015833899499,-0.000269730193178107,-0.0255683003867538,-0.0214434661512256,0.0655568585164348,0.0429499456646634,-0.0172279171600648,-0.0149109708964986,0.00471274306367065,-0.0524522480006697,0.0106379469244353,0.104040353219143,-0.021770311761872,-0.00874221491434993,-0.0666960606336514,0.0245520353752569,0.0508059840473785,0.0378298987968504,0.0371102591376043,0.0246303828240928,0.0602687443416249,0.0301185707895514,-0.0692357157042703,0.0329470823299146,0.0140373782262447,-0.0352146528716468,0.00414353222679716,0.0451576346124521,-0.0589253112126356,0.0318887330140926,-0.0717494731609075,0.0275879826658349,0.0473679501648041,0.022076254325286,0.0682481296422173,-0.0172399324210875,-0.122569570728279,-0.0378269491209132,-0.0534777188475674,0.102343782003459,-0.0424231376838262,0.0140674166778655,-0.0393386932333904,-0.0278386078403094,-0.0572108840383666,-0.0179517675402883,0.0657137932710807,0.025874470533599,0.0457698806195101,0.000530496268463865,-0.044662606188235,-0.00507868219810692,0.0295368958815165,-0.00756484401940545,0.00225838536540584,-0.0200729842832905,-0.046197086233522,-0.0287081180085802,-0.04818587672137,0.00848669085021801,-0.0791402405393307,0.0794276596563734,0.0460122889643862,0.0203557272111417,0.00531092925301111,0.0168121285232405,0.0559860702824011,0.00411571551042043,0.0698636813678726,0.0022537749257642,-0.0411255935062959,0.048663925312569,0.0418363325529609,0.0587760433064786,-0.030017971666712,-0.0276369669308087
"341",-0.0954828212948994,-0.0191011244027987,-0.025584652457405,-0.0108828623650329,0.000968038111535716,-0.0368281852347117,-0.0806801725171921,0.00812103504293715,0.0704491510543417,0.0480693364335688,0.0101606092861013,0.00372357063261345,0.0501671752968802,0.0221901892561899,-0.0372922905441758,-0.0235469208633415,0.0133593403634062,-0.0348356345185834,-0.0681852601598689,0.0660324053909366,0.0216374291986246,-0.0417317758370241,-0.019285395648416,-0.0457218775807532,0.0154571565034169,-0.0127587112642213,-0.0937282603994695,-0.0387719213034384,-0.0588458964693869,-0.0376079329222462,-0.047063013470779,0.0199840507009664,0.00792150009571275,0.00500794733129916,-0.0655976237153847,-0.000888296436812586,-0.0290274678992726,-0.14414725403309,0.00212738830034908,-0.0153618392801498,-0.0166750984556329,-0.0713365968418236,-0.0228719022077763,-0.0566389616365632,0.0722868768328107,0.0571660497225016,-0.077624073764266,0.0210158281139738,0.0880140311159393,-0.0430448975453129,0.00943792351039592,-0.0304705202663057,0.100361121512658,0.109793197307226,-0.0226992315065988,-0.00214110015687029,-0.0175683080115126,-0.00144777549946047,0.000834843854500452,-0.0421629938029651,0.0305610844042037,0.00236659944919499,0.00481033044488519,-0.0383897195972836,0.0330456484808391,0.0379062707378775,0.026635141985023,-0.0484520597686509,-0.0345670508183828,0.0604617411983969,-0.0357222536464588,0.0366147890905402,-0.0517359587706534,-0.0552198106428893,0.0184094443902332,-0.00799324908450239,-0.0764232816144034,0.0254583882024594,0.0285153810918022,0.0810676876087604,0.0460129011013646,0.0724988809093316,0.0288769943092117,0.00574491078760601,0.0178003251587889,-0.0455678175519858,0.0426495520648643,0.00250130721633348,0.00700329414824975,-0.0208950496500036,0.0169448185998144,-0.0356822242606182,-0.0657947146286982,0.0808150182335509,0.0744950632987997,-0.0541784068057959,0.041107304442514,-0.0110710595213054,0.0153260947803236,-0.0197297005278761,-0.0233934704032953,0.0191290210457996,-0.016423904396457,0.0735791863746628,-0.0224833658737959,-0.0118282224108523,0.0107767681914236,0.0173904889314876,0.0445854424738922,-0.0315029699034057,-0.0119255075022275,0.0267052577174344,0.0345902734400583,0.00717277859462608,-0.00653258415337557,0.00229989879234759,0.0183823487360047,0.0376397692798136,-0.0231075867175124,0.0113257463186548
"342",0.0262423661667909,0.0990250628840647,0.00820816199451299,-0.0112016096170041,0.0744332988396308,-0.0304102567703671,-0.0436522372481154,-0.0402088594510679,0.0261555551260197,-0.0710577858509575,0.0178250566011878,0.0108957579371876,0.0649134172842054,-0.0441189642171516,-0.00879018126008036,-0.0274469385685228,-0.0857598570514924,0.0242451555401237,-0.0657200265924191,-0.00628765923431427,-0.00915626424523657,-0.0800073534085208,0.00420761373304423,0.133857606411693,-0.0533963075248189,-0.056886996259028,-0.00975566919278982,0.00559739551569728,-0.0367743941057238,0.0959588278490359,-0.0517826679406424,0.021070450781552,-0.0257498291849875,0.0710594842575248,-0.104322045022928,-0.0456710029234155,-0.0332612498939279,-0.0484545708045899,-0.025534974063052,-0.071421478332842,0.0154952801108548,0.0500157954273139,-0.0508044624555481,0.0487557312380546,-0.00395427865001384,0.0367616716375086,0.0146777273708862,-0.0180638649757878,0.0453738966986458,0.020082054967498,-0.0215923513098401,-0.0644206064638326,0.0219899089066577,0.0820207064758545,0.00774466748158168,0.0227310222424197,0.0282984219672713,0.00234404576037024,0.025034820007288,0.110087862275916,-0.00853670848280613,0.0151256952669703,-0.053080986021044,0.0480685955796964,-0.134925176055829,0.0173424466702539,-0.0402936622851936,0.0403270863559452,0.0141033644799297,-0.0228207607609556,-0.00710152518308834,0.108075154331472,-0.00127129915884493,-0.0214930767695404,-0.0095878412652125,0.0807783135171392,-0.0359762158957587,-0.0674353637330549,0.044717419329472,0.0265986657607693,-0.0667762835987794,-7.89547168657628e-08,-0.0819464221345148,-0.00815564624190756,-0.0329508200562574,0.0448134198527624,0.0960785761680213,-0.0167382650580421,-0.0641896892215528,-0.0343666429135056,0.0357931487613684,-0.00183722603494942,-0.0502868347359503,-0.0252734189185996,-0.0243997683054422,-0.011891720240953,-0.00399939954128928,0.027733519769208,-0.0236012538560154,0.0107854174277624,-0.0198975224825994,-0.00404521398552991,-0.0297306989676367,-0.0101745285114622,0.0263489980911011,0.0202561745400232,-0.0170313794428873,0.00225051943889098,0.0522480848208675,0.0455893610210723,-0.0670057874195622,-0.0136751695641883,0.0175432791376336,-0.0278028069132341,0.0209534096275824,-0.021020468951939,0.00652281504590738,-0.047589114059627,-0.0107977555672877,-0.0108497916013477
"343",0.0121071924986993,0.0174223595280172,0.00202491774421582,0.0147236527363038,0.0952186589680386,0.0418684004491572,0.0896774206178903,-0.017270186481525,-0.0455541507810094,0.0752267602758607,-0.0521607383776412,-0.10818552338349,-0.0750334863997618,-0.0606133792484786,-0.0357106629252792,-0.019033885645652,0.0778826316898876,-0.0768487805587361,-0.0819043770733479,-0.0599461536752024,0.0227866590969601,-0.0224781375382239,-0.0698312392109396,0.0367033266216527,0.0543546336704991,-0.00803264146336727,0.0298842823419386,0.0163937496659424,-0.0260056641409442,-0.0328643020126556,0.0315686309552981,-0.0051519603964679,-0.0131619610373242,0.0207011592065963,0.0294262796325948,0.00821298170771211,-0.0106164928520939,-0.0300709766580636,-0.0382779573665812,0.090545303172029,-0.0594176487231198,-0.0155153785278061,-0.0365557636309196,-0.0473912033522222,-0.00447302995886115,0.0929863445623727,0.0233055008915005,0.030866792671425,-0.0280109382912426,-0.0505272906777606,0.0278790876049159,-0.0181143803011845,-0.0400812124865759,-0.0652075714146626,-0.0327952076111431,0.0232877436841011,0.0535472276213231,-0.0389766222397669,0.058330683433899,-0.0564174350981697,-0.0478223385028996,0.105253820633937,-0.157697148843055,0.0783124721581073,-0.0100423823505745,-0.0302678264956889,-0.00799508206081833,-0.130107589698768,0.0153380436181504,-0.00307694430952131,-0.0304747133563936,-0.008314097614549,-0.0273539876653816,0.055235430535608,0.011989414261366,-0.122409926595338,-0.0388331496682903,-0.0339600462805106,-0.145945212702475,-0.0447207580007651,-0.0526973831488003,0.0153734873666107,-0.0632879715183737,0.0804183830825939,0.0400998698863185,-0.015551599923703,0.0608562185270447,0.0425808806549751,-0.00181798893563081,-0.0242995531254421,-0.0684229619033755,0.0186364609139284,-0.034889396469678,-0.023871211660292,-0.0719584225948834,0.0309116051110984,0.0196377283543854,-0.0238808466996443,-0.0524995004726584,-0.0405300217800626,-0.0507014076099685,-0.0109197712290257,0.0344381693006079,-0.0230441532084799,-0.00124050849552006,0.0288616483213113,0.00910670626714297,-0.0360460053081777,-0.0221582648905052,0.000694048604795083,0.0455628201565266,0.0119380807127174,0.00498926235478774,-0.0430448919380885,-0.0390798374013949,-0.00093499696510482,-0.0477090914001401,-0.0281508768631646,-0.00256104119999783,0.00262805614702617
"344",-0.102496888245732,-0.00180952239890095,-0.0564166890448384,-0.0143210484243836,0.0289804582382111,-0.0403407642046004,0.0537289153524855,0.0392251123307613,-0.037612066841294,0.0176036915952992,0.00492981952839743,-0.0483992409214544,-0.0130952372045953,-0.0430805684272517,0.0285757957602689,0.00866555309321547,-0.0410499628986662,0.0822118611664402,0.000613791536555668,0.00654450105199473,0.0119231452257088,-0.023409991932572,-0.0629951031350168,-0.0102655536605481,-0.024497363024835,-0.042219112918154,0.0120333373846305,0.0760234915164598,-0.0027863635515329,0.00912014538962597,0.0130454444807516,-0.0456813029248271,0.0478933355106758,0.0681449574714955,0.0540707429985788,-0.0388450366452595,0.0204423710159887,0.00515328697915593,0.00551400209359963,0.11110354551257,-0.0793684398381056,-0.0184257165744563,0.0125773114723465,-0.00338010653862892,0.0419698158259884,-0.0758621371489262,0.0469143958802659,-0.0359528729204609,0.0433933694418785,-0.0589188690243883,0.0277353807284557,0.0158888072727401,-0.0345948094913841,-0.00693961483620793,0.0276106045109154,0.00386578965759204,0.00556899726973455,0.105591621641767,-0.0207570189845861,0.121513056661715,-0.0170305757728084,-0.0640733003161815,0.0466092222111816,-0.0357168017703223,0.0658973509212645,-0.1184885466843,0.032890641156669,-0.0125704655876604,-0.00784811542409977,-0.0200101561692851,-0.0994123970524013,-0.0419790668278762,-0.0407224265244113,0.025934938315073,0.0538172389614496,0.05811625389246,-0.0133369114808492,0.0960050081853238,-0.00643332112003301,0.0268912051016686,0.0206248681510988,-0.0290870936161647,0.0238956862441493,0.0361025049095233,-0.0190189071011731,0.0212151934744733,-0.0386698922243793,-0.00165570201464914,0.0217001133792346,-0.0229362438644246,0.0795705118686814,-0.0374790553523038,0.0466824830509635,-0.0225605803168239,0.0247377021312859,-0.00788311606074911,0.0301449041430293,-0.0104213748114785,0.0196970682500939,-0.00508794133424535,0.0228193011455484,0.00264569612172958,-0.0536476449972234,-0.0745545263247905,-0.0163666577870485,-0.0625082735841577,-0.044313115084588,-0.00334996881116177,-0.0225618586270895,-0.0519745479931007,-0.0157197538230254,0.0456717447119529,-0.0280042869481485,0.0163379022880473,-0.00601528709600859,0.0133367674007168,0.0195811814304086,0.0443695893094942,-0.0107309490675207,0.0333819423688234
"345",-0.0464697479071042,-0.00678631552032256,0.00578534178187129,0.0701458943279474,0.0918985207935121,0.0133124454603352,-0.00237032351899013,0.0846052140451337,0.0621378101763599,-0.0407713407783936,-0.0230102142534564,0.0451977955341626,-0.015367388598947,0.0693824733289791,-0.0774018182787684,0.0458745346650155,-0.0138106219369194,0.0191291472526879,-0.0138701749628666,0.0707645104376374,-0.0575979549501127,-0.0351465733371667,0.0555516342808886,-0.0384834180012877,0.0985410409024222,0.00302265654068655,0.0606717614292214,0.0510156191263867,-0.0155225155041687,0.0677303752802641,-0.00995728388876737,0.0132676025675408,-0.0345409938547158,0.0308584321546484,-0.109291614613054,-0.014164782215319,0.0631537883300876,0.015480857480509,0.124316632299637,0.0668338089659128,-0.0268781098906367,-0.0497569340035275,0.132677606707134,0.00857980969039019,-0.0224239592185626,-0.0386080075111209,-0.0108255150256107,-0.0395281671576607,0.0322803201737743,-0.0845440938325825,0.050105020264896,-0.0476174372281234,0.0350628061458006,0.0408047986354984,-0.00871278138860548,-0.115888381513552,0.0281432229757188,0.0591287521774416,0.0374383130161192,-0.0333846573239803,-0.0549571169352361,-0.0438838576873549,-0.0253734355799713,0.0683207260412824,0.00229522241395785,0.0810158618970546,-0.0830395243605088,0.000124031404849319,0.00902014711188839,-0.0146301238538205,-0.0350087777203039,-0.0192166632141752,0.00648683694762182,-0.0116031352805168,0.000506426212461648,0.0152380086812153,0.00516584595489867,0.0152221296359209,0.0726779194922563,-0.098158602560805,0.0288672329444129,-0.0170057638622821,-0.0684237508862593,0.0587482654385435,-0.0383194883329097,0.049831228531688,-0.0222848803947344,-0.0523242203182536,0.0258287493766424,-0.011946086427557,-0.00815926165908939,-0.00624169520956979,0.098861460035811,0.022879243441325,0.031789401958388,0.00156091976886817,0.00135731431182521,0.0507029201987334,-0.010733666273926,-0.000709401892907185,0.00625164989997741,-0.000674618726974999,0.00896342618744966,0.010642757540746,0.0300256610121212,0.0167138359308206,-0.0318814159735091,0.0490914908011887,0.0194857405659028,0.0305268335003991,-0.0122196485343288,-0.00834207400480537,0.0415952773435304,-0.0457627284291129,0.0552988618121414,-0.01644570313605,0.0413490129401317,-0.00527892411709646,-0.00554657922286106,0.020405306295379
"346",0.0516618127085652,-0.0217001205228413,-0.0334840240513912,-0.011637006309219,-0.00949961844191716,0.0954960273007764,-0.0621495248876829,-0.0594499855547941,-0.0396865292886002,-0.0503503192047838,0.021284411774462,-0.0076976610910624,-0.0121377329856288,0.151007725127236,-0.0102110211060769,-0.0485562320127708,0.0405324024609243,-0.0145470819520531,0.0125196737950568,0.0612484478335515,0.0296118088368153,-0.0335392778793454,0.0194083059475121,-0.117475321130396,-0.0316681537700991,-0.018160635173446,0.0755473278518476,-0.0612639253858238,-0.0463901237367376,-0.021900864064515,0.0736239612452706,0.0100516241169998,-0.044652592032266,0.0296556502188017,0.0234832911417677,-0.0220568507275156,0.0331081777214201,-0.0406581252964012,0.0897623263174425,-0.0836487544454485,0.0701158334302153,-0.0751428495432103,-0.0168742144810702,0.112491044314576,-0.024788349227545,0.00669518929449033,0.0052817188863966,0.00246032023584524,-0.0193540064954934,-0.025141723144556,0.0854489676686857,0.0439311163190844,-0.0542818986297914,-0.00706602429519393,-0.0351774762101913,-0.0347470735313466,-0.0749489865640207,0.0199334112283775,-0.022458605587291,0.00222106063098542,0.0787613915410805,-0.00936910234659019,0.0482147226617495,-0.0238030705344284,-0.0376417988428015,-0.0155553637385953,0.134420937774166,-0.083912752528991,0.0355472194567351,0.00990704357451464,0.0184472325910761,0.0541649080088525,0.0235465307260924,-0.0429539950079158,0.0220298598449984,0.0320008507797971,-0.0675076329193455,0.067465587162906,0.0698819731516832,-0.0225738774731504,0.00717042116805431,-0.0437521809578069,-0.0316693722676902,0.0395116480814911,0.0274503275633715,0.0144485989383838,0.0449827151960708,0.0100704555952399,-0.0464466771994617,0.0570195362736463,-0.0623440908507733,0.00490771770783223,0.0436139026477473,0.0313073762114244,0.00855077088218302,0.0274381996996133,-0.0270143649408125,0.0255248728534089,0.0202944048721499,0.0149526425188021,-0.0151379379505484,-0.0353663929538839,-0.00990656842162199,-0.0264128005431176,0.0122019039791456,-0.00756453624859605,5.54947461833557e-05,3.12053326578226e-05,0.0258116378321641,-0.029470205437661,-0.00451090347502766,-0.0385676151429201,-0.0169285768519126,-0.00749559263250929,-0.10529585545782,0.015749507157201,0.0125968918615495,-0.0130648877464364,0.0313682516610728,0.0162119303474077
"347",0.01246162105179,0.00962727115696686,0.0461482968519647,-0.0232518442158283,-0.0585394970042634,-0.027421227071855,-0.151680085400363,-0.000745928338011699,-0.0128438450530616,-0.0606398678367796,0.0421034777782886,0.0160631241821794,0.0261854479315503,0.00566252879223212,0.0342497860119976,0.0188523714816854,-0.0489624338108664,-0.0193262142492788,-0.0199791257487602,0.128775568210736,0.0410254696682548,0.0886417759012124,0.027167535058311,0.0233977333991646,-0.0284360257144518,-0.0443890450604342,0.0253133373055419,0.0440348500931857,0.0599569259620051,0.0839187765302937,0.0260730285284968,-0.0642138005856577,-0.0114502477264379,0.0787671556352669,-0.00224319516277126,0.0424672157343223,0.0221225606864574,-0.0102212816939161,-0.085903413345678,-0.0900886340941343,-0.0389372210867892,-0.014733842317521,-0.0730790418190578,-0.0720964141010223,0.133963311182939,-0.0283220968801719,-0.0375327028448788,-0.093359135799405,-0.104056039261716,-0.0015572381659871,0.0383979395568476,0.0215404844141211,0.0939825793880734,-0.0555008374542988,-0.0631879132433154,0.133714742295749,-0.073511554242723,0.047651504826527,0.0546572427866927,0.0552301254021459,0.0272741738010488,0.0201551749184518,-0.0231585798226956,0.0285668537921389,0.0491175664996837,-0.0078845575366975,0.0381582689842172,0.0341812545486542,0.0803779699287146,0.13846176034384,0.00201208516791427,-0.0688558421299672,-0.00260647328681174,0.00492869509801728,0.0625676258538814,0.0517810446250058,0.0361892303678051,-0.0411452117073784,0.0121122208278626,0.00503468131114971,-0.0394469393305993,0.0456493536128086,-0.0384769621629897,0.0370296699985094,0.00595798124986674,-0.0451093135608313,0.0121560301116259,0.0172435072011895,0.0382137627491786,0.10087362431442,-0.0412526918776856,0.0809864038446864,-0.0337914841186227,-0.0189599865169682,-0.00149782390746745,-0.0300909154340768,-0.00569369210085582,0.0360474994314439,0.0119086649185459,-0.0167153190230616,0.000737732002459113,-0.0160620519936715,-0.029625648487176,0.0242256194494654,-0.0133004280978528,0.0818246795394041,0.0308299548511087,0.00495225064013882,0.0420958530422924,-0.0223480731218642,0.0546862851933503,0.0169013984479023,0.0480152352263959,0.0832127152553458,-0.0491940071190118,0.0146542072100443,-0.00871855919997915,0.0154379612592107,0.0163305388476994,-0.0291604747501697
"348",0.0753723238508455,0.0377734967642717,-0.114006800949474,-0.0289770787489565,0.0220995519342803,-0.0725385843038583,0.00416878518530765,-0.00398284627349293,0.0209830344492174,-0.00185553215880035,-0.0193754502350092,-0.0438402114181387,0.00654066042717428,0.0608983629678635,-0.00149624749633469,-0.00173994363181475,-0.00942736311407553,-0.0593462689218042,-0.00165019693822908,0.0338249564667189,0.0151881888665295,-0.0333925581701958,-0.011892505589319,0.0212982044042884,0.0307595242910115,0.00192648246063882,0.0292270768774638,0.0369424698936662,0.0297303520983513,0.0631492820640323,-0.00593588083670516,0.000514589864765378,-0.0195814320165298,0.0288785040002755,0.048066413259166,-0.0847644026517229,0.0253573794897818,-0.0758312547506075,0.0106419139919885,0.0355108579685741,-0.000516955166673099,0.0684033559776427,0.0581622374442194,-0.101328764315382,0.0618172829194475,0.035063475372218,0.0554489945452944,0.0567274287976618,0.044419363823234,0.00253080522859711,0.0885714076215186,-0.0412621312544507,0.0278655966043171,-0.00158931896458862,0.00346410920569434,0.0648941618556998,0.035697748792374,-0.00237165331043655,-0.0151609892989256,0.0230465387900206,-0.0048623029767396,-0.0109660486022214,-0.0146974400770587,-0.00456283584145369,-0.073487026576216,-0.0831901811384333,0.0565878836306608,-0.0118233398345867,-0.0733582845061667,-0.00756277198995303,-0.00534732734789792,0.0553553688968182,0.0611627443175514,-0.0805310632812149,0.0553284453514426,0.0755613857285452,-0.00860577917448984,-0.0447617459700887,0.0474260685005173,-0.0532589431987568,-0.00314582109779401,-0.073657541266959,-0.0330221676269365,-0.0925866178531697,0.0629013325140052,0.0615320137108246,0.0351132959715742,0.0125356535473211,0.00996653774314035,0.00771355668319824,-0.0425954088806497,-0.0808281228046695,0.047780716768017,-0.00794793724573717,0.0354901253994914,-0.0174773487536348,-0.00666750153908571,-0.0185828256250952,0.021530227233949,0.0401509887833585,0.027685715143757,0.0371815751933286,0.0102333655845103,-0.0176284461931516,-3.7910683255862e-05,-0.0123889698307028,0.00530680338084543,0.0162837344598248,-0.0299456353135959,0.0308879815061193,-0.0146788328104638,0.030484835539507,-0.0263494469665975,-0.0266586760959999,0.0194651744748791,-0.0529176887523128,-0.0120868123962059,0.011453042406468,-0.00671660434208073,0.0224989453068231
"349",0.0263484433177637,-0.0324435953226721,0.0305265291174876,-0.115215184587111,0.0321172111664044,0.0249285401247935,0.0296350550524098,-0.0944187927812383,-0.0268636097031061,-0.0161762558318191,0.0266625651252672,0.0406708507153889,0.0157716920063103,0.0520655083200864,-0.0871932407065498,-0.0544319431389056,-0.0670694068123921,0.0370839294523002,-0.0233896356909653,-0.0029919873562857,0.076602233897432,-0.000575724103098285,0.0514102541095246,-0.0151858781130715,0.00783283473278943,-0.0802812388187943,-0.00168797379353485,-0.0459360299859577,-0.0976623909853328,0.0573201346747602,-0.0681141068982924,-0.0929832218701064,-0.0929383157801818,0.0425283499013733,0.0169606870624099,0.0234160550729153,-0.0129329347297653,-0.0163447466393094,0.048786402024309,0.107350279674435,-0.0636380432079875,-0.0545269593522131,-0.00481855826765159,-0.140749371284041,0.0152044423352611,0.00425483049076598,0.0428862839414023,-0.00191812339731302,-0.0375509098208866,0.0177483804312509,-0.0435801007466679,-0.0173313856582212,0.0057023962534379,0.00776460152242093,-0.0148848125508333,0.0367784850090717,0.0710779167311014,0.0209728897413266,-0.045174048653873,0.0107478012169902,-0.105772308075891,-0.0633205573587873,-0.0481696001133926,-0.0416161883246869,0.0074598241510839,-0.0489047960099702,0.00605282015890048,0.0553892532724556,0.0856790143107934,0.0623683440210795,0.0457008857557646,-0.00667470005224337,-0.0101537703268779,0.0418072623558321,-0.0263949268003833,-0.0306210730348701,0.120144764788914,0.0274017241655424,0.0352676566474587,-0.0359691129421371,-0.00300037189223927,0.0610965854451475,-0.0237200013334007,0.0448628073861486,-0.012330971763377,0.0757877389471384,-0.0189768912451432,0.0873213686252605,-0.00438255863225747,0.0013307347837947,0.032065529445616,-0.018961447726881,-0.0551363065640546,0.0200764005198843,0.0474809657397785,0.00744944533469668,-0.0150648679614934,-0.0117651923308811,-0.00150228595806242,0.0198543445112299,-0.0172198344310666,-0.0478347744233406,-0.00387227494063939,-0.00771707622989704,-0.00677556203853881,-0.0310020207610171,-0.0371931687440968,0.00395001034334446,0.00914347847025001,0.0156922082323371,0.0172665306312475,-0.0434194610962755,0.0411638360274076,-0.00529649125093474,0.0066989720670008,0.00342123341096143,0.0205237120967994,0.0495982930972264,0.0146406904008564,-0.021507221062384
"350",0.0271901072210003,0.0776135695707754,0.0135198783921509,0.0168049965571195,0.08420417821745,0.00696483946321912,0.0698405845095838,0.0049269884124775,-0.0903664396649332,0.0607432795274807,0.0080907410347113,-0.0271450239484839,-0.0610751550417408,0.0495670915044633,0.0955002909678007,-0.00377488258534564,-0.0364716686953661,-0.0067261793144155,-0.0254628142146551,-0.0487003839685991,0.018047359721042,-0.0361286488194725,-0.0185916312750134,-0.0423201795427087,-0.095232923888459,-0.0499249824401754,-0.113867065614253,-0.0823255597998616,0.0189468445629792,-0.0508541970014663,-0.0177452313470606,-3.87739782453672e-05,0.0265645961372815,0.0535743138454413,-0.0399829766918046,-0.038041147102978,-0.00176978576872913,0.0059177210155688,0.0425178798854723,0.0584107950267964,-0.0561559330641515,0.0692580128071871,-0.109783678239833,-0.0245879465056607,-0.026461577912856,0.00832155014879079,-0.00343223019662233,-0.0186351678667951,0.0453651538903914,0.0637272700165549,-0.0379078738711028,0.0325000227811845,0.0179693298261677,0.00748227310748194,-0.0167234756871648,-0.0581612042693634,0.00305905873040353,-0.0571126485638779,-0.108148459808381,0.0100405405230357,-0.0233925439432212,0.0416113862259144,-0.0144648649135452,0.0478593876910174,-0.0919578802767371,-0.0466176597409176,0.037204166582022,-0.00564825644321841,0.0383334308802157,-0.0633520510796393,-0.042085929040694,-0.00442453683524537,0.0523356693732405,0.0647867343405094,0.0433376720623528,0.0619249246093496,0.0597021008490734,-0.0020536930841712,0.0685241035242925,0.0767740495526548,0.050673068678192,0.019339494226466,0.0651292822203213,0.116796719528048,0.0270968406768172,0.00558205072444748,-0.063295007998925,-0.0281443533001541,-0.0364458575578808,-0.0446963861051128,-0.000966738334687618,-0.0198574541463625,0.0426195578560977,-0.0593573126515414,0.0299647792432947,0.0386939602913651,0.0051901781389834,-0.0127896595318247,-0.0238044901766654,0.0120724777726357,-0.0174118907596243,0.0054747377722771,-0.00139491540602008,-0.030624466234891,0.0276276578411382,-0.0108309535903522,-0.0581369992961723,-0.014720983792907,-0.0528093276293277,0.0252070524321171,-0.038489261838619,-0.0280733070696533,-0.0269002667016046,-0.0418183474950975,-0.0129306632306479,-0.0307142896192403,-0.0056082352514859,-0.000908340405201235,-0.0367755666281661,0.000815853642914851
"351",0.0865604724697445,-0.0313125172250367,0.0157220051082236,0.0248358571085992,-0.066287882792379,0.0225997628579023,-0.0679783298793297,-0.0363295771100339,-0.0571128609813505,0.0584369653224339,-0.010594607484577,0.0268558742430028,-0.0707799065558025,-0.0305155086743175,-0.0138401939712554,-0.0118207518591448,-0.0429726082561677,-0.0152029253382599,-0.0276762829862745,-0.00495462423596051,0.0328060915105731,-0.0108117528034331,-0.112295253877393,0.0178281065230567,-0.0376522763870329,-0.0785648501304372,0.0287088131435118,0.0584581941958317,-0.0425202753071688,0.00608571048719378,-0.0280445890423975,0.0215116070910843,-0.0250841320913403,-0.0184867588727427,-0.0358966003566849,0.047757987454494,-0.00477027648350058,0.0526651096787272,0.0117645777671505,-0.0685943430615765,0.0542231917218739,0.0497962033944146,0.095638870022397,0.0676885257985344,-0.0878410737151538,-0.0108856309018447,-0.0273852598709077,0.0395373251623698,0.00114675219072421,0.112853237363261,0.0690484397635586,0.00749685157874743,0.0629228754839717,-0.040606546146323,0.000578839194994144,-0.0620469949136748,-0.0540673731726637,-0.103889168269913,0.00659991172580802,0.0244158377261922,-0.11874152836526,-0.0531684285872224,0.0670775566864956,-0.00971047916084519,-0.00288277434978906,0.0193161944751188,0.0316341238352502,0.0184981798323056,0.0381461057644464,0.123600195774524,0.0261011233429647,0.029058825568575,-0.0475498075530029,-0.0257531810392975,0.00647885096828544,-0.0299306002520818,-0.0397638820956013,0.053395402938157,0.0856138253280043,-0.0326657580291736,-0.009884080748612,-0.0655870774458816,0.0346162264599014,-0.111651325249379,-0.182402132269951,-0.0396563276708566,0.041569201216145,-0.00876520121134265,0.0439130860463216,0.0134161306721306,-0.0735564309706084,-0.12527427866011,-0.018109232610941,0.0635545996611383,0.0105419384639298,-0.00544382570883155,0.0573861646733283,-0.0182332196114315,0.044300380861981,-0.0292807573588074,-0.00726994959437776,-0.0146483040361041,0.0305760858935505,0.0030437693836773,-0.0468127738239288,-0.0392351082055635,0.0184464687584257,0.0437723744008399,0.0255889216112029,-0.0384329693335014,-0.0326907932450765,-0.034052144096788,-0.00335156924433986,-0.0453030042513388,0.0491576159957902,-0.0202183059032392,0.0328658634135439,-0.0293454977433298,-0.0142594304665426,-0.00388233470692006
"352",0.0912286417135249,-0.034746902650604,-0.0185985138295301,0.00861683994090616,-0.0681752706455008,0.0173745665321554,-0.00873616275647298,-0.0569120278111515,0.0043779538250669,-0.0546711296276524,0.0404872512013649,-0.031965703327627,0.011471309015009,0.0198505580656223,-0.0305583788802531,-0.0367416659166076,0.0201634147191629,0.0849455447329755,-0.0754320133051706,-0.0467653685420688,0.00482930777763682,-0.0651766037222006,0.00963813043478077,0.0552637832335402,-0.0698331755293691,-0.00883465441421833,-0.108140817430408,0.115372075586451,-0.0335041361871244,0.00129574938698007,0.0353043981635114,-0.0220827202323795,0.0262926290544743,0.00609413484240377,-0.0441054492423575,0.00711663631719458,-0.0137134518783596,0.0135050928156652,-0.0212154660563362,0.0699091085475217,-0.0216760969903898,-0.010658499383423,-0.0119337328146266,-0.0214190868253606,-0.0368034994148751,-0.0123354953049716,0.0526678975191185,-0.0491413594364288,0.000127746760813955,-0.0483642706414791,-0.00660689317139635,0.0758612173316155,0.0336416187535651,-0.108668570532148,0.0838321284742239,0.0157486408157696,0.0985970773802661,-0.000981843328790752,0.0127366178175866,0.0418252766891688,0.00611459185056106,-0.00659899148827364,0.0339150254790822,-0.0177541247987057,0.0355190779870567,0.0217459155105708,-0.0151282294177202,-0.125956990956996,0.0731423521672691,-0.100963145499477,0.0464514729764536,0.0553424255415277,-0.0257337172435796,-0.0228954111857605,0.0410362894415884,-0.032534653720631,0.0443325831043829,0.0603502046274975,-0.0625380952527509,0.000603501360538585,-0.0111629102431023,-0.0597126641877495,0.0232635709318448,0.118075576239971,0.0636251352122321,-0.0229875435049782,0.119325159926618,-0.052568261061217,-0.0322877161008245,-0.00890985323683506,0.0529630218658693,-0.0507862237641462,-0.0329376382020326,0.0652874508352814,-0.0333940323443133,0.00977020471155637,0.0531080541272997,-0.0750343308944025,-0.054139728877284,0.0166665784379431,-0.031485135448707,-0.0134104011590081,0.0465894131925739,0.00429197016796817,-0.0536626225810317,0.00546309331082387,-0.079798740461175,-0.00129258639098984,0.0801195181812283,-0.0041930521061489,-0.039637460146904,0.0188530891859305,0.00513811727624619,0.0418587185065568,-0.0126255564187936,0.0312656283593171,0.0574672104715876,-0.0113816842763888,0.00607150607472788,-0.0276786800336198
"353",0.00827455885564924,-0.00399512027637201,-0.00385814771667015,0.118955639153797,-0.0285459360029159,-0.0971999601049864,0.0378647491518707,-0.0160504526685409,0.0722280804063066,-0.0759844559702882,0.0197170294860106,-0.00219171299517402,0.0579015527953124,-0.0354601817303426,0.0267039661022933,0.0574631202573158,0.0205768588880146,-0.00705657893851819,0.00938397463582835,-0.00495763642679896,-0.031913555479243,-0.0635267770987256,-0.030779569057994,0.0631188310304381,0.0715112319151829,0.0622135385118645,0.00172265691380366,0.00645803486187307,0.113668954545997,-0.00807618893278255,0.0532013571377667,0.000643349070203096,0.0569362512623835,-0.0983979307153772,0.0138043508490211,0.0134743662004458,-0.125900737558425,-0.00655067657654259,-0.0732109897634205,0.0580878397495454,-0.03507063564688,0.00313128308091094,-0.0419702939158009,-0.00970622417576055,-0.0652012436695537,-0.0490052822666802,0.0446003855656876,-0.00683102545855502,-0.0171169410794564,0.00679473771812545,0.147384164667791,0.0158188831466281,-0.0711435124932708,0.0456456321343188,0.00830955727926228,0.0756036854084945,-0.0166332587757709,-0.00411137707439683,-0.0611508817715102,0.0207915560093527,-0.00367302208968942,0.0648559434804564,0.0453055791680777,0.0566955008103387,-0.05775085149773,0.0783132760007554,0.0701227071569498,-0.00870551513634159,-0.0561198744282102,0.0379238282909221,-0.0434512374759224,-0.0312717735547766,-0.0537922671692601,-0.056967353260749,0.054158422594093,0.0215790394844693,-0.0319313714903581,-0.0490434911760768,-0.041086109574742,0.0280883157501653,0.099201392816828,0.0235609184358094,0.0581326203429162,0.137835240028494,-0.076233723475555,0.0629394573494544,0.0315422571172022,-0.0173677155067674,0.0534399991463843,-0.0344028845684424,0.0502014029264541,0.0194252177334916,-0.00177990170088783,0.0176576406006415,0.0156318155981333,0.0317294327159693,-0.0233042069052761,0.021615587910282,0.0245912005496577,-0.0358446043405028,0.002388274917006,0.0580894901650948,0.0351586976563589,-0.0256012637665526,0.0248494352442694,0.0490312120422699,0.0891681223631668,-0.027795934341765,0.0660428722766032,-0.025293988474428,0.000733778230073558,0.0100812122798974,0.0261997717509945,0.0133308320762804,0.0135243130318093,0.0286353295344875,0.00118058297335617,-0.0395083702208174,-0.0183995142261977,-0.0282825084943552
"354",-0.000573907533070526,-0.0507362437835045,-0.00200398220240512,0.111665502036397,0.0736284800526895,0.0259434773452664,0.0030908907997853,0.0369642898464853,-0.0826799679734335,-0.0456499138470746,0.0519580627510502,0.00434979174110447,-0.0317228775000412,0.0532263605032033,-0.0139365681782632,-0.00471143197848921,0.0203746614669216,-0.0411663909886244,0.0520800276920831,0.0989793530411476,-0.0416105362880054,0.022251802891641,0.0186915704943749,0.00870998279496927,-0.0383131182529503,0.00202804565391523,0.0187122313241467,-0.0491814590772982,-0.0420911139803102,0.0613538933458394,0.000980450326401587,0.0112044131724809,-0.0502660186574688,-0.0544648595873602,0.0853351988898178,0.148845529409666,-0.105818348135358,0.0275373995490897,-0.0183437529005547,0.132483355260444,-0.0962000097787848,0.0363616647603042,-0.0357897512153059,-0.0329437680913514,0.0282027711861232,-0.0594026045278858,-0.0399985113776274,-0.0240088372756042,-0.0453081521095618,-0.0484329036477754,0.0201728870105738,-0.029761363552828,0.0193096653162221,-0.0759763225728552,0.0410221621774436,0.194473757485038,-0.0523372336823247,-0.104140432675486,-0.0445272730535517,-0.0189368494577642,0.0111785675307115,-0.10636220165991,0.0241334767055671,0.063388509950723,-0.0055267938304843,-0.0731326431491765,0.0260310905252896,0.00590747490079658,0.00112660641121853,0.0378151954382253,0.0788661338337962,0.0906366984843315,0.0582726257357884,-0.0324788233007524,-0.0566946844701758,-0.0247742916600947,-0.0211377259327157,0.0673521424482018,0.114193066713169,-0.0387739350382673,-0.00539841352287386,0.0139236055086427,0.0346758184268415,-0.0139978169867243,-0.00376796230540487,-0.00298778258049764,0.0417986989466863,0.0245432450754616,0.0213564390891808,-0.0877466039312232,0.0345289224549111,-0.0360148091570459,0.0260776965838261,0.0547519987632284,-0.0129067270744176,-0.0249923309313903,0.0509114941949865,0.0252467201515791,-0.021086673911479,0.0810590768049562,-0.0212462358063659,0.0290037340221514,0.0301706833749151,0.00707529428604519,0.0100045404265031,-0.0377709865712046,-0.0144214597130254,-0.0130912295509253,-0.0155903922581906,0.015930953054056,0.000953823523607619,0.00476062757680741,0.0100658764089505,0.00869728199221039,0.125995153381912,-0.00490022775226574,0.00993158300485392,-0.009700380049696,-0.0179042174369309,0.0337115383399825
"355",-0.0581907365362429,-0.00832096265248884,-0.0829983394943705,0.00425093696717988,-0.0468869332085386,-0.0900151373246474,0.0930287985741657,-0.0559375009861476,-0.00630546605390232,0.0534251538645346,0.00209758704196939,0.0120339685264185,-0.0336927874935305,-0.0263607010935514,-0.0633948758706269,-0.0723044185245586,0.00812369413445331,0.0236835180345191,-0.0274683160920613,0.0544533006133929,0.0162547711364207,-0.0309076839549816,-0.0027964956698035,0.0419491890257783,0.0410221719566804,0.00571209483667045,0.0311208455403691,-0.0184962783123279,-0.0299655037223679,-0.0468106928894079,0.0312773861114497,0.0195255321149337,-0.0373555785587598,0.0277166560381062,-0.00740666635580954,-0.0451829941450024,-0.0248794821063888,-0.0388104129227941,0.0162120046515869,-0.0952820040592679,0.0260441523784825,-0.00491136606795672,-0.059956050635735,-0.0322704954958229,0.0557992775588402,-0.119577288834162,-0.023191295909003,0.00684780360531132,-0.0616833330636685,0.0104020647521015,0.0682045411010607,-0.0199611121852202,-0.0790725548882022,-0.0369847671114735,0.0145933348643881,-0.063686113218082,-0.0286391130851025,-0.0919069025390822,0.0628295837377624,-0.072309226473472,0.0672849946858321,-0.0200068379053698,-0.068651391681035,-0.0259842253395051,0.00112769188962375,0.046460723073099,0.0448065406380439,-0.0249496687187437,-0.0155624014686004,0.0339381277697106,-0.0515709852355754,0.015976190107586,0.0333237659622961,0.11984820962377,-0.0185817651780013,0.00501518080520327,0.00805085779031129,0.119421510915499,-0.0507944877441582,-0.0414504978387792,0.00306316512071082,0.0124718629910445,0.100172981290233,0.0579728072252005,0.0640445139020425,0.0573866083512846,-0.00171064726246238,0.0243295062483796,0.0030180334430322,0.0419562919520331,-0.0655535206792421,-0.132953685388678,-0.00207627962039035,0.024661810818809,0.00734606035299304,-0.0260444225999032,-0.0254967651221894,-0.00591813290092597,0.00553851619191133,0.0248165193086838,0.0477585021052356,0.0563877387087144,0.0608487861713648,0.0593429679942958,0.0480307984226458,0.000727053124493558,0.0131385313807717,-0.0576027429904153,-0.00343824063626115,0.0229465740376089,-0.0701329537613377,0.00675660398848381,0.0391126328341665,-0.0364536177615968,0.0623497175420024,-0.0498414761203107,-0.0098479806563326,-0.0161320424992729,-0.0585277831528756,0.029430259572438
"356",0.0310211813330697,-0.0680662277489653,0.0793621249935836,0.0154678719210526,0.0379066721090457,-0.0148599140342468,0.0654954520855586,0.0226922300089311,0.096599468748182,-0.0770545864353589,-0.022968549032985,0.00843171954682347,-0.0232508283088874,0.0316448905733216,0.0579488481482465,0.0276778207319574,0.0579194892049871,-0.0263657370919387,-0.0120509777275715,-0.0699993802079713,-0.0314813403327005,0.0231781525427755,0.0209635203443258,-0.0290562029219076,-0.0174334964100023,0.0183162559541301,-0.0225481156998793,-0.1604799375821,0.0429936352818803,-0.00745084543118616,0.0068270977879025,0.0914182165033647,-0.0643060164529691,0.0195140359050704,-0.0377330011069698,0.00276700962748829,-0.0558666689316233,-0.0625909540842356,0.0315785421885544,-0.0334012222951998,0.04675397741562,0.00339004116507906,0.0388178478187214,-0.0228262051332342,-0.0373641328225521,-0.00999935252432919,-0.0318181110520829,0.079346497461351,-0.100484495127475,-0.0962785831847616,0.0120991912251053,-0.0750541792308841,-0.0344475903324174,-0.0456642133329002,0.0288864746121206,-0.00395260280003501,-0.0591472112013419,-0.0172067721001246,-0.0138093156807952,-0.00477296121385797,-0.0213752582642999,0.0395672201936036,0.0141429066304983,-0.0809515279964753,-0.0750116954856377,-0.0322714400674506,-0.057345259708006,-0.031595067690085,0.0631460640187225,0.000958009593549605,-0.0148590065548849,0.00367742061043368,-0.0748252128544924,-0.0881545933448166,0.0298191876057657,0.0281996188346646,-0.0239283965349369,-0.0356989761824663,-0.0305967153699644,-0.00804286742962123,0.0883070620533516,0.0610745508553317,0.0232051855271746,-0.0079346203451239,0.007881578863381,0.00733960168078791,-0.0446848976542224,0.0539065400448684,0.0153974395880049,-0.00448262861990492,0.068042284514739,-0.0178434145106331,0.03703485591168,-0.0548541612302739,0.0037536234036021,-0.0568209887285395,-0.0105609092041257,0.0427950508447463,-0.0019102105914496,0.0214682291808691,0.0196038818084748,-0.0475740463547266,0.0183775557014306,0.0267221960947491,-0.0112592058157596,0.030518935283899,0.00880819307478044,-0.0496134224745092,0.0287071755677229,-0.0317766702137713,0.0147870340628799,0.0163845687415857,0.0202571885484622,-0.0106856078565328,-0.0041697943829467,-0.00345811812807032,-0.0218470761234937,0.0114438915383708,0.0200546566569191,0.00193387441996654
"357",0.056132299417925,-0.0899809341070666,0.0465801041206995,0.0441112384203688,-0.00689297936425087,-0.0340996755454186,0.0943142541027604,-0.0175616137658456,0.0353864598203812,0.0495430159273493,-0.0039030997484631,0.00184498434171802,0.0279366870497628,0.0333000236517682,0.105245940955459,0.0451553847660262,0.00312991870270471,-0.0366499779912072,0.0131765260135943,0.0288036409233618,0.0018322384984503,0.0239059652392775,0.0576583964277547,0.00372154892318536,-0.0147513913209973,0.0273500587896105,0.0220183633847741,0.081852456561748,-0.0827102015303044,0.0112210488576101,-0.0510948645598177,0.0351733222864993,-0.00145458014389108,0.0113728899991768,-0.0633085169786855,-0.0426256970074822,-0.0224889170840417,-0.0609764719425889,-0.0930419461140431,-0.0865769909946059,0.00161779984484992,-0.0178051589958069,0.0152597514125343,-0.0284654244623345,-0.0517317830005399,-0.000931503503597578,0.0111253466581039,-0.00578845611892798,0.0424047183749372,-0.0420725734950301,0.0179540007581245,0.0261386299191203,0.0111838081765587,-0.0444545190350407,0.0198371848548127,-0.0518031766199889,0.0159480597608799,-0.0919965377223198,-0.0549993041474191,-0.141358756973507,0.0840926811021184,0.00954572960810539,0.0242646050652263,-0.0158237989496859,0.0178917281466338,0.0483351273174842,0.0848018578198678,-0.0160082166583972,-0.0484582881289496,-0.0248263251456858,0.0626575245616157,0.03197916723145,-0.0174156243571464,-0.00385713027764197,0.0642887439068322,0.0470732893580948,0.0148736766830017,-0.0538610152221699,-0.0279921855876728,0.0876747064389174,0.0256712865929678,-0.0391312675933452,-0.0789066346988331,0.043715040472153,-0.0735793111431642,-0.00856394178102388,0.0298403222222904,-0.0283799256888608,-0.00807811781181948,-0.00712415173051157,-0.0212777056164991,0.0298366551934556,-0.0788099592373844,-0.0595068053767323,0.00661314741691677,0.00259488651673232,-0.0597084335741134,-0.0393575797025134,-0.0066689317063948,-0.0139003875151997,-0.0344827689326217,0.0219578966603544,-0.000827716227547114,-0.00580468628043654,-0.0220504245511536,0.00945271843959537,0.0208321241015947,-0.0100383649152171,0.0179411720221174,0.0149762254908865,0.0187954972174368,0.0111017090602024,-0.0183141571254754,0.0288880837100622,0.0236065106347724,0.00451236779280179,-0.00248874214561074,-0.0118189830021977,0.075999773995368,0.00589739793305034
"358",-0.0240229320274404,-0.028825984546545,-0.0214002373940236,0.0401431770314598,-0.0340994823988141,0.0475320173088397,0.0837920286779888,0.0666266871828376,0.0981568742589542,0.0132463175014969,0.0991939128899613,-0.0635691884203536,0.0185007975111027,0.101755227376616,0.00889147844691899,-0.0661466014319738,-0.0656225453362488,-0.0285045630280906,0.0432415511502184,-0.0497488783436266,0.0354145160798981,0.034224751100356,-0.0682830660663502,-0.00172339447875045,0.053524629847945,0.0850609288983427,-0.0568339052586987,0.00455602065906733,-0.0121789658456706,0.0570227582676274,-0.0250801209130942,-0.0303937019777712,-0.0156987668602169,-0.0171073762920187,-0.0119050410699279,0.00938546058894606,-0.0193270589117447,0.000383100649549742,-0.0182300865746167,-0.0114887895867246,-0.0775181522909021,-0.0731774649562684,0.0663919378221727,-0.111150023394984,-0.0907481944389574,-0.0399868099208532,0.022874038082478,-0.0563889107534696,-0.0535488707112817,0.0571322132710918,-0.0132237036249038,0.0423586755804824,0.0650785074435814,-0.0160797927050793,-0.00508653404173647,-0.0135386686453843,0.0255013903527974,0.0111170946286388,-0.0314348109830964,-0.0713755898696047,0.0346609889133096,-0.0125291422776277,0.0545588080718839,0.0248424461445049,0.032444433090715,0.121259093501419,-0.00428906343257825,-0.0215566789942431,-0.0212308435086938,-0.0446199212727224,0.0396638194308638,-0.0523283495650554,0.0670175873079466,0.0251919147131827,0.00306027749525015,-0.00270845506318497,-0.0594110374180423,-0.0296799526328147,0.0105728992922364,-0.0133802608273264,-0.0843909879058167,0.0706765503563684,0.011941549100848,0.0320956373795011,-0.082902692300075,-0.079684747629509,0.0408273683027311,0.0576255711906764,-0.0497478220536279,0.0132515764634511,-0.0415846895663081,-0.0251486424725831,0.0363275430798773,0.00317775651928995,-0.0164230814835323,-0.0160014397517471,-0.0242047075525679,-0.0102107843424558,-0.0392179163999858,-0.0434921810543154,-0.0189380856256262,-0.0474004118604964,0.0183818270172365,-0.0198603723421908,0.0464111279212712,0.0243308307997606,-0.0119044569947801,0.00244554041890493,-0.0421621936986149,0.010252061290706,0.0376860484452938,0.00642577568284403,0.050621022624234,0.0145158928456803,-0.00129837160013077,-0.00988171984957194,0.0111459588809393,-0.0257563491077191,0.0564135048513882,0.0171606391261373
"359",0.0404377678012347,0.128340422872203,-0.00360446867904713,0.0582007346961647,0.0445107323957841,0.020813847891402,0.0132868279699779,-0.0300417387532092,-0.0120917952848178,0.00621101415479216,0.0543890490668127,-0.00088163216740223,0.0328037810595693,0.0463315578381735,0.0421393837949765,0.0627564765988737,-0.00610577116172465,-0.0291041891703156,0.0201655706082616,-0.0123745088140602,0.00117782867680708,0.0776210288980584,0.0649836075239316,-0.0339472908557308,-0.0468076482057165,0.0740504575871931,0.00200560890201704,0.0587898598500349,0.0377646673910573,0.0153862905732867,0.0664032288042287,-0.0109882858727123,0.0427103692210569,0.0368869095515313,0.0101829939673982,0.052560463113767,0.0835100255440217,-0.0379922490175437,0.0177131241737673,-0.0426809995699858,0.0710217551716764,-0.0304965222725327,-0.0196028135006936,-0.0101237259036754,0.0772976498051846,-0.0165762264732334,0.056345870539015,0.0215679960424972,0.0248104756035403,-0.0475071072076185,0.0169700688352333,0.030635464933462,-0.0719258888831901,-0.0931126987221548,-0.0139637204049593,0.0877593523532729,0.0482078006268339,0.0463456634059686,0.0263496824189765,-0.0122183083706218,-0.0342588252510823,-0.0224850425376726,0.0478109899103326,-0.0306332215297787,0.0249774658484832,-0.0316618935245634,-0.0568029879261331,-0.000277581860839942,0.023520504276645,-0.0832397228922586,-0.103946637753651,0.0536730769825453,-0.00301771352003569,0.00706336471179178,-0.00594382375339288,-0.123395880556115,0.0454637619495108,-0.0157837848126615,0.0349862561561931,0.0319906775319406,-0.0210860086662876,0.0743639232008177,-0.00111548168424085,0.0182727671034164,-0.0840811237168277,-0.00457774550064918,0.0252494456865205,0.00395905907022258,-0.0154964602714087,0.0481778333873397,0.0120114424791473,0.026737408734252,-0.000191905713322179,0.0363473723215823,-0.0506989509833311,-0.0062420425418802,0.0229196820745755,-0.0344986283964068,-0.0279898232881706,0.0303552270114161,-0.0440663111526771,0.00426150181601712,0.0240950978271005,-0.0480655825268385,-0.0258947209764139,-0.0152648050530856,-0.0326088202641917,0.0173331694408638,0.0115913097475355,-0.0139727539137996,-0.0103919601228276,0.0186236158475413,0.00355235148724514,0.0227873125661944,0.0166022642433859,0.0268318012918233,0.0306391225676668,0.00786647602939889,0.0186630246903941,-0.0200167997991961
"360",0.0144977052766016,-0.0306753515433469,-0.0542235748783514,0.0627666214432557,-0.081523489579132,0.0635424350965419,-0.0112744607042951,-0.0532659787973398,0.0179202392160248,-0.0350483961814307,-0.0478862358100991,-0.0138610771473797,-0.0490733214330973,0.0117074847577698,-0.00822869365769013,-0.137267331359627,-0.0238162301821275,0.0284705746190795,0.00296620353643316,0.0249787372028362,-0.0334367601731047,0.0623859875756325,-0.0714997166135086,0.0538187597600073,0.000443272816125345,-0.00547905365441746,-0.129173407140782,0.101369480576397,-0.0638480171597254,-0.00478203598065477,0.0917394258186793,0.0354754073701349,-0.0111842961741269,0.0344353674459003,0.0748712891356886,0.0650244464575198,0.0177492668627809,0.00866279066545069,0.0993460869148878,0.0819271200419284,0.0382251117352229,0.0536067826017529,-0.00324837506411073,0.0939096366398285,0.0407055915900547,-0.125223472453407,-0.0597686245028443,0.0168615480386818,-0.0443159395574584,0.00110741273639084,0.0439849255031701,0.006822242918087,0.0210268423867579,-0.00894694790022832,-0.00556898663238134,0.0126091222171635,0.0866120218809031,-0.160610615503709,-0.0582793970221911,0.0283896284198988,0.148148751164542,-0.0352229896814736,0.0108093848277935,-0.0124872758486775,0.0563202262003357,0.0392653079221571,-0.0376670092246024,-0.0352122666243984,0.042311105516875,-0.00994043948203739,0.0870197140396348,-0.0609205602227778,-0.0323160273850509,-0.0282885129637126,0.0742823328450629,-0.146747020375075,0.00566498304160261,-0.0268196117454105,-0.0666361145870339,0.00395897585192047,0.0186234054868901,0.0737330603556056,-0.0245933082077062,-0.0063902528959317,-0.0151093779084707,-0.149684923221387,-0.0186898130551018,0.00409181001867233,-0.0284041371286147,-0.165188211335306,-0.0038882538882249,0.0831303185741803,0.0104901875842253,0.0021173677697303,0.0373856093633823,-0.0155569766843678,-0.0177664357546763,-0.0162582657201491,-0.0244016914955448,0.0206591202440396,0.0722180161116803,0.000284101854816126,0.064781910535404,0.0151330598775125,0.0163512487220877,-0.0846419238035416,-0.0529657142450519,0.00372092833829551,-0.065835274377029,-0.000211789187279279,-0.0113273211063501,0.0472461902935144,0.0517422128571432,0.0220812298017408,0.0412616952978799,-0.00963292221884734,0.00770561642058304,-0.0203721377305964,0.00798286421606478,0.0343717089586136
"361",-0.000925125129070311,0.120954526961132,0.0764880589216625,0.0213406000101206,-0.0153646985674418,0.0788545665991319,-0.0355417776970263,0.052851964894076,0.0195261604789404,-0.00753883659544493,-0.0102079865898197,-0.00644303834772323,0.0229837161695882,0.00752305775446523,0.018155549749407,-0.0093170478395023,-0.0272647647150347,-0.0214852013942956,0.0655776601377434,-0.0377043055429958,0.0174889811363602,0.0157826244336825,0.0576769074687359,0.0768295173967098,0.0163594530824315,0.0231925046322269,0.0842267189143538,-0.00393632892084688,-0.0565548854078203,0.00952892167784558,0.0720622969346314,-0.0189702203875584,0.000344164095065672,0.0188748495736491,0.0552533543502772,0.022451497736235,0.0247967998210272,-0.058566177451434,-0.00558140996496466,-0.056643989317893,-0.0347763386611789,0.0580473049322137,-0.0457949446598702,-0.0653237545012082,-0.0353183353996424,0.0530127482789772,-0.0638266800442875,-0.0268957190664299,-0.0227477187559615,0.0916294914024812,-0.105183687960899,0.02725188411227,0.00811679860406754,0.036226822101376,0.099416949732056,-0.00947955123751132,0.028230065290748,0.0418048759850102,-0.0665879657702773,0.0422951487550186,0.000536685601051748,-0.0632720799171328,0.0706683961496581,-0.018475263261392,0.0323517391606053,0.0386994275676967,-0.0848398656537751,0.00531574546486925,-0.0399945871380457,-0.0839163414822536,0.0176903876257895,0.0538825032531845,-0.0418858259960661,-0.0245976351442072,-0.09419829313214,-0.00793612265166992,-0.07706945703147,0.0592672342292238,-0.04490819600234,-0.0414874764932981,-0.114828812371565,0.052964479549721,0.0698104785409167,0.0271131765939023,-0.0313348851074563,-0.0265571079072733,0.0362397791545101,-0.012835293040736,0.0527201003574153,-0.0510232486052883,0.0572452250813177,-0.0314844270882946,0.112045355329495,-0.00134791223031405,-0.0281321896714407,-0.00403580328144636,0.06241204138004,-0.0446707056297685,-0.0141180724694728,0.0304031825664339,0.00882806517656038,0.0156155596253224,0.0125400055410317,0.0197277533766275,0.0534352986613539,-0.0165025947259441,-0.00186865835936949,0.0103204764111225,-0.0200554601287057,0.0245364798462424,-0.0208654970458601,0.0185658655125915,0.00828714973922136,0.0116279606419364,-0.00748496209483342,-0.0193657130294201,-0.0213803523046818,0.00603098725831185,0.0287751868328584,0.00398331317129131
"362",-0.0482937940771284,0.0651911182957511,0.0297360960308101,0.106810730423739,-0.0692863788596398,0.0449631359671356,-0.0154508253820194,-0.0106852245952105,0.0773667897977557,-0.0346896785335265,0.0129459623278457,0.0263575454318407,0.009632204382665,0.0364831318366642,-0.00552146485439137,-0.00324415148534962,0.04266423536385,0.0683146909882265,0.0432130677900013,0.0384965139994839,-0.0483105191918115,0.0550622702315264,-0.00300186967689378,-0.0256974068697575,0.007099035129293,0.0492285824070213,0.0249482399012776,0.0526871941106451,-0.0136398442919257,-0.0866494084789141,-0.0822781681258645,0.0209623310388825,-0.0113594047343516,0.0402258609831274,0.0113983113359745,0.0642716644638864,-0.0781977168517898,-0.0331579573226768,0.000295081249176485,-0.0201568596555296,0.0408465577332368,-0.0210968697163884,0.0616428795770892,0.0813051536467241,-0.0145095451724681,0.0246077722778747,-0.00184685436689471,-0.00591927597432394,0.0473728689761356,-0.0287425943853815,-0.0271263757925044,0.136470571324168,0.0471417822056066,0.0373928570109338,0.0499783284672018,0.0209458298024243,0.0508447706571267,0.117117175251747,0.0092391879325605,0.012320553296044,-0.0947913147408744,-0.0120786716356849,-0.0667403753445701,0.00865263443760267,-0.0598914793385864,0.00978258165780162,-0.0383534733308826,0.031145711664244,0.0434039766051895,0.0215865851835489,-0.00256855792327306,-0.0149522182484803,0.0339505954680482,-0.0243963423677129,-0.0668724900866296,-0.00947920786333607,-0.0660107517977375,-0.0318083357619697,0.0458971966721107,0.00770889889390472,0.00669844389781762,-0.0159135120106773,-0.0932307194286223,0.0753172943740196,0.0582436345621154,-0.00164216111720528,-0.0258662225885956,-0.0168403452137113,0.0523130092401747,0.0424000716417043,-0.0608334134681486,0.00293543038645212,-0.0187979197461247,0.0238680493437286,0.0640221172142466,0.00374598152686069,0.0201873795004693,0.0243961578442259,0.00409578498062129,0.0232600021094784,-4.76322058414374e-05,0.0508618792764123,0.00809437411971723,0.0353915361286499,0.0415792730206342,-0.0068966359905146,0.0033135631774123,-0.0064984805679964,0.00756053757115575,0.000139037334688324,-0.0431984120857535,-0.0526832576194159,-0.0336266842266132,-0.0605027750455293,0.00402447869651265,0.0433653467514487,0.0368022684255073,-0.0848253549702126,0.00288087190511171,-0.00282140924496644
"363",0.00696578142463524,0.0574417611296894,0.0602169469254408,-0.0228821603308968,0.0348355665626718,-0.0296596450336477,-0.0288595171619258,-0.0492208925216789,-0.0448853380065416,0.0200242191628156,-0.103394114469559,0.12356050129204,-0.0550642699192122,-0.0294315800396512,0.0263514372994229,-0.0221137136629395,0.0873299334877932,0.00728577360313956,0.0122436542937858,0.0222077069066136,0.0398885275740313,-0.0682357165280798,-0.0829632159332181,-0.0455066574349794,-0.0601287491203762,-0.0903055332606099,-0.0802023978676089,0.00961359054662654,-0.0108104351974998,-0.0884896431664847,-0.0495371046316099,0.0558652020307739,0.10280840449097,0.0573426729138954,0.0514441052738319,0.0228463466989178,0.0282812482500568,0.00803895069353735,-0.0582479501559558,-0.023040428753251,0.0602966967058725,0.0382923433048225,0.0652104543924627,0.0277461699535463,-0.0546305398140047,0.0518628316903957,-0.0361935092888434,-0.0363112777478541,-0.106222612685008,-0.0156026295156155,0.0476174238331959,-0.0509563820243419,0.0809096550594119,-0.0491733498261102,0.0158338927251021,0.0389902932422608,0.0771772682569214,0.0134795214020486,-0.0210095333896205,-0.0564151752078386,-0.0365558644211694,-0.0174346557594223,0.0178885325239235,-0.0321722657060422,-0.0729511423373062,0.0235481717620335,0.105769668816008,-0.0302125171573096,-0.0192679994495272,-0.0706054892023028,-0.104156868033916,0.0242862554528214,0.126658117019921,0.0240967627572802,0.0750689742322062,-0.018996662549969,0.0744396950949185,-0.00397568879597786,-0.00323345924217971,-0.0251140302667587,-0.0419385804226657,0.0215144626333498,0.0940365630316908,0.00246179150617262,0.004488495637624,-0.00339403811293746,-0.0482971161505242,-0.0417045566391715,-0.103192144170805,-0.0138093909199156,0.00116033560176617,0.00241766083304379,0.00862437248982093,0.052412488025361,0.0470863637248522,-0.0305300352643094,0.044154013770963,-0.0243817766148057,0.0293111484777432,-0.007827477972016,0.0219307963850921,0.0396985240946712,-0.0342362858344353,-0.0323944871392019,-0.00661091510741636,-0.027746492136708,0.0567061445479464,0.0311887843762339,0.109704067439534,0.00499452337555516,-0.00614730901120873,-0.0229572843386459,0.0123612914605474,-0.0552780898702584,0.0161591907078245,0.0216405587126966,-0.0109569061893115,0.0300622778112286,-0.00686393889199286,0.0163218535540562
"364",-0.0025775158780023,0.0787274930388732,-0.0297294729085665,-0.0674863028850368,0.0157233346342273,-0.0182118789241505,0.0155626646016222,-0.0314748416784402,-0.00700586016690095,-0.0214140499742246,-0.0105510311057126,-0.121575398282846,-0.00224556395160052,0.116245453757253,-0.0525616521060444,0.0261187413671907,-0.0952903214909609,-0.063319223841223,0.018948456800548,-0.0219872679713637,0.0221030531835243,-0.0740031174891912,-0.0658248098038981,-0.0339800513521136,-0.0816061479577616,0.0507923901080814,-0.0560528471223104,-0.00620147079819979,-0.0512583085294406,-0.0549707745996853,0.00737763239107609,-0.0204930203522126,-0.0877892625724409,-0.0325805836104679,0.0679291169470854,-0.114111590203721,0.0724112537292465,-0.137065686059571,-0.0142924910571024,-0.0237898981715803,-0.00669776943095569,0.02088427275929,0.0495170446074423,0.0268710591838903,0.0345089097846934,0.0787026978830398,-0.0999035797107607,0.0513203921994345,0.00449598284042658,-0.0430078280387381,-0.0267907430555234,-0.0260086967729797,-0.0407312314258261,0.0390281633293854,0.0125048983639879,-0.0152427997286761,-0.0986947902902239,0.0601758955046422,-0.0204655528907017,-0.03613349891799,-0.0709961980616112,0.00514315302021372,0.0652453291006707,-0.0492533445013913,0.0578897754208152,-0.0490994587376328,-0.0773622810890649,0.00267924737401448,-0.0604492242224284,0.021497800444524,0.13927458293718,-0.0794898828506132,0.0130824586564242,0.0254390415320703,0.000463532574825158,0.0230670102480872,0.0628299138558702,0.00288575977244266,0.0437920361661063,-0.0264104224495216,-0.0863499335714176,-0.0254214115412924,0.0276126812296367,0.0387535258835759,-0.00277007077606057,-0.0188557953018153,0.0647607604029456,-0.0730632222987161,-0.0260758409560392,-0.106710918074164,-0.0462906419090245,-0.0152021069259039,-0.0732898672348111,-0.020014580024771,0.080930812482715,0.0250208930888793,0.00533426230055714,0.0515405854531846,0.00231226975263918,-0.101117250539817,0.0647853673202376,0.0215210688893025,0.000770353966253586,-0.0303846849067897,0.0126975809979509,-0.0237927924305579,0.0670544723070043,0.011841662447458,0.0161889596055564,0.0258556645206412,0.0379702720690741,-0.0144490410370289,0.00106096905678843,-0.00598509785117246,-0.0605741998177448,-0.0363724701991557,0.0218740773039336,0.0658503256582772,0.0168513662721818,0.000616202824445936
"365",0.0195286548270023,-0.106008880697593,-0.0313762174711213,0.0622413108942162,-0.0408551935430919,0.031008097108191,-0.0546839518476886,-0.0247153751121911,-0.0147641926473619,0.029768747057867,0.0273567273864545,-0.000731950245029977,0.0633852627664405,-0.0136092728688955,-0.0784027393110506,0.0798183240337251,-0.0737561373432022,0.0629967096061408,0.0161260043446006,0.0134264929660032,-0.0708654870513788,-0.055782886046736,-0.00609977290552377,0.00709121782885793,0.0815359893668269,-0.00567414114215793,-0.0426798831302305,0.0589123664561979,-0.0189121189568965,-0.0094162384213349,0.0569945390444442,-0.017911228983624,-0.083950620572133,0.0365361733766487,-0.0428004729207223,-0.0306256540775621,0.100067735349472,-0.0163140282756808,0.0996881423019752,0.0230860681410908,0.0181105208871344,-0.0567654489708795,-0.103872549844105,0.0518206004782747,-0.0408251840098156,-0.0249848965501289,0.0412859912711283,0.117537346573558,-0.042807595259641,-0.0497361214644137,-0.0062000176535351,-0.099940742976241,-0.0140516586026287,0.0359064028070478,0.0239460569923243,0.00555448877490934,0.0106781284156328,0.0168584674719428,0.0236458692457667,-0.00583905912720239,-0.0484520977293701,0.0186341984311734,0.0362881694730098,-0.00429272609466282,0.00514099859028653,-0.0345836301240078,-0.0033283110600077,-0.0786637478054099,0.0139354272205541,-0.0142408323311129,0.00779852326646245,0.00315657920519667,-0.0918988164326553,0.018212115052231,-0.0733505449052216,-0.00455104832011405,0.0951619396783795,-0.0315403304799542,0.0187824311024587,0.089896051834989,-0.0199266492570023,0.0121716979374031,0.0338965857883292,-0.0271314991618596,-0.0987814735200712,-0.0285286008865086,0.000774200143077099,0.024020607546507,-0.0207466659690906,-0.0254316156082977,-0.0149656047001002,-0.00967084066089596,0.00783153555937169,-0.0216862741336113,-0.0391896637862139,0.0245192271568564,0.017640845764585,-0.0276944990162506,-0.0345679609762462,0.0312397904313082,-0.0437449311585339,-0.0537521529526263,-0.0118870626604788,-0.0212656231138978,-0.0370365877163459,0.0550187200345357,0.0423906139950847,-0.00795132137825135,0.0980464546758236,-0.0547293273637445,0.0539653488330568,0.044366181047805,0.0465265748062304,0.0831006890503377,0.00697916555794388,-0.00993951339839209,0.0253849255269748,0.0158543673546038,0.0229194268695328,0.00270611517330219
"366",0.00330155322705859,0.0241452674710366,-0.0240775157985246,0.0399353464940362,0.0520027090612515,-0.0783484591336461,0.0257734987437687,0.0591870478110572,-0.00951758046727549,-0.0323138128869979,-0.0443686371126887,0.112700603623254,0.00770761459711626,-0.0522864089370875,-0.0244759694928446,0.00940139837899091,0.140286565674999,-0.0887104088700168,0.0605401593816075,-0.0143649817303336,0.0404241289068771,0.102129109963396,-0.0164837989179722,0.0729709799484345,-0.064234917851959,0.0235767737391767,-0.0632053185050414,-0.0156270656972424,-0.0032215393327144,-0.0111148512634808,-0.0625365528184207,0.0928469776517926,-0.0845376362627743,0.0224482078938949,-0.13214785088929,-0.0411375808980944,-0.0714452910819808,0.020796259124267,0.072484683185127,0.0727707904812794,0.0666714525982174,0.0289249107214778,0.00240485380832777,-0.0353151114351609,0.103803330083868,0.070885413715062,0.0114278497697352,0.0545516142946281,-0.000391267884922395,0.0587864014015008,-0.000577502114992081,-0.030942270096031,0.057969712891485,-0.0565971476437409,-0.00238348190973055,0.0436862785039362,0.000208635866886971,0.00314101985708087,0.0777591064991694,-0.0558570249318001,0.0496322746541474,-0.0157052502202971,-0.105354948026132,-0.130519872780949,0.0396423075277861,0.0966294582768574,-0.016110337676116,0.00714514772009739,0.115977840209901,0.0456647817796012,0.00325552976600345,-0.0460274144233758,-0.042732737171649,-0.0383768844265545,-0.0457353365743032,0.0259481759141058,-0.0247794602559311,0.0124279238211887,0.0195632234569285,-0.0491866903107545,0.00867594958619358,-0.0722542549673583,0.0222765734829913,-0.104013944169234,-0.00365408072309974,0.0507878306941151,0.0157806351767068,-0.0463569017993124,-0.0312731083102663,0.066153520441913,0.0833644851385588,0.0470039922932052,0.10526016805458,-0.0220329200288766,0.0438400130756794,-0.0250222010576134,-0.00840422184932608,-0.0314219656823115,0.0310923969650519,-0.0132766781863335,0.00730946889576956,-0.0467465434835755,0.0544062397086004,-0.00499574069516108,-0.044480093243985,0.0312484408025777,0.0186152752745511,-0.0284530829677502,-0.00535253171429518,0.0374488537895201,0.0484666386494756,0.0518559871814127,-0.0308060440380338,-0.0203852466317855,0.00981231031254384,0.0442784604883299,0.0179269335311595,0.0111978187477019,-0.0612078985151623,0.000463792008504931
"367",-0.0230819169795206,-0.000540884072396822,0.0981000248671349,-0.0143234964433446,0.0375678934730213,0.0921434845410315,-0.090997529165591,-0.0330037154705503,0.0129456942982413,0.0088381284149003,-0.0991856673101082,0.0112050157004581,-0.0458369148918779,0.0213244037903317,0.0580567752954741,-0.0200178359258135,-0.00540751767580556,-0.0790578378908596,-0.0194885011683128,0.0130469525555519,0.0252229916763653,0.00121852399877822,0.0946536654843154,-0.00717098221855792,0.0692098972770841,0.0907562134151051,-0.0331604820585999,0.0079920122802334,0.0160448782042095,-0.0270775998511373,0.0201367354022901,-0.023138324563377,-0.0156496805330759,0.0239182748429829,-0.0349032738385404,0.0501782033915371,-0.0467329460633807,0.0408120619667115,0.0978364362673922,0.00890466719436121,-0.014550350239546,0.0271004009026959,-0.0342012202056586,-0.0133867468383557,-0.00707410729401776,0.0064606055783253,0.0647317708069013,-0.0284657206045523,0.0715877974542909,0.0192028735730729,-0.00284316311745208,-0.0222484796309315,0.0555543951990567,-0.0209963987684672,0.0752089621672651,-0.0224315887774959,0.0799592159813169,-0.0119878744620469,-0.0192359930277144,0.0674952699916887,0.0133394394629045,-0.0447667072019895,0.0336220768343471,0.00776347627914261,0.0722929827371751,-0.137067893298329,0.0514652446217468,0.0246871926616742,-0.0687633037937873,0.0135797785125717,0.0690040826050229,-0.0543687712865805,0.0625486193123117,0.0231931504134618,-0.00207792477185634,-0.00789520956787525,0.0454280693542272,-0.0169706830582474,0.0601167911239877,0.00659668661231963,-0.00966091369182144,0.0138134396903844,0.0670431101123284,-0.00525310317936863,0.0193092891256917,0.0445883060545927,-0.0571885203411675,0.066968475296815,0.0494924581926473,0.0334415343751428,0.0181751502969926,0.0693030361895418,0.00980075169389827,0.111664638634173,-0.0234668454312436,-0.000383456338545519,0.0141666181180639,-0.0295924994886938,-0.00362593128290501,0.0551031223536975,-0.00407671492041212,0.00299586917844883,0.0295714403401531,0.0220221630817495,-0.0127956082531023,0.0192091079651886,-0.019519232432913,0.0269212852857495,-0.00683081243912545,0.00226049342597604,-0.00381976615174924,0.0258794257632466,0.0254463209201129,0.0463940076858547,0.0243877971380315,-0.037873265504484,-0.00277761728769457,0.0267099948659524,0.0111946649140383,-0.0268041183707705
"368",0.0203875112184198,0.0853076478792812,0.0256735227194811,0.0161275762833397,0.0297783189923686,0.0189193106419467,-0.00251988359844348,-0.0309349144392274,-0.0190229882418975,-0.0340447633183971,-0.0477793130695138,-0.0270741461963773,0.0747668572596254,0.00451822449738875,-0.0691699645929667,0.0143117878017885,0.16098381324975,-0.0403185131567367,0.070264148581028,0.144039176179665,-0.0802626396667087,0.0059651445086977,-0.027014331428459,-0.0382157063836831,0.0423660369108693,0.073699614524801,0.0554864608421075,0.0547171125698261,-0.0143388772155546,-0.00896255817980189,0.0620188016740718,0.107893406628612,-0.00509276541369753,0.0424643822683195,0.00545706898331925,0.0325228278208162,-0.0245581402212588,-0.0990726359734162,0.0136220334139933,-0.00391945816467888,-0.0926467864005045,0.0826145192690281,-0.0222881712133392,0.0177958072388487,-0.0656796725901752,-0.00383888477148488,-0.00996795743813544,-0.0904253445320293,-0.0754500012761582,0.0928651179603633,-0.0200723485288051,0.016242515889352,-0.0863791947285823,0.0326356841077672,-0.096119650414229,0.0698279294059421,0.00443588896437955,0.0424351230564738,-0.00547825505428364,-0.0452237180528144,0.0450465794466199,-0.0614090920735813,-0.00146202272766635,-0.0416486051642305,0.00885635284245779,-0.0507246498755496,0.0161567909142005,0.0123074762152699,-0.0607583436425654,-0.0469671632650038,-0.00102448815702573,-0.104500958796856,0.103921986394403,0.0198611045236004,-0.0344784712837739,0.0614157728609357,-0.0188196794873732,-0.0407145328001008,-0.0348036072145071,0.00581488782577629,-0.0259575621092033,0.0741392836573879,-0.0645065587728852,0.00674225747070709,0.00455228538067555,-0.0701345105709167,-0.0702197979122457,0.025419520059241,0.0423027293082496,-0.0445135468591911,0.0315810131354903,-0.0167485048885283,-0.0522532599788427,-0.0321425783564913,0.0219368689761168,-0.0194468486463423,-0.0355425811530867,0.041393571422365,-0.024764312093909,-0.0101466444195215,-0.023172625604346,0.0647793012966908,-0.0131435383600074,0.00407835526604726,0.0257509311292414,0.0213454330163315,-0.00737136474333992,0.00124560542007337,0.0207880453603081,-0.0106931115803899,0.053571189230212,-0.0485126293072244,0.0545456659717778,-0.0712739762194431,0.0148807417189734,-0.0418343593243103,-0.0111983687590164,-0.0253232535360904,0.00594427872683336,-0.0690603592804538
"369",-0.0331695566994786,-0.00247490576155312,-0.0632114074226103,0.0951958970748963,-0.0658576113879226,0.0146087460607936,0.0301516724543444,0.0464115958277042,0.0682857249946765,-0.0360410292257928,0.0104687861915999,0.0110647951572244,0.0239601679944759,-0.0207451873358261,0.059241542492627,0.0278314259519725,-0.0694020407893721,0.00313061491561038,-0.0985332815039245,0.00436720948504055,-0.0387984922859475,0.0034159322793357,0.108823482364265,0.0716318003827524,-0.0134881403155145,-0.0884551108163165,0.0823649134429698,-0.0587145909791704,-0.00816259459554567,-0.00874757484532156,-0.0437615028376956,0.0100839999074151,0.0252040335192449,0.0215472769668374,-0.132282256699087,0.0439797480408229,-0.054310607838071,-0.0265191117942378,0.112231321476776,0.047984998589103,-0.00222672221268442,0.0352134572245667,0.0518326099700419,-0.00460167595985179,-0.0219007218162362,-0.00454282811676931,-0.0879886542212776,0.00516283332496836,-0.080207272028055,0.0947343154627825,-0.0268588580153588,0.0809734552313865,-0.00166238698626364,0.0633598837969738,-0.078070300138978,-0.00195879141978968,0.00480851210328105,-0.0509274292039719,0.11492958879611,0.0525120673885558,-0.0421919098604429,0.0329601460766173,0.0768783201723504,-0.0423706993449082,-0.0506798100079311,0.00962002351500896,-0.0641209268439654,-0.0160975608725099,0.0313802844645792,0.0132346470244232,-0.0112494105033131,-0.0221221425823686,0.0455144702384881,0.0114043652698689,0.055993334176152,-0.0473572120640286,0.0475562346580828,0.087173282459405,-0.08455251328185,0.000823477772263041,-0.0215665051659982,0.0257663753034752,0.00014906749550372,0.00518381172045201,0.0578817309344404,0.0167589161682607,-0.0476682001538048,-0.0220148309466681,-0.118396832431652,-0.0481126893517355,-0.0530436865141588,-0.0259821948305966,-0.10016401936614,0.023917222973838,0.0801185000636574,0.00707140421969466,0.0386562626618754,-0.0098479484197276,-0.0184139788940744,-0.0462841462353859,-0.00298463108472474,0.00316376511317313,0.00606324755948124,0.0214258232555442,0.0300127695336182,-0.0204115885899305,-0.026701307666381,-0.069458625366073,0.022965260659621,0.0307985272421936,0.00181916211261084,-0.0210155392431467,-0.0252170272439296,0.0189252522959981,0.0277476287130263,0.00292096509530334,-0.056727206055023,-0.0104711804330223,-0.0329562064155915,-0.000179513175453401
"370",0.0699434153415601,0.0664669153028673,0.0278767710353889,-0.0361275914911005,-0.0213256530324432,0.0374268852347616,-0.0557199982676485,0.0115810887527206,0.0195580584919574,-0.0154053037190119,-0.0943791295127105,-0.033340748070009,0.0651879790321422,0.0256201447528381,0.0189246912203885,-0.125118088219395,0.076692879193905,-0.0101889542561752,-0.0581987768330935,-0.00867646521083702,-0.0675110823164973,-0.00157453493627699,-0.0235875775216064,-0.00545592330692901,-0.0270848890005653,-0.0483160706184601,0.0344549655466637,-0.00182216745038476,0.080314340888021,0.0407173542745421,0.0155903195893478,0.0456987926446548,-0.103622468990618,0.0251568590229604,-0.0340434676781164,-0.0174560574191562,0.0209840791173476,-0.0227320406456663,-0.00913933171067013,0.0465488694103549,-0.0161227444454685,-0.0234048893013095,0.0263084092017751,0.0389682227415231,0.0284875193782538,0.0171691402825705,0.0562195694143231,0.0407150697652303,-0.00628951747486798,-0.126334369969005,-0.0822514179719563,0.0678427240284961,0.0303714268927367,0.042243773198286,0.0283796758985901,0.0537749022456042,0.00836285505674143,0.0529987405606159,0.0165380748796772,-0.0795631529793434,0.0862889620057325,0.0287224440652482,-0.0279428622405937,0.0579362384866122,0.0110939769400011,-0.0239418105489844,-0.0195434678382844,0.0737694651094223,0.0299911890062016,-0.0857839804423051,0.0209839444388831,0.00637862814669843,0.0430659432956174,0.0365338928195523,-0.0113062084861527,0.0156631455643199,0.0433484820382424,0.086658957971909,-0.0399304941932779,-0.0797306264465177,-0.0261633156107455,-0.0462076613195625,0.0174302491558071,-0.0636820895720527,0.0486889635338709,0.0478999940698241,-0.0449483224392421,0.092345684503317,0.125032661746149,-0.13617433281175,0.0128617503530113,0.0972677518036174,0.0998027200702085,0.0218424841363379,0.0167231737009851,-0.00253681452993481,0.00495690452771162,-0.0315950359782436,-0.018095757895464,-0.0380880378686527,-0.0203065106743499,0.0138442239095721,0.0349090736238062,-0.0262535300135632,0.0019373402701824,-0.01993192013632,0.0247599204661091,0.0427852854828829,-0.0038667388691814,0.0055516149889466,-0.032948557204436,0.00572786086807077,0.00671330196291275,0.0160300115862455,0.00764138386414625,0.033992902234174,0.00141366800267179,-0.0048336203026915,-0.0126475209640143,-0.0199627398674974
"371",-0.0501808246580975,-0.0440018558637882,-0.018966517684019,0.000130332942439343,0.0392434287610528,-0.0298883569585888,0.00184219959860653,-0.00454428678846044,0.0268387642050262,-0.110503905249512,-0.054991215677249,-0.0356559083200725,0.0156858981917537,0.0685834769553339,0.0125003206686228,-0.0689326769319858,-0.0369476626857102,0.104879935388403,0.126439758250564,-0.0596879637822399,-0.0147759616758072,-0.0104179371972851,0.0458668930607576,0.0283026379490322,0.00429039839608086,-0.0797542956493845,-0.130949824429533,-0.027255507261,0.0405344445498885,-0.0122283628939746,-0.0329126453984012,0.0920701142159788,0.0029891454592251,-0.0412082689006427,-0.00259610943012769,-0.049175357264698,-0.072227811469793,0.135678121280936,-0.0895987757954141,0.0823279566328606,0.0952775198597678,0.013726832500828,0.010163958205491,0.0199222114211041,-0.0217460747843766,-0.0118856236650926,-0.0287933837519732,-0.070792485277844,0.0603126556452965,-0.041272611459333,0.0291434306216128,0.0593607683730952,0.1107953853994,-0.114656339092637,0.011902593012724,0.0409852396889375,-0.137038179900934,0.0507169446438013,-0.0243041661935287,0.000576839254349778,0.117909654274146,-0.0460744303620114,0.0178108385733372,-0.0980400791871461,0.0244905853675994,-0.0178256477912807,-0.0164485867799654,0.0744952720802349,-0.0687206677678747,-0.0523941241426709,0.0545106554203088,0.0292576203093518,0.0353143634742331,-0.024905981830251,-0.0253145087474838,0.0363687960845655,-0.0352687183383261,0.0631219901587896,-0.0361770025401983,-0.0149543160586327,0.0406529171457688,0.0818636298166047,-0.055080849697586,-0.065272557061535,-0.0134825511320078,0.0775158217219514,-0.0348443664876941,0.0882836245113287,-0.0138954151809397,-0.0307331561974091,0.0547609045651462,-0.0390052024247471,0.00925867009166666,0.0299807756331553,0.0528653275849464,-0.0056424861017031,-0.0623409926925182,0.0193223731018745,0.0696377940638485,-0.0336273448057235,0.0541658940438879,-0.0328570369184995,-0.0193372469933278,0.0164047641318019,-0.00918527697612825,0.0259214538315013,-0.0257234854135187,0.0108636271978535,0.021830918234726,-0.0179184753393299,0.0269432642753625,-0.00147621097762526,-0.0351975178534955,-0.0362812790990464,-0.0421730937747756,-0.0277707690505522,0.0149336155184862,0.021748849276237,-0.0314508112317194,-0.014004549833721
"372",0.0220413488554949,-0.0218490841817209,0.100478876999772,-0.0410299968157291,-0.0539577930761977,-0.0295674346830191,-0.0098583085983825,-0.00374752604965456,0.0322262466835997,0.0838279547965865,-0.0216765566033738,-0.0573079101521811,0.0630924600048267,-0.0037629176191169,-0.106689029260647,0.00162945986012358,0.0353209076959999,-0.0125064048884877,0.0718148235717933,0.0336164172605076,-0.070347676001105,-0.0336975432693989,-0.00571580379246451,0.0333101981894147,-0.0746908770744278,-0.029678975461607,0.0227544733443567,0.0946571167017935,-0.0152226106554984,-0.0760371380897287,0.0928030274954597,0.0292376653676196,-0.106647654160587,-0.0305473457931616,-0.0557993755027626,0.0166087799187805,-0.0486347102926213,-0.0309583604444542,-0.0854901241934465,0.1662790872631,0.0116841165016282,-0.00535628730551518,-0.0502177675717169,-0.00558361716633607,0.00120105792299115,0.0551595614462614,-0.0150291633596054,0.00220795082394454,-0.0186543976718035,0.0101389290403095,-0.0187342502357897,0.0620819557097924,0.0657698475475548,0.0455585608743025,-0.0111346406070082,-0.0195388180024929,-0.0190411650418662,0.037293093676173,-0.00182546154793978,-0.0165725226260037,0.0532517234748829,-0.00141027058326869,-0.00539310021918806,0.0519276191713081,0.0325309482361748,0.0152588885161266,0.00691207779362848,0.109732995950147,0.0134893984359121,-0.0165131097822895,-0.0124412138082053,0.0148615894351728,-0.0630797280132185,0.00351803389089158,0.108162754333379,0.0975502877672601,0.0266085316749073,0.0482117180301562,-0.10912225056956,-0.0067858318678924,0.0148624699856973,0.0655052144967711,-0.00481418089546003,0.0194878629646946,0.0128455994354249,-0.0711730646068407,-0.0558523273617051,-0.0494726212380095,-0.056562234593556,0.0123917597024538,0.0149041542381542,-0.0397488577118334,-0.0245769033040698,0.0660714450929645,-0.0364182463606078,0.0721883628168071,0.00170031602976767,-0.0117466629247119,-0.0124493259296535,0.0440426798239194,-0.0111896567891669,-0.00146138930420812,-0.0100256822405703,0.0387914051863045,0.065982302201689,0.0684830677673458,-0.0450057729663732,-0.0217162071066553,0.0228883485860788,0.0278044144074697,0.0308889851067604,0.0128603776128042,0.0772833480362982,-0.00319385408929499,0.024512067646575,-0.0153182113419601,-0.00566544621455252,-0.0217117503573818,-0.083333493905539,-0.00872684778973283
"373",-0.0256061652760449,-0.0660383697363417,-0.045693768669281,-0.00653226543347978,-0.0481914303066068,0.0954647026710208,-0.0248764370049846,-0.0225681308569556,0.0961316532096806,0.00381176469127699,0.0502135552854591,0.0372989493053239,-0.0209576522121698,0.0147522187265928,-0.0252271042807523,0.0586970370122044,0.0265222262380855,0.0134133710918763,-0.113962350630943,0.0605538297025651,0.000857111381659343,-0.0244232613993152,0.0666940767796533,-0.0104838064782294,0.0529046932302629,-0.0453086843988468,-0.0745249417494555,0.0671110132109148,-0.0546171917441316,-0.067926375103237,0.0844247849448506,0.129754704133993,0.00720082755265251,0.0283645090840495,0.0229827103256083,0.0437411771116174,0.0315030176469446,-0.0419148009807864,-0.0254292739836283,-0.0299382070079701,-0.0661532266246382,0.00037645723465262,0.0803852918399216,-0.0328517818461319,-0.101015273192614,0.00285712834143117,-0.0768111027437046,0.0383327781873272,-0.0113091629974108,0.0194726381692224,-0.127899976086693,-0.0877311445611863,-0.0263297716143167,0.0202100049970133,-0.0200605887917972,-0.0145230535580477,0.0155369595302496,-0.0144878082027413,-0.0457199471054961,0.0311512824582549,-0.00965303757076173,0.0196278407384261,0.0701945435000542,-0.0727044141815851,0.0737390814336212,0.0232634327729319,0.00759602602996046,0.0427082894991035,-0.0200221437281915,0.0637850202589142,-0.0372063321418596,-0.00603485496409579,-0.0313523400941572,0.0351648050935552,0.0125327983384124,-0.00158734260295846,-0.0813229191754238,0.0501106513710107,0.0461141412357249,-0.0763857769111431,-0.0153740381532245,-0.0231456108898301,0.025504918989263,0.00651030783261868,0.081817818829222,0.0498513957694122,0.0282351855283535,0.0122088222981151,0.0179824256390258,-0.0443241149227594,0.0306822377011622,-0.0278980765363052,-0.090378126472404,-0.0104616516780427,0.0388747794305493,0.00371735582680832,0.00674843456028769,-0.012892806207941,-0.0232476592212182,-0.00884499952391765,0.0268048734796601,0.0088056159075543,0.00162106203359737,0.0165125922674316,-0.0488708527187248,-0.0255896313431185,0.0101110024952129,0.0257888958149576,-0.106428750467095,-0.0306392861328456,-0.0221092420865642,-0.0174184350187633,-0.0128830040986398,-0.00250484933838369,-0.0363767653053428,-0.00174671992397564,-0.00755407149579702,-0.00154338687383446,0.0237517037875381,-0.0601684515560124
"374",0.0307603599858577,-0.0785030680664026,-0.0138516241284124,-0.0352114562399656,-0.00185894064904283,0.064365923923672,0.0132411465094737,0.00109382550882248,-0.132260334908734,-0.0368989714389748,-0.0862387174512468,0.0258940908875281,0.0554138685448904,0.00194921456703193,0.0441868778858154,0.0311435462293515,-0.083081348611775,-0.0287632451849264,0.011201997329927,-0.0649029277108167,-0.0626544663603112,0.0361756104365258,-0.0240628216740406,0.0219336232273399,0.00175819174000878,0.0180973383285023,-0.0010777722834899,0.0534606972316304,-0.0935552945267726,0.0102158960383725,-0.0378694114545596,0.0727945889669219,-0.00351720688674224,0.0390298772963803,0.0199531803323963,0.0213916075370337,-0.0434827860216259,-0.0144683971544296,-0.0148347538226747,-0.0109487317259953,-0.0444609398818441,-0.0993693988850276,0.0397779766980114,-0.0847471187876209,0.0362237234225346,0.122858802284706,-0.105731845513914,-0.0066506540669474,-0.104681572015474,-0.0166546172149961,-0.0636983567252291,0.0222861970441288,-0.0104397011593184,0.0304379834761161,0.0712664221327114,-0.0307643149652843,0.000341397462049462,0.00479499916666384,-0.0105623944092393,0.0410348659835746,0.0702028347217914,0.00627914182264896,0.00463368865047594,0.000120624922543916,-0.00880922376038544,0.0515744945521879,0.0258038695857261,0.0449200543675853,-0.0884085895482579,-0.0860690057084951,-0.0827232176424627,-0.0160258684530693,0.00589067911283379,-0.0365556781501098,0.0373533425690531,0.122822411381131,0.0573486520319633,-0.00574555518406801,0.0112669787625957,0.106733327183676,0.0243486366897244,-0.0517851645337601,-0.13744454272003,0.0887307398548561,0.00400836156662559,-0.0261456747183697,0.0627547632816466,-0.0282382512842661,-0.0320246322117613,-0.00452707635303182,2.92748743367576e-05,-0.0374172622615459,0.0836184378990667,0.0105410197391661,0.026050645302963,-0.0095113118990719,-0.00696057413548718,-0.0151919858763104,-0.00141565859168632,0.06151798317544,-0.0157456224897518,-0.0705930975305812,-0.0188815574983278,-0.0210128909672279,-0.0105116234162764,0.00285219409120962,-0.0189830455011826,-0.0144542949281834,-0.0186596633131,-0.0422071010072031,-0.0243582800461756,0.00263470102440911,0.0686893136180779,-0.0506080955875415,0.0404691061990785,-0.0203640042741661,0.0448269869459391,0.0246610280939524,0.0526533278255103,0.031271646379935
"375",-0.0442473704160218,0.104461944874809,0.0368492727331995,0.0027584379247862,-0.00854614309842367,-0.0357831322610325,0.00354952824575867,-0.0146525434412267,0.0250833313812513,0.119511075934921,0.00456472853436205,-0.0125891971676816,-0.0294234015030004,0.00617436107042596,0.0273954163699219,0.129440459564885,0.0474199001337562,0.0440749964468154,0.0829261531788458,0.0114660986053802,0.0441037339559038,-0.0499193188816626,-0.0124463607422754,0.0203580087270135,0.0201227477053843,0.0727756690651351,0.0639596245233001,0.0210894254146533,0.0144612109037127,-0.0520957483085269,0.00510883676412508,0.00619054953826502,-0.0419053641629389,0.00382173123892307,0.0517641478770714,0.0190025346447043,0.0334161717307852,-0.0281375353783811,0.00226746428024693,-0.0210286382344405,-0.0462010885648471,-0.0938652101605404,0.0181294247724383,-0.00407349052474731,0.0409275146287188,-0.034620978522022,-0.045246579818066,0.0380421456687686,-0.0179160203989939,-0.0510719261651017,-0.0192531930419892,-0.0346110286685472,-0.0463100340465603,-0.0186810947021446,0.056122583983968,0.00684273792426405,-0.0262241922226817,0.0597291875383011,-0.00919111593391604,-0.0719445664015937,-0.0305457499142965,0.0606127853536446,0.047278545335556,0.0499908984782274,0.0510024558054148,0.0276535227898187,-0.0323297745951133,0.00321258459960489,0.0198618915390447,0.0497154547951249,0.0250067690274331,0.0241073657017794,-0.0229260761340244,-0.0164913058733818,0.052857566363396,0.0683427278267232,0.0250150163677728,-0.00550940284693024,0.0245630900435552,-0.108651972800051,0.0444656372428942,0.00447016469286026,0.016932291259932,-0.0559585426577051,0.0202607955489989,0.0109499543229485,0.0460429297514503,0.026913431887546,0.0629352062348377,0.0146370949681712,0.019002162368583,-0.0787556110195529,0.0647052446586339,0.0563669362161085,-0.10276043811242,0.0112402728203362,0.0198511842449616,0.0326288995637413,-0.0343808020002209,0.0210559508416964,-0.0337115785953911,-0.0324184490383256,-0.00404777778391383,0.0202403764134644,0.00380501611216159,-0.0134414452080202,0.0112680778382602,0.0334738824054053,0.0143699244468028,-0.0103538882401171,0.0179900850668326,-0.0159888259463494,-0.000138292539640166,0.007165441965202,0.0556779469139514,0.0166003085422054,0.00184836508728452,0.0325686674416413,0.0322037665346651,0.002365856173847
"376",-0.0912906560816589,0.0189134320954365,-0.0498601048076903,-0.00611827410004888,0.0130783983204366,-0.0300120829356899,-0.0342402245355492,-0.0314209082495799,-0.00503347639824649,0.108743517876825,-0.0389930774617731,-0.0333788172486834,0.027328953586579,0.0359086489562532,0.0293933201098526,-0.0448691298691103,0.0247120527509173,0.0237437272869933,-0.0906521527822421,0.0187741099282952,0.0519734254510309,0.0927731303782807,-0.0104597640761551,-0.0894965762932027,-0.0301681046911604,-0.0119536558281889,-0.0348382129095976,-0.0266336209711137,0.029330912723768,0.0286353429889968,-0.01994175284004,0.0595607454608026,-0.0077881845225162,0.013311265282972,0.00434201600610421,0.00673587097714117,-0.0169186419285848,-0.0139180367941757,0.0720959758498685,0.00674518329264475,-0.00616560233385356,0.0979167457730004,-0.10695293756141,-0.0549425460061708,0.000883684493423242,-0.000504757087160108,-0.0422242458917994,0.0363255378096273,-0.0141362047078802,0.091971862754006,0.0156290536043638,0.0394913584577798,0.0317199731267239,-0.0190668315252586,-0.0442520941723744,0.00756770106220214,0.0207722245126624,-0.0212641592046931,0.043907426046916,0.0249931884760565,-0.0026693045290218,0.0185367886402504,-0.0222731906483397,-0.0768024755905552,-0.0286852204971605,0.0966270479188449,-0.0826556529334987,-0.00880280437103657,0.0536604830650769,-0.088596472085073,0.033105375505039,0.0622056880999453,0.00915038416519084,-0.0304346348461558,-0.0667337435743044,0.0652724454730782,-0.0517634193880771,-0.0218756255760455,-0.0175514859306237,0.0376554823588605,-0.0149002140329905,-0.0443095711726666,-0.0326984508153665,0.00368136745361627,0.014925881361617,0.00368397859081138,0.0528554670963228,-0.0667589068525225,0.0267933564002409,0.00479226688085161,-0.097051233657072,-0.0290426117660312,-0.0210190705024678,0.0493743801479399,-0.00435415529959632,-0.0151419799087196,-0.0172155378098305,-0.0547463159158011,-0.0273735006220127,-0.0159620253129184,-0.0391469929886838,-0.00972518225007154,-0.0161394018773345,0.020176743478831,-0.0137747970656209,-0.0140925459042963,-0.015233154396369,0.0177002369216552,-0.0169031444355518,-0.0238945676856379,0.0251241640294775,-0.0104070730139713,-0.000855042077001153,-0.00597686804356338,-0.00623433584663877,-0.0104889894504059,0.00977994225232074,-0.00544210789053585,0.00524027315192236,0.00514299361985846
"377",0.0507302637833935,-0.0833565770912219,-0.103855359185914,-0.02163107600533,0.0341607180313616,0.0458739889597439,-0.0382663838047574,0.0525661146354841,-0.012054367948066,0.0118474472406236,0.0219157042144914,-0.0126699755752526,-0.0136277589905799,0.0369538730076238,-0.0239119006122402,-0.0102382736781608,0.0537490934448704,-0.0703747472212951,0.0321067818283188,-0.0366451149826744,-0.048980513236936,0.0132320763800197,-0.0448947544280818,-0.0910959741422122,-0.0210947983237877,-0.0182573466395071,0.0104121019809997,0.0354055662344734,0.00424334990911209,-0.00470062039183062,-0.0135629817789315,0.00808784728522563,0.0128859016988159,0.00200362908231049,-0.0445193387491829,0.0759361921265627,-0.0545342861722421,-0.147536933261435,0.0130513335353647,-0.0373768478889563,-0.0369504534358847,0.0503784402331227,-0.0174046725510555,0.0319619250225296,-0.00894131550314822,0.00926005543278379,0.0585680746058026,0.0258390495878573,-0.0302286633017813,-0.0759318931766516,-0.0498336428395338,0.0263679174359442,0.0105884679615063,-0.0218524392315631,-0.0309643628979849,0.0316561040544454,0.0202457137381985,0.0182895116402662,-0.045492416549911,-0.0156370413717962,-0.039522639970055,-0.0610567312151618,-0.0299368267390232,0.0348771385713963,-0.0392091210177469,-0.0309658105807583,-0.0253665593049052,-0.0340198102374396,0.0108270471738114,0.0520837336163191,-0.00103359297079661,-0.0425526334360885,0.0161536998066238,-0.0102490772449201,-0.102181269434025,0.0149224681152295,-0.073936191878184,-0.0235173796553546,-0.0461772020056145,-0.0348345709923389,-0.0111872434206699,-0.102811910780498,0.0581370486037455,-0.0309128840740823,0.0147126294310528,0.039276211767405,0.0462756727325546,-0.0516874009133967,0.00702373998979844,-0.0218424081905579,-0.0592629137831642,-0.0653499383142344,-0.0563549397572982,0.027710810303575,-0.0553764179983863,0.0171714198961662,0.0031995476483535,-0.00745904022885771,-0.011273086971632,0.00970492235971538,-0.0541666689590802,0.0633696984592235,0.00657441783650214,-0.0493537833191227,0.0049063398785213,0.00245982988656369,-0.00976689342216872,0.0210722525242005,0.00774105548521038,-0.020299713444328,0.013919474620685,-0.0115078416304739,0.0338550045672343,0.0029030730764697,0.0025169165666129,0.00114041158465047,-0.00162640124244518,-0.0371339627616181,-0.00309219248313616,-0.00549565350476777
"378",-0.100288369194966,0.0140289355278195,0.0266598747428492,0.0390561988440533,-0.0482780155225322,0.0529193622164613,-0.027298908023199,-0.0403810404048646,-0.0204921568045799,-0.0601711953143922,-0.0177615065607957,-0.0316225435361362,-0.0418552920831099,-0.0575720600316414,-0.0451703726755804,0.0443533724020006,0.0111467074587277,0.0667180668462354,0.0434470084423234,-0.0259355770954094,0.0409338416286811,-0.00925226203266568,-0.013717007670956,-0.0893645868017076,0.0132688765595422,0.00536421254506846,-0.0358794437750262,0.043545455851167,0.0280864017800228,0.0528833283562888,0.0137184724244657,0.0335945925068393,-0.0394865280463101,-0.0112417911769608,-0.0238563700262557,0.0143835024488001,-0.0921829675988736,0.00844213207376221,-0.0153064646416394,-0.0280926593042771,0.0432798088645232,-0.0839299877226525,-0.0264217683027607,0.071275501229544,0.0443833924681883,0.0365387268228712,-0.00420450270991438,0.0303828711796684,-0.0338921140507984,-0.0281533161875051,-0.00205748275205968,0.05115573353271,0.0309004328761887,-0.0111947913297823,-0.00927379171741619,-0.0333454823637827,-0.0551624968401769,-0.0534829302506487,0.0555171014465638,0.0253766693608269,0.0494790615678918,0.0286556820112825,0.0278956144810952,-0.0422266894480694,0.0379293528241203,-0.0264727936555088,-0.0566172840761389,-0.0242234203805349,0.00481152994625997,0.0938647476563364,0.0189604603474975,0.0407735881348533,0.0338176093869031,-0.0215819731028273,0.0144654666004669,-0.0214118385824383,0.0266543819327691,-0.088035916778569,0.00640587819381045,0.0299946583191586,-0.0242522037821715,-0.0394954063218023,0.054012760695579,0.031217004335118,0.00557419831663611,0.0899130151198308,-0.0268800750708286,0.0305390274235562,-0.0630659222401075,0.0335036983749493,-0.00826636325632444,-0.0256618759971531,0.0108294070062173,-0.0206598913055417,0.0199133518891801,-0.0222370839281962,-0.00263396638615122,0.00757673594525535,0.00593463999950215,-0.0491562565048743,0.0658098296921604,0.0174636851066998,0.000323985692916219,0.0220626442536636,-0.0221676698965829,0.00255540939666611,0.00414142171460704,0.00934898635825831,0.0150503485680401,0.0050427736839429,-0.0121201044567084,0.0117747035265739,-0.0023934009337599,-0.000432243710100967,-0.0468350893867531,0.0260395912773693,0.0147155632576216,0.0427123726206512,-0.00772971754054371,-0.000779835238601692
"379",0.0553041044659878,-0.0279018964543638,-0.0257315212787954,0.00607909161275339,0.0171619185803172,-0.0558155396413257,0.0288321567877233,0.00286585175804393,-0.0700240125713425,-0.110819716675407,-0.0552452195341373,0.0872289453440995,0.0323294048130402,-0.0711981431753628,-0.10142136245574,-0.00834071769773601,-0.0264116395496095,-0.0156945837125873,-0.0139689435633162,0.00955459822402118,-0.0514827566654636,0.0116735507980263,-0.0821589407454406,0.0286860885686412,-0.0496835731112945,-0.0129285333420509,0.135832679048166,0.0771996698597111,0.0261429237165614,0.0387621614212912,0.0509637852462233,0.0482029317642088,-0.0245859643992972,0.0280177213212498,-0.0287322106615351,-0.0554273859653913,-0.0376951179427791,-0.0435513914818352,0.0784952835591175,0.0669002562184002,0.0420844124265751,-0.0200295231460724,0.0519995834045078,0.00115643352604767,-0.0619013336242592,-0.0121393645665644,-0.0366092003159156,-0.0218581377721219,-0.00654270448537881,-0.0646831494145519,0.0213822646023394,-0.0194237275661666,-0.0623784246684631,0.117854246904091,0.0230638036037182,0.00528449573546865,0.023407128582997,-0.0881128177094719,-0.0450178849706799,-0.0163092315417361,-0.0120781803726565,-0.0524965742829083,-0.012354042335395,0.00134269263204658,-0.163992343263691,0.0765629895098344,-0.0297217168473011,0.0330627436439746,0.0546959981644333,0.0358846807398879,0.0533306288025287,-0.00506084098843757,-0.0542029306718559,-0.046245679868145,-0.0394029504039946,0.0156834608111781,-0.111128182838234,0.0591176140279256,-0.00142470293429398,-0.0400346712716332,0.049881913044199,0.00325737690132067,0.0875580992617602,0.0698595144677238,0.0151628973159393,0.00168247474120567,-0.000976729563371288,0.0736017630104163,0.0477048753230209,0.12291627419496,0.105678658784542,0.00762197577173235,0.0461827596806178,0.000216952920390895,-0.0184944126466415,0.0257319548508843,-0.00538612350208111,-0.0350131634883906,-0.0120792045664253,0.0468130361521261,-0.0298872134773701,-0.0497470259414201,0.037365071876407,-0.0642551302633187,-0.0343714423343733,-0.00857539996394684,0.0266267754590694,0.0168402560097635,-0.0117142546352846,-0.0325454449909007,-0.000221540007046872,-0.039374711673382,0.0433759407087162,0.0164241165265543,-0.0117112854513757,0.0081141089100333,0.0514018799299064,-0.0162756996639904,-0.0347441275827447,0.0470518843533196
"380",0.0523358098281886,-0.0131742489438164,-0.0686467488524133,0.0565221079396203,-0.0701565557664196,-0.0332999175695086,-0.00538558972607898,0.0298670596069599,0.00208324769488517,0.0139897554152797,-0.057518296094097,0.0657994812538201,-0.0213599041094435,0.0549894600740365,0.0613240932641726,0.0996537251904199,0.0101739239453887,-0.070842330660368,-0.00119308283929805,0.0283407573923597,0.0728257845441444,0.0720344702341699,-0.0359068240896377,0.117366148717032,-0.0391027231469668,-0.042814658896719,0.024912692395593,0.0209013506042309,-0.00544376226453796,0.06944478435898,0.00680468415053265,0.0713985648092286,-0.00831319164012594,-0.0312145697049636,-0.0336676469824669,-0.0628407712313874,0.132582484026506,-0.079173667994498,-0.0452683329505668,0.0784549582529875,-0.0447193279586907,0.00601139021274039,-0.0320249275556332,0.0145557518725376,0.0225609125891565,0.0240087115033678,-0.091608944440872,0.00917062923751864,0.0776216138811291,-0.0271691847134998,-0.00068318129057666,0.0478471581494684,0.0370437947922902,-0.065513687973778,0.0314657339873135,-0.0694829456160691,0.0848110736953451,-0.00856553892225906,-0.00338877769194753,0.0311802295703763,0.0301309870432478,-0.0154682772294505,0.176171871484347,-0.0233968302470557,0.0173707472136774,-0.0415203091816315,0.00414349635471761,-0.0236291148274476,-0.0666226282056859,0.098923535891419,-0.0301093070448384,-0.0399583643697422,0.0528228718092292,-0.0113698695327543,-0.0225856352551814,-0.0596811421795522,0.0192294019952227,-0.0509041056245925,-0.0732451605896305,-0.0113595905668895,0.039705539550821,0.0674889989626161,0.0225592681024437,-0.0493470570006195,0.0318890034736814,-0.0248522170022141,0.0190667811732153,0.0120014946152342,0.0165317535673066,-0.0295878439687512,-0.0799886581264839,0.112341044671493,-0.00780182732642624,0.0230491808672084,0.0201203826349666,0.0219246172350912,0.00073889560512605,0.0117119028849053,0.00660700419633238,-0.0153978481281258,-0.0536094606546262,0.0106602369939566,-0.0299585741748192,-0.0303565578451173,0.0262129231918323,-0.0324265283483534,-0.00756347641384242,-0.0260890718386643,0.0288881336199457,-0.013554073388945,0.0483405432994735,0.0618978731960469,0.0186764610483002,0.0358907982213161,0.0376094183632041,0.0166442289461328,-0.0285195661123668,-0.00662143401350275,0.025440438320244,-0.00929530376199996
"381",-0.0656406046287301,0.0514341225063926,0.0842130675726716,0.0435564885087722,-0.0107440283429678,0.0592359089375095,-0.032282316007624,-0.0329856924842214,-0.00501717082127322,-0.0120285289320204,0.0347623624069271,-0.0371600298666822,0.0732234873799774,0.0242904035460505,-0.00647182412511253,0.00765453018896325,-0.0291168013747478,-0.0215805532703388,0.0135210513007633,-0.0685453513262818,-0.0940195494188894,-0.0177994482834324,0.058240541620561,-0.0532285756255583,-0.0485737860080015,-0.0590918056432103,0.0805151441763554,0.0195965588080101,-0.03984672694912,-0.0954754654247129,-0.0164176743956698,0.01533142776031,0.060167108515635,-0.0632762255831309,0.0539441811163904,-0.0881287275009638,-0.0274557654908884,-0.0686758387366796,-0.0350695122765696,-0.0778277824129557,-0.053631763204531,0.0180060652626238,0.00803677430055929,0.00362234371097477,-0.0106811425907191,0.0341249453449793,-0.0495350760148523,-0.0103130461004203,-0.0141602314959654,-0.0419801162586443,-0.105287858114639,0.129000628588154,-0.0345198113813106,-0.0181478888390063,0.0739477591304843,0.00378005077406105,-0.0456126310903617,-0.0321875662475681,-0.0100525124334323,0.0181143533596336,-0.00248386909971681,-0.111974164118466,-0.061487397318466,-0.048683012007568,-0.00164418430929994,-0.0402964228072663,-0.00230008951304966,-0.0849262202472185,0.0156657373346187,-0.0335267986218539,-0.084985814502126,0.00192329421633905,-0.00807619051436453,-0.00315146833065138,-0.0615941125165953,-0.0440412258125474,0.000955965663838942,-0.0258874442037849,-0.0315452785401761,-0.0461891747099818,-0.0841488210781687,0.00128806374006336,0.0075548217992647,0.0431208149139887,-0.0279022859231121,-0.060487827628812,0.00558681269370708,0.0278113656004791,-0.051355518693705,-0.032338426782501,-0.0742534662680339,0.00218126519123507,0.0327732650673752,0.0718541376860407,0.0287198839939713,0.0285543984162406,0.000617851878552102,-0.0576216021542058,0.0066486118816846,0.0295366543732619,-0.0476980668670615,-0.0455411178638947,-0.00236966777399084,-0.0326896969540047,-0.0188156019821397,0.0767990745197904,-0.0123238129403423,0.0230215653902198,-0.0948431094270485,-0.0611055654969131,0.0514668837872017,-0.0509035775219489,-0.0240200102364825,-0.0173468521163383,-0.0235429356295574,-0.0229123713803821,-0.000576256714041858,-0.00418959783448189,0.0085079851594556,0.0516255919737244
"382",-0.0873876308496424,-0.00895794807879601,-0.0153893657696417,-0.0915483531695157,0.0502507071904058,-0.0262909156254693,-0.0446903346311109,0.017756586142022,0.00112985254942502,0.0233171052269372,-0.00527116400089853,0.0107123938455569,0.0121910245066308,-0.0578846670969939,0.0543257992157049,0.0246843533882074,0.123768486902445,0.0258953301319866,-0.0142986816484548,-0.0194523149626456,-0.0281368559137276,-0.00400903851789847,-0.0115327420723792,0.0197049637124094,0.0327165649722185,0.070309767304122,-0.0302990186953794,0.0649539993058177,0.0601932095814265,0.000490436374433182,0.0226281228088959,-0.0387356236124582,0.0119702151226252,-0.0256725426496962,0.0242539925674467,0.00429778854219326,-0.0838172952834489,-0.0658109022189186,0.0918798037878351,-0.0223036369836419,-0.00952060397909861,-0.0668075191579836,-0.0142569863228308,0.0276219680335523,0.0889508517710287,-0.0233738525820605,-0.0835133467210234,-0.100322805592269,0.0107738410916762,-0.0371790651340512,-0.097917114921102,-0.0211781282219739,0.0495911017458907,-0.00312558459496641,0.00286055075919478,0.0645982700899947,-0.102720279371071,-0.0483729075566894,-0.0666270242114352,-0.0645547490755151,-0.00301096351012985,-0.0076159058766988,-0.0118920990695293,0.110631064107308,-0.0384360146645868,0.0456893836060716,0.0313638069904046,-0.0509399604747758,-0.0580314009189965,0.0532694389002115,-0.0331900139858482,-0.00605842762417391,-0.0238815104713428,0.00900613229523813,-0.0380743342221073,0.0200304122109141,0.066068605461403,0.0237169857647316,-0.108366262708887,-0.0028715902518438,0.0584414563095079,-0.00552969309170972,0.0149513109931745,-0.0281684045094032,0.0464965321644215,0.012982170802614,0.0395435829108786,0.00169502895138462,-0.0244633617740465,0.0834096410182149,-0.0485907171594694,-0.0702958232131841,0.01953621347168,0.0663310017395853,-0.0314951015526595,0.0201718435896602,-0.00187665522381594,0.0311521646599179,-0.0118425846961307,0.0400440759081318,-0.0107050404950296,0.000859390898473282,0.0213180543105391,0.0188184432767817,0.0558255602585446,0.0313185308120258,0.00259938543662704,-0.00635741654960017,0.0211725367510455,-0.0101207717617206,0.00523975332435595,0.0110585193764626,0.00482795919738209,0.0368563271138289,0.0583959721537126,-0.012610285398379,-0.0557279165177504,-0.00568598193403132,-0.00456678282696256,-0.00290589355769501
"383",0.0301233063206516,0.0514143726760739,-0.0696734014270491,0.00696109036456034,-0.0601432680332697,-0.024836263784075,-0.00459671606665134,0.127655651280509,-0.039921422642293,0.00867907001459826,-0.0022931218987215,-0.0123834773804731,-0.0393051583569606,-0.0238349583105366,-0.0160555691263624,-0.0436266014202699,-0.00956720659566364,0.0216448553050841,0.086191942697448,0.0639120638092967,-0.0411718618658804,0.00796790801057764,-0.0440472022115029,-0.0306117985894685,0.0485834264358576,0.0311148932788279,-0.00148997718074103,0.000699048640748909,0.0405986132015702,-0.0489182221795292,0.0722847350560462,-0.0249722987719395,0.0165037127875256,-0.209226199889767,-0.00126240917563456,-0.068894244134565,-0.0639296540108243,0.092315945460839,0.0687205212555154,-0.0701844645974454,0.0217815829062585,0.0447872333788226,0.0825410816038539,-0.0984645596479299,0.108610517816631,-0.058669307011718,0.00323928825170699,-0.0297922941545177,-0.00563104756630732,0.0288524120250136,-0.0272078119306932,-0.0673173729586798,-0.0845066282179655,-0.095044869126144,0.0297565817497896,-0.0253802608158341,0.026622175722474,0.00466265245458597,0.00771958533850246,-0.0446366750522925,0.0158283257688836,0.0326438031050122,-0.0353735776220281,-0.0821084915920008,0.0572143599199989,-0.0557195655164868,0.100555272869271,-0.00631736883411162,0.00343211950169871,-0.00939460865389627,-0.00977205044754033,0.0197549942529994,0.00505692331363578,-0.0234658498805743,0.0222796044472822,-0.0204824499975725,0.0488997806532834,-0.0207100004720456,0.0180847591328136,0.0702155861984443,-0.0422087357464987,-0.0015659116029059,-0.0313843982989813,0.0545965186947738,0.0583956585921757,-0.0140143118939657,-0.00674951235834875,-0.129713559401953,0.0750403587219655,-0.00690084279719512,0.0618010551241822,0.018563807555711,-0.0288983506839245,-0.0358011126960939,-0.0126151513858225,-0.000678488968442706,-0.0367957256913091,0.00330693306903219,-0.0131769805951054,-0.0797006645245596,0.0549048819407074,0.0341141876706258,-0.0286879287709664,0.00317366484812782,0.07108714833943,-0.0367632445763047,0.0822288819064254,-0.0706745841413308,0.07430696564514,-0.0170992981370071,0.00807238783661547,0.0284076366123306,-0.0305557994648824,0.00475283317321678,-0.035791783973618,0.0573470150092935,0.0228915389941134,0.0169805457981493,0.00408553321248772,-0.0259950191643019
"384",-0.00231390297644,-0.0376271313385009,-0.0214930143566496,-0.0460565149604727,-0.0782553201574061,0.0220999804726719,0.0764976358879041,0.0765271621070975,0.0208734071325355,-0.0269674353207255,0.0289107935668209,0.029001383742281,0.139720255747079,-0.0219998267316093,0.0645119747470843,-0.0705502434225207,-0.024692226228673,0.0726771230815874,-0.0110900054044014,-0.026468417392375,0.00521241833268154,-0.0334004988131479,-0.0502814007410832,0.0370740742245628,0.104294832328028,0.0676608330221188,-0.111875398158435,-0.0882988645830862,0.00206002577972663,-0.0421795018119438,-0.0317032976658946,-0.0471429221656352,-0.0464333440571083,0.0416849268216741,-0.000117719354592227,0.00342071802319997,-0.0270577054317445,0.00523517251211605,-0.0235434377142513,-0.101316243645377,0.0231164132010937,0.043188782414494,0.0362314734702083,0.0239856408401265,0.021303118538188,0.0527324263430906,-0.0722569129220532,-0.0598577508790498,0.0519896181814957,-0.0259435510965511,0.102927013627984,-0.0281980766324436,-0.0456327563568024,-0.0358981149601288,0.00869443907487397,0.0894726995742354,-0.0239495325956972,-0.0190484859299142,0.0807580647039927,-0.0249895700278636,0.0127147622961705,0.00228211909906513,-0.0658178575051552,-0.0102873181269844,0.0650118453065333,-0.0567738605705787,0.0581274124135109,-0.0695021965136684,0.0253748622932199,0.0247335157948464,-0.0195450376608418,-0.0333393723615504,0.0823244149771534,-0.0614501813673199,0.0523334217019216,-0.0188340310822953,0.101146401110913,-0.0368973345062264,0.00649045687628368,-0.0033670897361648,-0.0256891199400166,0.0836375699375124,0.00961278900761805,-0.047691282791103,0.0320301710214431,0.0685981568552488,-0.102602654801362,0.0581679217977802,0.0175955404294349,-0.0245819269246641,-0.0193148725664909,-0.0199395436389173,0.0228136019118289,0.0380960706651966,-0.0313815428894497,-0.0451126421517969,0.00934952386635874,0.00420374625387684,0.00755033818896356,0.0154044638970311,0.0146546947728359,0.00990632274120621,0.0495799671455119,-0.0237357954590689,0.00520179682782733,0.0232389349612809,0.0494391794496064,0.00394612830776648,0.0352704088073965,-0.0127357671330326,0.0661538473004609,0.0182722193176292,-0.0401214247846004,-0.0165656267814712,0.0195923605184019,0.0184449464579078,-0.0175239522764951,0.0162806278424072,-0.000555252522640384,-0.00143754607768556
