"","PC1","PC2","PC3","PC4","PC5","PC6","PC7","PC8","PC9","PC10","PC11","PC12","PC13","PC14","PC15","PC16","PC17","PC18","PC19","PC20","PC21","PC22","PC23","PC24","PC25","PC26","PC27","PC28","PC29","PC30","PC31","PC32","PC33","PC34","PC35","PC36","PC37","PC38","PC39","PC40","PC41","PC42","PC43","PC44","PC45","PC46","PC47","PC48","PC49","PC50","PC51","PC52","PC53","PC54","PC55","PC56","PC57","PC58","PC59","PC60","PC61","PC62","PC63","PC64","PC65","PC66","PC67","PC68","PC69","PC70","PC71","PC72","PC73","PC74","PC75","PC76","PC77","PC78","PC79","PC80","PC81","PC82","PC83","PC84","PC85","PC86","PC87","PC88","PC89","PC90","PC91","PC92","PC93","PC94","PC95","PC96","PC97","PC98","PC99","PC100","PC101","PC102","PC103","PC104","PC105","PC106","PC107","PC108","PC109","PC110","PC111","PC112","PC113","PC114","PC115","PC116","PC117","PC118","PC119","PC120"
"1",-10.4973224866214,-2.18731561034485,0.344620232144216,-4.42629498451651,1.42575347823215,-0.379040219977898,0.296306750371132,-1.56970317317936,2.34811880115621,-0.385054251643126,0.334533417528792,-1.5096851909762,2.99472224864002,1.33002180884143,-1.30028590437165,1.65590911630128,-0.493618212461966,0.267835657710874,-0.452057031025149,1.69720979769645,-3.53838197921233,1.51822435611131,-2.40547573373318,1.2392464348958,-1.6209455403894,0.536303565995002,-0.470709480473769,0.452526961709802,-0.399490006408418,1.84251257808341,-0.481829374106714,0.655748582408723,0.0797120952738264,-1.30363530671641,2.02018893873405,-1.61523762616111,0.47129190020175,0.159198217523396,0.441146937433318,0.0448520452848213,-1.64194304298267,0.568902284541007,0.955011519505165,-0.0726569196749974,-0.411084056304523,-0.023889842067508,1.47445064106248,0.590853570210405,0.431622470508448,-0.796097019050969,-0.0160334186827633,-0.951897597227689,-0.176830732159327,1.19311669676621,0.271791575679971,-0.925897541329303,-0.430272791895988,-0.722573226536693,-0.114671976118648,-0.779025361808461,0.0996982769823138,0.719625447657578,0.44041156758662,-0.175328375620294,-0.566744426742893,-0.892967250025166,-0.279113528444811,0.0776526941815959,0.281096414245569,0.0209307630711789,0.235502547475671,0.020597894500739,0.22152482773741,0.216977102553421,-0.0628080571784102,-0.0863177978598771,-0.223262861264367,-0.0765613793925681,-0.0579835905369235,-0.106425911487213,0.25211030014965,0.0520059033257457,0.0705833015565966,0.10803695931378,0.139312814392905,0.134415464979118,0.156726165014527,0.121253744285956,0.212459947435936,0.484258384804157,-0.345860710830184,-0.423175933308743,-0.136327847462191,-0.0587466152397728,-1.07292646989166e-15,-7.80625564189563e-18,-8.46111375407688e-16,3.08292887746253e-16,-2.14455189717633e-16,-7.76288755499621e-17,9.78167200016422e-16,1.44394045331619e-15,3.10515502199848e-16,-3.20923843055709e-16,-1.19262238973405e-16,2.08600497986211e-16,4.60569082871842e-16,1.98680048107969e-16,-7.94937032866372e-16,1.72604985859692e-16,2.03830008427275e-16,6.20163642661709e-16,6.07153216591882e-16,-2.81025203108243e-16,3.84241249928863e-16,4.55364912443912e-17,3.18321757841744e-16,-4.9439619065339e-17,6.93367618095214e-16,6.29162520693338e-16
"2",-0.185943787312904,-1.72074314945739,2.73312640462703,0.218497447302252,-0.279780770552793,-2.58327952990268,3.04321977729174,1.79548369318708,6.95842552055081,-1.45817002191784,4.24041583305523,-2.13047034986793,0.709405992438033,-0.517846325875348,-3.61647248812785,-1.6552340024029,-0.081364555065738,-0.526865822595168,5.54607866127813,5.4576284298396,-3.93720843822062,-3.47640713290739,1.0050498885003,-3.73397561772761,-2.61822565230443,-1.47143946672822,0.45959023970779,4.19737911316235,-4.57562695537216,3.37480641257093,-0.404322537006525,0.0977011257838489,0.659316654169021,-0.773878362993092,1.27802600419232,1.30983673783011,2.99634843543349,2.0358906240691,3.11041235347229,-3.64984435868733,2.19990683465989,-2.41205637466157,-0.433862257214951,0.504068730531415,-0.789280604996414,-0.651613595635597,-0.350939765004369,1.59252355601983,-1.24725734218998,-0.544949252901603,-2.16071594248305,2.19225831609473,0.218793632004923,-0.925886259995898,-0.603693384681298,-0.277210585119828,0.215813935255512,0.183961355053064,0.265765290049665,0.387890309378933,1.56062028016104,-0.570135867948016,-0.153669489145311,-0.755048162024039,0.383462287507614,-0.0347983052294272,0.521188604731512,0.0604864386187569,-0.0918497587208525,-0.481962160020466,0.177940753118596,0.262415029140206,0.271203091742904,0.226402127161328,0.310234718538146,0.00873614619443957,0.0327061659366043,-0.0302635438282391,0.041559592281226,-0.0415132635723955,-0.0401371755761744,0.0186978575739275,0.0726926842775928,0.0353230686198593,0.040109521846978,-0.00747639026077515,0.00421919953430618,0.0185226495819811,-0.00383405252348806,0.0299150338446518,0.00736335797798147,0.0145644355948099,0.011573602807152,0.000568627288035355,1.2490009027033e-15,-3.15025783237388e-15,1.28369537222284e-16,1.33053290607421e-15,1.47624967805626e-15,1.25420507313123e-15,1.65839564303383e-15,2.69922972861991e-15,4.71844785465692e-16,-1.04083408558608e-17,1.61329283265843e-16,1.64798730217797e-15,1.74166236988071e-15,8.66494376250415e-16,1.24206200879939e-15,-4.9960036108132e-16,-3.88578058618805e-16,-1.55778168142717e-15,2.14411821630733e-15,1.75900960464048e-15,-3.81639164714898e-16,2.2586099657218e-15,1.2490009027033e-15,1.49880108324396e-15,-3.49145625605507e-15,-3.23525928269675e-16
"3",0.352356896307515,1.54191237339631,-9.71837840383877,-6.03218834736236,-2.5963820227473,-6.84356224378302,5.80891405951286,-0.32175322575905,3.81628286528383,9.3117757327868,7.87510009115864,2.75014064788626,-0.953735899054177,4.70268396911171,1.54408208341262,-0.404104393749177,3.10241531448488,0.344192429724768,0.489399896089235,0.31920396316513,0.19324675377816,-1.83221098701063,-3.35496521670411,-1.54285181388384,-2.39280555260701,-1.06774659490256,0.99213279844509,2.94756081102996,1.54617971633424,-1.53261997929565,0.786003246288442,-0.575238857449269,0.85287294482661,0.771571307768739,-0.947157985685751,0.407495300408358,-0.00419646047962855,0.0060243876504509,1.33049911484736,-0.599501735140133,0.146171385036345,0.493230243624505,-0.159787326297949,0.748722627725403,0.107966466152555,0.073068548249431,0.274357016898095,0.319978771193574,-0.67278742980219,-0.202984110739934,0.760727490709276,-0.265438924982955,0.334048210457629,0.261357279343726,0.0375625710926199,-0.368874224234006,0.334489132085794,-0.218118692512975,0.0710924239429168,0.713471286512409,-1.01373417686632,0.0453263361379261,0.228176895878808,0.961710460288385,-0.344383672248289,0.630071185529575,-0.415808705837953,-0.176084955621599,-0.248888663394316,0.318884730763425,-0.0292226133498271,0.163177560491608,-0.0392293133610711,-0.169557148240438,-0.332632422000627,-0.0421190628556307,0.116301234371893,0.0675658914590208,-0.0189956141532697,-0.28864592222244,-0.392216863937202,-0.0726184904437838,0.00629903876893756,0.305548447472752,0.213506209762734,-0.0417989831457259,-0.321228053613603,0.315046643991729,-0.522723048733553,-0.0646742135396456,-0.264078397390744,-0.0890427306630409,0.0487516275093887,0.0285435643252907,5.61529989173692e-15,1.59594559789866e-16,-1.45716771982052e-16,-7.06682976026052e-16,-1.54563861709534e-15,-2.74780198594726e-15,-1.46757606067638e-15,-1.97671740087557e-15,9.64506252643105e-16,2.23779328401008e-16,3.96817995129695e-17,-1.70002900645727e-16,6.45317133063372e-16,-1.90169061053957e-15,1.79890824458795e-15,-2.52315529580827e-15,1.31838984174237e-15,1.30971622436249e-15,-1.18655085756814e-15,6.18428919185732e-16,9.60169443953163e-16,-2.30718222304915e-16,-4.19803081186387e-16,3.59955121265187e-16,-1.24794380558513e-15,3.22983827183432e-16
"4",14.0860144397135,3.48342230611216,0.0692700922049601,-3.30095289179824,8.39645596678715,-4.71964536946707,1.3636747333239,4.02514581688475,-0.560520918960211,-2.92539444279979,1.61936103227232,-4.60276897817666,5.41699495007648,-2.81222463549705,-2.89980326257024,3.28358930131178,4.34789907257576,4.83827792646828,1.23968238153232,-2.80996807963286,-0.961328201868162,-2.71363833251544,-0.645024603374768,-1.41204061476425,0.247200195196171,0.822450366676526,-0.612373080082212,-1.09152018241233,-0.22339397780042,-0.979373922883313,0.62471977152957,1.23062066836854,0.453043793623399,-1.30591379927054,-0.44788168299473,0.00506780762226978,-0.545345632914989,-0.299196729729604,-1.71205649661095,-0.784340078483496,-1.06925805401657,0.0101407804468039,0.330582547575731,-0.00963270646049752,-0.0640908312193877,0.151892583283243,0.0652069275765277,-0.0155029914368937,0.455873620772049,0.20155559072447,-0.198051325773566,0.0308440032510576,0.365587830471844,0.120554275392952,-0.369429281674141,-0.118648450839213,-0.0771303966020345,-0.0713816536563148,-0.347143739681525,-0.12465352959486,-0.0366826537902675,-0.242069566587618,-0.142282230537209,0.0787409157009879,0.0961829054635708,0.198454700315026,0.049234503309058,0.051978221355026,-0.12796743545198,-0.0981549779379479,-0.0268077583029668,-0.139700889623442,0.011906096928106,-0.0228438215900964,0.0279716526371694,0.0229890644447934,0.00179253709916432,-0.00291292728031137,0.00485995653426309,0.00448193905842657,0.0301534662508809,0.0205992022835263,0.0254750298852772,0.00833283592967646,-0.00518882157259769,0.0178870331268231,-0.0094698271873041,-0.00197910120576575,-0.0115968716081058,-0.0101254717748163,-0.000396276656600277,-0.00562816584151545,0.0012062870946224,-0.0002440669978955,6.80011602582908e-16,-2.22044604925031e-15,4.4426268219766e-15,-3.5605199344424e-16,2.68101513212216e-15,-1.22991894446756e-15,9.87057657830803e-16,1.47971912500822e-15,-5.82867087928207e-16,-1.97758476261356e-16,-8.84708972748172e-17,-8.6909646146438e-16,-5.3776427755281e-16,-4.33680868994202e-18,-2.28983498828939e-16,1.76421377506841e-15,-1.65839564303383e-15,-1.49186218934005e-16,-3.40005801291454e-16,9.97465998686664e-16,-7.3899220076612e-16,3.12250225675825e-17,-7.63278329429795e-16,-2.39565312032397e-15,3.35511783286502e-15,1.61437703483092e-15
"5",-9.31711413513876,-4.15018108513731,1.8965402245568,-0.353376763544056,-0.451538184297447,1.3803822012523,2.85654077087331,-1.41241746827407,2.25709194129621,5.06895660326232,1.70501012058558,-3.38777923936797,2.07512697941776,-2.20140832340412,0.0890234511598356,-1.31443779111563,-1.2043603044598,1.82307117153332,1.64068619277376,1.33624694362767,-0.41874859938129,2.35322266991721,2.46544711843002,2.64104479258696,1.10997101272359,-1.80425694342261,0.357834673931488,-1.52714751792143,0.111199262819912,1.4628318619846,-1.89266312115476,2.72894823838933,0.205025709550417,-2.65138283418963,-1.55054545997655,-0.626447340875497,-0.11589022345959,1.54764590464279,-1.34566289406388,0.889842509868049,-1.11489338716333,-0.21008913779132,-1.37482693949999,0.406777919404931,0.854710853729901,-0.690083758077597,-1.92300403827579,0.249829462808637,0.379698954357633,-1.26479120931818,1.36445755300392,0.67625181259452,0.278295834216332,-0.360570247448588,-0.749060384753005,-0.0743559350454206,0.327986673316465,0.0461407359600647,0.360969268337528,0.621026505435894,-0.267149631410667,0.0628462187235436,0.365868135709646,0.233720721866141,-0.782971097274589,0.25434223630297,0.210652692367015,0.0011478027296063,0.218958494795031,-0.473394682150362,-0.519832455963993,-0.160924194799692,0.642610899357688,-0.204755235308453,-0.0752380156655768,-0.197143484763759,0.269317672295935,-0.036582580517489,0.225650369558116,0.0320796332416745,0.0464535170172761,0.0518042259464391,0.0429557638854673,-0.00468550596460098,-0.0264990559964684,-0.00274419948719373,-0.0317528597239969,-0.023815287581202,-0.0131836588686129,0.0112182221996496,0.010836832303497,0.0172591716528697,0.00149959990926037,-0.0111410418598626,8.08381139805192e-16,-4.05925293378573e-16,-2.64892274781658e-15,4.78349998500605e-16,-9.30679144861557e-16,1.02869102125425e-15,1.30451205393456e-15,-4.3454823073219e-16,2.15105711021124e-16,-8.67361737988404e-17,2.90566182226115e-17,2.12156681111964e-15,-9.0205620750794e-17,5.46437894932694e-16,5.65519853168439e-16,-3.50414142147315e-16,5.68989300120393e-16,-1.06685493772574e-15,-3.12250225675825e-17,-4.71844785465692e-16,5.86336534880161e-16,1.04083408558608e-16,3.22658566531686e-16,3.96731258955896e-15,-1.21484853427001e-15,-4.17417836406919e-16
"6",-3.84405206461404,-2.61762294414577,-4.49400816300367,-7.58174093682619,-3.96224350196546,5.15153902420595,-0.865994567856497,5.23697956230645,1.28276536640925,-1.6728984097567,-3.97382563887596,-2.32602134296881,-2.8318298222661,-1.15232242357277,-2.18492928721357,3.21390085403655,-2.52204239755614,-0.666318618663196,-2.82876050144272,2.03481177124827,2.1102797051375,-4.28813626443879,-0.583726802222513,-2.52797930954093,1.22630188491933,2.13738873696288,1.39656989473865,1.56654297833787,2.11774680548547,-1.99347989149199,-3.75709865147477,-0.429448257599291,0.808581415614948,-1.25762574545256,0.077634700222052,0.386361440172616,-1.34169911575447,1.27954138906274,-0.386861489909461,0.326462203604527,-0.029679007927838,-0.338178029447664,-0.489016313436936,0.721441318562777,-0.816600385856757,0.588830602604732,-0.0164200387651088,-0.36900275130947,-0.491541528201219,-0.779511751924807,-0.0421720878148326,-0.0479640333004005,-0.0304218357646686,0.472445492438616,-0.177720215386156,0.00620491442425969,-0.243914821827056,0.343029857845571,0.650842760626211,-0.113819759054997,-0.153344153367148,-0.10364220807547,0.182900143577118,0.0573165143417755,0.367533566063188,-0.383245263991232,0.338167903804194,-0.0352013896120359,-0.374564447583493,-0.156501790400954,-0.0527897112813002,-0.111134603355934,0.470685432697008,-0.158238038727299,-0.0934473553880175,-0.320145788642015,-0.326641124523084,-0.408231737821063,-0.355707566472355,-1.28985208789533,0.156097193316792,0.0718827801998806,-0.450154806710692,-0.0818574832417753,0.31139900359341,0.636056320393171,-0.0340449522070289,-0.0739593967684733,0.0407614625036629,-0.12531268919382,0.0430215521104935,0.0753265649490742,0.00341216823362408,-0.0290060499036488,-1.46063716677247e-15,5.55111512312578e-16,3.24393290007663e-15,1.1666015375944e-16,-1.39558503642334e-15,1.22298005056365e-15,-1.62196645003831e-15,-1.28889954265077e-15,1.57512891618694e-15,1.08940634291343e-15,1.60461921527855e-16,-9.0205620750794e-17,-2.28983498828939e-16,-4.66640615037761e-16,-2.56739074444567e-16,3.27862736959617e-16,6.93889390390723e-18,8.67361737988404e-17,1.02695629777827e-15,1.38083988687754e-15,1.00613961606655e-16,-9.61036805691151e-16,-1.09287578986539e-16,-6.22765727875674e-16,-1.59800558202638e-15,1.30104260698261e-17
"7",6.44518711776517,-11.3400917034436,1.42033304877593,-2.42810839372252,2.25393876958112,2.63001687537817,1.95372013433559,-0.96146174415839,3.75339167995481,-0.498527314515718,-0.762460248792232,6.54870934601764,3.25108642232064,-0.794013237540331,-0.856086817348569,3.01624158650195,-1.79734188431659,3.08424897065908,2.29359856517898,-1.52021698998711,3.75728696096812,3.62269217296616,0.639860068470823,-0.807360969539215,-3.09493943746518,-0.884393533317481,0.651545164301216,0.69826373559014,0.658635775500716,-0.485140316740936,0.567371599366132,-0.774888477246552,-0.734357389781648,-0.540330128641404,0.900559387813442,0.990444939507333,0.445601187141474,0.123984378788137,0.237698098604495,2.25362885370788,0.169388181465706,-0.0249867932083479,0.299159063844605,-1.35627999697883,-0.0596441870607936,1.28318527089452,-0.356876173796566,0.459213178032835,-0.457807841293287,0.719803016402082,-1.09526161271751,0.491106058228972,0.0934899960241241,-0.0867840484610392,-1.2820434215189,0.62049713430591,-0.782527411439104,0.699777464065595,0.673720018500736,-1.50812435725525,0.751192180934089,0.390785060912116,0.36635273536192,0.243877167500115,-0.584830735571749,0.227404251995562,-0.312136518850918,-2.38200600777096,0.119496941688793,-0.418366566806042,-1.27927302870356,1.00325191309022,-0.383659795227545,-0.497405528806558,-0.292485301064279,0.497254922864055,-0.514850537803187,-0.162771991246652,0.0360963621957361,0.0727657019310674,-0.00269059993793847,-0.107967698965382,0.0544995836531856,0.10380351840023,-0.0466988468058825,0.101505567599248,0.0632517023170883,0.0673854426576369,-0.00482611555354521,-0.0444571593580361,0.00540858105937947,-0.00496904664785275,-0.0137886200882949,-0.0229695468113717,-2.70963806947577e-15,-1.78676518025611e-16,1.39905448337529e-15,-1.67834496300756e-15,-3.22658566531686e-16,1.40252393032725e-15,-1.10068204550728e-15,1.07552855510562e-15,9.8879238130678e-16,-1.4658413372004e-15,1.92359149442378e-15,1.99493199737333e-17,8.39606162372775e-16,9.04224611852911e-16,2.39391839684799e-16,-1.22211268882566e-15,-3.12250225675825e-16,-2.41300035508374e-15,-5.18682319317065e-16,1.70176372993325e-15,1.8995222061946e-16,2.58126853225349e-15,-8.03176969377262e-16,1.346145417358e-15,-8.14777932622857e-17,1.39157348838514e-16
"8",-6.97072920605544,-4.53974985853035,1.10870101491057,-2.0323037425164,-5.6990848003726,2.40922701169767,2.35516473998377,4.25422454605052,-4.30949363360604,-4.41292368988975,-0.172087029649608,2.69945920713531,-3.52031092851263,1.86551295618279,-0.912581778311454,-1.3835805654249,-2.98781408598723,1.46334691495335,0.108087384652257,-0.70725889137994,-2.51486324564916,-0.232326155844479,1.55083110393396,-0.349351542266357,2.39978901527836,-1.40476135949837,1.44865239718747,-0.328312460369503,-1.07749149632778,-1.96916010849851,3.12751320931701,1.57590466813856,-0.453980182876403,2.49221823459415,-1.38106794616476,-1.82547905275539,0.635000086483885,4.60248939857803,-0.358007352766094,-1.65709501215535,-0.661365021129336,2.26750887848513,1.19204658063685,-1.3630528390294,-0.877433214159892,2.285487004492,-1.6396156907365,2.76492362383133,0.843817920125814,-1.89028978647159,-0.647033002869772,-1.78793715990747,0.455288000109739,1.33138340703882,-1.33945536002518,-0.842717080795854,1.90283944766595,1.14954904845152,-0.437374364279131,-1.3824331018891,-0.806265840564023,-1.13069166114643,-0.304980258521877,-0.162343939912654,0.993382631722876,-0.0322851949431621,-0.320805431713687,-0.227367316033853,-0.254503635337883,-0.00584897136547224,0.051942835134023,-0.34212324490729,-0.177908151908653,-0.136186444025285,0.0591329302713944,0.0417086479877185,0.117685675935102,0.0167779611304911,0.0534425811274312,0.0652472773546451,-0.0328810656219876,-0.0805816431335693,-0.00190527334582521,0.0772697812883587,-0.0547438993449279,-0.0851059592108615,-0.0322813265880292,-0.0129251635961673,-0.00378711037543763,-0.011167538750065,0.00137384583891385,-0.0132730421711459,0.00743991944175018,0.00387821221918507,4.48252546192407e-15,-6.59194920871187e-16,-4.11476408501699e-15,-4.41487124636097e-16,-1.41726907987305e-15,9.71445146547012e-16,-5.30825383648903e-16,-1.5404344466674e-15,-9.29811783123569e-16,1.90819582357449e-16,7.06899816460549e-16,-4.47558656802016e-16,4.44089209850063e-16,-5.95877513998033e-16,-1.59594559789866e-16,-3.22658566531686e-16,8.18789480661053e-16,5.10008701937181e-16,-2.08166817117217e-17,2.74086309204336e-16,-1.14491749414469e-16,-1.94289029309402e-16,-3.50414142147315e-16,1.7277845820729e-15,-1.52297879169039e-15,-3.08585622332824e-15
"9",5.69174561974841,8.53323911114428,-14.3751151129989,2.99916850294815,-7.88985254902378,3.27202633464572,-13.2483962475482,0.270855811693658,-3.08397213125867,-0.683793057147032,2.30705372891892,0.466022947617264,-0.201511868910146,-1.16874873254292,0.117011943650404,1.18423541688455,-1.19641013530609,7.76722664859358,-0.449447304065037,4.52291493223345,-0.193367703213272,2.70169558354329,1.98588915522991,0.166165225976867,-0.702869020552704,-4.7002412941218,0.0793211931791926,0.68056033865142,-2.58081714038988,0.25903433310462,-0.191191182246993,0.427451788164866,-2.99293539527769,-2.28312517190969,-1.72865043900957,-0.51493022883741,-0.598247202205355,0.569583490522549,-0.99637145081514,-0.2322774119985,0.75519441929011,0.894593745156856,-2.92592101991042,-1.25698854814018,-1.77344540613535,0.854161427222391,0.853964510967201,-1.96319447786813,-0.320234420275454,-0.950559078187782,-2.15958925814346,0.147082951086247,-0.0443985934144625,0.230488637573856,2.93518744290623,-0.534793241529797,0.755673084429633,-1.31261505458235,-0.765720818614669,-0.388065121469311,0.107603110248916,-0.0675062486030289,0.0722012852164023,0.780279885585083,0.175615350246526,0.509774260542699,0.19998574028805,-0.350629715925825,0.433785813847376,0.0778644952891543,-0.177283074078254,0.107793440608691,0.0343616129193912,0.0589424986438097,-0.189131437141086,0.164914035348543,0.215404150896267,0.0553900601705975,-0.0566447953638518,-0.0754991012731505,-0.0302775706922281,-0.0399719066960233,0.0178166095491595,-0.030212279000235,-0.0112999639686026,0.0154863988097448,-0.0131544518544243,-0.00266368642831764,0.0183546793403925,0.00784817760199932,-0.000862305600510375,0.0013406734199594,-0.00842722269994272,0.00451291466570673,-7.71258057419288e-15,2.28983498828939e-16,-3.1641356201817e-15,-4.16246898060635e-15,-1.40859546249317e-15,8.32667268468867e-16,3.45209971719385e-16,-3.24393290007663e-16,3.46944695195361e-17,2.03656536079677e-15,-2.38437741773012e-15,1.1067535776732e-15,-7.28583859910259e-16,-6.73506389547995e-16,-1.4883927423881e-15,-4.21537804662364e-16,-6.73072708679001e-16,1.59594559789866e-15,-2.61596300177303e-15,-1.73298875250083e-15,-5.3776427755281e-16,9.19403442267708e-16,-7.97972798949331e-16,2.15105711021124e-15,2.07863240508921e-15,3.95712108913759e-15
"10",-10.4719751251466,1.84357185909812,1.52037419649659,-1.51302661815215,-2.67136917697348,-0.928386248655488,-6.01183962902269,-2.82105274976292,-1.18171181137572,-0.970834261718735,-0.213973982230896,-0.913953083991202,1.33713790740484,-0.334648586887064,-2.74802463658124,0.839694231595717,-1.25554742157336,-2.75366310124364,1.33954169366772,-2.70777177853968,-2.25892836170644,3.06466253651954,-4.42385339169695,-0.638525853056595,0.812714275142426,-1.10198613903528,-1.652202274602,0.389142469962861,1.90441433931251,-2.79989114576371,0.801789847519064,2.04475906096895,-1.13714631082345,2.13409048477818,0.606671739073086,-0.490243634021003,-0.609515856413657,-1.62827363938088,-1.75653876639898,-0.97064021896309,0.485291433326695,-0.886308278137492,-0.207985904705215,-0.346021983852885,0.322945216846465,0.127698803873794,-0.452865067429351,0.236149601522372,-0.92147289274163,0.0195319893729241,-0.613990513577235,0.290439659792647,-0.270457423027567,-0.773356817307753,-0.570069918264049,-0.0538014424799318,0.435975285112594,-0.488794223117152,-0.0081560185854205,0.324901697049767,0.449713224457145,-0.050441682698939,0.225503805779733,0.202221836236911,0.00399748681881777,0.00469794135307895,0.118248049140789,0.0451123080907577,-0.159497193415326,-0.197715420775983,0.0211517610248683,0.135174887630424,0.0581224034222676,-0.046113169546678,-0.062214240564611,0.0324183218629613,-0.00674303185120196,-0.0284961737575116,0.0124651942079137,-0.0531842884365997,-0.0305886093289902,0.0163569423978004,0.0147240738010864,-0.0103047305184841,0.0251938185699323,0.0206922928050815,-0.0136043847433272,0.00387001696966407,-7.6728830730623e-05,-0.00384114165181387,-0.00163998520922505,0.00637153710553156,0.00126333392623508,0.00243091193443816,3.66894015169095e-15,4.9439619065339e-16,-2.4754504002189e-15,1.78849990373209e-15,2.31368743608407e-15,9.27209697909603e-16,-3.03229663600746e-15,2.09034178855205e-16,-1.196959198424e-15,5.95010152260045e-16,-2.63157551305682e-15,-2.60902410786912e-15,-7.32053306862213e-16,3.37837396946483e-16,8.6389229103645e-16,-2.89265139619133e-16,-8.98586760555986e-16,5.53376788836601e-16,8.17054757185076e-16,2.89698820488127e-16,1.71737624121704e-16,3.87710696880816e-16,1.39211558947139e-15,2.08166817117217e-16,-8.44349546877399e-16,-9.59356292323799e-16
"11",0.0490019414485535,0.317410266684596,-3.06771883072188,-1.01546962568376,3.72618956534707,-4.19235891529719,-2.11814535796557,-1.47790930152906,-14.7376689108823,-3.18712517042381,-0.0709707646083292,-3.10305255679993,1.72624511172347,3.12306977736676,2.78875906671244,2.05814109798624,-2.03067669310303,-2.64255406201198,1.46257016228842,-1.62690635573451,1.89644849901223,-0.219202091244738,0.508796792065893,0.53823335256674,-0.742123173329514,-3.02342119848966,2.72423738141266,-0.230548805053384,1.69857948541986,0.61741932436852,-0.76681737982671,-0.850291149527394,-1.14351998098973,-0.737538868030189,-0.1167476268252,1.02743689455042,0.585690506242027,0.624204158275186,1.66977931398166,-0.594344582674668,-0.776743024842922,-0.901301541448741,0.404675081740133,0.286172679138244,0.318352804481254,-0.147065098839816,0.0651406170325746,0.528700228660603,0.501080840547126,-0.435296505336858,-0.0879303299010615,0.538449325171295,-0.0325119355938961,0.231427487565193,0.0407889614503249,0.0705757931892016,-0.210747067418165,-0.0231460363236478,0.238853116381513,0.241260944952567,0.010100237137318,0.0628328026445841,0.00278147303548483,0.00683391230681254,-0.145817611955991,0.00437957332225389,-0.154449789824844,-0.093352666163689,-0.0120037922691843,0.0562489815092948,0.0698055058478376,0.0305746253062742,0.00466971792987284,-0.0114931207844124,0.0391467490666423,-0.0212611888394445,0.0140210043079664,-0.0463951353973046,0.0053687834551423,0.00623315227354836,-0.00329865503758948,0.0126095847647759,-0.0288412797422699,-0.0055875534377039,0.00670686891817163,-0.00597553947153258,-0.00230613687053904,-0.00226781165926926,0.00193357361090804,-0.00438180359178127,0.00224823645438933,-0.00127424911480192,-0.000883197462334298,0.000375172127982569,5.09314812546791e-15,9.32587340685131e-15,2.42687814289155e-15,-2.93688684482873e-15,2.43034758984351e-15,-1.1067535776732e-15,-4.47558656802016e-16,3.24393290007663e-16,-3.33066907387547e-16,2.8796409701215e-16,-7.05165092984572e-16,-3.98986399474666e-16,-6.93889390390723e-17,-3.66894015169095e-16,8.46545056276682e-16,4.8919202022546e-16,5.96744875736022e-16,4.37150315946155e-16,-9.43689570931383e-16,-9.71445146547012e-17,-1.08593689596148e-15,1.00613961606655e-16,2.77555756156289e-17,8.39606162372775e-16,1.87556133818267e-15,2.30935062739412e-15
"12",8.20731950640354,-5.15376106754456,-1.2899360219836,-4.16362555764776,5.1394614010954,3.48941649680463,5.91507221805977,-2.23452445752694,2.0888531183371,4.2993923535343,-3.41613191962358,6.92040688313472,-0.245538256593179,-5.38333872799861,-5.88873588480956,2.61117505359521,-5.45301422725323,1.57314930395478,2.46504476601632,1.02108014879683,2.57262938265376,5.05598319226466,2.9393200051438,2.20736407236261,-0.299230223109059,-2.99657480256088,0.0534809062822112,-3.12007095847923,-1.34990276527589,-3.46664566458414,-0.93364865112371,-1.2194227195374,-0.474718801114466,3.2189698800447,1.92303718664665,3.65103011536629,0.145692317797315,-0.214811401116585,0.215343106857336,-2.73879079893411,-3.79033350094965,-1.11095850812372,-1.81971428622224,4.29833392488206,-0.784656182870081,-0.67160217430963,0.395841285798577,1.58856731711812,-1.18438051239536,0.934212902904838,0.250033441815031,-1.40134471187967,-0.653157960451093,-0.116960185978832,0.863619614806487,-0.0702259204046417,-0.199947022504186,-0.537757749242622,-0.572885223015814,-0.096991007705456,-0.673580423791559,-0.105482819307931,-0.185168796779396,-0.384463106988528,0.313493182212338,0.288336055546457,0.525241821205179,0.0874788496888891,0.0261373002022396,0.185403503270502,0.16851663424054,-0.473871759492948,0.0175863209527593,0.232044690364335,0.211655866310155,0.0466586233622564,-0.070666138866393,0.0389488054884438,0.0144894562388962,-0.0261286806958964,-0.11902063025269,0.0378018610580315,-0.0243576884969094,-0.0135460922845274,0.0201561201325881,-0.0287082227522338,-0.0090167418489316,0.0112355366426773,0.0106903622266418,0.0197909971692143,-0.0101460735630827,-0.0107715832740528,0.000896680828677359,0.00332384889979793,-6.44102826630188e-15,-3.7175124090183e-15,-1.83056694802453e-15,3.61039323437673e-16,-1.55691431968918e-15,9.0726037793587e-16,3.27862736959617e-15,1.11282510983912e-15,3.03229663600746e-15,1.89084858881472e-16,1.81430391543724e-15,6.08887940067859e-16,1.06512021424976e-15,-8.21391565875018e-16,-2.25514051876985e-16,-1.24119464706141e-15,-4.37150315946155e-16,-9.67975699595058e-16,-9.52363188311267e-16,1.43721839984678e-15,6.69603261727048e-16,1.56992474575901e-15,-9.90527104782757e-16,-1.33313499128818e-15,-3.80473647379476e-16,-9.4542429440736e-16
"13",7.69340511153654,1.61213212641011,2.58574700520595,10.5504434612593,-3.70200898890676,3.86229197631873,3.66061574139755,5.18879096425279,-4.34339247904269,6.81699520346379,-4.10782336039888,-2.49931790980849,3.03456292175432,6.18434977803825,-5.05894961648773,-2.57088889938867,-1.65748232486869,0.187185507627497,3.02549990849035,-0.504036146228009,0.32439384860262,-1.30929061493256,1.38500745917909,-0.951334204494863,-1.80331443822353,-0.758200089350848,-0.806911193562526,1.39414772096943,1.17277691016581,-0.132218630404805,-0.953962492021529,-1.28402077199294,0.66073265469652,0.95259095232576,1.47232529539265,-1.59530857315376,-0.414663640121338,-0.443080463904347,-0.862682465353082,0.250752880263583,-0.709287250357503,0.239338316117001,-0.0582879590151967,-0.841180133757797,0.158356984909354,0.0865301211356879,0.202829374754017,-0.822919924626155,-0.154006292322691,-0.0519491064819468,0.392586138739914,-0.379620279113357,-0.203540476597282,0.113431674165372,0.0947644218519231,0.0435794835425191,0.383113652154636,0.0993519323893582,-0.250944089774725,-0.0483917896394939,0.132320782503628,0.0292987675878811,0.195618228301884,-0.0336902146383383,-0.033233116055732,-0.000902441812288587,-0.0985427842685721,-0.218737327363862,-0.00111236831598693,0.0594560456932929,0.163821869154199,-0.252578716499898,0.103888105867393,-0.0802796145278299,-0.118150031922803,0.0328768517295973,-0.234167435709126,0.0320258634421305,-0.0701864770621164,-0.108805887965594,0.177062715087433,0.0972542692170978,0.290529979258902,0.303501435070992,0.222544057674646,0.0451398074824242,0.107984215928099,0.0980547966087044,-0.107055814134857,0.621234796379397,0.215044117922918,0.254114097357794,0.25958575827515,0.059270642255077,4.11259568067202e-15,9.5886840134618e-16,3.91527088527965e-15,1.3912482277334e-15,-5.97937498125756e-16,-1.01784899952939e-15,2.1618991319361e-16,-1.97617529978933e-15,-1.72604985859692e-16,-5.95226992694542e-16,4.68646389056859e-16,2.27075303005364e-15,9.12464548363801e-16,7.65609364100639e-16,1.67010502649667e-15,3.2309224740068e-17,5.72458747072346e-17,-3.18321757841744e-16,-2.38090797077817e-15,4.69025859817229e-16,1.30537941567255e-16,-8.03827490680753e-16,9.95297594341693e-17,4.20670442924376e-17,1.42948668310425e-15,2.39524654450929e-15
"14",-0.182952645550282,0.0583402789490442,1.88903348230166,-4.17069008133833,7.38104135139197,4.37788561045171,-2.7384445060324,-4.92422385921835,-3.29383922415218,4.53260946061375,-0.905497515972045,-2.05640509931223,1.82353092922398,-1.35899442587419,2.24433619115448,-0.858084484341689,1.86786555432065,-2.4281544341394,-4.25275741413841,-0.104878794423524,-3.59873589448009,1.77915098703957,0.957205057899127,-0.0726773781678706,-2.36064970822535,1.76789256155899,5.93637861867338,2.72162354936843,-3.08082669877271,-0.894619093986373,-0.0506507434799813,-2.51191142024398,2.18238212834925,-1.57130978539237,0.0776593896631982,0.475639990101308,-0.621305495408909,-0.600432855351294,-1.49858634352908,-1.59808448259487,1.13937758064562,0.00635983291829856,-1.46392681238068,-2.80642087367058,-0.623545464210732,1.88894326056354,-1.87203943560065,0.375818053498393,-0.0529262585093931,0.9238859791943,1.80290545331159,-2.51681190600858,-1.59282865071704,0.0574590513452626,0.44192164413262,-0.608879424034693,-1.46279177082055,-1.344715538531,0.592280295553223,0.610380752275667,0.4236891259456,-0.989076965230511,0.58935519114975,-1.30964488303541,0.606019601383161,0.573247221458211,0.35735407834429,-0.454892259262004,-0.609080171263822,-0.492357143960973,0.186318927769222,0.317978882950615,0.063545613699489,-0.0871623443245559,-0.279101136507165,-0.241027377640494,0.221108294854656,0.00521358806768088,0.0309915997822748,0.12655974056721,-0.0543163645257848,-0.0868054139841991,0.055703682922443,0.109757227128358,0.0232136678902662,-0.0131593297947648,0.0452046457447734,-0.0557484470685106,-0.0384622772600735,-0.00890273107284051,0.0109086974075367,-0.0172537654839769,0.0069960332409033,0.00474617182197403,-3.05311331771918e-15,3.19189119579733e-16,1.37216626949765e-15,-9.62771529167128e-16,6.12357387019813e-16,5.82867087928207e-16,1.66880398388969e-15,1.24032728532342e-15,2.35922392732846e-16,5.34294830600857e-16,-3.99853761212654e-16,9.57567358739198e-16,3.60822483003176e-16,-1.1293049828609e-15,-1.42941214420489e-15,7.80625564189563e-16,3.05311331771918e-16,-1.37390099297363e-15,4.92661467177413e-16,-1.40165656858926e-15,-8.22258927613007e-16,-2.22044604925031e-16,-1.00267016911459e-15,-6.80011602582908e-16,-2.39825520553794e-16,-1.72604985859692e-16
"15",12.6447732908981,-3.24121165734935,2.59854071642059,-1.77181944496332,9.29699070862697,-3.30576021943865,-4.53449433628963,-1.10133256091514,-1.44250077847657,7.61188401843788,-2.77244191475412,2.53184595653289,-3.66775767835922,3.31916305057939,3.55555110614834,-1.94452542902384,-4.33080061790622,0.836622559534103,2.07085708568142,1.17353599358268,-1.43667993226149,-0.178176010952566,-1.10991503722663,0.738716173786752,5.54129333063908,3.88111542871022,0.484045518861829,2.63338871462766,-1.61467593686141,-0.449965338632054,0.214190229366796,2.2291690863524,-1.4380440306079,-2.0769336724143,1.59048794668925,1.41884870680986,-0.738968072208409,0.020063106971981,1.03456831480922,0.218667912715949,1.20350746224839,-1.27283309246365,0.595347998713473,-0.536062898036193,-0.284049124868128,-1.09786385995936,0.718174644459189,0.628274163263064,-0.666341978644905,0.418584050530693,0.385034354944223,-1.15664401660644,0.184084607209981,0.368118054626939,-0.20346494942188,0.0274144076960287,0.31701224443756,-1.16039264757126,-0.391589496445254,-0.577699665505229,1.20022433213691,-1.19086796351424,-0.457001206878651,0.955725824434102,-0.481373226066441,-0.701270297838731,-0.57220259729638,0.772370342199334,1.27351702663643,-0.659490074721507,-0.587250072358774,-0.82211101466659,-0.681715861932698,-1.02499251706086,-0.0487319974126082,-0.034205130698581,0.0116243209135456,-0.00657633273132444,0.0523536624384929,-0.06719545618563,-0.0873402494114891,0.203352807899464,-0.269990765947221,0.185874379172415,-0.0321129267493078,-0.0191136078434092,-0.0176022852378353,0.00676143403542778,0.024939770162948,-0.0142611580196373,0.0170147834538694,0.0193250680182518,0.0237313650606114,0.00396949599189399,-2.15105711021124e-15,3.40005801291454e-16,-1.23859256184744e-15,8.14452671971111e-16,-3.81639164714898e-17,-5.41233724504764e-16,-1.23512311489549e-15,-1.45716771982052e-16,-3.95516952522712e-16,-7.11236625150491e-16,1.58293517182884e-15,-1.76594849854439e-15,7.56339435525888e-16,2.43988856896138e-15,7.21644966006352e-16,-4.09394740330526e-16,-4.57966997657877e-16,-5.27355936696949e-16,-1.28369537222284e-15,1.02001740387436e-15,2.27595720048157e-15,9.99200722162641e-16,2.04697370165263e-16,1.11022302462516e-16,-1.29150162786473e-15,-1.97324795392362e-17
"16",5.93827949552438,-3.08469812996592,13.2995820560685,-6.39279084395032,-8.21651411269156,-7.3458360127951,-4.30800678280171,-0.190102603084872,-2.66322350171293,0.786287250929572,-0.182758850661921,-1.83799924399634,-1.80072034185673,-5.01321983357629,-1.76301237638047,-5.99795762893105,0.37079888424891,1.38345537827562,-2.15282945938662,-0.31236861328091,0.561610038107539,0.032904393221567,0.922958018998362,-1.86802889323228,-3.00791472315055,-0.091292957877136,-0.506204349133228,-0.444277816821654,0.69501038588473,1.30613705644896,0.719244628581858,-0.450663011716685,-1.4982646894295,0.76596283213041,0.09525747331234,1.03831702637451,-0.771249398842267,0.210526836012542,0.179241705580501,0.663574558888605,0.993667888757988,-0.415162443465675,0.150689708134333,0.727755505635011,0.174374855755398,-0.293715979025778,1.00947751424529,0.153576123854759,-0.175400289719072,0.255338784899844,-0.228555894455038,-1.04811717632503,-0.084596330899613,-0.0968114345987802,-0.460368411439971,0.12904676001756,-0.251836406391798,-0.0209443887102151,-0.439580739051543,-0.405829954256686,-0.670795829052555,0.419194285975299,0.0496870725566572,0.277801343027845,-0.599080770825661,-0.482714546093581,0.284159229754138,-0.938369117148464,-0.121504096342996,-0.0175532620188684,0.130954465967387,0.465554479935014,-0.713597334019368,-0.0553152916850912,0.900215630964543,-0.705647385487594,1.67724673196345,0.0497678019286909,-0.151126636332841,-0.145828489507588,0.450633336819983,0.373470741914475,0.0507182445429931,0.102804381598072,0.0378096662747171,0.107432357311293,0.0133240984895808,-0.0287122295596139,-0.0561294204927882,0.0219935263761013,0.0175858606235117,0.00280267257248214,0.00411467411156706,0.0122455521382129,4.81992917800156e-15,-1.07899800205757e-15,7.02563007770607e-16,5.11754267434883e-15,7.99490681990811e-16,-1.38907982338843e-15,-8.31366225861885e-16,6.37510877421477e-16,-1.74686654030864e-15,-4.96998275867355e-16,6.44449771325384e-16,-1.48752538065011e-15,1.68615121864946e-15,6.02924828119189e-16,-5.40366362766775e-16,2.60208521396521e-17,-2.0122792321331e-16,-9.1029614401883e-16,1.93768612266609e-15,-1.04517089427603e-16,9.97465998686664e-17,8.76035355368288e-16,-4.25007251614318e-17,-6.91720986045752e-16,-2.23703434248934e-15,-8.91756286869327e-16
"17",1.696671441831,-5.52652243670833,0.833500292414167,2.40348667566489,-0.225398995688513,-2.54638066610787,6.06379219146786,-5.12453443840514,0.469343400319387,-1.52158550963816,3.79733926150029,-2.279936022513,-1.91743397935774,2.55103837949365,0.754177608149817,0.312808046310703,-0.972013388462486,-0.0469628684209754,-3.72562513357437,0.58248542683414,3.81176142920524,1.01309859113867,-3.46183724502018,-1.63760515610091,0.797118610201518,-2.73033711357311,1.69556891412302,-2.02628247893432,-5.46365479113952,-0.957386052999523,-2.91999429802014,-3.15708074916539,-0.832963868549639,1.17957201049675,1.62730405294667,-0.830048399096478,-1.63402663787888,1.63102535357387,-3.53079287974242,-0.530028613552754,1.43830566607399,3.70039133883329,1.75397501001067,1.06203521911833,-2.71511984623408,0.420648978345908,-0.466555863022907,1.10400576610762,2.35931833643476,1.92682155391909,-0.503403362282657,1.53016978801548,-0.316533692209788,-0.908887261541869,-0.516557464240174,0.410335685802455,0.620917248194111,-0.349593297711062,-1.35600272705548,1.55917039063514,0.586868876671778,0.763477680258708,0.265967762561066,-0.0466721298831868,-0.67718750560058,-0.0413752317865315,-0.302205774358707,0.245980328177318,0.568803566251801,-0.339041493487218,0.233987523672352,0.103026037202071,-0.164909604800145,-0.331669707048732,-0.0506891523255949,-0.190000867490377,-0.120923166069098,-0.0786454077877478,-0.12869911161206,-0.039681066179827,0.0869079710707083,0.0823908618765897,-0.0759419503050248,0.0361753632967641,-0.0684400861397448,0.0492760860218125,0.0145298929647106,-0.00606154804649471,-0.011199062542713,0.0138572652892735,-0.0124693227821815,0.0152764694701107,0.000817825580748379,-0.0011558373114459,-1.01620101222721e-14,-1.17267306976032e-15,-8.29197821516914e-16,2.0118455512641e-15,8.5868812060852e-16,-2.70616862252382e-15,9.95731275210687e-16,2.72351585728359e-16,1.74513181683267e-15,-6.74807432154978e-16,1.55344487273723e-15,-2.63677968348475e-16,5.03069808033274e-16,-7.58941520739853e-16,-5.03069808033274e-16,-3.75567632548979e-16,5.62050406216485e-16,-9.97465998686664e-16,-1.02348685082632e-15,3.3133218391157e-16,2.60208521396521e-16,-2.61943244872498e-16,-1.65839564303383e-15,-2.71657696337968e-15,-7.18121308945774e-16,-2.0908838896383e-15
"18",-5.73474288190286,-4.36375524939743,-3.33368177267888,-2.66739870525669,2.72137289209167,3.76277357691717,1.22409078481743,5.51309209848857,-0.455008811975602,0.420360455222178,-3.34134398951197,-1.3594375077959,-1.47036479949374,2.83744901898675,2.81346723212834,-3.5332708749607,0.725142494413372,2.84683350465247,-1.63620700468477,2.09628934151001,1.71673805876421,1.7273282147426,2.00499435505065,1.94987297913407,0.591294158789385,-2.07156829839494,-2.47706363345611,0.423451382493793,3.90271021283634,1.66536118974296,2.24263815453199,1.13279322057666,2.21312093424438,-2.10428139766067,1.01123037249074,1.29567037188743,0.514287963819756,-2.22135184021726,-0.338700157939639,-1.54862898252787,0.34550275381896,1.46574448187234,1.62280498354447,1.07037190947587,-1.43857763061308,1.13801600913665,0.0724884366921124,-0.219918798584224,0.326051111546361,0.753617716539429,-0.416683592558194,0.419965997123509,-0.231190585937841,-0.932121252589491,-0.648212459636349,0.272948812386061,-0.287313173341606,-0.641877088812867,0.193520237286585,-0.0727351369650024,0.306614306194827,-0.645331594896197,0.55302176654149,0.278042700381987,0.568745756060838,-0.0741190163807899,-0.289763937173637,0.258836919448961,-0.206332994892245,0.183253549788126,-0.256916984624429,0.070199566256676,0.0751601808758065,0.422096140053061,0.171197131449159,-0.060417408283805,0.141883943200552,-0.0294647114175734,0.0434200440489694,7.04524132299354e-05,0.00806256249276522,0.00954640257811427,0.0146977800950653,0.01063688517908,-0.0145790624964288,-0.000594050714892755,-0.0244291781064271,0.0033420008024093,-0.00186508194494209,0.00251702840358756,-0.0124059653028488,0.00573697450762419,0.00601338438228068,-0.0035972978182869,-3.46944695195361e-17,1.24206200879939e-15,-1.34788014083398e-15,-2.66019845041043e-15,2.68014777038417e-16,1.76247905159244e-15,4.9960036108132e-16,-3.37230243729891e-15,2.6853519408121e-15,1.21430643318376e-16,-2.60208521396521e-18,1.06512021424976e-15,-1.37390099297363e-15,2.34621350125863e-16,1.52655665885959e-15,-9.15933995315754e-16,-5.27355936696949e-16,9.36750677027476e-17,4.16333634234434e-17,5.41233724504764e-16,1.66186508998578e-15,8.74300631892311e-16,-2.46330733588707e-16,1.32185928869433e-15,5.01345926579022e-15,4.34634966905989e-15
"19",0.322312233567642,-2.49922494605009,7.24751172646952,0.479340295277245,2.49119951398748,-4.33808621297365,-2.92369608619733,0.838479708466292,4.02652821869275,-1.20496510359173,-2.97691986951944,3.90208054428572,2.80509742647067,0.367517289651307,5.20080595286671,-1.51504119816442,1.11218051796546,-1.27912450145391,-1.44576682476676,2.66708542315742,1.46503875757601,-2.57734357182268,1.27586940753021,1.85431100688688,-0.641855759269929,-2.30644658161295,-1.85929822718763,0.0669816280462043,0.0434287546202586,-2.83315343525592,-3.72331504906859,0.811117567191063,-1.19511581915642,-0.144133421568973,-0.196126789664775,-0.502816525522519,1.13175752148859,0.431258223191964,0.669449398024437,-0.732320684632867,-0.562334433830564,-0.332997788544547,-0.993464777149655,-1.18582242515752,0.015952971678217,0.281276940737253,1.14216763397176,-0.51417593564234,0.54271899914223,0.563637790141169,0.189540829514231,-0.233893244980893,-0.325396854993066,-1.28755558198742,0.209402053774275,1.07675631587054,-0.348443913549083,1.06836140386912,-0.405406133413267,-0.748090247906426,-0.734682948532631,-0.357737622465535,0.504842602753715,1.34828507661629,0.351836263725567,-0.286562535552639,-0.710485261233704,-0.192567413900635,-0.859469519817776,-2.26925948499073,1.63618099538927,-0.165157324337932,0.249822094064591,0.059851349334174,-0.201892538612805,0.184853750112229,-0.194260190067009,0.442130654417377,0.106718263549207,-0.104395026376785,0.0440791894687143,0.0492242310262312,0.186011588514474,0.00424966595377306,-0.0948488018785657,-0.0584240610923628,-0.0454633436407251,-0.0211187949915729,-0.00118129065794614,-0.0169144363437296,0.00504778522753095,-0.053413282497324,-0.00941014757382384,-0.00385898664421813,-2.41126563160776e-15,1.41206490944512e-15,2.16753698323302e-15,9.74480912629971e-16,6.8738417735581e-16,1.31492039479042e-15,3.20923843055709e-17,2.11462791721573e-15,5.89805981832114e-16,-1.04083408558608e-17,2.77555756156289e-16,9.24607612695638e-16,9.43689570931383e-16,1.50573997714787e-15,2.77555756156289e-17,2.91780488659299e-15,4.9960036108132e-16,-3.59087759527199e-16,1.31838984174237e-15,-4.97865637605344e-16,-6.08887940067859e-16,1.14318277066872e-15,-2.20309881449055e-16,-9.71445146547012e-16,2.65065747129256e-15,-8.62808088863964e-16
"20",-4.99163313574728,0.668620275748116,3.85416464962697,7.21116876202552,-2.57336627133857,3.35894701325497,3.70370339647105,3.18033227891903,-0.210188055224963,2.04214773831887,-0.337315065946063,0.536568784525262,-2.80972168093751,-3.12829929782208,-1.60742329957347,3.15933820389466,1.47489340768883,0.226022119726241,-0.109954063428915,-0.589767620534978,0.330576320892595,-1.13245737580127,-0.804311440174205,4.7443612640846,-0.261157758148012,-0.799803058276849,-0.687215037061957,1.01961284453422,0.329249241487201,-2.66954508732242,2.05578279349347,-1.00296343673736,-0.363403383120314,-0.564709450247738,0.991145558370885,1.49316013521,-0.63603547873052,0.566588747447643,0.287965121634389,-1.12986368700715,1.91596911063537,0.160280509878843,-0.429347649809562,0.552388104754466,1.64544189090914,-0.133127527826935,0.818339134284765,0.447470407344135,3.12550334812132,-0.437478817125926,-0.237564023469512,0.38000875408913,0.76667906453053,0.119801392978153,0.159269917064653,-1.75360914661442,-0.73663368709726,-0.245074465852647,0.660500937221176,0.128852333919875,0.0574262410432267,0.330970684928912,-0.330087594691633,0.616276837182899,0.0327620726546042,0.028712035592262,0.302650908851296,0.358095803739324,0.13007790759987,-0.246253195110518,-0.277288662012733,0.431736103220105,-0.0404874319593042,-0.0920938996454849,-0.226004352902297,0.121872884760718,-0.0527702880376236,0.450868296488793,-0.179681138197076,-0.163668290357127,0.165931858813059,0.0962239471678203,0.158353739575936,0.417072063852787,0.673332452384158,-0.313771496794598,0.379489859772114,-0.184480149812586,0.0537267712644216,-0.261052524092699,0.0679492354776394,-0.115385514811399,0.0553591867618631,0.0507207483739786,6.87666069920656e-15,-6.29704621779581e-15,2.39977308857942e-15,1.08412085732257e-15,3.4515576161076e-16,-1.02327001039182e-15,2.06036359848283e-15,9.7648668664907e-16,6.85215773010839e-17,-5.25729633438221e-16,1.83601506394127e-15,2.50082073105506e-15,-7.405100838076e-16,-7.4761160803738e-16,-2.53811728578857e-15,8.66819636902161e-16,3.83373888190874e-16,9.4390641136588e-16,1.37043154602168e-16,-1.58293517182884e-17,2.90349341791618e-16,-1.75543173747128e-15,-5.70290342727375e-17,-2.0643209364124e-15,3.42336497149119e-15,1.38899850822549e-15
"21",-9.33925723462634,-2.36741791069713,-0.821827852539973,-4.14895186572447,1.28579684557549,0.345614726709369,-2.62619115209692,-0.60978727875226,1.51659463469397,-2.53931101669006,-0.370455117489544,1.51893804116748,2.19088913684062,1.38081919924422,-3.15407083776149,0.565704794270856,-2.0749714729819,0.0278056307540625,-0.607432083678459,2.23688939966268,-0.790108232784276,2.61143982635985,-1.9599927760479,-0.340451493418888,-0.272529350252542,1.63286946227138,1.56632443871329,1.62319349570677,-0.772461305202548,2.26437974771909,-1.08720216671027,-1.68040004409162,-0.736008153744809,-1.16997286852648,0.901535620696361,-4.77629580268676,0.290928432855391,0.694464491844444,0.856239883153087,-1.08396437454276,-2.05007691739284,0.144099412278132,2.67507636604883,1.1881097499435,0.674610656869622,1.3139074034043,3.06107191991686,-2.0388922610551,0.451928335715689,-1.39306324851098,1.42126845314175,0.382371556548291,-0.637066504551463,-1.9707332547089,-0.0980715218286976,1.28435937909101,-0.0627918744122563,0.0967223578047211,-0.245264960280972,0.162098819017818,-0.664509128640746,-0.391088609866315,-1.40119530678533,0.00590733202173989,0.632924412871721,1.34820808592963,1.4885595098599,0.197600099114911,-0.504485605860718,-0.303640757831263,-0.714335360798616,-0.137090093514029,-0.705617800912563,-0.558297130589816,0.0245252634779997,0.141414430335735,0.059197766035111,0.00815781080410762,0.00970653735941104,0.20437525931922,0.0392070664766153,0.0924544321398194,-0.111852711406492,0.0983474137582212,0.0750465907319939,-0.0738223404870195,0.0157025174591438,-0.00282014322063802,-0.00151488699680593,-0.0369034647707264,0.0118606849710465,-0.00064045022042231,0.000976113290334767,0.00639494919557091,-2.43902120722339e-15,1.40859546249317e-15,-3.61689844741164e-16,-1.25333771139324e-15,-2.19442519711066e-15,9.85322934354826e-16,9.98333360424652e-16,6.01949046163952e-16,9.36750677027476e-16,1.22471477403963e-15,6.46184494801361e-17,1.08246744900953e-15,-2.77555756156289e-16,8.24427331957978e-16,3.64291929955129e-16,-1.13624387676481e-16,7.56339435525888e-16,4.30211422042248e-16,5.30825383648903e-16,6.93889390390723e-17,-1.76941794549634e-16,1.51614831800373e-15,-1.28369537222284e-16,1.76247905159244e-15,-3.55835153009743e-16,9.04333032070159e-16
"22",-8.97190354784309,-2.03878575045059,-0.862773217305262,0.145010607583796,0.262826939748038,-0.822852264369366,2.89595058421793,-0.458465626529728,4.13358934562973,2.25531255009341,1.55157165523732,-3.69687005928767,1.9555757331431,-1.20973877814089,1.51452080196211,-1.90156572687836,-1.49466602690187,-0.0983739606687231,0.0546360029003766,-0.802702144792854,3.76651890528705,1.91926297248086,2.7874822194979,-3.2055002213853,3.3005893301918,0.637235973790773,-1.22607742924527,0.442244865935549,-0.0827503210548804,-0.658762357807958,1.0254777537688,-2.21750245694786,-0.50291264478044,0.0553815014114854,-1.59494986586885,0.571494590520029,0.130496385756282,0.439392952757681,-0.214788442976898,0.33089130681356,-0.291821204993008,-2.64809720361694,1.51494778648482,-0.887507472917658,0.894247450617079,1.72019848998937,0.757849405820162,-0.516663197653748,0.399604307112259,0.384296738573981,-0.359999780390747,0.263858561720648,-0.762312350114472,1.1173696170113,0.276739395047288,-0.525329804141508,-0.0758568549746906,0.0617764235698217,-0.949269353225761,-0.110279794123337,0.232327572915806,0.00884346095241157,0.0995445520699701,0.172860932995057,-0.10938478840201,0.013055963835859,0.227260881461832,0.26263786862607,0.145334535621417,0.141364121996201,0.279525788594444,-0.0204942417969479,0.00158519581168555,-0.0961154293753306,-0.00989577164230159,-0.157984746490992,0.0111387708462263,-0.183173110207491,0.165726365130009,-0.0157018488268233,-0.450650235013132,0.0878605114142721,0.461973335452406,-0.155254204642891,0.114495623306111,0.108582028838007,0.0055651448445706,-0.0345736209785705,0.0226087614762273,-0.0264017715947853,0.025883448564518,-0.0185256631814127,-0.019938504810588,0.00474193180947356,-4.24660306919122e-15,3.81639164714898e-16,4.59875193481452e-15,3.66286861952503e-15,6.88425011441396e-15,-4.12170297892089e-15,1.07552855510562e-15,-7.51135265097957e-16,4.85722573273506e-16,1.75900960464048e-15,-8.51749226704612e-16,2.76167977375508e-15,-1.58206781009085e-15,2.51534904016637e-17,1.66533453693773e-16,-1.0547118733939e-15,-5.55111512312578e-17,2.91433543964104e-16,-4.02455846426619e-16,-4.78783679369599e-16,5.3776427755281e-16,-1.80411241501588e-16,-3.85108611666851e-16,1.93942084614207e-15,-2.4761009215224e-15,5.3256010712488e-15
"23",-0.195959962739666,-5.46257154006428,-0.799888342958134,-7.4352618789719,-0.462455219342117,-2.3318847565448,-4.77881397394042,5.73476935227474,3.40437545397968,-3.61222684115411,-3.48685666649389,-7.0892267710643,-1.22895334499843,0.74653730437715,2.89118812064156,3.76100630884163,-0.181528533153567,1.55557472012857,3.07927621440098,3.53600673168336,0.870281636736331,0.677111827017712,0.506931239224926,-0.612778434295532,-2.13730830151822,0.535335233185521,1.40830543920454,2.11757601907818,-0.707175259771289,1.18779164647833,0.58149027978138,-1.12700378227601,2.90986462200692,4.11789603759091,0.380908921257542,0.129813242896258,1.00059640935388,1.86746092898525,-1.37164188569948,-0.0419016902960847,-0.408718808164911,-0.996783305108081,-0.772327287534439,-0.927846736180749,0.653180381848734,0.279502664188446,-1.79283267901775,-0.358492094751973,0.726426258279947,1.42247931692236,1.65823837605655,0.0237095204090232,-1.36118235534297,-1.70352574457194,0.0711092678734069,-0.226553751257229,1.02225525930201,-1.11598213638103,1.35383050356871,-2.23288916267322,0.163497640288372,1.79732173804771,-1.39347086364737,1.05223858207505,-0.387259036019158,0.00186259142996903,-0.331953611886359,0.553340421652679,0.401867445190045,0.718701554548589,0.454007251931329,0.061316439614,0.0925001333985745,0.105652449556787,-0.0612674631316709,-0.0965615985306289,0.0018405287441677,0.16162287016303,-0.0821135423263783,0.074400865379692,-0.0471037727871386,-0.0538671104569685,-0.12564889511404,-0.0304196269122778,-0.0479838519753401,-0.0872556392944701,0.00317022976856322,0.00245451100104368,-0.0117183407634113,-0.0116585096845629,0.0220732110322651,0.0296604977848765,0.00948571411532448,5.07645340362675e-05,-8.56086035394554e-16,2.92908058918684e-15,1.7802599672212e-15,-3.73182387769511e-16,-1.9147010366094e-16,-8.35269353682833e-16,5.39932681897781e-16,-1.23533995532998e-15,1.82839854367955e-15,1.31058358610048e-15,9.48785321142065e-16,2.73218947466347e-16,-2.23779328401008e-16,1.44654253853016e-15,2.95770352654046e-16,-9.57133677870203e-16,5.82867087928207e-16,-5.02202446295286e-16,1.24726617922732e-15,1.20129600711394e-15,-8.98586760555986e-16,2.56782442531467e-15,4.75314232417645e-16,-9.08127739673859e-16,-1.51917053155953e-15,2.58284062540359e-16
"24",-6.52958994291646,-1.36418920897702,-0.0893695853485591,-1.11140457366966,5.81223598196174,1.01811861219477,0.451408101093236,-2.88582032273233,-1.10568130314057,4.02210252469754,-1.62558527340832,-0.398148367722193,2.44533317301354,0.328326317269797,1.20052375507716,0.257894887517914,2.52757256021736,0.450571485395589,-1.4019560352309,0.653821645058215,-2.05930089401481,0.972630000774661,4.07662173642172,-0.478600274440496,0.308481905912471,1.76084484055253,-0.726153183956004,-3.6375176694975,-0.592902485775476,-0.667614165555767,-0.969447756555836,-2.90696280283619,-2.6060624602366,3.00021893206276,-1.81456142394339,-2.17273719576664,1.27021905235855,1.13000056355511,0.291103308552825,0.110170490989837,-1.32589481962596,-0.183237086518594,-1.88606148622019,-1.41745347971748,-1.56051443878249,1.8943967337079,2.29604431838654,0.0147988528926881,-1.15123258069453,0.948564676443367,-0.422590506955881,-0.142362705425588,3.97325316582139,-1.97127662631754,-0.851937710280814,-1.12509759078897,-0.372748842302525,0.0099673579482003,1.83989002479246,0.845167517020253,0.0973406306945261,-0.866223975320902,-0.121654709500236,0.118957341236138,-0.800753780384636,-0.606234662703732,-0.652646549808658,0.721275531912962,0.0102507285772999,0.707863615437495,-0.0176730654226973,0.286606776178649,-0.248505998111121,0.159155386696022,-0.00156273568964753,0.221340336978931,0.150592298138784,-0.136485456325891,0.0514992941020046,-0.0392511870222103,0.067338560520068,-0.0401487349261,-0.0446424466991628,-0.0144811956094423,0.0487289220654859,0.0842654111476757,0.035965303158382,0.0103728476269834,0.0137630213938616,-0.00864974058986106,0.0222011799204545,0.0242917165046447,0.0139511222346339,-0.00457126833557842,-8.53917631049583e-15,-3.51801920928096e-15,2.59406211788882e-15,-1.28586377656781e-16,-5.71374544899861e-16,2.2811613709095e-16,1.10501885419723e-15,3.78603398631938e-16,-4.38885039422132e-16,7.50267903359969e-16,-4.59484880699357e-16,7.67615138119737e-16,-1.47798440153224e-15,-1.09276736964814e-15,-3.22658566531686e-16,1.1297386637299e-15,5.3256010712488e-16,-5.96311194867027e-16,2.25340579529387e-15,-1.01828268039839e-15,2.13370987545147e-16,-1.45716771982052e-16,1.25767452008319e-16,1.07336015076065e-15,-4.18773089122526e-16,-2.19550939928315e-16
"25",-3.53252238022406,-0.691813684845754,-0.261036648091691,3.55381531735321,1.98948497741454,4.21990222877946,-6.32231380610006,2.19374235013945,-0.515352268741847,0.516933171888258,6.99288308905221,3.74348304188152,3.09050688076454,-6.2611064370207,2.70219926643497,-3.38387958265612,-3.019719238114,-0.59447011074924,4.21684047815441,-1.54959941992695,1.97470507919714,-3.03850939193482,-1.75249166078399,-0.296264099812099,0.59330915294108,2.01853943522393,2.2271235760151,-0.966432897323361,0.688734417359092,1.8321329559287,0.0897384530713902,-1.05800194925468,2.24854038432759,1.03095938123758,0.798792175805233,0.0514031703969254,0.721793666202697,-1.16630536735559,-1.10528882954974,-0.377140454714764,-0.470021125344373,0.576692836398258,-0.354124332884443,0.748285833111772,-0.619771783970931,-0.347465682871654,0.265488241366667,-0.461058293107103,0.211497209569259,-0.609115465177404,-0.0804819677612077,0.014056614923887,1.25826342561925,-0.0743657849991725,0.7349332665493,-0.376208148835581,0.871772618399874,0.126304472714864,0.356639679859931,-0.771176725745281,-0.414461960841104,-0.757753755568998,0.946953434561189,0.412391678119196,-0.0197341078292627,-0.0428198237521116,0.494561075337849,-0.0347103777466306,0.136025916551031,0.020073435621542,0.385477147104289,0.832553571115218,-0.445398038069583,0.0407969230869807,-0.100397468393402,-1.6151964466103,-0.994538324250617,-0.29706961515958,0.19904087377982,0.332703197774497,0.191668590361693,0.422810181855739,-0.112911747367635,-0.0188866172877447,-0.0592399625890438,-0.181560690374077,0.0100668195525045,0.000518126860146802,-0.0511225672270539,-0.0339133423313092,0.0020887475054421,0.00743589162813265,0.0189493311876061,-0.00455082219320548,-2.86576318231369e-15,1.04083408558608e-16,6.17561557447743e-16,9.60603124822157e-16,-6.50521303491303e-17,1.78676518025611e-15,-1.73819292292876e-15,4.84855211535518e-16,-3.33066907387547e-16,-4.1286418728248e-16,-2.24906898660393e-15,4.47558656802016e-16,-4.09394740330526e-16,-1.85615411929518e-16,-1.68962066560141e-15,-1.54390389361936e-16,9.78384040450919e-16,-3.72965547335014e-16,2.38697950294409e-15,7.78890840713586e-16,-3.45209971719385e-16,-5.3776427755281e-17,-1.61329283265843e-16,-3.2612801348364e-16,4.17417836406919e-18,-3.93565388612238e-16
"26",-0.0174825501901838,6.71347676257627,5.76960701542681,0.898687611425979,5.1336504087256,2.90833979112826,0.324381131919545,-1.45252049739895,-4.84728973954261,-1.69087503629015,5.41727954604425,0.315732154884162,-6.14836604950153,1.89984893892323,-5.67935161722924,1.65273222805773,5.32015625974143,-0.348851615829032,0.455638031223002,1.54519714766021,4.17711595717808,2.19909888371619,1.87888727004815,-1.73090554999076,2.74543445946587,-3.7594170477934,-1.07268411746754,1.36061969688976,-3.61327387533716,1.13589696507952,-3.6842169059221,3.49386228611702,2.19720097225258,2.77164008354564,-2.2898101034272,1.95045401365444,-0.843990303898543,-1.01274060848645,0.817860769550889,0.874449223564699,0.0200619099958361,0.769951823981107,1.33110005235838,-1.50515321209852,-0.780365410916824,-0.0019885186401139,1.86116816173154,-0.508199387274915,-1.30205098175189,-1.31153544863649,0.102505002566781,-1.14679731539334,-0.588905101996556,0.192739561060099,-1.17373636815052,-0.600267833417279,-0.68829463417383,0.435496794823548,1.29493252017854,-0.404614023008628,0.299882175485097,1.66442072222198,1.04153322363616,0.0215884067265712,0.363508398623324,-0.0232965684864032,0.594774046350805,0.647137242680136,0.032640921775542,-0.31378251701756,-0.382456660098329,-0.411099102996566,-0.679195377678644,0.431680211357991,-0.531325633982857,-0.296568188838675,-0.0213468609248114,0.136270101593719,0.220526596199783,0.0143684716310091,0.0353217479425916,-0.0227174830979951,0.0564446172267698,0.135446752534973,-0.0985231546783502,-0.00346694939537442,-0.0211696771492569,-0.0382423012704034,-0.0478948130797089,-0.0405669667173712,0.0277270343847303,0.00517736096127865,-0.00517615387904326,0.00415568184367415,-8.18789480661053e-16,6.38378239159465e-16,3.40005801291454e-16,-2.35922392732846e-16,-1.80758186196783e-15,4.57966997657877e-16,-1.71390679426509e-15,-7.8756445809347e-16,-2.77555756156289e-17,2.28983498828939e-15,-9.29811783123569e-16,-5.82867087928207e-16,-1.72084568816899e-15,-9.43689570931383e-16,7.63278329429795e-16,-1.45716771982052e-16,-1.11022302462516e-15,9.71445146547012e-17,-6.66133814775094e-16,-8.53483950180589e-16,-1.25593979660721e-15,-1.73472347597681e-15,9.43689570931383e-16,-6.38378239159465e-16,1.0243542125643e-15,9.25474974433627e-16
"27",-1.49140110594232,11.615575807047,6.17674209245823,-1.38458015248312,2.00482609362131,4.83953308804521,-0.558108364425258,-9.50587002093109,-0.249209683266128,3.83422214134152,-4.30870641274734,-0.132808199854328,-6.79470509229338,-0.281305251254446,3.36860139130263,4.10642991231576,-0.720687247787427,2.63335967397767,2.65043197062453,0.264791825289588,0.526268177131669,-1.33165220640008,-0.92295727817301,-3.15984993326896,-1.66563334123388,0.845027260711263,-1.77951027777594,-1.20635446348579,0.5942310481434,0.51810501752239,0.632670440215259,-0.897837854877667,0.505931112668535,-0.72413425381002,-0.720613059260735,-0.517197636695315,1.95540257635032,-0.0757649068640227,-0.480850435039627,-0.238280502654332,-0.462323428884068,0.362921546156599,-0.0365208465707269,0.30906443238654,0.0616061069438154,-0.414608018662853,-0.135879148019492,-0.122706744274149,0.438587316511606,-0.397299517584425,-0.0862279217971442,0.099915350809387,-0.258176083385187,0.0953561758774318,-0.340176446731106,0.0841172023692135,0.111579257087734,0.177760735316511,-0.368420490052961,-0.0161040180138058,0.100208153702101,-0.0287382229112534,0.0851431352802303,-0.0256254700639421,0.0138875042991798,0.16147047123706,-0.173899156500314,-0.0757904960236903,-0.212665889928099,-0.00639232512748458,0.0483265841596898,0.0291737562715388,0.00860327887871312,-0.0164705264627804,0.0555928819651388,-0.0129676986852345,0.0148163259396003,-0.0183302178909666,0.0016617139067783,0.0203894471576006,0.00941954153779927,-0.0288335683209616,-0.00466455307050884,0.000390733839524413,0.0164738355167125,-0.00154126130605775,0.00716097765462792,-0.00146711714792921,-0.00157098157473713,0.00370146309580154,0.00114782293455449,-0.00254709219597157,0.000356123149649952,-0.0017937699940956,-9.71445146547012e-16,3.46944695195361e-16,-1.5855372570428e-15,1.13971332371676e-15,1.92554305833426e-15,-2.12330153459561e-15,2.78943534937071e-15,-4.34374758384592e-15,9.15933995315754e-16,-1.9151347174784e-15,2.0122792321331e-16,3.60822483003176e-16,-4.02455846426619e-16,-7.30318583386236e-16,0,7.63278329429795e-16,8.32667268468867e-16,6.93889390390723e-18,8.88178419700125e-16,-1.31838984174237e-16,-1.31838984174237e-15,-1.14491749414469e-15,2.35922392732846e-16,-9.71445146547012e-17,-4.15444588452996e-15,-2.68405089820511e-15
"28",-5.27329296587436,-5.82876287409916,-1.08732348553787,0.328020660913516,2.06475137216277,0.806907540813076,5.46576040653805,4.34676402905973,-6.84970996504246,-1.00285936637171,2.62341838646746,5.60960705809828,-3.75496098959891,0.216043657992315,1.17025395175581,-0.830221243080221,3.31142001662744,4.14610880728628,-1.0306801676067,2.07693797832383,-3.51401678802229,2.09842078014333,-0.294103543279801,-2.10123516017949,1.46121900116303,1.81187737740205,0.53261555263141,-0.768112224828611,1.63894956444075,1.21019453604128,-2.47213926596217,-1.85860637337197,-1.26254820628282,0.958201987723531,0.297563935372793,-0.495287144480387,-0.311324779976362,-1.29958719116948,0.0899430006786816,-0.00589357225904724,-0.241439809719577,0.423982181536675,-1.36364132393274,-0.880492597114184,1.64138818873538,-1.30462793803855,-0.664159519906097,-0.575406512855083,0.244031053053318,1.00227249222835,-1.76506620341996,0.67642122257939,-1.16286328753007,0.57337035569053,-0.723552708594013,-0.188452640306731,0.021732690819844,-0.424044920934765,-0.107629753871808,-0.391729608823982,-0.507920991333085,-0.264935843952385,-0.388920415025175,-0.228990113247951,-0.440582286038594,-0.411465338786685,0.591260154090247,0.241126144915583,-0.472588896399221,-0.167941182419435,-0.00850968903707137,-0.131369365406613,0.150315150582034,-0.0471104436202889,-0.0348075605897708,-0.0124465583253548,-0.0802401297613845,0.0229517982426208,-0.0426722786802659,0.115294354349733,-0.00809670984901934,0.0697459254519665,-0.00966862583880439,0.0103275150410155,0.00262735037081819,-0.00436393851238061,-0.0304594172545714,0.0253046552919554,-0.0156906721217156,-0.0101540466157646,-0.00893465216488467,0.00469121717744635,0.00354547204983394,0.000119768686252665,2.35228503342455e-15,-2.72004641033163e-15,3.32199545649559e-15,-3.77302356024956e-16,-1.08160008727154e-15,1.76247905159244e-15,6.08887940067859e-16,-1.73125402902485e-15,2.19269047363468e-15,6.81746326058885e-15,1.72604985859692e-15,3.00801050734378e-15,-3.36536354339501e-15,-2.45420003763819e-15,5.759281940243e-16,2.04003480774873e-15,1.31838984174237e-15,-1.47451495458029e-15,1.2490009027033e-16,4.68375338513738e-16,1.0096090630185e-15,-2.56739074444567e-16,-1.4432899320127e-15,1.60288449180257e-15,2.7972416050126e-16,7.93419149824892e-16
"29",8.40512217363606,2.16532760127069,3.77617949653344,1.05136181151348,-4.85192769736479,0.254860988166747,6.82089083035677,1.80966719203152,-1.61831715594495,0.692746748092735,-4.06900344720964,-2.51568532329453,0.241282243772483,-2.08977849847667,1.21988457278485,-0.388792389866027,-7.9447396330328,8.37928406270806,-5.32773665268293,-6.75494271261653,-1.43638231863225,0.698931216427231,-7.48486552098535,5.84322332962522,0.409136911817928,1.13966706316612,-0.329709187801834,1.45642350975303,-2.84733868956233,2.37019013467058,-3.23100466579237,0.710031972647619,2.18083984404471,2.484351363891,-5.25255586369572,-1.6528161945556,0.227123364165754,-2.11714154115784,4.90980946823739,-0.827945941376552,-0.0964945593867462,-0.74122537162883,-0.141062109553613,0.411662724136627,0.169490993736111,1.96825301985428,-0.982138712150968,-0.0382993912398075,-0.603789570697496,0.700474686160031,-0.152427001800774,0.745157817482665,-0.107786063692374,-0.0650084286634487,0.254954234628299,-0.124104869550597,-0.171427903162211,0.244555010568517,-0.199851709987727,-0.0569063097236547,0.381769746576544,0.0898669839982552,0.22850769201292,0.127763529762113,0.047079778619761,0.130682712731318,-0.274151558380103,0.165223704571409,0.0761200418457983,0.0161806089853741,0.0783919670420384,0.247068096586337,0.0415015332032316,0.125319191089468,0.00428165477726417,-0.0876775471763105,0.00739158070752385,-0.0260661625016472,0.0509146722705252,-0.0202736742645989,0.00562940867282334,0.00865786173724709,-0.0144605364517421,0.0212702311878716,0.00469924788131978,0.013348845797427,0.00936046339991842,-0.0131969157315421,0.00424792044027515,0.00138990126656588,0.0132622879231235,-0.00235955141870817,-0.00340431417184453,-0.0025769817202505,1.20736753927986e-15,-4.62130334000221e-15,1.48492329543615e-15,1.85268467234323e-15,-1.48492329543615e-15,-3.96904731303493e-15,1.346145417358e-15,1.14838694109665e-15,-1.29063426612674e-15,6.93889390390723e-16,1.795438797636e-15,1.22818422099158e-15,-4.02455846426619e-16,-5.44703171456717e-16,-2.76167977375508e-15,3.68455266297474e-15,-8.32667268468867e-16,1.2490009027033e-16,-9.29811783123569e-16,-1.55431223447522e-15,2.35922392732846e-16,-1.17961196366423e-15,-9.64506252643105e-16,2.22044604925031e-16,-1.33053290607421e-15,-2.06128517032944e-15
"30",6.83663310682732,0.464575496417122,-0.996255343927318,4.43019950939047,-0.40671403447836,3.00089293216574,-3.41089798900043,9.86295980970899,4.69199764138036,-1.53334095590164,-2.03879149932376,-2.28670348799557,-4.77767013190666,1.27043737163428,1.06459768197925,-1.00595258664629,6.2163703872705,-4.19004559737076,0.863267646869664,-5.52741814934902,1.01653745757264,2.63430896415719,-1.34377291716989,0.468978774033769,0.434799098571453,1.02232609032866,0.973684513324184,-1.26059094532413,-0.907924113507815,-0.885904790538812,-3.19274011678366,-0.364225012278518,0.943181038663404,-0.982517729955615,-3.55558276541856,-0.727251874090285,2.71559345373931,1.19360886374028,-0.626686222832123,1.90924371381255,0.11817194181156,0.0217577610006677,0.479745164468165,1.03065650491963,0.870289108775143,-1.71100354716886,2.68763201222119,3.28256202815434,0.116743242599469,-0.577439924438697,-0.245455246747036,0.0811202917715646,-2.33789742396183,-2.06818836111801,1.05661663380971,-1.10309979424369,0.51842343948961,-1.03361241439497,0.0161765371637512,-0.241827491159971,-0.491613441762192,-1.15185502973845,0.810888165179076,-0.201472943643405,0.253965721902127,-0.45541001954649,-0.255878020419227,-0.574227990562392,0.137280039849243,0.462147454451874,-0.2547860671299,0.241940922969624,0.301910034033557,-0.296291887408666,0.0933920539704157,0.313318736769524,0.0170945695391313,-0.245473219955082,-0.0395963005736301,0.0707311935247326,0.0333060463909292,0.0864612248093561,0.09064606320163,-0.0421588810718573,-0.00837452321510915,-0.0110640079277038,-0.0275651652988177,0.00689923440217674,-0.00597296376134094,0.00290425846299541,-0.0222419494068725,0.035388721817545,-0.00944508852127692,-0.00494643547500401,-5.44009282066327e-15,-4.46170878021235e-15,-2.26381413614973e-15,1.5334955527635e-15,1.59681295963665e-15,1.30451205393456e-15,-7.8236028766554e-16,-3.06005221162309e-15,1.11716191852906e-15,-1.08246744900953e-15,-9.10729824887824e-17,-6.03683769639929e-16,-2.08166817117217e-17,1.52959242494255e-15,-1.13797860024079e-15,-2.56739074444567e-16,-5.41233724504764e-16,2.51534904016637e-16,2.12330153459561e-15,-8.50014503228635e-16,1.49706635976798e-15,-1.39298295120938e-15,1.13624387676481e-15,-1.37737043992558e-15,1.8476973423498e-15,-1.22731685925359e-16
"31",4.75364024911964,2.19219845366285,-12.417612468176,-10.3809978235062,-6.99915473965407,-1.10960851929704,-0.882540836375139,0.795096419917078,7.55640637894522,6.55145875459148,-2.46365231079479,-3.83494356097178,-6.03892948452078,-2.52399888776774,-6.04719591604995,3.12972388115475,-1.65931356193024,-0.917592901857937,0.240352280890665,-0.879964961655035,1.26487903443277,-4.23870484606331,4.08252305789736,2.52681381441419,2.48282113782553,-2.14127990995516,8.0493072127711,-4.14445924888449,-0.852807789299632,2.21292562651896,1.09958480298688,1.23141395344049,-2.48949312910681,2.17480016926941,2.57294756104592,-1.28119171082282,1.67745525220668,-4.83657712169121,1.30374091210799,0.85091803610841,-0.445911174874602,0.236871819392109,1.70170076002142,-3.72511159070962,0.94456425062116,-1.04560661708077,-0.305362743645538,0.3454081157607,0.933212746714085,0.220301743310667,-0.356469840957124,0.410338720460591,0.141136168346037,-0.565267178056021,-0.324050320073973,0.0829700732284123,-0.288736074791189,0.18575065118279,-0.608450065480506,0.292557074904117,-0.15056115053497,-0.254051796298537,0.296794466291351,0.140094356181032,0.182592313579932,-0.0326071737335539,-0.0779408603130931,0.0826381262363415,-0.0785306123947171,-0.168501638504439,0.072234552023663,0.0428050709972056,0.0806786878631073,0.0927889218605339,0.0970139169398689,0.0312958356137266,-0.0112189632030092,0.000684204632742672,-0.0625641376117987,0.0269811523681422,0.0434374632256494,0.0675136467773321,0.0205754180843982,-0.0346512193584652,0.00567661499413723,-0.0234801498641333,-0.0108949238496653,-0.00343737922771699,0.000100912623033238,0.000801075979124186,-0.00630266285078259,-0.0153520241585804,-0.00257099171249742,0.00272712313526235,8.50014503228635e-15,-3.73312492030209e-15,-2.34708086299662e-15,-1.51441359452775e-15,-4.33507396646604e-15,-4.92661467177413e-16,2.2516710718179e-15,-3.06872582900297e-15,-1.86656246015104e-15,-2.98372437868011e-15,5.5944832100252e-16,1.10328413072125e-15,1.83880688453542e-15,1.6306400674182e-16,1.90125692967058e-15,-3.97078203651091e-15,-1.47104550762833e-15,-1.02695629777827e-15,-4.71844785465692e-16,2.36616282123236e-15,1.41553435639707e-15,1.48145384848419e-15,-1.49186218934005e-16,1.33573707650214e-15,-9.03248829897674e-16,-1.45933612416549e-16
"32",-6.87028496770882,-2.30397394185942,2.07440261410698,1.76766573083854,-6.75422309766695,-0.224836858576871,3.92238433366624,1.04570892587634,-2.78002280158071,-3.80711083290402,0.0124655395356825,-1.32081933028288,-2.5779384853524,-1.29011037023585,1.92132836008701,-2.67880606259398,-1.53021667189665,0.309100468448191,3.17574700162817,-0.776623788092565,-3.09204635564865,-1.57727286137475,-1.74658185608156,-2.11343127083224,0.988506811979372,-2.92725508418819,0.345252641647536,-3.25867929486446,-3.19126986025305,-3.3358283143404,2.5738716169635,-0.854209268599116,2.83361900889214,-3.72378978820501,0.435558471028429,0.874809832959079,-1.33196506785026,-0.24859276832382,1.69731306860723,1.2371462884295,-1.58778692347364,0.689532881241516,0.407169360349135,-1.08831489477204,0.335172460417026,-0.735680511441146,0.794627237257623,-0.819805942066072,-1.52750715833656,1.31792002123019,0.330354466499685,-0.692609119657952,0.173909271158526,-0.850456119336777,0.14959379573737,-0.0700706891010311,0.0481806090578946,0.151569693741926,0.150759125083354,0.0920891393536722,-0.195365407993134,0.157366845837157,-0.411129044147872,-0.00863339675902915,-0.0175434822526133,0.0735935511817896,0.00696831221361156,0.0224339010507037,0.179048072897286,-0.12788485780765,-0.12311368136944,0.190185396616815,0.219620545419068,0.0834095491249695,-0.0657515308271926,0.0209167565421736,-0.0668127184735785,0.00714102633232205,-0.0704006785619455,-0.0794408605774051,-0.0584132380491315,0.0152132772234561,-0.00580847662804323,-0.0317594882444739,-0.0233184336134581,0.00856344640259342,0.00738173493858531,0.0059643588260113,0.0204246266669478,-0.00597728175748348,-0.00239955761148303,-0.00748074544376717,0.00439081980683947,0.000461482200514812,-5.61356516826095e-15,2.42167397246362e-15,6.93889390390723e-17,2.17187379192296e-15,-1.08333481074752e-15,1.03909936211011e-15,4.38885039422132e-16,-1.43374895289483e-15,-1.73472347597681e-16,6.76542155630955e-16,7.94937032866372e-16,1.70349845340922e-15,5.96744875736022e-16,-1.3166551182664e-15,-7.28583859910259e-17,2.81025203108243e-16,6.93889390390723e-16,8.51749226704612e-16,1.38777878078145e-17,-5.01335084557297e-16,1.69309011255336e-15,-3.01841884819964e-16,9.24607612695638e-16,1.74166236988071e-15,-1.78280784232654e-15,-3.33717428691038e-16
"33",9.53919368024947,3.07694012851015,1.85439611810333,-4.95535978671962,1.47309051996733,-1.28682924198124,0.716469078280423,5.40839263051339,-8.96045110947606,0.204784852309298,3.31451106941063,1.45200801013535,1.75242178717131,-4.8896917109149,-2.34530404444204,2.23454143575827,0.640191670051364,-4.72908097242523,0.520557074792171,9.01445878423629,-1.25404506807814,0.40916766295116,0.605402841245513,1.0568687840483,2.49558007168307,-0.782861479312464,-2.17286031156177,-0.534604759808845,-1.27301540394375,-3.19806044273122,1.43332326461369,-0.284708018538909,1.73549476748822,-0.0279181579735069,-0.215111825687456,-3.41855801287796,5.68175697815327,-2.65715522374101,0.301805132297511,5.03198426188902,1.58087632761014,1.15750321201799,-0.116676098104661,2.78835044674905,1.08605953314799,2.82880095285496,-1.22724011360332,0.629069451359642,-0.627786643170253,0.494473346318907,0.684642815863593,0.420275682920827,-0.317836580970548,0.998447963305807,0.53642781443719,0.111632081650131,0.374604555845686,0.0372186798736153,-0.0610754024502964,0.52269996046265,0.497138169992086,-0.119293581031339,-0.135041792078627,0.0150977451564067,-0.180996462528105,-0.143963496440881,0.102464594421749,0.11279568164963,0.200937642895031,-0.327869214815733,0.130179947730235,0.214826497484033,-0.282225839350571,-0.00616874019916193,-0.0124508050978032,0.0445399577456168,0.0782514687977301,0.0533502778341686,-0.0711065139560062,-0.0967828931969054,-0.00754081125532683,-0.0146273738927389,-0.00222715227826253,-0.0179875169038101,0.0275582781508529,0.0257253219380898,0.0105556598064652,0.0221061972986447,0.00552855086844982,0.00777865632618923,0.00357471110412661,-0.0011920626146186,0.0041190367354534,0.00382513252429961,3.73312492030209e-15,3.55705048749044e-15,2.10573745940135e-15,-1.88905965523012e-15,1.01459639301194e-15,1.49966844498195e-15,9.61253646125648e-16,-3.71664504728031e-16,-2.10768902331182e-15,2.58343693659846e-15,-1.30819834132101e-15,3.04010289164935e-16,-9.48893741359313e-16,-1.64370470359665e-15,-1.71737624121704e-16,-1.57859836313889e-16,-1.71824360295503e-15,-1.8476973423498e-15,3.73832909073002e-16,-1.67422499475212e-15,-6.15826833971767e-17,-1.2041149327624e-15,-5.67037736209919e-16,-3.19145751492833e-15,2.57594238908115e-15,-8.38847220852035e-16
"34",-4.21919852344344,11.8998129752874,-4.86541697638186,4.7875601935501,3.91306401839147,-10.6018581528133,-1.40016982910665,2.30970203029529,3.81954431425873,-2.36011619052822,-4.48635978169296,3.67736727090555,-1.37047200229468,-1.60885733476487,1.81489142893965,-3.32949173346291,0.949270473074983,1.10185969369598,-0.429353844625124,-2.59194828764486,0.751689709751746,0.291525772917983,0.697959042047116,-3.09932510317764,3.49028632371102,-3.20397669080823,0.719682719841663,1.51488060192762,2.16250768167681,-0.248007771453301,-0.701139018227815,-1.68419135289767,1.84177665227377,-1.28329587515983,2.2653023937808,-1.77272412919216,-0.600014035337281,0.457265319419372,1.3764375977008,0.781949283864606,1.78743293485671,-0.392926177295792,-2.58366066078547,-0.0175566563514045,-0.0587890707865093,1.81356079589287,-1.69812813418714,1.90188601191426,-0.292179369583089,-1.6887076938191,0.586190836581947,-0.858772692704834,0.926277379800669,-1.844544514529,-0.491078525715409,0.13143911512277,-2.01408667597684,0.156179109381373,-2.45551376378595,-0.745851673394494,-0.252433719737021,0.890309078970514,0.387573201988676,-0.144458297135066,-0.717497686538655,-0.414705234168987,0.905701881864911,0.361489468329264,0.136279916056175,0.586073397256786,-0.179055571626481,-0.250357800774191,-0.157283326289709,0.189911790518194,0.187401925498227,0.132914665778508,-0.362982647603623,0.0860493869913851,-0.128582994237049,0.111933866324031,0.121341352357312,-0.0562707807582687,-0.113278885708228,0.0261629582569437,0.0174720857829876,-0.0411416606694812,-0.0121953760359189,0.0228538381888678,0.00219015140991922,0.000494236370390654,0.0022253605039905,0.0056130486278563,0.00216797891988769,0.00602940546564951,-4.59354776438659e-15,1.45716771982052e-16,6.92154666914746e-16,-4.62303806347819e-16,7.64145691167784e-16,-1.85441939581921e-15,-5.03763697423665e-15,-1.81625547934772e-15,3.95516952522712e-16,7.59808882477842e-16,-2.63417759827078e-15,-3.46944695195361e-18,2.91433543964104e-16,-2.81025203108243e-16,1.38777878078145e-15,1.70002900645727e-16,-7.70217223333702e-16,1.25940924355916e-15,1.04777297948999e-15,-2.27248775352962e-16,-3.46944695195361e-18,-1.83533743758346e-15,-1.56125112837913e-16,-1.78849990373209e-15,-1.82178491042739e-15,-8.14452671971111e-16
"35",6.22468576580958,11.1245173355114,5.6935046461603,-8.14698091880955,-12.8218013686041,2.50536858150733,5.03682849518357,-1.84115952741988,0.808670238075401,-3.73359339783163,-0.541687748080259,2.35041703515867,5.00814952244329,3.77058349308958,3.70332254072471,0.451766979103497,2.84613058736019,-0.822688304964118,2.68448938127903,-0.68738627050856,0.415349731673201,1.64240977138549,1.93992126029987,2.06099500573766,3.25745743934719,1.50869969367477,1.14077278843599,-0.287072408202848,-0.0509523283725864,1.02916035085038,-0.167849546623666,0.275256507633611,0.21574180707429,0.0634040352235131,1.08528185748034,0.0349736302420902,-0.685321148079288,0.236523761952114,-0.281421119320802,-0.645559548204123,0.529437409386354,-0.0573461734784815,-0.549959556336445,0.511630744374194,-0.119951531303669,0.0772661610230046,0.253644159824896,-0.0644841580348826,-0.0630992836555876,0.324850315321139,-0.125184943475148,0.111140793147376,-0.0376678323542792,0.107434022992591,0.13645358976619,0.00266795340063511,-0.075118989470165,0.00396336311112318,0.161976931554263,0.025894122420948,0.0683550764669444,-0.0204607410561181,0.00305311452630275,-0.0618105490012113,-0.0200716863469565,-0.0538651378332869,0.140795844477489,-0.00432262282218474,-0.0248707205701379,0.0179732166778454,-0.00340929867269658,0.0182835336554149,-0.0705422385022139,-0.0667230458869922,-0.0560151075991265,-0.0226624137519941,-0.0306848629908693,-0.0137106263228623,-0.000254005042409418,-0.00499932365949009,-0.0108478306894775,-0.0116339263687099,-0.00481711929069237,0.000752647467092485,-0.00173601778715902,0.0132345047012873,0.00190274028176385,0.00107299142874509,-0.00227907361021284,0.00059797333513481,-0.00279367095033842,0.00122592133028294,-0.00169939879905446,-5.77144884294084e-05,6.66133814775094e-16,9.71445146547012e-17,-4.78436734674403e-15,4.00721122950642e-15,-4.48946435582798e-15,-2.53269627492614e-15,2.00534033822919e-15,9.61036805691151e-16,-1.66533453693773e-15,-1.7277845820729e-15,-1.01481323344643e-15,-1.65839564303383e-15,3.41393580072236e-15,-1.32532873564628e-15,-9.71445146547012e-17,-2.16840434497101e-15,1.27675647831893e-15,-1.99146255042137e-15,-9.85322934354826e-16,-9.5062846483529e-16,-2.15105711021124e-16,-4.57966997657877e-16,-6.66133814775094e-16,-1.22124532708767e-15,-1.58076676748387e-16,-1.31405303305243e-16
"36",-6.2542256692003,-1.10429571447927,4.31608057938043,-0.0580544132176003,3.46655364664662,0.399066896990714,4.22962279709713,-1.38322265407614,1.6637711295351,0.62281791220233,-0.213336096026059,-1.47565280170236,2.63471005430891,-3.67463881306881,4.64590298805019,2.81217106649599,-0.690450154413956,2.37278712863011,2.69484307065096,2.65760360714192,-5.06847957787186,-1.73250563880464,-0.217571355851298,0.92374076737388,-2.61722279487295,-2.72345799668316,-0.0346269795027866,1.70202601570727,1.71441147839417,-0.28187467047505,0.0813290748445843,0.94778456460866,1.63120230953925,2.49592872979813,0.878388660884127,-0.158775797481543,-2.50109215676935,-0.698554296729102,-0.981457636734701,2.86809795965935,0.188438322218289,-2.23431027105075,0.317696704641663,-1.53427940961911,-2.64538326455662,0.364734785558319,0.0391213497011217,1.13536403444569,1.03535521703995,-0.319316046635483,-1.34470097700299,0.396876507633995,-2.22266398743872,-0.20576798983389,1.90601001038632,1.17486061720769,-0.582915248647274,2.27415952503434,1.05184580989117,1.23554366794177,-1.41487175806777,-0.658681853190864,0.364773544571496,0.0500068317087608,0.301436291903045,-0.706726051417051,0.179492540754724,0.474423637767019,0.707781010670819,0.672771113880843,-0.312493842169782,-0.339926829829378,-0.496585827338426,-0.427984764278241,0.190637226972181,0.143661636485147,0.0447358840884323,-0.0155181287072554,-0.0667544066039547,0.0375637886204081,0.0192460087595742,0.0448117046879585,-0.010102436324395,0.0853199061689078,-0.0118656082638047,-0.058528711982306,0.0232404672310911,0.0184224361651949,0.00743890424302346,-0.0150674447159333,-0.020457050574234,0.0168270156970495,-0.00183483997937517,0.00448215816170351,1.92033888790633e-15,-8.03176969377262e-16,-3.77302356024956e-16,5.92841747915074e-16,8.97068877514506e-16,2.64979010955457e-16,-1.31405303305243e-16,-1.0243542125643e-15,-7.45931094670027e-17,2.22391549620227e-15,5.80915524017733e-16,3.19275855753531e-15,-1.08593689596148e-15,4.46908135498525e-16,-6.59194920871187e-17,2.43598544114043e-15,1.64972202565394e-15,2.39391839684799e-16,-6.93889390390723e-17,-2.17144011105397e-15,4.79651041107587e-16,7.96238075473354e-16,5.39499001028787e-16,9.12030867494806e-16,-7.84420271793262e-17,-2.70562652143758e-16
"37",-4.85590178160335,-0.63069207534404,-7.9502501438727,-5.5729011946071,-1.24894809700206,-1.25872530607177,-2.62293705677163,0.766772791086693,-3.03920402297004,0.770424381691692,-2.76921509891107,5.30097146052208,0.113866395712845,2.67486963796823,-2.97289854582948,0.217278250434789,-1.10618882210515,-4.13285352987616,-1.84748693877289,-2.68257930994116,0.866061568088491,-1.73122846234647,2.25040320690283,-0.337047618633614,-2.77180733626553,0.60064000968045,-3.72357487069275,-1.80665735980921,-4.22177333069084,1.8390814764101,1.0439550732258,0.995815709978195,2.81632776133618,-0.660864241940259,-1.4230130346306,0.0181341277691992,-1.36381617872653,-0.675565966369512,-0.807301227590155,-0.0873964551970458,0.714706969243283,-0.348786831488438,-1.42414389525175,-0.0844239853150787,0.0351320228434628,0.40582789688596,0.463922264045683,0.0118864441236726,0.581550736336321,0.18585712225215,-0.361228634905829,0.384040244984757,-0.202444797253203,0.76552666193226,-0.441429511144252,0.0546168418224583,-0.275348313532992,0.0402259825833651,0.354192885606082,-0.0329484719354733,-0.0951884999941676,0.133000592608866,0.198596909082655,0.329262266107949,-0.237003189813058,0.159399665783054,0.274358534477839,0.348305676881111,-0.15152232506432,0.0686534578726944,0.187609808814789,-0.0867421018909053,0.149555503362225,-0.755277197341625,0.873035717196523,0.177485481016275,-0.20940519153126,0.0376158857181452,-0.219032166984583,0.111181698743075,-0.0627042568309086,0.0593042239527208,0.026915172673218,-0.0206998414002146,0.0191866357211974,-0.191895179111994,-0.0191086733501227,-0.0298126790101225,-0.0951602053578403,0.000764933140864236,0.0513938453967377,-0.04397150908301,0.120318016229867,-0.414425530206384,-4.0163185277553e-15,3.28643362523806e-15,-3.64487086346177e-15,-1.43602577745705e-15,2.33049256975759e-15,-1.23490627446099e-15,-1.56862370315203e-15,-3.84674930797857e-16,-3.46944695195361e-16,-7.19910242530375e-17,-8.02960128942765e-16,-2.16580225975704e-15,2.1467203015213e-15,3.50343669006103e-15,-1.09287578986539e-16,-1.97042902827516e-15,-1.97498267739959e-15,5.76795555762288e-17,1.96891114523368e-16,-2.33623884127176e-15,1.26244500964212e-15,-4.49293380277993e-16,-4.63604848954802e-16,7.58074159001865e-16,-1.84585419865657e-17,-9.43933516420192e-16
"38",-8.48735380501451,-0.0468939285147867,-1.47086176635622,-1.24031208518288,0.164085621129151,0.183388687797172,-1.6808060701846,-1.39381394467479,-1.10734741263966,3.76002875369462,-0.67156958929499,-3.49545897196956,3.58172459527273,1.43236539082261,-4.14150045477572,-1.39856149379478,1.79634505910046,-0.759913404125112,-1.82416689735997,-2.23633251893279,1.16767706928827,-1.13140362394064,-2.17791488613487,0.544407417238388,3.60756543043645,0.324238371964454,-1.66445497286156,0.603290244468701,-0.449884621510042,1.52284921338252,0.920784539127938,-2.43658864212428,-2.03318016048479,-1.37754267772113,-0.545468132430053,0.969637110460011,2.87036988649842,-0.26249038150402,0.0970005446091073,-0.0568358622475475,0.0747229383703777,1.15525324640746,-1.01474985372267,-0.180946989679516,-1.7055375596436,-1.21418628188283,-0.583624688168116,0.354456179758365,-0.868589795054275,0.797834730813375,-0.302368344068269,0.124924838506333,-0.407123570588113,-0.0463689837848155,0.15639270106127,0.985300309156052,-0.122455350802709,0.714869365783367,0.21383147917526,-0.838172489186895,-0.553151772887686,0.161339281625649,-0.352018253791487,-0.765456280082849,0.289355519598153,0.0335416778280279,-0.024640178560951,-0.0359395276325475,0.0544501811223335,0.839141925269714,-0.249155093119634,0.104432393143199,0.0354575872867255,-0.914855904406389,-0.170576088586186,-0.318659943588797,-0.160076046738584,1.4892438654184,0.722060808837734,-0.669316399135932,0.173362989305546,0.00269493728398173,0.16447645145995,-0.177959191413742,-0.0737255047704816,-0.0749319253656568,0.00938929589230966,-0.0379100630804788,0.0463767739082539,-0.00823486851391408,-0.0731096724938285,0.0175852835789936,-0.0151019890107631,0.00581634486568533,-3.55618312575245e-15,-1.6826817716975e-15,-5.34294830600857e-16,2.76471553983804e-15,2.9993368899639e-15,4.85722573273506e-17,-2.34014196909271e-15,1.5482407023093e-15,-1.97064586870965e-15,-7.78890840713586e-16,-2.39998992901391e-15,-9.73179870022989e-16,1.97758476261356e-16,5.91974386177085e-16,-7.73686670285656e-16,-4.47558656802016e-16,1.17961196366423e-16,1.92727778181023e-15,1.40859546249317e-15,-1.72604985859692e-15,4.38885039422132e-16,-1.6306400674182e-15,9.31546506599545e-16,1.33747179997812e-15,4.97323536519101e-16,2.1241688963336e-15
"39",-0.949243577966535,-2.32984472998426,6.69575744330814,10.8356785933623,-2.93650307268441,-3.78264759942548,-5.7557310243479,0.9657876292565,2.95541822992289,2.54332506022775,2.35538958959889,1.13923177627659,2.67195997184295,3.86368690724094,-0.435612474985987,6.98250126734546,-1.66571677832519,0.798965805244085,-3.23348263283771,1.05972676386271,-1.42081820514704,-0.303343483095935,2.42372433471288,-1.33438469116612,1.41596863642335,1.17831487666091,2.16469181811479,-2.02493539991914,1.38223681258244,1.38279226021412,1.79984947080143,0.371004353442987,0.943627452368633,-0.0857723809004378,-1.76337823027849,1.17935931158521,-0.44003705536736,-0.0408827533280343,0.368220681792217,-0.151435634976727,0.0722120238376854,0.485678874712463,-0.041498128866904,0.673884008535492,0.367458990700439,0.398866082834736,0.0859845179334855,0.552919646184768,-0.722947164073678,0.175598792633728,-0.0421013742940603,-0.0250665283675645,-0.284109281163842,-0.097866462632962,-0.162767744537482,0.236232278491125,-0.116397590593568,0.0918202513967632,-0.107165834863914,0.113826883888546,-0.136585679561453,0.302524683454303,-0.00664516833954801,0.0159693447252017,0.065232301549162,-0.062680897156941,0.0468335208920855,0.0158146448314219,-0.1248779404336,-0.406118141965402,0.0581950176016515,-0.00360187403849047,-0.161712812132217,0.177219795319872,-0.044451514029992,0.0128124534865941,0.0575811602329547,0.00885424330964172,-0.212208613860492,0.122160497435229,-0.214019704650439,0.133908012843651,-0.0980240341786466,-0.162909448507398,-0.0105340224278871,0.00434432226442438,0.307083204244478,-0.173864188122199,0.0839579665007806,-0.0239133816681879,-0.634765336839724,0.342444845661268,0.136430090084249,-0.0209919974063304,6.42541575501809e-15,-1.52655665885959e-16,-7.96238075473354e-16,7.18175519054398e-16,5.71591385334358e-16,6.07153216591882e-16,-9.21138165743685e-16,-8.29197821516914e-16,-1.69309011255336e-15,-3.16066617322974e-15,-2.77555756156289e-17,4.30211422042248e-16,1.56125112837913e-15,1.20563281580388e-15,-1.01307850997046e-15,1.64451785522601e-15,-8.74300631892311e-16,7.66747776381749e-16,7.07767178198537e-16,1.42247325030098e-16,-2.81025203108243e-15,4.61436444609831e-16,1.37737043992558e-15,1.53002610581154e-15,-1.21745061948397e-15,-1.56450373489658e-15
"40",-0.793776977706391,6.86680092021806,4.31140849962547,-1.38697075525032,7.85083080131944,5.69490746801872,-0.225510738100506,1.20082187968418,5.32158568592842,-3.63852920844194,5.64140984681713,-0.542254823362321,-3.38843323583356,5.97549991117343,0.650857321141001,-1.93184856825868,-3.53666848454684,-0.333891721120887,-0.97932369217973,-1.65267038050116,-0.928478024442602,0.00914599631237216,0.636691299296295,-0.703193355023853,-0.933290325313469,-1.73991877081369,-1.74607458185576,-2.46385742174816,1.86338002699731,0.260299443249856,-2.17989971273042,-2.00597523836816,-0.874168149416957,-0.362844952151706,0.364341100115269,-1.60199973420415,-2.01413639210647,-1.42825212455341,-1.20510754878927,0.527883475169437,0.614254864540913,-0.276411911149134,0.288184698551955,-1.21360628569743,-0.20809462975985,-0.584577660876803,-0.412409435319616,3.73870728031997,-1.50090039152339,1.1055344040806,2.1145625888638,2.61311085065805,1.86476290978138,2.0177941213965,1.60437245549373,-0.176941918730945,-0.622676374376594,-0.499828869025547,0.571280651967204,-0.950166704874249,-0.264726433462521,0.167679824848592,-1.00928419879288,0.602623885179213,1.30015346763524,0.310211636996745,0.658458212692413,-0.00524825928903314,0.0699712266506362,-0.511897592439478,-0.258862580868888,0.268031359622428,-0.0717963406444106,0.265792149800887,0.176422198860879,0.0326496404810662,0.292454069980882,0.0962088181146958,-0.0541711140385336,-0.0417420894442918,-0.0072480196144721,0.0764333014901864,0.0421521665398202,0.0144791698362342,-0.0584219630511596,-0.00595669596221997,-0.039983961953709,-0.0118624253195696,-0.00113363844588267,0.0498598434369979,0.0120645434558313,-0.00457024485313784,-0.00675422012020911,0.00139729675660932,-1.90125692967058e-15,-9.26342336171615e-16,2.019218126037e-15,-4.55581752878409e-16,4.37020211685457e-15,1.34961486430996e-15,-1.70349845340922e-15,-3.78603398631938e-15,2.09901540593194e-15,-1.49186218934005e-15,-2.20223145275256e-15,-3.52148865623292e-16,-2.06085148946045e-15,-7.83227649403528e-16,-1.38777878078145e-17,2.38524477946811e-16,5.79397640976254e-16,7.91901266783412e-16,-9.99200722162641e-16,-1.9966667208493e-15,-2.76341449723105e-15,3.27862736959617e-16,7.93635990259389e-16,-2.68882138776405e-15,7.24490996709126e-16,2.73218947466347e-16
"41",-10.5171791889706,-1.70752007452565,0.548719186419452,-3.55917982243905,1.31930892040077,-0.430513705442573,0.383629304328937,-1.63539820247675,2.68414154081686,-1.16256775536625,-0.629718993620532,-0.892237863110179,2.99267597387067,0.590118680345639,-1.03333270410389,1.63762599544795,-0.109297940951631,0.314110112494269,-0.716800806213213,1.80546627846554,-3.65017592834641,0.845717278628713,-2.24680939501391,1.75130820178361,-1.34112922137829,0.493995992677684,-0.443467764195229,0.7447364220167,-0.496592002217678,1.40866368733418,-0.0597602012506753,0.136099434931664,-0.0705818106236719,-0.935679928806256,2.11261962842066,-1.33791130706423,0.144260279204974,-0.194619649747681,0.721970861017283,0.471040519384567,-1.44413504813358,0.658758019471877,0.712972210071074,0.247801066085002,-0.400984348702532,-0.517651612862495,1.51930556156902,0.670659546328282,0.384109578925402,-0.669581910310671,-0.11746288431673,-0.55493059098226,0.245361271471629,1.32033790277818,0.230262196585268,-0.558261130694832,-0.45354537623952,-0.730555029272703,-0.478108533277124,-0.459853943618524,0.031113251777953,0.615983458333882,0.615390549190308,-0.286115652103733,-0.480345020641803,-0.491959744641235,-0.494580486218991,-0.279214764643226,0.170450522612258,0.0649795360451904,0.309784614409537,0.0510280614095182,0.164668156206311,0.227437273154587,0.0725727787662879,0.0127539823068504,-0.0340402636349999,0.110444430621369,-0.0743887219129802,0.00864755506572369,-0.205486064483884,-0.0722426693889566,0.0146478560293805,-0.0873998191058339,-0.135940572207291,-0.0614636554459177,-0.0732574354103987,-0.0765689329515159,-0.122375666536648,-0.232217096170371,0.168118497897597,0.228822115106723,0.0636574794514738,0.0259898062445494,5.01335084557297e-16,8.30932544992891e-16,-3.54967791271754e-16,4.33680868994202e-16,-2.89048299184635e-16,-5.89805981832114e-17,8.95117313604032e-16,6.88685219962792e-16,2.20309881449055e-16,-5.22151766269019e-16,-1.34441069388203e-16,2.81892564846231e-16,8.93382590128056e-16,2.53703308361608e-17,-1.93942084614207e-15,9.4542429440736e-17,2.72351585728359e-16,8.39606162372775e-16,8.17922118923065e-16,-7.19476561661381e-16,5.77229236631283e-16,-1.35785480082085e-15,-1.30104260698261e-16,5.89805981832114e-17,5.37588094699781e-16,9.45207453972863e-16
"42",-1.62055131165054,-2.76314223730993,7.08250450657303,0.138940249749658,2.78014027294539,0.102839650361108,0.184850686604365,2.76871081962409,-2.83366273995213,1.17343989754614,3.12633919572766,0.665489317066249,-3.42282982974586,-3.03478821517722,-2.31865554073181,0.726494398882499,1.58800205397642,-0.930746964422929,1.70060962407618,2.47839434028163,1.53757826776953,-2.47415707092969,1.91533340118686,4.92710458149727,-0.557215664019867,1.62160287744635,-0.420049933173478,-4.91071026656786,2.84267341213749,-2.97875712781167,-0.376404878346442,0.368718738209195,-0.0679306098349038,-1.36691351384541,-1.33288008786469,-4.62450715241473,-0.561760162807022,0.88003566067752,1.70468043887146,-4.41705165187687,4.63966517427721,-2.36262183162955,0.0392891258355681,-1.15037906044475,-2.38782396323013,-0.532386412721565,0.918549541133399,-1.08832006267129,-1.02002420075758,0.703615739576915,0.847714929520608,-0.0465150897790803,-1.30718339571629,0.62266774032433,-1.2201049950678,0.243979707796859,0.166988625912126,-0.520195937630318,-0.549424885891877,0.177788015884993,-0.97904279009298,0.730172379032923,-0.0152811568831003,-0.215395185496737,-0.222939855658473,0.470211985465634,-0.219032968779217,-0.810378257529182,1.07446207562777,0.556196697007805,0.0149121120936531,-0.0914251281547368,0.106008267085944,0.16324035015091,-0.000183488703939243,-0.054820303520185,-0.331130625820995,-0.0738796891928769,-0.051432993025206,0.0426350041625466,-0.0640848700832903,-0.104158522407842,-0.0388608349792485,-0.107513608218078,-0.0371994081466638,-0.0491911864880039,0.0126915667797679,0.0178046142480098,0.0120916859143053,0.0161658200418095,-0.00319226914838538,0.00284294660558943,-0.0207746897829335,0.000634161286528529,-1.55778168142717e-15,-1.40512601554121e-16,-2.32886626649886e-16,7.81492925927552e-16,8.66060695381421e-16,9.08995101411847e-16,4.59701721133854e-16,-3.58654078658205e-16,-2.07472927726826e-15,-1.73472347597681e-16,8.71264865809351e-16,1.35828848168984e-15,-1.80411241501588e-16,-1.04647193688301e-15,-1.49012746586408e-15,-9.99634403031635e-16,1.08246744900953e-15,-7.86697096355482e-16,4.9439619065339e-16,-4.25874613352306e-16,2.65412691824451e-16,1.6826817716975e-16,7.05165092984572e-16,3.29597460435593e-17,2.50071231083782e-16,5.82379196950589e-16
"43",0.623310798263946,1.63528309461151,-10.0170200867293,-6.48884393563406,-2.87304735730676,-7.28356040580911,6.05032716622799,-0.305917373501635,3.74830688389383,8.94363469217902,8.09740523168428,2.96714268954728,-1.22135947080217,4.83805226543846,1.43472038687875,-0.406452314513239,2.72083240897405,0.380733329863238,0.847643867154077,0.663713014804529,-0.0539525271945185,-1.94775635314816,-3.28105734493374,-1.62752987016196,-2.44400161050823,-1.22618710279726,0.742311166584325,3.45955254867109,1.89032745206214,-1.43852234543794,0.540359143529754,-0.240720256131987,1.24392157011039,0.724695455473789,-0.769815830889554,0.717633073967966,-0.262522783735838,-0.253701381462814,1.12270319080844,-0.339493840791655,-0.0608666028167684,0.415078113313025,-0.207144747266041,0.770859452489592,0.120246036574426,0.234728969999561,0.176314207573549,0.597772088248098,-0.693957121873739,-0.120161499420905,0.314296496678239,-0.388678608991065,0.010990148184531,0.411657149391842,-0.337875007543334,-0.432246228650574,0.394077595455895,-0.555246568386683,0.185532006913962,0.627905760720222,-0.962646407805657,-0.159250128169511,0.201123826255809,0.794199183398146,-0.333626814776933,0.729532486146806,-0.252908683084792,-0.16067168736162,-0.399828163717575,0.133522917306157,0.0321400683264386,-0.0606529036157609,-0.273309990885543,-0.154221947019313,-0.288425317775535,0.126003233173134,0.046106202354936,-0.00959131219776774,-0.0180041255430155,0.181308939730691,0.271996872259163,0.0670947048543338,0.0042823093201609,-0.378727718484715,-0.265285942910996,0.0463693772357752,0.284862803956021,-0.306408983603154,0.538045187626895,0.0959273635664367,0.245786047257643,0.0746380857412554,-0.059036829662539,-0.0322712137627892,5.91453969134292e-15,1.91860416443035e-15,7.40943764676594e-16,-3.52040445406043e-16,9.53013709614758e-16,-1.61459387526541e-15,-3.23048879313781e-15,-1.11976400374303e-15,2.06779038336435e-15,5.57713597526543e-16,3.00540842212982e-16,-7.20343923399369e-16,1.20736753927986e-15,-8.60097583432751e-16,2.84147705365001e-15,-1.90472637662253e-15,8.81239525796218e-16,1.56558793706907e-15,-1.52829138233557e-15,1.06642125685674e-15,1.58163412922185e-15,4.36282954208167e-16,-1.58683829964978e-15,-6.50521303491303e-18,-1.9487585373526e-15,1.4227443008441e-16
"44",14.0860144397135,3.48342230611216,0.0692700922049601,-3.30095289179824,8.39645596678715,-4.71964536946707,1.3636747333239,4.02514581688475,-0.560520918960211,-2.92539444279979,1.61936103227232,-4.60276897817666,5.41699495007648,-2.81222463549705,-2.89980326257024,3.28358930131178,4.34789907257576,4.83827792646828,1.23968238153232,-2.80996807963286,-0.961328201868162,-2.71363833251544,-0.645024603374768,-1.41204061476425,0.247200195196171,0.822450366676526,-0.612373080082212,-1.09152018241233,-0.22339397780042,-0.979373922883313,0.62471977152957,1.23062066836854,0.453043793623399,-1.30591379927054,-0.44788168299473,0.00506780762226978,-0.545345632914989,-0.299196729729604,-1.71205649661095,-0.784340078483496,-1.06925805401657,0.0101407804468039,0.330582547575731,-0.00963270646049752,-0.0640908312193877,0.151892583283243,0.0652069275765277,-0.0155029914368937,0.455873620772049,0.20155559072447,-0.198051325773566,0.0308440032510576,0.365587830471844,0.120554275392952,-0.369429281674141,-0.118648450839213,-0.0771303966020345,-0.0713816536563148,-0.347143739681525,-0.12465352959486,-0.0366826537902675,-0.242069566587618,-0.142282230537209,0.0787409157009879,0.0961829054635708,0.198454700315026,0.049234503309058,0.051978221355026,-0.12796743545198,-0.0981549779379479,-0.0268077583029668,-0.139700889623442,0.011906096928106,-0.0228438215900964,0.0279716526371694,0.0229890644447934,0.00179253709916432,-0.00291292728031137,0.00485995653426309,0.00448193905842657,0.0301534662508809,0.0205992022835263,0.0254750298852772,0.00833283592967646,-0.00518882157259769,0.0178870331268231,-0.0094698271873041,-0.00197910120576575,-0.0115968716081058,-0.0101254717748163,-0.000396276656600277,-0.00562816584151545,0.0012062870946224,-0.0002440669978955,6.80011602582908e-16,-2.22044604925031e-15,4.4426268219766e-15,-3.5605199344424e-16,2.68101513212216e-15,-1.22991894446756e-15,9.87057657830803e-16,1.47971912500822e-15,-5.82867087928207e-16,-1.97758476261356e-16,-8.84708972748172e-17,-8.6909646146438e-16,-5.3776427755281e-16,-4.33680868994202e-18,-2.28983498828939e-16,1.76421377506841e-15,-1.65839564303383e-15,-1.49186218934005e-16,-3.40005801291454e-16,9.97465998686664e-16,-7.3899220076612e-16,3.12250225675825e-17,-7.63278329429795e-16,-2.39565312032397e-15,3.35511783286502e-15,1.61437703483092e-15
"45",-9.31711413513876,-4.15018108513731,1.8965402245568,-0.353376763544056,-0.451538184297447,1.3803822012523,2.85654077087331,-1.41241746827407,2.25709194129621,5.06895660326232,1.70501012058558,-3.38777923936797,2.07512697941776,-2.20140832340412,0.0890234511598356,-1.31443779111563,-1.2043603044598,1.82307117153332,1.64068619277376,1.33624694362767,-0.41874859938129,2.35322266991721,2.46544711843002,2.64104479258696,1.10997101272359,-1.80425694342261,0.357834673931488,-1.52714751792143,0.111199262819912,1.4628318619846,-1.89266312115476,2.72894823838933,0.205025709550417,-2.65138283418963,-1.55054545997655,-0.626447340875497,-0.11589022345959,1.54764590464279,-1.34566289406388,0.889842509868049,-1.11489338716333,-0.21008913779132,-1.37482693949999,0.406777919404931,0.854710853729901,-0.690083758077597,-1.92300403827579,0.249829462808637,0.379698954357633,-1.26479120931818,1.36445755300392,0.67625181259452,0.278295834216332,-0.360570247448588,-0.749060384753005,-0.0743559350454206,0.327986673316465,0.0461407359600647,0.360969268337528,0.621026505435894,-0.267149631410667,0.0628462187235436,0.365868135709646,0.233720721866141,-0.782971097274589,0.25434223630297,0.210652692367015,0.0011478027296063,0.218958494795031,-0.473394682150362,-0.519832455963993,-0.160924194799692,0.642610899357688,-0.204755235308453,-0.0752380156655768,-0.197143484763759,0.269317672295935,-0.036582580517489,0.225650369558116,0.0320796332416745,0.0464535170172761,0.0518042259464391,0.0429557638854673,-0.00468550596460098,-0.0264990559964684,-0.00274419948719373,-0.0317528597239969,-0.023815287581202,-0.0131836588686129,0.0112182221996496,0.010836832303497,0.0172591716528697,0.00149959990926037,-0.0111410418598626,8.08381139805192e-16,-4.05925293378573e-16,-2.64892274781658e-15,4.78349998500605e-16,-9.30679144861557e-16,1.02869102125425e-15,1.30451205393456e-15,-4.3454823073219e-16,2.15105711021124e-16,-8.67361737988404e-17,2.90566182226115e-17,2.12156681111964e-15,-9.0205620750794e-17,5.46437894932694e-16,5.65519853168439e-16,-3.50414142147315e-16,5.68989300120393e-16,-1.06685493772574e-15,-3.12250225675825e-17,-4.71844785465692e-16,5.86336534880161e-16,1.04083408558608e-16,3.22658566531686e-16,3.96731258955896e-15,-1.21484853427001e-15,-4.17417836406919e-16
"46",-5.02468244221577,-1.21252349405092,-4.12845537578576,-5.45359946546272,-4.26570324089504,4.24612392623276,-1.75452525171128,4.82664079932796,0.443260613158353,-2.31196409169553,-4.70412248365363,-2.40908455722331,-2.36517323011267,-2.03889780086543,-2.00380633606522,3.50463030074983,-1.86849788315863,-0.496770066524808,-2.63975049448532,1.14098826936007,1.55761258344211,-4.60584170578715,-0.704462849784292,-2.16894266409245,1.77014208557824,1.99554015770422,0.977437784453239,1.46459824336665,2.02857906227789,-2.17789605644388,-2.67095842307662,-0.377458602846961,-0.0494826399331423,-0.621571660177273,0.0288417746356501,0.562137131334111,-1.59381035431741,0.751840049487385,0.0143946514148566,0.681386803574914,0.255005898591198,-0.480925553170485,-0.688473712516028,1.76230062982531,-0.413832233021939,-0.271701271596452,0.00998111371450464,-0.705641344714037,-0.330919486240741,0.0317330738907461,0.00849339681334287,0.353746549185424,0.886683250231156,0.0989514991622142,-0.0805234731404621,0.322345401790885,-0.0292219852259057,0.00566519086328928,0.142666840877662,0.202774361716188,0.255095263085804,-0.265110000763752,0.0262045200364688,-0.460227240244444,-0.424556853268156,-0.351657204668852,0.00571189650683392,-0.0567189182493899,-0.278384889158047,0.0541437711496864,-0.226535614485722,0.174352197157843,-0.206517276188054,-0.0393280985979297,-0.303536636444189,-0.087688426205643,0.274200107980336,-0.293004087962215,-0.223499555256007,-0.239112157042837,-0.305106084703197,-0.299826996970567,0.591169155630885,0.511675321146195,-0.68400422171203,-0.713564595614731,-0.0106439453080542,-0.102574757817103,0.0683532385339855,0.122958439423044,-0.0636869803876247,-0.0424187804156987,-0.0212370252282888,0.0177950654476541,-4.83987849797529e-15,1.74860126378462e-15,2.34014196909271e-15,-4.01154803819637e-16,-1.20086232624494e-15,1.37129890775967e-15,-2.37396907687426e-15,-2.40345937596587e-15,1.82839854367955e-15,-2.25514051876985e-17,-3.92481186439753e-16,3.12250225675825e-16,-3.95516952522712e-16,-7.84962372879505e-16,-3.15719672627779e-16,4.84855211535518e-16,-2.28983498828939e-16,1.80411241501588e-16,2.05738204250849e-15,1.25073562617928e-15,4.96130914129367e-16,-1.07552855510562e-15,-9.78384040450919e-16,1.57859836313889e-16,-2.61780614546625e-15,1.29020058525775e-16
"47",5.09283644020951,-9.53168729361473,0.913373567520166,-2.8561811105789,0.274226615220891,3.88920308470698,1.3105682596086,0.128312243462965,1.63891476997654,-0.54008330294609,-0.879972340104586,8.28166642290676,4.71268704423925,0.21915371420558,0.240043550559905,3.34102840049394,-0.450459120744561,1.95839315144557,0.941281713406606,-2.89920501556211,3.40015428054529,2.89504199435675,-1.03966661650898,-2.5383912522363,-2.88690346214131,0.51041318063086,0.626307581274503,0.0284369528345125,0.247810389733572,-1.79292051324948,-0.222941219806559,0.630059195922543,-1.0849376368565,-2.25759943239893,0.343424988508119,-0.530846009140123,0.803494024426248,0.14589787906684,1.18094578208333,1.9574951409818,2.26293219745757,0.146654846391844,0.895365515723615,-1.25543112447174,-0.133349865232669,-0.439787942017228,-0.555971823524012,-0.187382799033715,-0.226287662825939,-0.725453534804257,-0.282926250699409,-0.312712914405749,0.304571024378097,-0.376308530586425,0.161787010027101,-0.0290130123291403,0.288347136548829,-0.126993236976551,0.322137807540883,0.539363614984916,0.102511108730184,0.427717768854015,-0.298692206404742,-0.277854459938812,0.338106400172445,0.0199040014764823,-0.357163969357389,0.818269889597461,-0.0311823871255657,0.291953291588493,0.21670219929776,-0.0954138451469135,0.179360100069595,0.265531257706245,0.29534083050767,-0.171231365418765,0.0717907224052997,0.103491940933399,0.017173051589866,0.117052028880397,0.0255642154372961,0.0897099381263326,-0.090964973356898,-0.078938217763463,0.260074040901359,-0.152382849522434,-0.504888105143281,-0.684426908426562,-0.0830948093867425,0.217413417732834,-0.0528083934191666,-0.0420632168984021,-0.005585847498851,0.0528461618326926,2.88657986402541e-15,6.80011602582908e-16,2.96117297349241e-15,2.83280343627013e-15,-2.2291196666302e-16,1.74860126378462e-15,1.19869392189997e-15,2.04523897817666e-15,3.28209681654812e-15,1.66186508998578e-15,5.03937169771262e-16,-6.59194920871187e-17,1.79023462720806e-15,2.90132501357121e-16,9.99200722162641e-16,3.29597460435593e-16,-4.71844785465692e-16,-1.86309301319909e-15,-5.62050406216485e-16,1.06165076729781e-15,5.20417042793042e-17,4.01415012341033e-15,-2.51187959321442e-15,-3.46944695195361e-17,1.48654959869488e-15,-1.46302241155194e-15
"48",-6.62402361475209,-3.62657721241764,-0.735479007145291,1.04401026619353,0.697323073466022,1.04765246467053,3.14297627190481,3.92263370762412,-3.10056366498309,-1.47896435756186,-3.66128697787855,4.98408581668787,-1.85553035770139,-0.646108192453905,0.952535483440103,-0.266782865067798,3.69015400706423,2.26214013344684,-0.0918743189717175,-2.89301250508531,-1.86143470249883,-2.60423473083673,0.562595830127388,0.807746234197407,0.743312042679379,1.1277941990723,0.29523547045678,0.13732933509278,-0.929389061604349,0.546809966590757,2.86412160489395,0.693562655812698,-1.48255724990585,3.22136923159823,-0.635579035595705,1.28875391316645,1.55671201708457,2.33332427547367,-0.624925537250386,0.758892365048384,-0.286379382003892,-0.469610013423887,1.14853837296281,-0.331820774861977,-1.24933253365972,-0.608325861778248,-0.241273023873815,-0.567719238126652,-0.834732660576961,-0.898563067543185,1.61194018232165,0.600429045914729,0.0272096139347338,0.422759479215189,0.965072994726026,1.30785344998055,-0.457928761038694,-1.1134787858953,-0.472600336658853,0.913855515064183,0.604924223893321,0.245868612941248,0.347811435463913,0.462042406059064,-0.281324942543338,-0.0517303881615173,0.564260485191152,-0.116470013252665,-0.153239858498873,-0.272029737532561,-0.00544690759654029,0.32632475791361,0.0636709831425485,0.180178430019412,0.0579140660847054,0.0915258901960074,-0.0897774374762538,0.0361130406384219,-0.0121409164418654,-0.0951593660980065,0.0637922002033498,-0.0124298100199248,0.0190535773143276,-0.0346470414669136,0.0026879242455128,0.0332891761045239,0.0142531445084535,0.0144707780652447,0.0110936046124191,0.0251490728689654,0.00460849367470908,0.00159711710751597,-0.00737224776450477,-0.00196221658138543,1.78329573330416e-15,-9.36750677027476e-16,7.30318583386236e-16,8.4741241801467e-16,-2.09901540593194e-16,-1.76247905159244e-15,1.03909936211011e-15,-3.13811476804204e-15,-3.0739299994309e-15,3.81986109410093e-15,-7.18175519054398e-16,7.56339435525888e-16,-2.08166817117217e-15,-2.53746676448507e-15,-3.20576898360514e-15,1.9897278269454e-15,2.04003480774873e-15,2.08166817117217e-17,7.42461647718073e-16,1.04083408558608e-16,1.73472347597681e-16,-2.42861286636753e-17,-5.44703171456717e-16,3.03229663600746e-15,3.04617442381527e-15,8.73866951023317e-17
"49",7.95692649077285,3.12277951138182,-13.0836413673948,4.69116756754779,-5.80066979934523,7.51472325923052,-9.1633149159193,-1.58856156257792,-0.94893933365768,-0.193902706401967,1.26168518921856,-0.674955001036323,2.21865627090517,-0.715155525038706,1.52459508101411,-1.20108356768263,2.34665240364922,5.58353882358203,-2.64039988393409,2.65894476806007,0.686426369644245,0.661489949628932,-1.85948013710057,0.747296839816821,-0.155216834435425,-0.480328384914274,-1.96609125952281,-0.586135525677056,-2.25212578741762,-0.483867892278021,0.110832161355682,-0.877538425581355,-0.380530735107339,0.549794099489502,1.04542019107563,0.423213140580471,-0.0804292255182229,1.0818091319319,-0.228722372902906,-0.268123478250789,0.097867175138767,-2.14148710652426,1.16938652419959,0.339746515759937,1.38608770534989,-0.362857657376962,0.490173327935277,1.61992447919213,-0.101034930978842,0.284177663773566,1.14442022216474,-0.288673650661124,0.152253839020324,0.226386186772687,-1.89019437726377,1.17701868788846,-0.501701099511423,0.782828661076937,0.557400975373283,0.473121323361258,-0.173744972151662,-0.138653836235317,0.245588297119191,-0.23953119398596,0.21955899404724,-0.888263849139941,-0.161472411026102,-0.104045277447411,-0.0860048332014847,-0.196494253924819,-0.299197096612779,0.000226722956326759,0.0601603925282744,-0.081865820731248,-0.366222305050424,-0.595225743794118,0.105571279556395,0.340205438359567,-0.8980730738838,0.208263990199527,-0.321125867983274,-0.23291972542136,-0.102529901180019,-0.508838756532533,0.332187033642191,-0.281969230627195,-0.141290388812681,0.203459369632774,0.13209601413268,0.119516887916088,0.0585334475162598,0.0339005029957163,-0.0405543169071191,0.00741392244613997,-4.37150315946155e-15,-1.61676227961038e-15,-2.79117007284668e-15,-3.13811476804204e-15,-6.67868538251071e-16,3.15719672627779e-16,-2.22044604925031e-16,1.77115266897232e-15,-1.17961196366423e-15,-1.44675937896466e-15,1.18828558104411e-16,1.90819582357449e-16,-9.57567358739198e-16,2.04697370165263e-16,-9.57567358739198e-16,-4.59701721133854e-16,8.60422844084496e-16,7.63278329429795e-16,-1.64451785522601e-15,6.73072708679001e-16,1.57859836313889e-15,-1.37390099297363e-15,5.65519853168439e-16,2.17187379192296e-15,-5.97070136387767e-16,-2.15539391890118e-16
"50",-10.4719751251466,1.84357185909812,1.52037419649659,-1.51302661815215,-2.67136917697348,-0.928386248655488,-6.01183962902269,-2.82105274976292,-1.18171181137572,-0.970834261718735,-0.213973982230896,-0.913953083991202,1.33713790740484,-0.334648586887064,-2.74802463658124,0.839694231595717,-1.25554742157336,-2.75366310124364,1.33954169366772,-2.70777177853968,-2.25892836170644,3.06466253651954,-4.42385339169695,-0.638525853056595,0.812714275142426,-1.10198613903528,-1.652202274602,0.389142469962861,1.90441433931251,-2.79989114576371,0.801789847519064,2.04475906096895,-1.13714631082345,2.13409048477818,0.606671739073086,-0.490243634021003,-0.609515856413657,-1.62827363938088,-1.75653876639898,-0.97064021896309,0.485291433326695,-0.886308278137492,-0.207985904705215,-0.346021983852885,0.322945216846465,0.127698803873794,-0.452865067429351,0.236149601522372,-0.92147289274163,0.0195319893729241,-0.613990513577235,0.290439659792647,-0.270457423027567,-0.773356817307753,-0.570069918264049,-0.0538014424799318,0.435975285112594,-0.488794223117152,-0.0081560185854205,0.324901697049767,0.449713224457145,-0.050441682698939,0.225503805779733,0.202221836236911,0.00399748681881777,0.00469794135307895,0.118248049140789,0.0451123080907577,-0.159497193415326,-0.197715420775983,0.0211517610248683,0.135174887630424,0.0581224034222676,-0.046113169546678,-0.062214240564611,0.0324183218629613,-0.00674303185120196,-0.0284961737575116,0.0124651942079137,-0.0531842884365997,-0.0305886093289902,0.0163569423978004,0.0147240738010864,-0.0103047305184841,0.0251938185699323,0.0206922928050815,-0.0136043847433272,0.00387001696966407,-7.6728830730623e-05,-0.00384114165181387,-0.00163998520922505,0.00637153710553156,0.00126333392623508,0.00243091193443816,3.66894015169095e-15,4.9439619065339e-16,-2.4754504002189e-15,1.78849990373209e-15,2.31368743608407e-15,9.27209697909603e-16,-3.03229663600746e-15,2.09034178855205e-16,-1.196959198424e-15,5.95010152260045e-16,-2.63157551305682e-15,-2.60902410786912e-15,-7.32053306862213e-16,3.37837396946483e-16,8.6389229103645e-16,-2.89265139619133e-16,-8.98586760555986e-16,5.53376788836601e-16,8.17054757185076e-16,2.89698820488127e-16,1.71737624121704e-16,3.87710696880816e-16,1.39211558947139e-15,2.08166817117217e-16,-8.44349546877399e-16,-9.59356292323799e-16
"51",0.0490019414485535,0.317410266684596,-3.06771883072188,-1.01546962568376,3.72618956534707,-4.19235891529719,-2.11814535796557,-1.47790930152906,-14.7376689108823,-3.18712517042381,-0.0709707646083292,-3.10305255679993,1.72624511172347,3.12306977736676,2.78875906671244,2.05814109798624,-2.03067669310303,-2.64255406201198,1.46257016228842,-1.62690635573451,1.89644849901223,-0.219202091244738,0.508796792065893,0.53823335256674,-0.742123173329514,-3.02342119848966,2.72423738141266,-0.230548805053384,1.69857948541986,0.61741932436852,-0.76681737982671,-0.850291149527394,-1.14351998098973,-0.737538868030189,-0.1167476268252,1.02743689455042,0.585690506242027,0.624204158275186,1.66977931398166,-0.594344582674668,-0.776743024842922,-0.901301541448741,0.404675081740133,0.286172679138244,0.318352804481254,-0.147065098839816,0.0651406170325746,0.528700228660603,0.501080840547126,-0.435296505336858,-0.0879303299010615,0.538449325171295,-0.0325119355938961,0.231427487565193,0.0407889614503249,0.0705757931892016,-0.210747067418165,-0.0231460363236478,0.238853116381513,0.241260944952567,0.010100237137318,0.0628328026445841,0.00278147303548483,0.00683391230681254,-0.145817611955991,0.00437957332225389,-0.154449789824844,-0.093352666163689,-0.0120037922691843,0.0562489815092948,0.0698055058478376,0.0305746253062742,0.00466971792987284,-0.0114931207844124,0.0391467490666423,-0.0212611888394445,0.0140210043079664,-0.0463951353973046,0.0053687834551423,0.00623315227354836,-0.00329865503758948,0.0126095847647759,-0.0288412797422699,-0.0055875534377039,0.00670686891817163,-0.00597553947153258,-0.00230613687053904,-0.00226781165926926,0.00193357361090804,-0.00438180359178127,0.00224823645438933,-0.00127424911480192,-0.000883197462334298,0.000375172127982569,5.09314812546791e-15,9.32587340685131e-15,2.42687814289155e-15,-2.93688684482873e-15,2.43034758984351e-15,-1.1067535776732e-15,-4.47558656802016e-16,3.24393290007663e-16,-3.33066907387547e-16,2.8796409701215e-16,-7.05165092984572e-16,-3.98986399474666e-16,-6.93889390390723e-17,-3.66894015169095e-16,8.46545056276682e-16,4.8919202022546e-16,5.96744875736022e-16,4.37150315946155e-16,-9.43689570931383e-16,-9.71445146547012e-17,-1.08593689596148e-15,1.00613961606655e-16,2.77555756156289e-17,8.39606162372775e-16,1.87556133818267e-15,2.30935062739412e-15
"52",9.65042690035368,-10.2202877323806,0.52769859589504,-0.199435210673659,2.25544377032808,1.26283199224657,2.31509242269629,-2.47130194121337,3.64106728443336,-5.21648662595155,-2.78059514117865,0.971435428209318,-0.451372097737179,4.28970695808233,-4.88666352154823,-2.15682221099568,1.7764869854683,-1.50734469723064,2.46798611555314,5.27472647878562,0.697251170678081,1.14437394712176,-6.11115426362198,-0.0954828435116211,1.81186068483415,-0.942081776603849,1.88630081222963,-4.37596304572195,2.65629374298685,2.30233075475725,-1.02254032292939,-2.15622770637596,0.912362511587411,0.0294342245044459,-2.52350912924617,1.9603128508766,-0.468435822876486,-1.47785185235484,-1.50651285214018,-1.06397694336665,0.656061383579322,0.148262709741454,-1.14303944405456,-0.997513698703702,0.0228381039260433,0.654079124920648,0.951946330303443,-0.0124383930691814,-0.327270731258658,-2.17528349020148,0.711437233726191,-1.52818588284711,-0.465443185771443,1.012631530871,0.320922501657771,0.567828057148341,-0.444588784336648,1.91879143379163,-0.625265248093122,0.363656368852864,1.75581689775898,-0.879443214007072,-0.811964231552345,1.00692510795707,-0.512943809968018,0.181832076476851,-0.0543975176150709,0.240852868471006,0.179212212891196,0.706719661389215,0.437047283552258,0.725830810556947,0.802750263240264,0.0235739606287697,-0.158773859510251,0.0575480146641702,0.286330822893372,0.104931854919909,-0.125856715224824,0.200725760288478,0.086807760447974,0.0234018439907641,-0.116505450925446,0.0449539015029963,-0.0415129628750004,-0.0730355101649011,0.0448475048614452,0.00805503402539593,0.0174204052708744,-0.0494355888442184,0.0149566438804795,-0.0232586805696574,0.00547202715565047,-0.000203236627524653,2.09207651202803e-15,-9.95731275210687e-16,1.37216626949765e-15,-1.02652261690928e-15,-2.78596590241875e-15,3.00280633691585e-15,2.84668122407794e-15,1.60895602396849e-15,2.44942954807925e-15,-1.0096090630185e-15,1.33400235302616e-15,3.2612801348364e-16,1.08940634291343e-15,1.37737043992558e-15,9.92261828258734e-16,-9.11597186625812e-16,-1.17267306976032e-15,4.96130914129367e-16,-2.8796409701215e-15,3.03923552991137e-15,-1.196959198424e-15,1.33747179997812e-15,2.05564731903252e-15,-5.58580959264532e-16,1.10209150833152e-15,-1.30104260698261e-17
"53",7.2292505993902,1.99541123106727,2.59091041650945,10.8234117044629,-4.15233632468644,4.01837217354698,3.73849210276183,5.05912723890914,-3.96727256513307,6.78206912481665,-4.14557643316989,-2.19953602251247,3.00661925171689,5.63756271101323,-5.01006669736132,-2.36887181084722,-1.41106720548702,0.334509898125106,2.76367730490686,-0.413341263942285,0.519671685955384,-1.20232620743942,1.2125941155978,-1.19062592648731,-1.83893392984652,-0.552341845979478,-1.11301984935366,1.66314827084905,0.703845340232361,-0.434159448579279,-0.703413786416842,-1.19121168800227,0.779367493737623,0.920155608327715,1.72346940132314,-1.5040184455891,-0.246360089502286,-0.233803957641649,-0.781658966579254,0.278463950008248,-0.561545102338012,0.20263722772975,0.0819166271553612,-0.723939976119142,0.23611816048234,-0.228600006381387,-0.317030285343058,-0.603359841578306,-0.230031771031989,-0.163088784358009,0.216518448659495,-0.242846350338591,0.168405990866027,-0.00672087590265847,0.146393295877583,-0.11059406548815,0.176806340127322,-0.184308978274525,-0.0843642594129971,0.142587177532352,0.136459442104376,-0.211410645468203,0.0471870595875418,-0.116260568556503,-0.199515429533824,-0.0310172577666677,-0.109114071653569,-0.103713719404355,0.118824505017503,-0.122934465100734,0.24081512442279,-0.147817187100157,-0.0805599002344874,0.104091048302768,0.156437171752162,-0.0109493485610856,0.0369994285115785,0.0562734104078487,-0.0224960994540639,0.0629732626786978,-0.0736447099564673,0.0437697141427705,-0.0998374840725531,0.142753521028046,0.0619110265993382,-0.0869660564882543,0.0413253392682755,-0.054809313193047,-0.114249833824697,-0.211867796029863,-0.0842854218978837,0.163985833962548,-0.52898828515691,-0.112755196205769,-3.63554672477839e-15,2.8570895649338e-15,9.0053832446646e-16,4.18236409047146e-15,1.86721298145454e-15,9.66891497422573e-16,-2.05477995729453e-15,-2.22402391641952e-15,3.20923843055709e-17,-5.47955777974174e-16,-4.06033713595821e-17,1.11911348243954e-15,2.33753988387875e-16,1.19034556517184e-15,2.38697950294409e-15,-4.29235640087011e-16,-3.9118014383277e-16,4.64689051127287e-16,-2.34924926734159e-15,9.82937689575358e-16,1.08788845987196e-15,-7.28150179041265e-16,-9.58651560911683e-16,-7.57423637698373e-16,1.71017984929717e-15,1.36965905197378e-15
"54",3.10762443197018,3.10348390506238,4.2123894973686,-4.31287441683224,7.19571364907257,8.72695108506608,-1.89221531866309,-5.46351158770691,0.493323709518423,3.25073649980379,-1.28124944755995,-1.60147499163952,2.80652381291395,-0.731950193673523,-0.678615634921534,-3.33846362358391,2.81280065972033,-3.15049627549887,-6.92170900908227,-0.785873814151476,-2.52980847971659,1.33940646021512,1.06659397310316,0.479097345910211,-0.781873163121598,-1.62365400969896,4.7870636111966,1.07779110473224,-0.10906013890927,-1.97169372146522,0.762416037905477,-0.528661804887261,3.3917371102958,0.827112811951688,-0.480719401845674,-0.47314924969532,-0.632150705996972,1.60174347241276,0.147007860079695,-0.138784144848756,0.79620382892915,0.0403419291887542,0.13863834648945,0.251892990781123,1.1665419840891,-0.736663939354115,0.439174761638536,-0.684592790603787,-0.391902629946016,0.0295900123604259,-1.03413609012375,0.638276199809421,-0.118659250020888,0.23275534833627,0.686871169540688,-0.20788407627485,1.05304391993125,0.904644637244656,-0.69541085283286,0.273393065126696,0.806354339321607,0.156274453310063,-0.947448395131668,1.15135499359821,-0.710037612614205,-0.2962514665181,-0.532388982405052,-0.59134856213073,-0.761823154677926,0.0836773405186716,-1.13083932326858,-0.97880599500466,-0.130082641996603,1.03548870081642,0.734748338759775,-0.146695400251154,-0.56069093303485,0.223462762850107,0.0565893764861751,-0.253104092706289,0.126121090033279,0.265205305146866,0.122237967957672,-0.173291551711611,-0.00736573021077741,-0.161207887226019,-0.0665041939338333,0.0732646141935238,0.0500782874861202,-0.0204537595315664,-0.0125988354622323,-0.00350613349391667,-0.00224267600581832,0.00506125473872143,7.42461647718073e-16,3.7470027081099e-16,1.69309011255336e-15,-1.59594559789866e-15,-9.17668718791731e-16,-4.9960036108132e-16,1.97064586870965e-15,2.52228793407028e-15,-4.85722573273506e-16,-3.10862446895044e-15,-4.96130914129367e-16,-1.06858966120171e-15,2.02615701994091e-15,-2.25514051876985e-16,-7.63278329429795e-16,6.80011602582908e-16,-2.13717932240343e-15,-1.4363510381088e-15,-1.42941214420489e-15,-6.93889390390723e-16,-1.79023462720806e-15,6.80011602582908e-16,9.0205620750794e-17,9.57567358739198e-16,3.21422576055053e-15,1.99232991215936e-15
"55",11.5174118952083,-5.91416260690963,2.61926784387134,-2.60444774538107,8.00701427808284,-4.39817823780688,-4.88303912813063,-1.16093844941838,-0.900271655420599,6.64675047079208,-3.49459963456888,1.193886301342,-3.82940902240596,3.33007793611793,2.79533153636949,-2.6314794918505,-2.30950618539963,-0.351894080972976,2.28326348778465,1.50203129641625,-0.909324658508096,-0.192589749884087,-1.0628397053819,1.88127057559206,4.52357428310062,1.78016754286875,0.234594074737765,1.64454613442275,-2.25371713674022,-0.156748792916793,0.639057899410345,1.77045623800356,-1.02638854990649,-0.733062984101427,1.02781968575665,-0.0792402456338881,-2.44876920141352,0.284094909181574,-0.504116121088358,0.594128773861265,-0.304866415021917,-0.136813824890523,0.0416646132994048,0.680051669994147,0.264338113965849,0.543295613237227,0.336992276699912,0.181980372213706,-0.0136227245907236,-0.273727528198261,-0.703003533898556,0.500687094317133,0.058743743360256,0.0457841858768064,0.0926163342799348,-0.032358875586319,0.566339042999181,0.365392445578796,0.480494659981306,0.157965593428163,-0.555004641696798,0.6045831893998,-0.390907493896981,-0.476371728938393,0.201165025558368,0.348724660458539,0.388684394557619,0.0406096937751152,-0.278720759762054,0.375385424712303,0.234088407763899,0.585724203339503,0.216716314858603,0.373451562748711,-0.163105908752605,0.0492644174100972,-0.216174734486012,-0.210319905819043,-0.330357947048713,0.034819768142446,0.991943784970175,-0.647176563637876,0.76057443123496,-0.441871351319177,0.0935944869637521,0.0338262175681608,-0.0300230515561945,-0.0161337761655222,-0.191394892033341,-0.0805080216201369,-0.0831750141003039,0.0420954838512067,-0.0306221171279637,-0.00749064026321137,3.08086889333481e-15,2.91433543964104e-16,-7.23379689482329e-16,-3.36362881991903e-15,-7.75421393761633e-16,-1.5334955527635e-15,3.36536354339501e-16,1.22124532708767e-15,-8.60422844084496e-16,-2.45636844198316e-15,2.2291196666302e-15,-1.55431223447522e-15,1.26981758441502e-15,3.20923843055709e-17,-1.80411241501588e-16,-8.91647866652079e-16,-6.38378239159465e-16,-7.35522753814166e-16,-1.84574577843932e-15,8.77770078844264e-16,-6.45317133063372e-16,1.17961196366423e-15,1.08246744900953e-15,-6.27969898303604e-16,2.40291727487962e-15,-1.11911348243954e-15
"56",7.04742269874222,-2.85528485496342,14.0544614452036,-6.72166657465885,-8.57683328503812,-6.98535338164345,-3.95462283843628,0.168231520861918,-3.07913050107807,1.85869717261866,-0.0487828424875745,-1.66950553917969,-2.32035257466823,-4.37225919028822,-2.04788357634661,-5.86113909927983,0.352584348011941,1.6869632238014,-3.03199788284658,0.0209173651077883,0.543593069112189,0.400388703484275,0.774633016775425,-2.13068666184091,-3.50725365094833,-0.3985323849506,-0.204058519511222,-0.281447481815847,1.42912017394417,2.10007981027614,0.72174276729602,-0.772041969488296,-2.04808838728821,-0.0621967470064336,-0.00805215571180693,0.394566393972506,-0.772970417804723,-0.0935605369746808,-0.337901717787266,0.893507776500514,0.207213536577208,0.258606919717043,0.253886624345026,0.701287617934316,-0.080597468984719,0.00336884615890752,0.260829320169693,0.592408048912555,0.174979922841875,-0.460503927552481,0.45722303203303,0.0342926650572781,0.11533915449454,0.0695997595869267,0.299987302465834,-0.264030358686406,-0.0918339275543567,-0.126156445264199,0.463793490567669,0.191097787220618,0.190756783003991,-0.204236718477821,0.0443299426545457,-0.103411690139215,0.277037495096733,0.194887070469731,-0.0924869929052908,0.497653154505515,0.0572405412655612,0.0302567069638814,-0.0658979629450182,-0.322532946091274,0.3187557606934,-0.00873729151265078,-0.410375849468624,0.30695005882463,-0.783519424185701,-0.00434271582570977,0.0447496101038479,0.0845183074467159,-0.219130203121366,-0.158494047614481,-0.0513457770507829,-0.0414775665930159,-0.0165128008612367,-0.0542479909353344,0.00105973371917009,0.0148823688885905,0.0240626642885162,-0.014194145211282,-0.00731561301515519,-0.00403108404924404,0.000142079899869786,-0.00461005985535322,-8.41340885848751e-17,-1.19869392189997e-15,2.21177243187043e-17,2.59449579875781e-15,-7.15573433840433e-18,-1.97064586870965e-15,6.56592835657221e-16,6.46618175670355e-16,-1.18655085756814e-15,-1.42334061203897e-15,2.01683288125754e-15,-1.44936146417862e-15,1.65492619608187e-15,5.20525463010291e-16,-1.36175792864179e-15,1.47017814589034e-15,-1.95503335742586e-15,-6.38811920028459e-16,-4.49293380277993e-16,-5.62050406216485e-16,-6.86083134748827e-16,-5.96744875736022e-16,5.60749363609503e-16,3.34801630863524e-16,-3.22914709294936e-15,-1.76090695844233e-15
"57",10.463190506714,-8.050491358905,-6.29595508906328,3.00187646363372,0.620363090254318,-0.814891496654368,4.73880495747932,-4.26814200604531,0.652664664176817,-3.4995365549138,1.59424979195786,-2.27306961660172,-3.50243961632774,-2.24201376308349,1.52441162936382,2.38489340793682,-2.57012819599149,0.161848616604757,-1.20127450689018,-3.06204774118531,0.945163275187076,0.372075381165155,0.224203542449746,1.76922113284268,-1.74366387195034,-1.42130131136521,-0.0848085046298385,1.6229733327224,1.35815968313554,1.19630175483136,3.28323849243387,2.27880759855377,-1.40104055354453,-0.325531429844005,2.54509914347225,-0.980573908469692,1.11423186598332,1.91578989934541,-1.63842925003074,-1.14162828039894,1.18514159723666,2.19404439127715,-1.89842327009867,-0.331460285867082,0.938397886491069,0.377421727269052,1.92176621137234,-1.32212098095254,-2.9274910148262,0.913531087289486,2.28103516905967,2.30413603984374,-1.45503504052612,0.164624658062855,0.454589961796369,-2.15827195966699,-0.429163810131606,1.92660668214924,-0.333426628902157,-0.591890153597041,0.293620572979609,-0.427677352725597,0.60909015205381,-0.487528329987481,-0.525110358464121,-0.772733027836005,0.173590213568246,0.443893837213379,-0.666868246697784,0.147200361980765,0.242039871964105,-0.428682086248357,-0.328072073392592,-0.364882372040877,-0.235835827858579,-0.117392177645899,0.153940302421199,-0.144255041858159,0.0209980615443874,0.0393159468343187,0.0610663814658173,-0.105736318408989,-0.0594146964893493,-0.0293899148010411,-0.00602671731713313,-0.0161104084957774,-0.0117629463655609,-0.0293090864778334,-0.0211620850871732,-0.0134219022209346,0.00717392689337207,0.0172099760832992,-0.00512584001259041,-0.0045962226296249,8.66667848598013e-15,4.62130334000221e-15,3.05311331771918e-16,-3.12987483153115e-15,-1.78676518025611e-15,-2.30197805262122e-15,3.90139309747184e-15,1.24206200879939e-15,2.13024042849952e-15,-1.96023752785379e-15,2.40259201422788e-15,1.30624677741054e-15,9.92261828258734e-16,-3.32980171213748e-15,-3.46944695195361e-16,-1.58206781009085e-15,1.20736753927986e-15,1.63757896132211e-15,-2.45983788893511e-15,1.50920942409982e-15,-2.94902990916057e-15,3.06872582900297e-15,-4.08527378592538e-15,-7.80625564189563e-16,3.53086700502492e-15,-2.3186747660775e-15
"58",-5.73474288190286,-4.36375524939743,-3.33368177267888,-2.66739870525669,2.72137289209167,3.76277357691717,1.22409078481743,5.51309209848857,-0.455008811975602,0.420360455222178,-3.34134398951197,-1.3594375077959,-1.47036479949374,2.83744901898675,2.81346723212834,-3.5332708749607,0.725142494413372,2.84683350465247,-1.63620700468477,2.09628934151001,1.71673805876421,1.7273282147426,2.00499435505065,1.94987297913407,0.591294158789385,-2.07156829839494,-2.47706363345611,0.423451382493793,3.90271021283634,1.66536118974296,2.24263815453199,1.13279322057666,2.21312093424438,-2.10428139766067,1.01123037249074,1.29567037188743,0.514287963819756,-2.22135184021726,-0.338700157939639,-1.54862898252787,0.34550275381896,1.46574448187234,1.62280498354447,1.07037190947587,-1.43857763061308,1.13801600913665,0.0724884366921124,-0.219918798584224,0.326051111546361,0.753617716539429,-0.416683592558194,0.419965997123509,-0.231190585937841,-0.932121252589491,-0.648212459636349,0.272948812386061,-0.287313173341606,-0.641877088812867,0.193520237286585,-0.0727351369650024,0.306614306194827,-0.645331594896197,0.55302176654149,0.278042700381987,0.568745756060838,-0.0741190163807899,-0.289763937173637,0.258836919448961,-0.206332994892245,0.183253549788126,-0.256916984624429,0.070199566256676,0.0751601808758065,0.422096140053061,0.171197131449159,-0.060417408283805,0.141883943200552,-0.0294647114175734,0.0434200440489694,7.04524132299354e-05,0.00806256249276522,0.00954640257811427,0.0146977800950653,0.01063688517908,-0.0145790624964288,-0.000594050714892755,-0.0244291781064271,0.0033420008024093,-0.00186508194494209,0.00251702840358756,-0.0124059653028488,0.00573697450762419,0.00601338438228068,-0.0035972978182869,-3.46944695195361e-17,1.24206200879939e-15,-1.34788014083398e-15,-2.66019845041043e-15,2.68014777038417e-16,1.76247905159244e-15,4.9960036108132e-16,-3.37230243729891e-15,2.6853519408121e-15,1.21430643318376e-16,-2.60208521396521e-18,1.06512021424976e-15,-1.37390099297363e-15,2.34621350125863e-16,1.52655665885959e-15,-9.15933995315754e-16,-5.27355936696949e-16,9.36750677027476e-17,4.16333634234434e-17,5.41233724504764e-16,1.66186508998578e-15,8.74300631892311e-16,-2.46330733588707e-16,1.32185928869433e-15,5.01345926579022e-15,4.34634966905989e-15
"59",1.84776202589502,-3.62060067639977,5.70541536614728,2.35233247247855,-3.50051799812947,-3.74083065744367,-3.3312820744081,-1.55793619908007,3.11893611301919,-0.660040222571538,-1.96318362257543,4.02902771388577,3.89684976161338,0.934689160491467,4.92745869337469,-1.5922303630634,0.316239699181255,-1.48014800639561,-4.75645866717453,2.12520385273916,1.00222828188308,-5.18804092050943,-0.092595772100004,0.116079459810696,-0.309810733266643,-2.48210694059688,-2.05946676985959,-0.717862454360941,-0.945683590832097,-2.78666920280487,-2.6499701204436,2.31227219027816,0.263345920139939,0.574537872575195,0.686642163852592,0.534970989988576,2.77008715063695,-1.02337929027067,-0.467457070884328,-1.65335733081052,-1.76424724970473,0.102440796125171,0.653829967149197,-1.37768734349072,0.292674823954573,-0.7561032370598,-0.620615294070971,-0.476320902312531,0.359786540254891,0.0596137132152487,0.222555011180853,0.14931094391964,-0.0222553059841152,0.808777808881075,0.255693215058285,-0.855048599683919,-0.172276540531228,-0.297123687115222,-0.182520458871082,-0.0501293120222562,0.207269210532238,0.233605225304208,-0.357485512033439,-0.510021951670585,-0.0978162604781244,0.403964356458837,0.341008197124572,0.0475040504686402,0.00627612603819118,0.974808204796341,-0.395343087191169,0.178665364704419,-0.0772020872342749,-0.214162883314674,-0.133409610489815,0.0254792276322185,0.0702163919545868,-0.272809991606043,0.168339412822172,0.233150402550616,0.26466532142796,0.0177511535896791,0.147472531592416,0.475475673860017,0.251694181744263,0.0323932953366116,-0.456606894693123,0.204906483189578,0.462231047769258,-0.1355776855719,-0.079247775990643,0.172960985884257,0.0236206339110284,-0.0336015792109033,1.26287869051112e-15,5.82867087928207e-16,6.03683769639929e-16,7.03430369508595e-16,-2.39738784379995e-15,-2.25514051876985e-15,8.74300631892311e-16,1.49359691281603e-15,-6.17561557447743e-16,-6.59194920871187e-16,7.41594285980085e-16,-5.20417042793042e-17,2.08166817117217e-17,1.89084858881472e-16,8.11850586757146e-16,8.53483950180589e-16,-9.43689570931383e-16,1.07899800205757e-15,2.08166817117217e-17,-6.80011602582908e-16,-1.87350135405495e-15,7.66747776381749e-16,1.19348975147204e-15,9.15933995315754e-16,1.37812938144632e-15,-1.0245710529988e-15
"60",-5.23570611052869,0.687884984847421,4.43776856932665,7.51599248533358,-1.97001908639303,2.56910360734142,3.14718406055951,1.77852590363826,-0.498749308988324,1.04457268305498,-0.88429542114468,0.560997840778033,-2.43904455978908,-3.89700603347295,-1.69468420690049,3.43384189008325,1.03399965766689,0.0816993915945749,-0.0123776742869773,-0.0366747801415338,-0.0232587642585164,-1.43523513260554,-0.785065764047818,4.41042059488487,-0.148849754753416,-0.260675331543498,-0.476497605513332,2.0025599267469,-0.244739969536112,-2.55520601080316,1.84869039571576,-1.56222548803076,-0.978885546510386,-0.506560132141124,0.958813596195938,1.48197478792862,-0.747173841863056,-0.152723296324914,0.473246821209845,-0.988183073294962,1.93472381350725,-0.00697943377878503,-0.467076903566612,0.14944815821713,1.83469915189467,0.329176813794186,1.02254572208538,0.420350130944495,3.30955888924662,-0.676022747651899,-0.128858278592756,-0.493740045145312,0.511797276667714,-0.239890789304774,0.279170763457542,-1.17872431146211,-0.930334853008488,0.194947096694526,0.67647662248057,0.121879193170873,0.471131694190877,0.0466504383796632,-0.704721202771869,0.507488952448762,0.122770948743402,0.24536633483738,0.470094159914921,0.302669733649104,-0.155007785909124,-0.126197559048601,-0.161335495645272,0.357951160573229,-0.252321814354366,-0.161730685587845,0.061304457477285,-0.0961638718506081,0.0621359193997547,0.0424398746634208,0.320765021242618,0.0202113394331737,-0.0704452458135957,-0.10501965950047,-0.141907758918377,-0.412828879751399,-0.667228489837237,0.38093837641497,-0.372805548185956,0.161759152448126,-0.0519989835395704,0.294078581375681,-0.057328708598982,0.13156172305828,-0.0509797300530125,-0.0488120054980517,2.69348345710574e-15,-2.50407333757252e-15,-3.0326218966592e-15,3.20842527892773e-16,-4.39345825345439e-16,-6.88576799745544e-16,1.07601644608324e-15,7.01478805598121e-16,5.44703171456717e-16,-1.85723832146767e-16,5.14020249975378e-16,2.72709372445279e-15,-9.07477218370367e-16,-7.88865500700453e-16,-9.41738007020909e-16,6.02545357358819e-16,-2.24213009270002e-16,3.42391046070922e-16,2.92734586571086e-17,-4.99817201515818e-17,-2.2291196666302e-16,-9.75456694585208e-16,-1.55799852186167e-16,1.20238020928642e-16,2.62817382874064e-17,-7.40421992381085e-16
"61",-4.72820223842788,6.78126934371888,2.39761006601229,1.38818532835932,3.17361678922745,-6.01772532016858,-4.64595417698905,-4.20709586127763,2.79636484311585,-4.40185933202792,-1.43744179478238,4.30730519782095,-1.3968637222696,-0.358072011158319,-4.52385935286249,1.92783656074018,1.11383926286565,0.118708825185984,1.74392000522495,2.08115135485548,4.69411434798362,-3.34353964148586,-1.24578649341605,9.80891993328292,-2.60942059412543,-0.268456010963651,-1.40589829108602,2.08504521701293,2.75245814846804,3.83062032759315,-0.7410443231205,-2.26661391103906,1.05105729406188,-1.33456384651185,-0.489671846745109,0.740639754997814,-0.948504309976614,3.6287394316561,-0.92262736577964,2.88147616240656,-1.26206643522704,0.194858666604454,1.48577222929865,-1.83141908592329,1.37650355559985,0.384816127073175,-1.04537929953201,0.507181979239374,-2.22158421214986,2.54694579577316,-1.61744684396356,-1.33766195236435,0.177614845104063,-0.102716384599489,-0.42856311446998,-0.692731629521913,1.13365124189059,-0.465380826323575,-0.770178383540204,1.15798287487328,0.0333182451612808,-0.550067291490689,-0.0787102046262118,-0.11371719443139,0.142565480857787,0.11899484759061,0.699046643584642,0.377122140799235,-0.130570008430229,0.0201075944209627,0.0742509400864195,0.012674092965531,-0.0503778414347622,0.0875033804449403,0.035805022851734,-0.0417490425642555,-0.0599143668657194,-0.02182341873212,-0.0250717408986335,-0.0921933323207688,-0.0591151896182559,0.0409247632051551,0.00308233536685488,0.0394295146901075,0.000479156175608661,-0.00540590655358972,-0.0203267904925819,0.0289856289641953,-0.00110285608251708,0.00262632187540642,0.00983612017327828,-0.0159547339614443,0.00129984364278311,0.0025234315491109,-1.87350135405495e-15,-1.06858966120171e-15,-4.19803081186387e-16,-2.26381413614973e-15,-2.77555756156289e-17,4.64905891561784e-16,-2.43555176027144e-15,9.40220123979429e-16,-1.04083408558608e-15,-3.04617442381527e-15,3.92047505570758e-16,-2.65065747129256e-15,1.08246744900953e-15,1.38257461035352e-15,-5.96744875736022e-16,-9.0205620750794e-17,-7.21644966006352e-16,-1.89431803576667e-15,-9.71445146547012e-17,-4.30211422042248e-16,-8.32667268468867e-16,-3.95516952522712e-16,6.86950496486816e-16,-9.08995101411847e-16,-6.08454259198865e-16,3.38704758684472e-16
"62",-8.97190354784309,-2.03878575045059,-0.862773217305262,0.145010607583796,0.262826939748038,-0.822852264369366,2.89595058421793,-0.458465626529728,4.13358934562973,2.25531255009341,1.55157165523732,-3.69687005928767,1.9555757331431,-1.20973877814089,1.51452080196211,-1.90156572687836,-1.49466602690187,-0.0983739606687231,0.0546360029003766,-0.802702144792854,3.76651890528705,1.91926297248086,2.7874822194979,-3.2055002213853,3.3005893301918,0.637235973790773,-1.22607742924527,0.442244865935549,-0.0827503210548804,-0.658762357807958,1.0254777537688,-2.21750245694786,-0.50291264478044,0.0553815014114854,-1.59494986586885,0.571494590520029,0.130496385756282,0.439392952757681,-0.214788442976898,0.33089130681356,-0.291821204993008,-2.64809720361694,1.51494778648482,-0.887507472917658,0.894247450617079,1.72019848998937,0.757849405820162,-0.516663197653748,0.399604307112259,0.384296738573981,-0.359999780390747,0.263858561720648,-0.762312350114472,1.1173696170113,0.276739395047288,-0.525329804141508,-0.0758568549746906,0.0617764235698217,-0.949269353225761,-0.110279794123337,0.232327572915806,0.00884346095241157,0.0995445520699701,0.172860932995057,-0.10938478840201,0.013055963835859,0.227260881461832,0.26263786862607,0.145334535621417,0.141364121996201,0.279525788594444,-0.0204942417969479,0.00158519581168555,-0.0961154293753306,-0.00989577164230159,-0.157984746490992,0.0111387708462263,-0.183173110207491,0.165726365130009,-0.0157018488268233,-0.450650235013132,0.0878605114142721,0.461973335452406,-0.155254204642891,0.114495623306111,0.108582028838007,0.0055651448445706,-0.0345736209785705,0.0226087614762273,-0.0264017715947853,0.025883448564518,-0.0185256631814127,-0.019938504810588,0.00474193180947356,-4.24660306919122e-15,3.81639164714898e-16,4.59875193481452e-15,3.66286861952503e-15,6.88425011441396e-15,-4.12170297892089e-15,1.07552855510562e-15,-7.51135265097957e-16,4.85722573273506e-16,1.75900960464048e-15,-8.51749226704612e-16,2.76167977375508e-15,-1.58206781009085e-15,2.51534904016637e-17,1.66533453693773e-16,-1.0547118733939e-15,-5.55111512312578e-17,2.91433543964104e-16,-4.02455846426619e-16,-4.78783679369599e-16,5.3776427755281e-16,-1.80411241501588e-16,-3.85108611666851e-16,1.93942084614207e-15,-2.4761009215224e-15,5.3256010712488e-15
"63",1.45531019991161,-5.7784131230428,0.618716423420594,-3.42489751780402,0.913849934003873,-4.24727743929668,-4.54826885634491,3.61652692304637,3.51603149633196,-4.15339614394277,-1.56043276646797,-5.85239802284462,0.171275031090347,1.31315738980509,3.48911869982897,2.29429235578155,-1.01413920010647,-1.15340060855207,2.84998474086105,1.37459933945336,1.57234311902468,3.1666259234548,1.18790605559649,1.13874615292841,-1.078448695172,1.16723331290933,-2.40529847654431,2.03032931633449,-1.76961073062473,-1.47263309877418,1.32825885320646,-2.85385903587208,0.414137815193402,2.67055479401659,-1.51247010376576,-0.585740139757334,-0.67949513311523,-0.683636388397698,1.04271645193771,-0.608381557387037,0.594470055859443,2.54285015410737,-0.838243665701754,-0.309186594915632,0.917814161751269,-2.28618525463886,-0.564877322213593,-0.813723214715636,-0.259135942441154,-0.689525756587076,-0.104837875133644,-0.235655297350977,0.82074270147884,0.705389444721613,-0.242273272460804,0.526233207235767,-0.781332684322794,0.263320427311895,-0.520137203316827,0.607021784481061,-0.377516440699923,-0.550371720186678,0.532534366649437,-0.188291029350492,0.295662722514041,0.0876553006535319,0.0570637868373983,0.00108764190548712,0.276168089175464,-0.157991581596423,-0.436083874424964,-0.218625594035574,-0.000188839203110278,0.13764102522888,0.0611698827748009,-0.0312227638391335,-0.062571044018637,-0.0866024458982975,0.056190797226641,-0.0204781157229277,0.0400277374901509,0.0562347591289925,0.0550304577125836,-0.00567200113380131,0.0381389616380297,0.0247643712819938,0.00140913441757972,0.00516971070663887,0.0163747553243301,0.016739086000262,-0.00775323740387331,-0.00834053383786157,-0.00408840749713972,-0.00140508840975035,-2.43034758984351e-15,2.84494650060196e-15,8.97719398817998e-16,-2.33537147953378e-16,-2.24473217791399e-15,-1.0998146837693e-15,-1.28803218091278e-15,-9.93562870865716e-16,2.2586099657218e-15,-7.97972798949331e-17,-8.91431026217582e-16,-2.66019845041043e-15,1.16053000542848e-15,1.66750294128271e-15,3.36536354339501e-16,-2.25514051876985e-16,4.68375338513738e-16,5.46437894932694e-17,4.1286418728248e-16,-2.03656536079677e-15,-1.04343617080005e-15,1.0772632785816e-15,8.56086035394554e-16,-2.44075593069937e-15,3.62936677239523e-17,-1.62337591286255e-15
"64",0.577051123132693,0.969052102941756,-6.01342550425959,3.71337841169589,2.48324055774658,3.15926068822857,3.53140359997807,-5.60743595898925,1.97605295701673,-1.41045742210879,-6.10172384491995,-3.45327136962878,3.97423531532927,0.614848496064046,0.615961345457484,-2.28258595693324,1.17383370303911,-2.40631433142026,1.44145828332465,2.67185227694809,0.662225843274896,-1.64022015597006,-2.03208005489543,-3.75561542935007,-1.87346008358879,2.05765240962901,-0.432238598672259,-1.76970065180351,1.36617829399599,-0.306603141173345,0.356379649330625,3.58976360927508,-3.48633009257881,1.15655079132158,-1.17811344085521,0.362642994749579,-2.06266507611069,0.468391384094015,4.00485431329674,1.55982422074547,0.480117348379213,2.21137735770142,-0.408945118253812,0.081259926965854,0.160336542043836,0.716045892068107,0.0278365032166576,0.535984298651222,1.80157642901599,1.91856692333344,0.810858652940539,-0.0292364454411265,-0.313022846592072,-0.0932769470922044,-0.177085827199174,-0.290291550476085,0.857743924078482,-0.286207788992993,0.732785022021698,-0.658010227060002,0.568887512398757,-0.961995474762582,1.09780303346192,0.105591610370834,-0.45396152603823,0.75958486890285,2.16413178983672,-0.681687157508158,0.846224891175744,0.217979203982351,0.413075345840053,-0.619959404780378,-0.0819320620381082,0.582527075754498,0.0831426956023292,0.0837173337862018,-0.0247400305047502,0.278273702026568,-0.0780072009013804,-0.136353339166973,-0.00444540075566699,0.0374496816243334,-0.0539203352507814,-0.134982587252789,0.0291749067656775,-0.0910648994534308,-0.064623441593785,0.0277605996297859,0.0476764857510873,-0.0264323272496801,-0.0470839996840351,-0.023890116014317,0.0257232828774561,0.0088258527185999,1.16573417585641e-14,-3.43475248243408e-16,-6.07586897460877e-16,-2.5728117553081e-16,2.46764414457701e-16,1.3314002678122e-16,4.73145828072674e-16,-1.81278603239576e-16,4.68375338513738e-16,-1.59941504485062e-15,-6.46401335235858e-16,-1.22818422099158e-15,2.05391259555654e-15,7.89516022003944e-16,5.72458747072346e-16,-8.63458610167456e-16,-5.72458747072346e-17,1.26287869051112e-15,5.3776427755281e-17,8.82540568403201e-16,-5.05671893247239e-16,-5.57713597526543e-16,-7.02563007770607e-16,2.94512678133962e-15,1.74393919444293e-16,-2.89498243086217e-15
"65",-3.37061157359292,0.300889029330233,-0.777270576575881,2.94211560712781,1.9810100398172,5.05059789840283,-6.08574009181162,1.46547623954976,-0.762443985872318,0.651155544512758,6.59327881602665,3.18652778861133,3.42509189262078,-6.02435483869629,3.08425981262307,-5.04386223521694,-2.8788504970547,-0.305600137836277,4.78035266902477,-1.36815706457184,2.89778321946999,-3.35457224487376,-1.77303968764,-0.31845449479024,0.641652865073405,2.43071210845026,2.11111540905261,-1.27150740933367,0.527328845626866,2.3106526739858,-0.477416990673551,-0.305957484045844,2.07809051018323,1.94026941149247,0.713636535419114,-0.347536078587723,-0.285944740639419,-0.129435630391509,-0.487667888405943,-0.324298398826203,-0.112979457719754,1.68120724778323,-0.00479375695940684,0.337083707774766,-0.354958569107158,0.193623569993093,0.0591509218732725,-0.17580978589122,0.382718536041429,-0.0103462685034448,-0.451021152349283,-0.455232873996801,-0.448780567839236,0.37715878140939,-0.3762221366541,-0.475455176510657,-1.00471371389861,-0.0812692416341741,0.058766838295601,0.0241825365973292,0.35613821354503,0.761818931348242,-0.124641448544604,-0.196582962258953,0.140672942634317,0.0594253464979253,-0.315101806523994,0.192881408357017,-0.0964317146688888,-0.286795305100993,0.0351909380531463,-0.229294657734809,0.0137358652057949,-0.00426334543781343,-0.230799334617454,1.3300975901199,0.684932820179597,-0.42300915736761,0.510733815730646,-0.721381627237388,0.0865262064575326,0.18565347662497,-0.118507171470589,-0.471700967841373,0.186902352344895,-0.45611596418977,-0.047722151359214,0.114790445843749,0.0100275971718768,0.0705363139196376,-0.00731694789973609,0.0468959769635656,-0.0179248141165573,-0.00107780357891549,6.37684349769074e-15,-1.47798440153224e-15,-7.47665818146004e-16,4.51895465491958e-16,-1.15359111152458e-15,2.98025493172815e-15,-2.92821322744885e-15,1.82145964977565e-16,-3.33066907387547e-16,-2.08166817117217e-17,-1.8925833122907e-15,6.48786580015326e-16,-5.82867087928207e-16,1.570792107497e-15,-3.33066907387547e-16,6.1409211049579e-16,-1.2490009027033e-16,-8.67361737988404e-17,1.04083408558608e-16,2.46330733588707e-16,-6.24500451351651e-17,-1.42247325030098e-16,-2.53269627492614e-16,1.32185928869433e-15,-1.75890118442323e-15,-2.26012784876328e-15
"66",-3.38066001019067,0.437943045844656,7.49982590642459,1.42307380820931,1.21587065015719,3.87572629037281,-1.05833553834382,-0.522168630147321,-1.9941746729844,-1.47712248294225,6.38788822748048,0.201456724921021,-2.4536250631692,-0.893779659066146,-3.34744084607921,2.72530714966824,3.52108939180765,-0.784778227463205,-0.760394537380946,0.00361867587654074,2.88191953969021,2.03898028229766,-0.870159170116276,-1.79750300229096,1.74465887481606,-0.307561546978082,-1.02894445728024,3.15330661677912,-0.762397570233152,1.45737470086594,-1.28188688095366,2.37641443578323,0.846381075139037,1.2026446158782,1.96482829066796,1.35044115867955,-0.98330497775821,-0.597884423115128,1.81809789977126,0.572494150093453,-0.531066611123095,0.448544294096262,-0.0960408517161547,-1.05604549355254,0.171590677202236,0.393599604169153,-0.0578940607786381,-0.585156753020721,0.722357207611942,0.609221637503136,1.08075737923956,0.32516521592183,0.79392621674483,-0.55549921639963,0.873834087752959,0.329005357101741,0.0219330852246988,-0.107351673455629,-1.04093852510329,0.0460505851636112,-0.885899857589605,-1.36386417953582,-0.7885037249334,0.188015986089737,-0.375518377537902,-0.230446851923963,-0.560797658037434,-0.667519725431893,0.294598382690027,0.114970077053033,0.270822845020365,0.205608269048462,0.430331923104043,-0.0823494352282578,0.849142218507149,-0.306377239193554,0.0635080927476956,-0.319859047086043,0.593686095095747,-0.110586964813771,-0.17333388395745,-1.16715099492761,-0.259255527825011,-0.0601241685070587,0.279941823838128,-0.125685004176655,0.102720144377486,0.00265370023292531,0.107543713699488,0.0635468469745905,-0.0133329574280922,0.0345789452863087,0.0267486863111265,-0.0177397725198595,5.14865927669916e-15,1.76941794549634e-15,2.91433543964104e-16,1.72518249685893e-15,5.08273978461204e-16,3.10515502199848e-15,-1.51267887105178e-15,7.21644966006352e-16,6.31439345255558e-16,1.75207071073658e-15,-7.3899220076612e-16,4.37150315946155e-16,-1.49186218934005e-15,-2.28983498828939e-16,8.39606162372775e-16,1.77635683940025e-15,-1.16573417585641e-15,1.61329283265843e-15,-5.48172618408671e-16,-9.05525654459893e-16,-1.41900380334903e-15,3.46944695195361e-17,-1.73472347597681e-17,-5.65519853168439e-16,-1.97725950196181e-15,-2.31932528738099e-15
"67",-1.49140110594232,11.615575807047,6.17674209245823,-1.38458015248312,2.00482609362131,4.83953308804521,-0.558108364425258,-9.50587002093109,-0.249209683266128,3.83422214134152,-4.30870641274734,-0.132808199854328,-6.79470509229338,-0.281305251254446,3.36860139130263,4.10642991231576,-0.720687247787427,2.63335967397767,2.65043197062453,0.264791825289588,0.526268177131669,-1.33165220640008,-0.92295727817301,-3.15984993326896,-1.66563334123388,0.845027260711263,-1.77951027777594,-1.20635446348579,0.5942310481434,0.51810501752239,0.632670440215259,-0.897837854877667,0.505931112668535,-0.72413425381002,-0.720613059260735,-0.517197636695315,1.95540257635032,-0.0757649068640227,-0.480850435039627,-0.238280502654332,-0.462323428884068,0.362921546156599,-0.0365208465707269,0.30906443238654,0.0616061069438154,-0.414608018662853,-0.135879148019492,-0.122706744274149,0.438587316511606,-0.397299517584425,-0.0862279217971442,0.099915350809387,-0.258176083385187,0.0953561758774318,-0.340176446731106,0.0841172023692135,0.111579257087734,0.177760735316511,-0.368420490052961,-0.0161040180138058,0.100208153702101,-0.0287382229112534,0.0851431352802303,-0.0256254700639421,0.0138875042991798,0.16147047123706,-0.173899156500314,-0.0757904960236903,-0.212665889928099,-0.00639232512748458,0.0483265841596898,0.0291737562715388,0.00860327887871312,-0.0164705264627804,0.0555928819651388,-0.0129676986852345,0.0148163259396003,-0.0183302178909666,0.0016617139067783,0.0203894471576006,0.00941954153779927,-0.0288335683209616,-0.00466455307050884,0.000390733839524413,0.0164738355167125,-0.00154126130605775,0.00716097765462792,-0.00146711714792921,-0.00157098157473713,0.00370146309580154,0.00114782293455449,-0.00254709219597157,0.000356123149649952,-0.0017937699940956,-9.71445146547012e-16,3.46944695195361e-16,-1.5855372570428e-15,1.13971332371676e-15,1.92554305833426e-15,-2.12330153459561e-15,2.78943534937071e-15,-4.34374758384592e-15,9.15933995315754e-16,-1.9151347174784e-15,2.0122792321331e-16,3.60822483003176e-16,-4.02455846426619e-16,-7.30318583386236e-16,0,7.63278329429795e-16,8.32667268468867e-16,6.93889390390723e-18,8.88178419700125e-16,-1.31838984174237e-16,-1.31838984174237e-15,-1.14491749414469e-15,2.35922392732846e-16,-9.71445146547012e-17,-4.15444588452996e-15,-2.68405089820511e-15
"68",-5.27329296587436,-5.82876287409916,-1.08732348553787,0.328020660913516,2.06475137216277,0.806907540813076,5.46576040653805,4.34676402905973,-6.84970996504246,-1.00285936637171,2.62341838646746,5.60960705809828,-3.75496098959891,0.216043657992315,1.17025395175581,-0.830221243080221,3.31142001662744,4.14610880728628,-1.0306801676067,2.07693797832383,-3.51401678802229,2.09842078014333,-0.294103543279801,-2.10123516017949,1.46121900116303,1.81187737740205,0.53261555263141,-0.768112224828611,1.63894956444075,1.21019453604128,-2.47213926596217,-1.85860637337197,-1.26254820628282,0.958201987723531,0.297563935372793,-0.495287144480387,-0.311324779976362,-1.29958719116948,0.0899430006786816,-0.00589357225904724,-0.241439809719577,0.423982181536675,-1.36364132393274,-0.880492597114184,1.64138818873538,-1.30462793803855,-0.664159519906097,-0.575406512855083,0.244031053053318,1.00227249222835,-1.76506620341996,0.67642122257939,-1.16286328753007,0.57337035569053,-0.723552708594013,-0.188452640306731,0.021732690819844,-0.424044920934765,-0.107629753871808,-0.391729608823982,-0.507920991333085,-0.264935843952385,-0.388920415025175,-0.228990113247951,-0.440582286038594,-0.411465338786685,0.591260154090247,0.241126144915583,-0.472588896399221,-0.167941182419435,-0.00850968903707137,-0.131369365406613,0.150315150582034,-0.0471104436202889,-0.0348075605897708,-0.0124465583253548,-0.0802401297613845,0.0229517982426208,-0.0426722786802659,0.115294354349733,-0.00809670984901934,0.0697459254519665,-0.00966862583880439,0.0103275150410155,0.00262735037081819,-0.00436393851238061,-0.0304594172545714,0.0253046552919554,-0.0156906721217156,-0.0101540466157646,-0.00893465216488467,0.00469121717744635,0.00354547204983394,0.000119768686252665,2.35228503342455e-15,-2.72004641033163e-15,3.32199545649559e-15,-3.77302356024956e-16,-1.08160008727154e-15,1.76247905159244e-15,6.08887940067859e-16,-1.73125402902485e-15,2.19269047363468e-15,6.81746326058885e-15,1.72604985859692e-15,3.00801050734378e-15,-3.36536354339501e-15,-2.45420003763819e-15,5.759281940243e-16,2.04003480774873e-15,1.31838984174237e-15,-1.47451495458029e-15,1.2490009027033e-16,4.68375338513738e-16,1.0096090630185e-15,-2.56739074444567e-16,-1.4432899320127e-15,1.60288449180257e-15,2.7972416050126e-16,7.93419149824892e-16
"69",4.58321729406018,-5.05418048498508,-1.84150034925862,7.72763710589062,-3.39043495958706,-2.56460184658045,7.28758608357234,-5.88914819184286,0.731064942687628,-2.17900526346914,3.08551240677678,-4.80566016849233,-3.89211364036056,-1.48191814919881,2.93237005984712,0.865412418816407,-3.52532150107078,-0.296522128319694,-3.36603701687515,-2.68961439547352,2.79478876859962,-0.409848752636705,1.25243045707408,0.332470353668555,0.989037874542167,-0.771071927839648,0.489238179193273,1.75037358172115,0.19606870612199,-0.114576798236482,0.237587730731887,3.72951893910596,2.28096905409697,0.72283120438917,1.49404554039888,-2.86552934345724,1.52563925231766,1.17178190895875,-2.68269262182038,1.4868188570065,1.03598977280003,-0.0975622796402277,-0.404251502420507,0.497904286405097,0.659446693587025,-0.763034382495547,1.45154947255231,0.778826489575808,-0.817570931082865,-0.309029893356531,-2.59797403986677,-1.32175499657537,0.665299036171255,0.651555029322342,-0.246685783331964,2.2352849774821,-1.86419323213305,-1.37414887341,1.36698978154491,-0.402220546245179,0.115828368705428,-0.948016634802639,-1.14139030394428,-0.0243870853167379,-0.564438293765066,1.21980203057003,0.19072147986686,-0.241645449005231,0.0137902557649553,0.353137481210802,0.704040941658496,-0.326541966981431,0.343067599449261,0.323899998001349,-0.138802609508472,-0.189499211963785,-0.0143296895141512,0.141339024104666,0.0252681194885873,0.0121989715156965,-0.0785618161466058,0.0867594873479171,-0.00343388375715416,0.0036184195144919,0.0152364193363717,-0.0144882085040299,0.0323873393736368,0.0293097608095272,-0.0183321079464277,0.00187754611642207,0.00470196008751256,-0.0362094517190556,0.017604197788511,0.00815898821280694,2.00534033822919e-15,-6.45317133063372e-16,-4.53109771925142e-15,-3.13074219326914e-15,3.85108611666851e-16,-2.03483063732079e-15,1.78676518025611e-15,1.63237479089418e-15,1.70002900645727e-15,-6.26235174827627e-16,1.91253263226443e-16,1.77115266897232e-15,-1.94289029309402e-16,-1.29063426612674e-15,-6.07153216591882e-16,7.59808882477842e-16,-8.81239525796218e-16,-7.91033905045424e-16,-1.35655375821386e-15,6.34908792207511e-16,3.17454396103756e-16,1.2941037130787e-15,-4.66640615037761e-16,2.03483063732079e-15,-1.36159529831592e-15,-1.72474881598994e-15
"70",4.86356397467237,-4.34028479846048,0.139697071439449,5.24879465832338,-3.37337208921059,3.2369455850496,-5.86585308464839,5.46922615929819,5.54876070111412,1.50075943913238,1.04546944018841,-2.38179287222159,-5.37063467893039,-0.514744832337278,3.41263813565336,0.640707995039849,5.2087844245198,-4.21826815859788,2.54779932416968,-4.68343246147532,-1.74212645278808,2.6615003355721,-0.316773923529303,0.769259474470532,-2.72428352443162,-0.508912220996134,1.04449902147487,0.016027098140368,0.00281736504340359,0.165860538612885,-1.36312682618658,0.714434132877371,-1.64765018245744,-1.48594141569625,0.906308788409198,-0.366240596160547,0.579482756019629,-0.118441490700085,0.976957664413776,0.0866506415374623,-2.12323697580203,-0.54513587946012,-0.484958284755042,1.03981167348288,-1.45374499695151,1.7688161468481,-0.904493575440153,-0.910632194565339,0.149356634789466,0.806726925782003,-0.518071561630621,-0.324294420836593,0.212209129149766,1.55293308326638,-0.672795916161255,0.395676439313661,-0.0685853422543846,0.518511134574238,-0.164128270780572,0.355835565306537,0.307834937958355,0.317428875846037,-0.410848728446614,0.148545090340528,-0.0639278004032813,0.100556197111472,0.2290418931719,0.429794823683779,-0.0182387402130612,-0.0305034971966376,-0.00330920894338345,-0.0964823579353826,-0.184396607093992,0.00290367476794913,0.0987786668625355,-0.0866594744532466,-0.0116411034727151,0.095825697137114,-0.00643592885619612,0.0225126408929369,-0.00386939948855202,-0.00173909677768094,-0.0626876331357926,0.0334131355959089,-0.0369026756993151,0.000858643684006316,0.0180844774765676,0.0119189237970023,-0.00971362831238626,-0.0108842778345891,0.00591078311577313,-0.00141040851677992,0.00302123712723662,0.00380399331390801,-3.25434124093249e-15,-2.83106871279415e-15,-1.28369537222284e-16,-2.5804011705155e-15,-2.55004350968591e-16,-6.6266436782314e-16,-5.30825383648903e-16,2.74780198594726e-15,-2.84494650060196e-16,-1.59594559789866e-15,-6.33174068731535e-16,-2.28289609438548e-15,-1.54737334057131e-15,5.23886489744996e-16,-1.41553435639707e-15,-7.0082828429463e-16,-7.35522753814166e-16,-9.36750677027476e-17,1.33226762955019e-15,1.73472347597681e-17,1.15532583500055e-15,7.70217223333702e-16,-6.24500451351651e-17,-1.60635393875452e-15,4.90384642615194e-16,1.60678761962352e-16
"71",15.5961553371715,-5.98238635169061,-7.16723087628416,-0.131704342571825,-2.54170289911463,-0.744454832323283,-1.31365717761314,-8.20396423174018,1.06177423545838,-0.363254586867547,0.378493489745303,4.44665468762103,-0.363445667583863,-3.45840843747938,-2.34823464723665,1.33409828150898,-2.42139203408062,-3.29344037929418,1.78368851408819,-2.18658479359568,-7.86850275560928,0.107083061458477,2.99943176690199,-1.07793278568598,2.77281755919798,-2.12997217071061,-2.40375419459455,1.54232995570374,1.8258472578581,0.985677880698443,-1.62559487653034,-2.4816145048488,1.53075464271327,-0.188844103715668,-2.03860364913991,-0.959964808958998,-0.21229208220273,1.11779512973171,0.345548899254364,0.48460332575878,0.780475282764031,0.220384962726178,2.58217951213979,0.948894222924111,-0.546709118461084,-0.773924425385021,-0.723059878663446,-1.51121870489156,1.13411807761909,0.925580263726599,0.0685986513341592,-0.0375155851465546,0.875077049953767,-0.377112144897245,-0.363134745545663,-0.619774928624385,-0.923096777302507,-0.542031060981488,0.207851020604261,0.340953365703999,0.367930183728816,0.474985334762613,0.109191210124574,1.14666577051036,1.3761941780588,-1.2103322584808,0.549169159688,-1.11347725166104,-0.217306410692526,0.732547195950415,0.470801933405298,-0.749867484702203,0.666753402510575,-0.407705289160458,-0.474019140432044,-0.189784253346534,0.182789901679012,-0.0436756776827879,0.31539963494433,0.249391846388507,0.124201220988402,-0.127108980209149,-0.0299547212191482,0.036612330499868,-0.028044886734233,-0.0253824049298468,0.0302887905003379,-0.0136846604301737,-0.0162296465198723,-0.0289301988873724,-0.0258292382333865,0.00481961202605735,-0.00171315845826824,-0.00109601568261857,1.45196354939259e-15,-5.41233724504764e-16,2.20353249535954e-15,-4.28476698566271e-16,-2.40888038682829e-15,5.72025066203352e-16,-1.91079790878845e-15,4.48903067495898e-15,-9.71445146547012e-17,-4.75314232417645e-16,1.61177494961695e-15,-2.19529255884865e-15,1.95676808090184e-15,-3.63749828868887e-16,-6.67868538251071e-16,-1.58033308661487e-15,-5.03069808033274e-16,-3.75567632548979e-15,1.65145674912992e-15,2.80201209457154e-15,-1.18221404887819e-15,1.19609183668601e-15,-9.09862463149835e-16,1.36262529037978e-15,-1.76586718338145e-15,-1.22135374730492e-16
"72",-6.87028496770882,-2.30397394185942,2.07440261410698,1.76766573083854,-6.75422309766695,-0.224836858576871,3.92238433366624,1.04570892587634,-2.78002280158071,-3.80711083290402,0.0124655395356825,-1.32081933028288,-2.5779384853524,-1.29011037023585,1.92132836008701,-2.67880606259398,-1.53021667189665,0.309100468448191,3.17574700162817,-0.776623788092565,-3.09204635564865,-1.57727286137475,-1.74658185608156,-2.11343127083224,0.988506811979372,-2.92725508418819,0.345252641647536,-3.25867929486446,-3.19126986025305,-3.3358283143404,2.5738716169635,-0.854209268599116,2.83361900889214,-3.72378978820501,0.435558471028429,0.874809832959079,-1.33196506785026,-0.24859276832382,1.69731306860723,1.2371462884295,-1.58778692347364,0.689532881241516,0.407169360349135,-1.08831489477204,0.335172460417026,-0.735680511441146,0.794627237257623,-0.819805942066072,-1.52750715833656,1.31792002123019,0.330354466499685,-0.692609119657952,0.173909271158526,-0.850456119336777,0.14959379573737,-0.0700706891010311,0.0481806090578946,0.151569693741926,0.150759125083354,0.0920891393536722,-0.195365407993134,0.157366845837157,-0.411129044147872,-0.00863339675902915,-0.0175434822526133,0.0735935511817896,0.00696831221361156,0.0224339010507037,0.179048072897286,-0.12788485780765,-0.12311368136944,0.190185396616815,0.219620545419068,0.0834095491249695,-0.0657515308271926,0.0209167565421736,-0.0668127184735785,0.00714102633232205,-0.0704006785619455,-0.0794408605774051,-0.0584132380491315,0.0152132772234561,-0.00580847662804323,-0.0317594882444739,-0.0233184336134581,0.00856344640259342,0.00738173493858531,0.0059643588260113,0.0204246266669478,-0.00597728175748348,-0.00239955761148303,-0.00748074544376717,0.00439081980683947,0.000461482200514812,-5.61356516826095e-15,2.42167397246362e-15,6.93889390390723e-17,2.17187379192296e-15,-1.08333481074752e-15,1.03909936211011e-15,4.38885039422132e-16,-1.43374895289483e-15,-1.73472347597681e-16,6.76542155630955e-16,7.94937032866372e-16,1.70349845340922e-15,5.96744875736022e-16,-1.3166551182664e-15,-7.28583859910259e-17,2.81025203108243e-16,6.93889390390723e-16,8.51749226704612e-16,1.38777878078145e-17,-5.01335084557297e-16,1.69309011255336e-15,-3.01841884819964e-16,9.24607612695638e-16,1.74166236988071e-15,-1.78280784232654e-15,-3.33717428691038e-16
"73",7.32262826763695,13.9930791904296,-2.48834217340581,2.1504642761109,1.5925008160746,-2.36487819058747,6.89801842893683,10.7979425494594,-0.152637594201165,3.81396985114802,-1.16003729331762,2.15432182968715,0.481888807453515,-6.50755248648041,3.19679246986402,2.13070100782542,-3.37393804618181,-6.74571207412405,-3.75942880484969,3.3783422764626,-0.00550970544020037,4.12160791380332,-3.36361239625546,-0.993575671712189,-0.500851507184038,-0.0816560506041747,-0.914754607307888,-0.684111651494093,0.00124633176146527,2.42464937285217,0.968127900844784,0.0941328297739046,-1.03087676173226,-0.548923752157582,-0.195621831000184,0.826568065221795,-0.741566969201209,1.25486443287738,-0.866671089401623,-0.670967906554252,-0.647652959295772,-0.120621707847417,0.690832927896235,-1.60244374981216,-0.557399459850261,-0.990753982344233,0.0236132858481543,-0.406746795549513,-0.194884583369986,-0.190757569030299,-0.0382261315098257,0.036931278024914,0.427377783823155,-0.149393196664207,-0.390575435507175,0.314726469264081,0.199590366556655,0.17394995790771,0.204417145731383,-0.221010379971953,0.0398050271902911,0.114774819851461,0.0145346654278961,-0.0317492997789583,0.0837408171483025,0.114598371882448,-0.115846187468631,-0.131207572757394,-0.0683980404352806,0.0879025276251843,-0.0101275247631827,0.0193921795005943,0.0590254671459094,0.0701790499459519,-0.0164221252419813,0.0152830542268954,0.0728991134292654,0.00310209660585445,0.020741009070493,0.0220646605035335,-0.00999439013140261,-0.0157238913035241,0.00563491901704853,-0.00737762674986799,0.0040429135013038,0.00138211374027214,0.00332186299120717,-0.00824599935674489,0.00110574669219012,0.0107648105923314,-0.0032990717806637,0.00433495025338473,-0.000561897286280789,0.00202152833782216,-1.85615411929518e-15,-2.7373936450914e-15,-1.39601871729234e-15,2.01466447691256e-15,-3.56875987095329e-15,-3.48505946323741e-15,4.3081857525884e-15,-1.76204537072344e-15,-9.08995101411847e-16,1.2941037130787e-15,6.34041430469523e-16,-3.51281503885303e-15,9.99200722162641e-16,1.9298798670242e-16,1.21430643318376e-16,3.43475248243408e-16,-8.88178419700125e-16,-1.28282801048485e-15,-4.42354486374086e-16,-1.13884596197877e-15,3.51281503885303e-16,-1.59507823616067e-15,-7.63278329429795e-16,-1.62196645003831e-15,-9.15581629609696e-16,4.78783679369599e-16
"74",-5.79237682075625,8.99977192297733,-2.70667753130385,6.3952034585007,6.08359911244579,-9.73051899247684,-0.833298844544123,-0.46705751203793,5.21840155114013,-5.61290828882275,-5.45293570799578,3.74539594111838,-0.628099731353753,-1.90645922599271,-1.81763019743749,-2.68740022552094,1.14400259324622,2.28443974594295,-1.06692776875318,-2.03424335967514,1.1430950720981,1.75716393539385,2.27807653510939,-1.56365229792786,1.31161172684294,-0.947835921071154,1.10586178828158,-0.232553937517539,-0.163024654694027,0.233960264583991,0.178284777971902,-0.755555317807575,0.629007062528248,0.607365625285819,2.1094707354763,-1.68074082754042,-0.381300107344532,-0.512555702594136,1.38587772559813,-0.446323271281348,0.0654031907017947,0.248464776758449,-0.348982862189383,0.94177321898584,0.21995217304622,-0.37505772404174,-0.0848401031628076,-0.600535013416866,0.286221776840849,-0.0391510511723199,0.405908583036319,-0.036978250951833,-0.837258491846698,1.19960632168918,0.163357709602783,-0.0264007256775576,1.26545393608899,0.13833707479009,1.74450206587595,0.796811927945476,0.3699534403724,-0.177189673895438,-0.0351426896416868,0.030605181656504,0.128564901210124,0.107006464134137,-0.785549600363145,-0.258100099290973,0.125492500856972,-0.103722898965141,-0.0222034424928337,0.166544562871232,0.132651717947922,-0.216385198303848,-0.138255364660945,-0.154366993924177,0.192952016714372,-0.0311002215708897,0.0478046401833353,-0.0924541323550771,0.0135269508921192,-0.0465134558690755,-0.00873945550983253,0.0221002328601168,-0.00321301780842687,0.0321338353576395,0.0215749336628436,-0.0215397514055768,0.0111308933861416,0.00367852379082512,-0.0101116142943526,-0.00428818551579309,0.00120723608732535,-0.00358597951404658,6.45317133063372e-16,-1.4432899320127e-15,-3.39832328943857e-15,-3.77475828372553e-15,1.63410951437015e-15,-1.25767452008319e-15,-8.77770078844264e-16,2.86229373536173e-16,-1.87350135405495e-16,2.08860706507608e-15,-3.08954251071469e-15,2.33493779866478e-15,-2.77555756156289e-16,-3.30031141304588e-16,-1.13797860024079e-15,1.16746889933239e-15,1.58900670399476e-15,4.33680868994202e-15,8.21565038222616e-15,-2.50667542278649e-15,-1.12757025938492e-15,6.17561557447743e-16,-4.96130914129367e-16,6.76542155630955e-16,8.5044818409763e-16,7.92985468955898e-16
"75",6.22468576580958,11.1245173355114,5.6935046461603,-8.14698091880955,-12.8218013686041,2.50536858150733,5.03682849518357,-1.84115952741988,0.808670238075401,-3.73359339783163,-0.541687748080259,2.35041703515867,5.00814952244329,3.77058349308958,3.70332254072471,0.451766979103497,2.84613058736019,-0.822688304964118,2.68448938127903,-0.68738627050856,0.415349731673201,1.64240977138549,1.93992126029987,2.06099500573766,3.25745743934719,1.50869969367477,1.14077278843599,-0.287072408202848,-0.0509523283725864,1.02916035085038,-0.167849546623666,0.275256507633611,0.21574180707429,0.0634040352235131,1.08528185748034,0.0349736302420902,-0.685321148079288,0.236523761952114,-0.281421119320802,-0.645559548204123,0.529437409386354,-0.0573461734784815,-0.549959556336445,0.511630744374194,-0.119951531303669,0.0772661610230046,0.253644159824896,-0.0644841580348826,-0.0630992836555876,0.324850315321139,-0.125184943475148,0.111140793147376,-0.0376678323542792,0.107434022992591,0.13645358976619,0.00266795340063511,-0.075118989470165,0.00396336311112318,0.161976931554263,0.025894122420948,0.0683550764669444,-0.0204607410561181,0.00305311452630275,-0.0618105490012113,-0.0200716863469565,-0.0538651378332869,0.140795844477489,-0.00432262282218474,-0.0248707205701379,0.0179732166778454,-0.00340929867269658,0.0182835336554149,-0.0705422385022139,-0.0667230458869922,-0.0560151075991265,-0.0226624137519941,-0.0306848629908693,-0.0137106263228623,-0.000254005042409418,-0.00499932365949009,-0.0108478306894775,-0.0116339263687099,-0.00481711929069237,0.000752647467092485,-0.00173601778715902,0.0132345047012873,0.00190274028176385,0.00107299142874509,-0.00227907361021284,0.00059797333513481,-0.00279367095033842,0.00122592133028294,-0.00169939879905446,-5.77144884294084e-05,6.66133814775094e-16,9.71445146547012e-17,-4.78436734674403e-15,4.00721122950642e-15,-4.48946435582798e-15,-2.53269627492614e-15,2.00534033822919e-15,9.61036805691151e-16,-1.66533453693773e-15,-1.7277845820729e-15,-1.01481323344643e-15,-1.65839564303383e-15,3.41393580072236e-15,-1.32532873564628e-15,-9.71445146547012e-17,-2.16840434497101e-15,1.27675647831893e-15,-1.99146255042137e-15,-9.85322934354826e-16,-9.5062846483529e-16,-2.15105711021124e-16,-4.57966997657877e-16,-6.66133814775094e-16,-1.22124532708767e-15,-1.58076676748387e-16,-1.31405303305243e-16
"76",-7.86367716949148,3.25476099386466,-2.94857610176183,3.56140508283694,1.99186075034554,-0.379616535039607,2.39624423158826,-3.53719748863817,0.214139972434542,-0.630037652148976,-3.95332513110856,0.331674887381697,2.57943001627514,-1.10358320512714,2.96513789574755,-0.208355565646542,1.41762767916831,-1.06942736510635,-0.485727274050518,-1.19254953158544,-2.61297447494866,-1.83562765827396,0.603445736236311,1.1291812168399,-0.70340194547304,-0.615272562810932,2.27869198768657,1.74955231688966,-2.1036483714014,1.21437686464228,-1.42468692721524,-1.01342862730192,-2.30326858599593,1.57616532052314,-0.42783169229229,3.23630064506691,-0.370143021457994,-1.93060095684025,-2.33865103451993,3.04414924113473,1.64700491314317,-0.0968651902117386,0.873635171890441,2.16880826570926,-0.68108569166733,0.646752902557686,0.129421131419594,-2.1377216257314,-1.71207467204854,-1.46348026492213,0.308075262222735,1.03415553437858,-0.417637173822915,-0.0686611417265195,-2.35191415621335,-2.11130835820012,-0.449123402238811,0.0164835452996091,-0.647967136192863,-0.754098203296786,-1.30884399284772,-0.772881637962534,-1.23560022076751,-0.15913705484463,0.818625314826641,0.689423373948251,-0.647948501680195,-0.363578221698999,1.46029368985342,-0.304091149768535,0.285806979509227,0.098641389266492,0.369769860043544,0.428467435321173,0.20027115074539,0.0709387792406622,-0.0797257877297566,0.171353551415913,-0.25614675383646,0.00534070663727705,-0.00761788715101477,0.121074044327501,-0.0513632508652266,0.0693603733257521,-0.0389261517830453,-0.0184353656689859,-0.0498708587498024,0.029708674305888,0.0294377658136798,0.0506393210511236,-0.00374968199172072,0.00196889984703457,-0.00494005985929102,-0.0125284368493732,-1.4363510381088e-15,-4.33680868994202e-16,2.41993924898765e-16,-1.2641797331181e-15,5.11743425413158e-16,-1.31925720348036e-15,-9.13331910101789e-16,-1.66186508998578e-15,-3.17454396103756e-15,1.13624387676481e-15,-1.0694570229397e-15,1.6531914726059e-15,-3.07046055247895e-15,-1.63107374828719e-15,-7.80625564189563e-17,3.16500298191968e-15,2.09554595897998e-15,1.42247325030098e-16,7.18175519054398e-16,-1.05384451165591e-15,1.41033018596914e-15,-1.93768612266609e-15,3.82506526452886e-16,2.84928330929191e-15,-8.28194934507365e-16,9.59518922649671e-17
"77",-5.01703927407466,-0.792508379097645,-8.09202510019622,-5.51795367572623,-1.13610978963783,-1.19207712227357,-2.69577870725076,0.615239081013026,-2.88546317880622,0.876784643290898,-2.78987551720781,5.3075714684914,0.233605564845942,2.93448780082283,-3.00381684976659,0.109833433125521,-1.2282353386073,-3.59918952043661,-1.62718647743829,-2.53015934092522,0.794988419131574,-1.56199073284919,2.29028896226187,-0.209168046082828,-3.05129301871032,0.81416739884331,-3.7339606285512,-1.71873188120594,-4.22862290977528,2.05746651574601,0.903266300512136,1.00731815469662,2.88202711059223,-0.719022953824207,-1.26557917312716,0.134502302056102,-1.24862377004724,-0.641306733234301,-0.906493507837351,0.061110599893904,0.583937521276924,-0.395659568912838,-1.32857699252745,-0.0262175790552505,-0.0394797452273422,0.356652744417496,0.352469959978718,0.0904088213192938,0.682852943923669,0.16331586270312,-0.165397973183427,0.434745045908173,-0.266052272924986,0.671705114598405,-0.560130171481483,-0.0960315019690349,-0.337391093120338,0.186568913080828,0.413466711010381,-0.202789261235689,-0.16180129186062,-0.0616057999017535,0.125662107942703,0.370719280848402,-0.370071758331398,0.210009823184575,0.190032163813953,0.329019459768811,-0.158129985991207,-0.0968120619192474,0.185450408819015,-0.0209974196901066,0.258031333312156,-0.618465573500357,0.741976842316796,0.125745244085078,-0.26202176499035,-0.165453211978207,-0.0238944637232022,0.0864450178032422,0.0567440350025008,-0.00370283233015086,-0.0620004286088054,-0.0153373744282064,-0.0853611329252719,0.0089338255943461,0.0381000385805708,0.0996513439900321,0.066312570049854,-0.000198065663999729,-0.0775090616987828,0.0414431234634969,-0.114882061298779,0.434102819517335,-2.56045185054177e-15,6.37510877421477e-16,-2.37917324730219e-15,-1.23745414956633e-15,1.95167233069116e-15,-1.24357989184087e-15,-3.49546780409327e-16,-8.81781626882461e-16,2.29850860566927e-16,2.29850860566927e-16,8.09790602629423e-16,-1.65752828129584e-15,8.86443696224148e-16,1.63736212088761e-15,3.25260651745651e-16,-2.01770024299552e-15,-3.62557206479153e-16,-9.51278986138782e-16,9.66674656988076e-16,-1.05362767122141e-15,1.94787762308746e-15,8.7733639797527e-16,4.97431956736349e-16,8.38738800634786e-16,-3.46090885984529e-16,-3.26453274135385e-16
"78",-9.31211191323477,0.648407385737153,-0.414488907515329,0.52497305828464,-0.226318199199623,0.0598957660177859,-1.00504384452979,-1.62346911823616,-0.00988507652546874,3.85655830445168,-0.545942710468429,-2.79465318612739,3.29207803753521,0.210133374093755,-3.98396084434354,-0.524985207789041,1.54201365857501,-0.733286736660572,-1.26873449610226,-2.38842785291133,0.960852898588837,-0.781116182606325,-2.45303403654794,0.774557078254158,3.29815352682269,0.155862713391378,-1.53710866036304,0.793652809577566,-0.847857603687243,1.08461516898445,0.702001732525789,-1.41311390801567,-1.72636702720739,-1.44360529947577,0.0914564509922485,1.14864310547638,2.48188467252579,0.365560725308308,0.455736353521501,-0.0581623825104193,1.25420455404746,0.88078014120862,-0.695817118880417,0.168629832471564,-1.32288192955637,-1.09917566611128,-0.770591448675952,0.106192886592196,0.116222717538327,0.837470246456078,-0.116493815824484,-0.693088697561052,-0.324285421889592,0.173524487589978,0.614627681294484,0.495560245470334,-0.114391111969469,0.897282942652394,0.716810426208667,-0.580397202635161,-0.684627572654777,0.261793575999908,-0.512620054182054,0.395199400053396,-0.0623840236252496,0.00354788382370537,0.15218899497703,-0.0140090148187975,-0.151059592031859,-0.259035179750952,-0.0566240594876402,-0.384679258898605,-0.0704409997521652,0.442928224255577,-0.156886744725812,0.184993363444254,0.0903145475194189,-0.780998416008802,-0.291455807378429,0.422946950310328,-0.0377412340298239,0.000634321431566054,-0.0760175065161332,0.0835324502861271,0.0485864430992651,0.0474257367738554,0.00437179447908289,-0.00816467144399822,-0.0352973491945099,-0.0104532355911147,0.0512882789167007,-0.0170661476181439,0.00549458087249845,-0.00426572075361153,-1.97758476261356e-15,3.46944695195361e-18,1.02348685082632e-16,1.33400235302616e-15,2.7148422399037e-15,6.67868538251071e-16,-8.51749226704612e-16,-2.24646690138997e-16,3.92047505570758e-16,1.00787433954252e-15,-2.15539391890118e-16,-1.26461341398709e-15,-1.04083408558608e-15,8.60856524953491e-16,5.13478148889135e-16,-2.23779328401008e-16,-6.59194920871187e-16,-5.759281940243e-16,1.84574577843932e-15,6.24500451351651e-16,-1.61502755613441e-15,-1.10328413072125e-15,-4.23272528138341e-16,2.42167397246362e-15,-6.4997920240506e-16,2.07288613357504e-15
"79",-0.939705144461917,-2.24701935973173,6.63157240796906,10.9101206845786,-3.35631754211003,-3.69109590345987,-5.71337037998388,1.25905519663637,2.95412253180929,2.13653828159209,2.63423200466593,1.32500647313063,2.36691223854836,3.92119266281278,-0.262913399279403,7.13723686730419,-1.86682701406529,0.488874232184543,-3.42993529758661,1.43615653525465,-2.06791260227987,-0.0291241258696974,1.94875202006701,-1.8358828637953,1.25256797013498,1.68920420351692,2.5926814505015,-1.99811890747265,1.51013691467557,1.26775099388892,2.01751250690128,0.379476350158341,0.948056813003587,-0.174491985369179,-1.32069801478825,1.22621088924172,-0.494594857442768,-0.326670047156895,0.467506299678334,-0.188165391216653,-0.10725659332783,0.808063133190316,-0.0623206035902625,0.887933261586445,0.163501555457898,0.293929713912411,0.160809710220925,0.520499078696367,-0.502579114390046,0.300860200618568,0.0139268087012921,0.160076628223974,-0.368281014645383,-0.248729018048406,-0.0391159270050968,0.171785415311767,-0.0103598733337517,-0.0804444323065834,0.0236691037786585,0.21275913911764,-0.149976207780099,0.230889765213427,0.130593280703555,-0.0956861229463047,0.0563496520709574,-0.0783276949373916,0.0549919651608845,0.0195673968676709,0.108676776857247,-0.00704667415274703,0.105156075344978,-0.0167636473384199,-0.00108477563203853,-0.0418703898373452,0.107423757012511,0.0258316449271778,-0.0761213325775986,0.0135534387169432,0.0724567071376899,-0.0959052218640735,0.101724501594001,-0.0555324033660702,0.0306912991339559,0.0704182987234412,-0.00401010649717559,0.000878820291361743,-0.159209662315337,0.0922268405271983,-0.0324499980402124,0.00830071062015421,0.304937475743809,-0.17024137740837,-0.0661464994769148,0.0121144745033616,4.91967577787022e-15,5.96744875736022e-16,1.38777878078145e-17,-6.66133814775094e-16,2.85969165014777e-15,9.12464548363801e-16,-2.1094237467878e-15,-8.67361737988404e-17,-1.29063426612674e-15,-3.81639164714898e-17,-2.46330733588707e-16,2.1163626406917e-16,0,1.88044024795886e-15,-9.71445146547012e-17,-8.2052420413703e-16,-1.92901250528621e-15,1.53696499971545e-15,7.63278329429795e-17,-3.60822483003176e-16,-6.76542155630955e-16,1.77635683940025e-15,8.98586760555986e-16,-2.86229373536173e-16,-6.30571983517569e-16,-2.03244539254133e-15
"80",4.23619326426699,8.53862005902733,3.69116885162424,-4.21044329073329,7.148614508291,6.28696306089107,0.25611451282475,4.79788884569171,5.67805731003881,-6.97883878290896,7.88565313441522,-0.24543831914737,-1.70857823376195,6.34990864078993,-1.42942554218281,-3.07194589912778,-6.69776593587621,0.230434597495773,-2.07788838038167,-1.25323443501354,-2.20355777840535,-2.07482248741512,1.02959488221822,0.794773032091698,-0.707801801995893,-0.965139998199484,-0.829790144446685,-0.235759509641464,0.218182400045499,-0.741995122143107,1.4322479889236,-0.14277834297283,-2.88064715874156,0.180518726698954,-0.302012245695772,1.10286478961759,1.00985430412908,0.307095663700561,0.158200856637559,1.48569631450948,0.0718786661611497,-0.67995185534638,-0.924472146605002,0.526833184423404,0.197657292279813,-0.0951214643896555,-0.211155385735942,-1.44266226184587,1.07306722741521,-0.0890069913293186,-0.0351023301522266,-1.09524689364067,-0.727472387127169,-0.666031811697625,-0.578468734139279,0.101594025257919,-0.125822820245537,-0.113299972534023,0.120459972214116,0.553883646809878,-0.0106005157384483,0.133602752557057,0.198675995456683,-0.305457630483579,-0.454878862664882,-0.0270880084918697,-0.148118065763763,-0.0673780662581878,-0.109406347362064,0.235260934897505,0.0974530030700246,-0.0239143769070169,0.0278605774940507,-0.049720898866753,-0.0412555626896378,-0.0374613945061456,-0.088953905419954,-0.0250164501823443,0.0035743052858077,0.0541811022098233,0.0200510826506553,-0.0218401670878756,-0.0454220757454222,-0.0133308731872165,0.0268765594774703,-0.00886405747539828,0.0070689546001364,0.00562454181586981,-0.0029379981161919,-0.0171524837422907,-0.00859731378500413,0.00125819989739374,0.00181029278999997,-0.00111593370181853,-3.04964387076723e-15,-4.49987269668384e-15,-1.04777297948999e-15,-1.68853646342892e-15,1.73992764640474e-15,8.60422844084496e-16,-4.83120488059541e-16,1.30104260698261e-18,1.36002320516582e-15,-1.18134668714021e-15,-4.20236762055382e-16,-3.42434414157822e-15,-2.62984078958084e-15,1.54910806404729e-15,8.43075609324728e-16,9.35883315289487e-16,2.79984369022657e-15,7.11236625150491e-17,-2.18054740930285e-15,-1.37910516340156e-15,1.62196645003831e-15,1.14144804719274e-15,-4.3454823073219e-16,-1.88217497143484e-15,2.32230684335533e-15,2.12655414111307e-15
"81",-10.5171791889706,-1.70752007452565,0.548719186419452,-3.55917982243905,1.31930892040077,-0.430513705442573,0.383629304328937,-1.63539820247675,2.68414154081686,-1.16256775536625,-0.629718993620532,-0.892237863110179,2.99267597387067,0.590118680345639,-1.03333270410389,1.63762599544795,-0.109297940951631,0.314110112494269,-0.716800806213213,1.80546627846554,-3.65017592834641,0.845717278628713,-2.24680939501391,1.75130820178361,-1.34112922137829,0.493995992677684,-0.443467764195229,0.7447364220167,-0.496592002217678,1.40866368733418,-0.0597602012506753,0.136099434931664,-0.0705818106236719,-0.935679928806256,2.11261962842066,-1.33791130706423,0.144260279204974,-0.194619649747681,0.721970861017283,0.471040519384567,-1.44413504813358,0.658758019471877,0.712972210071074,0.247801066085002,-0.400984348702532,-0.517651612862495,1.51930556156902,0.670659546328282,0.384109578925402,-0.669581910310671,-0.11746288431673,-0.55493059098226,0.245361271471629,1.32033790277818,0.230262196585268,-0.558261130694832,-0.45354537623952,-0.730555029272703,-0.478108533277124,-0.459853943618524,0.031113251777953,0.615983458333882,0.615390549190308,-0.286115652103733,-0.480345020641803,-0.491959744641235,-0.494580486218991,-0.279214764643226,0.170450522612258,0.0649795360451904,0.309784614409537,0.0510280614095182,0.164668156206311,0.227437273154587,0.0725727787662879,0.0127539823068504,-0.0340402636349999,0.110444430621369,-0.0743887219129802,0.00864755506572369,-0.205486064483884,-0.0722426693889566,0.0146478560293805,-0.0873998191058339,-0.135940572207291,-0.0614636554459177,-0.0732574354103987,-0.0765689329515159,-0.122375666536648,-0.232217096170371,0.168118497897597,0.228822115106723,0.0636574794514738,0.0259898062445494,5.01335084557297e-16,8.30932544992891e-16,-3.54967791271754e-16,4.33680868994202e-16,-2.89048299184635e-16,-5.89805981832114e-17,8.95117313604032e-16,6.88685219962792e-16,2.20309881449055e-16,-5.22151766269019e-16,-1.34441069388203e-16,2.81892564846231e-16,8.93382590128056e-16,2.53703308361608e-17,-1.93942084614207e-15,9.4542429440736e-17,2.72351585728359e-16,8.39606162372775e-16,8.17922118923065e-16,-7.19476561661381e-16,5.77229236631283e-16,-1.35785480082085e-15,-1.30104260698261e-16,5.89805981832114e-17,5.37588094699781e-16,9.45207453972863e-16
"82",2.47957168510854,-3.37314560448798,-1.08230207299552,6.01313551923769,0.407014104099594,-1.6936877868592,1.21814134314095,-3.49000160503231,-0.945153411353147,-0.521379752847775,4.96374976668752,-4.09965384679013,-0.755649251410887,1.52451317494169,2.77349115791573,2.90828314028509,2.4521816028684,-0.696205629502323,-2.11999268798039,0.893759383564773,1.1726862419808,-0.250239973395422,1.34026423649311,2.81924700416056,-0.578631036870775,1.89557900867468,-3.33752831869756,-4.86707424479585,-2.38815595208214,-0.0132229354540871,0.0132200470714059,-1.96902154409115,-0.301859060007906,1.05253068653759,3.03660015756014,-1.04100214253606,-2.95366208943829,-1.27018076862261,1.98599698928226,1.73283475261277,1.03448583954365,-2.22755325724949,2.55378481300128,1.57209239883721,-2.18807356862733,-1.25939066928522,-2.76819630074914,-0.603349881220262,-0.897084050404016,-2.06211055592994,-0.241923961453379,-0.858610375170236,-0.1524513171793,-1.03856509822242,0.843892937224577,-1.23221584822669,0.646704999875726,0.126035606002103,-0.0146914084212892,-1.618414737507,0.658863143021693,-0.887258184773441,0.403768682198331,0.23630618321102,-0.731298925308348,0.564171015676209,0.096473860257786,0.068291008010036,-1.6758230069923,0.111936048534118,-0.0700810596689588,-0.00162695083524974,0.0617490198280286,-0.243029984046589,-0.144123599300722,0.176447444975282,0.159877441837114,0.071853561605238,0.00328685669294101,-0.093267679088125,-0.0545061512488746,-0.0247949209131436,0.00541508684357717,-0.0211484395634119,0.0463515367112058,0.0147032078393922,0.0099637475709853,0.00350626847916532,0.00566025626474803,0.00527306031353279,0.0133207211392386,-0.0121480134088978,0.00344189107211532,-0.00533197940448171,-1.10449843715443e-14,9.76649316974942e-16,3.98986399474666e-16,-1.13906280241327e-15,-8.70831184940357e-16,-1.55257751099924e-15,1.48926010412609e-15,3.69019051427166e-15,-6.73072708679001e-16,-8.97719398817998e-16,1.72908562467988e-15,1.45283091113058e-15,5.48172618408671e-16,-3.98769559040169e-16,-8.13585310233123e-16,-1.01307850997046e-15,4.71844785465692e-16,-1.95069654873592e-15,-1.52829138233557e-15,-2.09641332071797e-15,2.41993924898765e-16,3.5301622736128e-16,-1.3392065234541e-15,-1.44502465548868e-15,-1.09504419421036e-17,-3.1826754773312e-16
"83",-3.18456028105155,2.31242018366918,-8.31158687238672,-4.20523067422826,-2.06602839520086,-9.02466675309173,2.22978153894881,-1.95719374291976,1.45660107754817,9.09935099266611,6.76458567369694,2.3119966392433,-1.56086378912575,2.99358579691486,2.40792934440012,0.240985927153664,3.27001738136958,0.76135334488567,-0.530948019556348,-0.834327788514975,2.09671458591119,-2.32529520703902,-1.80803597811948,2.4972028142163,-0.763632418786699,-2.17823489640203,-0.760361837493412,-1.71728216247309,2.33484424047065,-2.35313195975859,0.904703538824906,-0.612095210379723,-0.60385696615189,1.47991767706959,-2.44006255534365,-1.64317137218105,-1.59063932345385,0.839161409552124,-0.514951966604715,0.515722945405692,-1.07422149772919,0.104692216643651,-0.420499639717437,0.857385585330945,0.214872728664252,0.14863287241763,0.260236751628772,-1.37845173073652,0.712665010095822,-0.46119849222407,0.156179718380134,-0.528099867329035,-0.359487407147246,-0.719645367014891,0.770026714579026,0.736462435278507,-0.0534612546458822,0.350269421120276,0.665298902530689,-1.38468196697397,2.10689893789717,0.0310460159436315,-0.841403279956981,-2.06469994914637,0.935858101658458,-1.31428717013439,0.222739387040704,-0.147530423598662,0.794566398733449,-0.877405840728673,-0.25995771279632,0.00342893329589829,0.369448003145225,0.253063177188378,0.680733575552593,-0.225197528175246,-0.0273445709315945,-0.157980881942901,0.158298347784386,0.0774258251536176,0.0261759437596983,-0.0143109349505258,-0.0241260524647569,0.0606461743497765,0.0240363403301662,-0.0274914734811638,0.0281186830278801,-0.0126602901480069,-0.0205982320242418,-0.0210243570747831,0.0237242581116204,0.0217109582908425,0.0104747669822349,0.00344285751687361,1.38777878078145e-17,-1.52655665885959e-16,-1.59074142747073e-15,-7.06899816460549e-16,-3.64291929955129e-17,-2.66453525910038e-15,-1.87350135405495e-15,-2.01054450865712e-15,2.08166817117217e-16,1.02695629777827e-15,-6.74807432154978e-16,1.49186218934005e-16,3.7470027081099e-16,-1.04083408558608e-15,-3.2612801348364e-16,-2.3488155864726e-15,1.4432899320127e-15,1.2490009027033e-16,-1.30451205393456e-15,-8.04911692853238e-16,1.18655085756814e-15,1.02001740387436e-15,-2.32452945780892e-16,1.39471767468535e-15,-1.88943912599049e-15,-5.94793311825548e-16
"84",14.0860144397135,3.48342230611216,0.0692700922049601,-3.30095289179824,8.39645596678715,-4.71964536946707,1.3636747333239,4.02514581688475,-0.560520918960211,-2.92539444279979,1.61936103227232,-4.60276897817666,5.41699495007648,-2.81222463549705,-2.89980326257024,3.28358930131178,4.34789907257576,4.83827792646828,1.23968238153232,-2.80996807963286,-0.961328201868162,-2.71363833251544,-0.645024603374768,-1.41204061476425,0.247200195196171,0.822450366676526,-0.612373080082212,-1.09152018241233,-0.22339397780042,-0.979373922883313,0.62471977152957,1.23062066836854,0.453043793623399,-1.30591379927054,-0.44788168299473,0.00506780762226978,-0.545345632914989,-0.299196729729604,-1.71205649661095,-0.784340078483496,-1.06925805401657,0.0101407804468039,0.330582547575731,-0.00963270646049752,-0.0640908312193877,0.151892583283243,0.0652069275765277,-0.0155029914368937,0.455873620772049,0.20155559072447,-0.198051325773566,0.0308440032510576,0.365587830471844,0.120554275392952,-0.369429281674141,-0.118648450839213,-0.0771303966020345,-0.0713816536563148,-0.347143739681525,-0.12465352959486,-0.0366826537902675,-0.242069566587618,-0.142282230537209,0.0787409157009879,0.0961829054635708,0.198454700315026,0.049234503309058,0.051978221355026,-0.12796743545198,-0.0981549779379479,-0.0268077583029668,-0.139700889623442,0.011906096928106,-0.0228438215900964,0.0279716526371694,0.0229890644447934,0.00179253709916432,-0.00291292728031137,0.00485995653426309,0.00448193905842657,0.0301534662508809,0.0205992022835263,0.0254750298852772,0.00833283592967646,-0.00518882157259769,0.0178870331268231,-0.0094698271873041,-0.00197910120576575,-0.0115968716081058,-0.0101254717748163,-0.000396276656600277,-0.00562816584151545,0.0012062870946224,-0.0002440669978955,6.80011602582908e-16,-2.22044604925031e-15,4.4426268219766e-15,-3.5605199344424e-16,2.68101513212216e-15,-1.22991894446756e-15,9.87057657830803e-16,1.47971912500822e-15,-5.82867087928207e-16,-1.97758476261356e-16,-8.84708972748172e-17,-8.6909646146438e-16,-5.3776427755281e-16,-4.33680868994202e-18,-2.28983498828939e-16,1.76421377506841e-15,-1.65839564303383e-15,-1.49186218934005e-16,-3.40005801291454e-16,9.97465998686664e-16,-7.3899220076612e-16,3.12250225675825e-17,-7.63278329429795e-16,-2.39565312032397e-15,3.35511783286502e-15,1.61437703483092e-15
"85",-10.1784143772665,-2.2980066781424,1.54087839000168,0.361392341611448,0.141420664488286,-0.49317148434433,2.93973239023108,-1.18502745305717,1.39283222581929,3.38555854242424,2.38369469769279,-2.91693106922875,1.31347649864013,-1.95725381913003,-1.72935847468766,-1.37157761836082,-0.21894877580094,1.40880776616016,1.25484637518368,0.282494388323695,0.424199220354466,2.07821299096142,0.746973465155251,0.831460893671541,0.924345236478382,-1.64554976822456,1.03985927783281,-0.823191162934107,-0.901437683836218,0.188874399280007,-2.37068535702323,1.86753845165365,0.0529767759122139,-2.50265716555318,-1.50178858368837,0.108770644318702,-1.16507258808703,0.80775044483978,-0.37035985516245,0.572253701080516,0.158182629288422,0.60224168131879,-1.06539573697691,0.358650192312291,1.12351126694812,-2.00371673860788,-1.33310196252252,-1.1133231202176,0.262467296097357,-0.634654042603641,1.01311074548453,0.301537959018685,0.0169528335217503,0.357849389381363,-0.610373077138213,0.661705665343424,0.0397534067639787,-0.602868463395151,-0.0491832492605249,0.13341443889066,0.842515689431223,-0.626006257143539,-0.121361504764978,0.153051078547772,1.18568694100016,-0.727373860148046,-0.460761427055915,-0.268548229946635,-0.57296539836755,1.16069879948871,1.25075874331901,0.61222152034141,-2.10610762913488,0.0648692924591742,0.355934199970456,0.656791854140319,-0.411957602377026,0.0973595107539294,-0.370015944627626,-0.0953458752500468,-0.115900585665023,-0.0417517600954822,-0.0285047063083031,-0.0312321484331262,0.0580527329001282,0.0824231279305948,-0.0083123293144947,0.0527769662257751,0.0342883962800116,-0.00710700609531897,-0.00232683803274312,-0.029767281384037,0.00857197756094627,0.0170260616825804,-1.97411531566161e-15,1.39471767468535e-15,2.92604482310388e-15,2.38090797077817e-15,-1.04603825601401e-15,6.29704621779581e-16,9.86623976961809e-16,6.15826833971767e-16,-1.43982048506075e-16,2.13631196066544e-15,-8.22909448916498e-16,1.66620189867572e-15,-5.16947595841089e-16,-6.56809676091719e-16,7.80625564189563e-17,6.53123388705268e-16,2.46330733588707e-16,-9.8879238130678e-17,9.29811783123569e-16,-1.50747470062385e-15,-3.27862736959617e-16,-1.06598757598775e-15,5.68121938382404e-16,2.62637134262889e-15,-2.24554532954335e-15,-1.25604821682446e-15
"86",-4.82990469482233,-1.26637180499613,-3.85796789744189,-5.87407921866313,-4.90540195037056,4.48908158727013,-1.30064365836654,4.6155142561584,0.712185314084831,-2.920184182684,-4.5041430241047,-1.63103064061372,-2.71743689702427,-1.64816809142246,-2.0086727200802,3.40179652376161,-1.9286594897884,-0.581197629625298,-2.20321900213275,1.24102472105359,1.5070561260995,-5.27688651106368,-0.787795356585014,-2.4448369081313,1.717533836843,1.45680908227376,1.2302512749013,1.99839036889632,1.54356924733611,-2.4261894142526,-2.77421499061696,-0.378727687254367,0.30525556201404,-1.12119394126996,0.415334564580599,0.38416992593603,-2.36543003711413,1.11514241660717,-0.262854172662504,0.387789791071371,0.207502650075998,-0.0655713889123848,0.135924841740097,1.39430576798781,-0.4633730950151,0.0620500435894296,-0.249009312475171,-0.227892090822547,-1.17017198392398,0.0777022067744617,-0.090319657263811,0.209861497129363,0.262957470847147,0.583068227606382,0.384852439732015,-0.126113634402126,0.233604957199267,-0.0128994634828456,0.407012944990275,0.235876545216109,0.116512240712649,-0.0672913964488108,0.554854849095049,-0.349681655937971,-0.442077634665351,-0.0559029913439631,-0.580804589872192,0.107976275804381,0.0804995263973139,-0.302538795881112,-0.0565161044935605,0.14193217154128,-0.266130847309255,0.223201064470772,0.133171409014076,0.442797878446749,0.222896908953965,0.569072566937183,0.818647419359183,1.43881338545328,0.132204099997338,0.166626669639476,-0.0696649042567433,-0.297258800975417,0.358101984044073,0.155295112958035,0.0496255269384773,0.163028750968262,-0.102403573169751,0.0140828170169444,0.00178670649736612,-0.0254012707302164,0.0199054124341497,0.00488561611372077,4.09047795635331e-15,-3.46944695195361e-17,3.43908929112402e-15,6.30138302648575e-16,-7.18175519054398e-16,7.71951946809679e-16,-1.06078340555982e-15,-1.38170724861553e-15,6.24500451351651e-16,-1.38777878078145e-16,3.17454396103756e-16,-1.21430643318376e-17,6.24500451351651e-17,-4.55364912443912e-17,-2.91433543964104e-16,6.93889390390723e-18,-2.98372437868011e-16,-7.11236625150491e-16,1.12063136548102e-15,9.67975699595058e-16,1.11022302462516e-16,-5.55111512312578e-17,-5.79397640976254e-16,2.20136409101457e-15,-1.89231226174758e-15,5.3928216059429e-16
"87",4.36756007856949,-8.57926503025847,0.301592026534353,-3.18566607781573,0.728705794827212,4.22662495448135,0.992758387811166,0.0931238116137322,1.72108033717933,-0.337704482783519,-1.26675495591735,8.75373908477513,5.24215244339482,0.334592732520315,0.117362538819335,3.17450876086992,-0.822412369227183,1.84384167533138,0.802689796152554,-3.0994645155875,3.73145624491734,3.02448597074016,-1.63906076700398,-2.47362886403057,-2.7280291670905,0.575909512964079,0.956918270235551,0.0515346287844244,0.358897559364767,-1.81315026869364,-0.116673356482885,0.919205964993834,-1.5782166652199,-2.71475194018585,0.139551538396938,-0.542117673578138,0.743182111666362,0.0372270221551869,1.38002971435622,1.78197891891,2.47533285781569,0.2952057412429,0.702942475491489,-1.3809610543257,-0.01874902375222,-0.69658404343677,-0.647355222047766,0.0639472219365251,0.143594633371492,-1.05739681878808,0.165996741360707,-0.0286438773440969,0.24431476472443,-0.559248310571924,0.238319703874976,-0.275665206909788,0.434768551099815,-0.339136692426383,0.181543783053175,0.39944589363979,-0.241255337114446,0.416391191607238,-0.23761843955627,-0.467851684412461,0.623389419985996,0.122970683528639,-0.336672235409094,1.20293030753171,-0.159333334064667,0.176043333009673,0.366517763134017,-0.432350205724658,0.235198519430099,0.390150703827561,0.146289513882619,-0.483687671291437,0.35826492226204,0.011495323210148,0.0139559181102556,-0.175994407270996,0.0129077884765519,0.0368293940650034,0.179407344993861,-0.0074554069942356,-0.21991623394156,0.0256286797069744,0.453211795349543,0.589462164590861,0.0697956815984753,-0.150614395070354,0.0673844206626256,0.0599962854023842,0.017770602565914,-0.0333432194848507,2.90739654573713e-15,-8.11850586757146e-16,8.17054757185076e-16,-4.56579218877096e-15,-6.29704621779581e-16,1.15879528195251e-15,1.02348685082632e-15,-6.93889390390723e-17,-5.41233724504764e-16,-1.33226762955019e-15,2.20309881449055e-16,6.83481049534862e-16,9.36750677027476e-16,1.7503359872606e-15,1.29063426612674e-15,-1.32879818259823e-15,1.52655665885959e-15,-1.72084568816899e-15,-1.9220736113823e-15,-5.89805981832114e-16,-9.08995101411847e-16,1.38777878078145e-17,1.17961196366423e-16,1.95329863394988e-15,1.59540349681242e-15,8.77986919278761e-16
"88",-6.62402361475209,-3.62657721241764,-0.735479007145291,1.04401026619353,0.697323073466022,1.04765246467053,3.14297627190481,3.92263370762412,-3.10056366498309,-1.47896435756186,-3.66128697787855,4.98408581668787,-1.85553035770139,-0.646108192453905,0.952535483440103,-0.266782865067798,3.69015400706423,2.26214013344684,-0.0918743189717175,-2.89301250508531,-1.86143470249883,-2.60423473083673,0.562595830127388,0.807746234197407,0.743312042679379,1.1277941990723,0.29523547045678,0.13732933509278,-0.929389061604349,0.546809966590757,2.86412160489395,0.693562655812698,-1.48255724990585,3.22136923159823,-0.635579035595705,1.28875391316645,1.55671201708457,2.33332427547367,-0.624925537250386,0.758892365048384,-0.286379382003892,-0.469610013423887,1.14853837296281,-0.331820774861977,-1.24933253365972,-0.608325861778248,-0.241273023873815,-0.567719238126652,-0.834732660576961,-0.898563067543185,1.61194018232165,0.600429045914729,0.0272096139347338,0.422759479215189,0.965072994726026,1.30785344998055,-0.457928761038694,-1.1134787858953,-0.472600336658853,0.913855515064183,0.604924223893321,0.245868612941248,0.347811435463913,0.462042406059064,-0.281324942543338,-0.0517303881615173,0.564260485191152,-0.116470013252665,-0.153239858498873,-0.272029737532561,-0.00544690759654029,0.32632475791361,0.0636709831425485,0.180178430019412,0.0579140660847054,0.0915258901960074,-0.0897774374762538,0.0361130406384219,-0.0121409164418654,-0.0951593660980065,0.0637922002033498,-0.0124298100199248,0.0190535773143276,-0.0346470414669136,0.0026879242455128,0.0332891761045239,0.0142531445084535,0.0144707780652447,0.0110936046124191,0.0251490728689654,0.00460849367470908,0.00159711710751597,-0.00737224776450477,-0.00196221658138543,1.78329573330416e-15,-9.36750677027476e-16,7.30318583386236e-16,8.4741241801467e-16,-2.09901540593194e-16,-1.76247905159244e-15,1.03909936211011e-15,-3.13811476804204e-15,-3.0739299994309e-15,3.81986109410093e-15,-7.18175519054398e-16,7.56339435525888e-16,-2.08166817117217e-15,-2.53746676448507e-15,-3.20576898360514e-15,1.9897278269454e-15,2.04003480774873e-15,2.08166817117217e-17,7.42461647718073e-16,1.04083408558608e-16,1.73472347597681e-16,-2.42861286636753e-17,-5.44703171456717e-16,3.03229663600746e-15,3.04617442381527e-15,8.73866951023317e-17
"89",8.54447240885187,4.57873753471844,-13.7211315993699,5.41613449597904,-6.26629889589134,8.05532767405829,-9.55598607430012,-2.20962618080015,-1.33926140008562,-0.69037104424443,1.59827953254999,-0.918120447963641,1.67881379881817,-0.794317019120741,1.68387887168835,-2.73961472007836,2.36723457688604,5.27496834653939,-1.54506659118702,4.63534982616223,-0.35622509974875,1.66041017708202,-2.6111089064122,0.234045976351741,0.00398398063531147,-0.0157441166127991,-1.14425925037806,-0.649484369686763,-0.836354268143478,-0.703042538029704,0.924280878770435,-0.148012228908258,-0.564784417405405,0.880852896594607,1.52164633152652,0.426899986528813,-0.361425859695936,0.882568572291514,0.605551651107682,0.152755665766316,0.613364263275749,-1.53051537092188,1.31400989934603,0.0485406091416786,1.32288607789852,-0.566364660878855,0.148085118414669,1.428413672316,-0.116742858148007,0.545487825014261,1.57429892176806,-0.14542666090145,-0.244121232646968,0.384268261891107,-1.23397200641577,0.358414536400841,-0.445577311355936,0.507308953185057,0.200660845229317,0.522505114073507,-0.451443775485766,0.0830527906668121,-0.342295839477627,-0.363873861645252,-0.206617519635142,0.155820412314267,-0.265536526672198,0.0985353713648115,-0.0674386938243273,0.299814691383708,0.559613995748857,-0.0460079714716485,0.0970662150347643,0.143294101483556,0.563358934791328,0.421212795004474,-0.46449899295905,-0.397940859800426,0.911090633627943,-0.128970706909101,0.33225700156807,0.281535113280083,0.144073731915925,0.502137221328533,-0.309358827287116,0.276480707450574,0.15407031627964,-0.197609910724525,-0.133041202506684,-0.114158203284228,-0.0492141194209605,-0.0447082992749759,0.0469148634816349,-0.0160032143884629,2.19269047363468e-15,-2.42167397246362e-15,-3.55965257270441e-15,-2.98025493172815e-15,-2.37917324730219e-15,1.17093834628434e-15,-8.03176969377262e-16,8.30065183254902e-16,-1.41553435639707e-15,-2.41126563160776e-15,6.85215773010839e-17,-2.78596590241875e-15,2.28983498828939e-16,2.1467203015213e-16,1.70002900645727e-16,-1.5404344466674e-15,-1.07552855510562e-15,2.17360851539894e-15,-1.03042574473022e-15,2.5725949148736e-15,1.71390679426509e-15,8.34401991944844e-16,2.41126563160776e-16,1.50573997714787e-15,-2.1337640855601e-15,2.16840434497101e-16
"90",-10.4719751251466,1.84357185909812,1.52037419649659,-1.51302661815215,-2.67136917697348,-0.928386248655488,-6.01183962902269,-2.82105274976292,-1.18171181137572,-0.970834261718735,-0.213973982230896,-0.913953083991202,1.33713790740484,-0.334648586887064,-2.74802463658124,0.839694231595717,-1.25554742157336,-2.75366310124364,1.33954169366772,-2.70777177853968,-2.25892836170644,3.06466253651954,-4.42385339169695,-0.638525853056595,0.812714275142426,-1.10198613903528,-1.652202274602,0.389142469962861,1.90441433931251,-2.79989114576371,0.801789847519064,2.04475906096895,-1.13714631082345,2.13409048477818,0.606671739073086,-0.490243634021003,-0.609515856413657,-1.62827363938088,-1.75653876639898,-0.97064021896309,0.485291433326695,-0.886308278137492,-0.207985904705215,-0.346021983852885,0.322945216846465,0.127698803873794,-0.452865067429351,0.236149601522372,-0.92147289274163,0.0195319893729241,-0.613990513577235,0.290439659792647,-0.270457423027567,-0.773356817307753,-0.570069918264049,-0.0538014424799318,0.435975285112594,-0.488794223117152,-0.0081560185854205,0.324901697049767,0.449713224457145,-0.050441682698939,0.225503805779733,0.202221836236911,0.00399748681881777,0.00469794135307895,0.118248049140789,0.0451123080907577,-0.159497193415326,-0.197715420775983,0.0211517610248683,0.135174887630424,0.0581224034222676,-0.046113169546678,-0.062214240564611,0.0324183218629613,-0.00674303185120196,-0.0284961737575116,0.0124651942079137,-0.0531842884365997,-0.0305886093289902,0.0163569423978004,0.0147240738010864,-0.0103047305184841,0.0251938185699323,0.0206922928050815,-0.0136043847433272,0.00387001696966407,-7.6728830730623e-05,-0.00384114165181387,-0.00163998520922505,0.00637153710553156,0.00126333392623508,0.00243091193443816,3.66894015169095e-15,4.9439619065339e-16,-2.4754504002189e-15,1.78849990373209e-15,2.31368743608407e-15,9.27209697909603e-16,-3.03229663600746e-15,2.09034178855205e-16,-1.196959198424e-15,5.95010152260045e-16,-2.63157551305682e-15,-2.60902410786912e-15,-7.32053306862213e-16,3.37837396946483e-16,8.6389229103645e-16,-2.89265139619133e-16,-8.98586760555986e-16,5.53376788836601e-16,8.17054757185076e-16,2.89698820488127e-16,1.71737624121704e-16,3.87710696880816e-16,1.39211558947139e-15,2.08166817117217e-16,-8.44349546877399e-16,-9.59356292323799e-16
"91",0.0490019414485535,0.317410266684596,-3.06771883072188,-1.01546962568376,3.72618956534707,-4.19235891529719,-2.11814535796557,-1.47790930152906,-14.7376689108823,-3.18712517042381,-0.0709707646083292,-3.10305255679993,1.72624511172347,3.12306977736676,2.78875906671244,2.05814109798624,-2.03067669310303,-2.64255406201198,1.46257016228842,-1.62690635573451,1.89644849901223,-0.219202091244738,0.508796792065893,0.53823335256674,-0.742123173329514,-3.02342119848966,2.72423738141266,-0.230548805053384,1.69857948541986,0.61741932436852,-0.76681737982671,-0.850291149527394,-1.14351998098973,-0.737538868030189,-0.1167476268252,1.02743689455042,0.585690506242027,0.624204158275186,1.66977931398166,-0.594344582674668,-0.776743024842922,-0.901301541448741,0.404675081740133,0.286172679138244,0.318352804481254,-0.147065098839816,0.0651406170325746,0.528700228660603,0.501080840547126,-0.435296505336858,-0.0879303299010615,0.538449325171295,-0.0325119355938961,0.231427487565193,0.0407889614503249,0.0705757931892016,-0.210747067418165,-0.0231460363236478,0.238853116381513,0.241260944952567,0.010100237137318,0.0628328026445841,0.00278147303548483,0.00683391230681254,-0.145817611955991,0.00437957332225389,-0.154449789824844,-0.093352666163689,-0.0120037922691843,0.0562489815092948,0.0698055058478376,0.0305746253062742,0.00466971792987284,-0.0114931207844124,0.0391467490666423,-0.0212611888394445,0.0140210043079664,-0.0463951353973046,0.0053687834551423,0.00623315227354836,-0.00329865503758948,0.0126095847647759,-0.0288412797422699,-0.0055875534377039,0.00670686891817163,-0.00597553947153258,-0.00230613687053904,-0.00226781165926926,0.00193357361090804,-0.00438180359178127,0.00224823645438933,-0.00127424911480192,-0.000883197462334298,0.000375172127982569,5.09314812546791e-15,9.32587340685131e-15,2.42687814289155e-15,-2.93688684482873e-15,2.43034758984351e-15,-1.1067535776732e-15,-4.47558656802016e-16,3.24393290007663e-16,-3.33066907387547e-16,2.8796409701215e-16,-7.05165092984572e-16,-3.98986399474666e-16,-6.93889390390723e-17,-3.66894015169095e-16,8.46545056276682e-16,4.8919202022546e-16,5.96744875736022e-16,4.37150315946155e-16,-9.43689570931383e-16,-9.71445146547012e-17,-1.08593689596148e-15,1.00613961606655e-16,2.77555756156289e-17,8.39606162372775e-16,1.87556133818267e-15,2.30935062739412e-15
"92",10.6225155615715,-6.27418752964765,-1.82686443532316,4.27482912829067,-0.356356642105825,0.0729601841704972,2.33099020307082,-4.7611523404866,5.44217671880567,-5.69653335069355,-5.5450543536088,-0.27739355876981,-2.8788264560505,2.17904207414195,-3.29448467892857,-3.24913888641256,2.45580659047806,-3.21189475526352,2.43614297559286,3.23566497373344,0.120611698802731,-0.436551374784861,-6.25255342125126,0.344323537710411,0.373754898564662,-1.39460288777017,0.293199575723477,-4.84137867897364,0.5321197023835,2.28894653276767,1.91909789453785,-0.315009407936913,1.07523772925089,0.23859032158575,-1.41935769320573,1.53252556495649,0.271965384362725,0.256170709551278,-0.468917191593751,-0.620432344274907,0.544985562257702,-1.35200835823989,-0.31723855932846,-0.30642321265753,0.829313584729572,2.19250559450451,-1.3156210865453,-1.18334805628239,0.592926835036434,-1.1570334535352,-0.584919844260133,1.31685558713471,1.12254371212245,0.00235549670804274,1.16175117747147,0.092797712932027,-0.621282335027375,-1.88172736408884,0.836926795441376,-0.13199935278326,-1.78467311896168,0.161735395022794,0.00870544499104898,-1.1352130325663,-0.310529765854971,-0.435171626654477,-0.877031584863738,-0.316745087029647,-0.274300250003306,-0.695519269272917,-0.211836956417315,-1.04149089139936,-0.952857549975734,-0.204006082559168,-0.0800366064854221,-0.192455044971824,-0.0940141669704858,-0.0876367689854999,0.111230832513472,-0.101416281840622,-0.0854820343205528,0.000144637166139897,0.111045723763313,-0.0484509744444079,0.0566340449996482,0.0475224825539617,-0.0586495163740183,-0.0134236772008847,-0.000167885639546763,0.0174662860603668,-0.00234615005707068,0.00199943932176541,0.00236852696767397,0.00505100419559023,-4.55299860313563e-15,-1.31318567131444e-15,-1.27415439310496e-15,-3.00735998604029e-15,-2.61617984220752e-15,2.51762586472859e-15,1.65210727043341e-15,7.11236625150491e-17,-1.64495153609501e-15,-1.60765498136151e-15,1.3646852745075e-15,-3.72878811161215e-15,7.10369263412503e-16,2.32699601775133e-15,3.98552718605671e-16,-1.20086232624494e-15,-1.36696209906972e-15,-4.25224092048815e-16,-1.87870552448288e-15,1.31036674566598e-15,6.17344717013246e-16,4.3454823073219e-16,-6.06069014419397e-16,3.37403716077489e-16,3.48697036956641e-15,-3.39515199808404e-15
"93",7.09530229861654,2.53920316093624,2.67239569595754,10.6558461098203,-3.68480948398443,3.97622995446263,3.6867890619298,5.24473742085623,-3.82004132854024,6.91685362694162,-4.19042668597857,-1.7878022678473,3.11792505556696,5.29687603422187,-4.83749780838958,-2.11063188768371,-1.51140661087336,0.261054954265334,2.93083698628795,-0.542175286764332,0.550000014701965,-1.19467279945792,1.58222119179479,-0.695291389745118,-2.27286931976472,-0.165722826638893,-1.20178839095309,2.32526396365832,0.419773204730461,-0.27599395507693,-1.08369499154482,-1.29980488929977,0.574888873791202,1.18572255091706,1.55827310480708,-1.68185556433511,-0.152429889750744,-0.20164766159198,-1.09860754360854,0.20473331427793,-0.529618822245885,-0.0348703300761167,0.225360759786681,-0.596538087760952,-0.0547777443421617,-0.269197145406525,-0.177894622913335,-0.493808381878571,-0.344634301631528,-0.426434254385769,0.133135847039707,-0.0587057788089348,-0.147524661154517,-0.0842091324307261,0.0707991581508045,-0.185265515748563,-0.117319491960848,-0.209190523295492,-0.249445655427882,0.138926647593674,-0.035083830898199,0.12331946760215,-0.0552816058597016,-0.258917056748085,-0.0802092562499426,-0.282421127667941,-0.179351699632639,-0.0293374961257916,0.0961096481743601,-0.209624515458447,-0.103755726245321,0.11036004039554,-0.0345936346983468,-0.0451653048916414,0.0190989342738734,-0.10572988731149,0.210506506652771,-0.144012693214656,-0.0334125943743512,0.04889733331326,-0.0152600068321742,-0.116106489543213,-0.131815028814376,-0.455675316363862,-0.333559736675559,0.0293881871705922,-0.17009240246303,-0.0301039965132666,0.200046766505031,-0.436160874342077,-0.12730251561229,-0.417048887523424,0.264759992989146,0.0485270698987251,-7.91619374218566e-15,2.73652628335341e-16,1.18159063262901e-15,1.60517486889195e-15,-6.81800536167509e-16,-1.58304359204609e-15,-2.55871712706579e-17,-1.52005144582468e-16,-1.16443313324943e-16,-1.27073915626164e-15,6.99567899269116e-16,4.99383520646823e-16,-5.07731877374962e-16,1.57331287754803e-16,-1.11206616831838e-15,5.26651205284834e-16,-2.58690638355041e-16,3.54046219425141e-16,-1.64332523283628e-15,-4.58292258309623e-16,1.02749839886451e-15,-1.08235902879228e-15,2.17816216452338e-16,7.38395889571253e-16,1.14165980542955e-15,-8.2259096452833e-16
"94",6.45976209361886,3.49233916200542,3.45350564477452,-2.51877857294589,7.32863620359116,9.41840177409953,-1.85056131667106,-4.65053481664092,0.702462479146427,2.27529844237946,-0.969720871047161,-0.0907479121360358,1.68286809574276,0.349029813865204,-2.50665624463658,-4.05792046181214,4.06322980028849,-1.8676606529042,-5.97248938141604,-0.790568617741173,-0.0134719042561692,1.32438958556155,0.536496622294668,1.32441138520199,-2.44338884167105,-1.09167390707095,3.93411652289589,-0.0955189611505647,0.869587164559807,-2.81046258435963,2.93330961562535,-0.435859324390539,3.20334447387526,0.4913914567084,0.210757329445011,-0.264124637928604,-0.323412962241351,1.53267115487704,1.5288920032123,-0.297281016808908,-0.588179925128743,0.0721931048122477,0.668152360513381,0.875576212426074,1.08091745163081,-1.2231169880128,-0.672477356869262,-1.13597725841337,-0.528691349448378,-0.635264547545647,-1.73231478143835,1.60659060600721,0.98588212184171,0.135569965979902,-0.197024862730666,1.23789017171274,0.456621185395257,0.117843642035805,-0.433858465814316,-1.46022273248747,-0.661825708599668,0.115766696465408,0.90107659516995,-0.0505612654412386,0.0621569704893811,-0.20873163640464,0.732920216681133,1.11530528259439,1.20017188043774,-0.0131627124176757,0.738689695968023,0.741685653749954,0.196407158910049,-0.747536012231842,-0.662849105003161,0.387020051658245,0.471364863585294,-0.199663367640805,-0.0311326999584756,0.114698052620851,-0.0927673580896734,-0.200958538519167,-0.119614002662043,0.0727822571372633,-0.0462145511995748,0.16856396411083,0.0270697704467779,-0.0385701368874045,-0.00273507091631522,0.0418960507397734,0.00927253414670343,0.0110088367886004,-0.00406688767116142,-0.00470227596618358,1.28508315100362e-14,6.38378239159465e-16,-1.9220736113823e-15,-1.47451495458029e-15,-1.02348685082632e-16,1.41206490944512e-15,-9.22872889219661e-16,2.85882428840978e-15,7.63278329429795e-16,-2.6853519408121e-15,2.20309881449055e-16,-2.22044604925031e-15,2.23432383705813e-15,1.01915004213637e-15,-1.19348975147204e-15,1.07205910815367e-15,5.27355936696949e-16,1.59594559789866e-16,-2.33146835171283e-15,1.27328703136698e-15,9.92261828258734e-16,-1.13103970633688e-15,3.12250225675825e-16,1.00613961606655e-16,9.80986125664884e-16,2.19615992058664e-15
"95",12.0257265524635,-4.93970224698706,2.49274319092706,-1.44099784204082,7.81872255665294,-4.35985170000016,-5.14874727452624,-0.127347358719957,-1.09280459895692,5.82931197518666,-3.65870417855631,1.24949080061512,-3.22210178042477,3.57870333927668,1.25081655760028,-2.60579366087334,-0.587068354825329,-0.360556874841768,2.42745579333554,0.610524232886849,-0.327183879645087,-0.365460889394429,-0.77979992446666,1.57574766619422,4.32251424826532,2.14258842774602,-0.216339892225505,1.53697618557324,-2.73050210557086,-0.364446967486683,0.96934530411384,1.81991626440195,-0.960589881818564,-0.518861803018359,0.673804135071544,-0.828508867692359,-1.7808721963609,0.525921134406691,-1.17050430573733,0.558155882342836,0.114062033756179,0.243370233348622,-0.194281274103629,0.247052435444869,0.468054861872323,0.562281890179356,0.373924343341587,-0.188158771764259,0.54136903682078,-0.180931157258787,-0.598250568102351,1.0716717723881,0.266057121856113,-0.296769103081954,0.402909066773639,-0.0979754616853953,0.287941377175283,0.953508009337274,0.353311785524245,0.427372062873934,-0.998583174849882,1.11512773346758,0.33287130916642,-0.640795221044545,0.174651464619348,-0.0501198469419824,0.322160373196074,-0.668046637748301,-0.863214995571125,0.584099953052187,0.195835816113402,0.822424424826627,0.481351546354211,0.745301085485902,0.0983479854163484,0.0599463843397702,0.144708167116473,0.203304283431726,0.272480121507376,-0.0468165080745584,-1.03664400474137,0.412703674180611,-0.521302340899293,0.2692432185035,-0.0185359908188212,-0.0037643783827697,0.0418936830786176,0.00751247681855066,0.198286198029214,0.0972394297094399,0.0730004333647777,-0.0469081375416696,0.000728531522298265,0.000683902425806272,4.6074255521944e-15,-5.62050406216485e-16,-3.53363172056476e-15,-2.81285411629639e-15,-2.57866644703952e-15,-1.41553435639707e-15,8.95117313604032e-16,-6.956241138667e-16,6.10622663543836e-16,-2.99413271953597e-15,2.32106001085697e-15,-1.32532873564628e-15,2.45636844198316e-15,2.81805828672432e-15,-1.35308431126191e-15,-1.75380543421255e-15,5.13478148889135e-16,4.75314232417645e-16,-1.20736753927986e-15,-5.79397640976254e-16,1.86309301319909e-15,4.68375338513738e-16,1.08593689596148e-15,2.7824964554668e-15,9.4542429440736e-17,-1.11347563114261e-15
"96",7.04742269874222,-2.85528485496342,14.0544614452036,-6.72166657465885,-8.57683328503812,-6.98535338164345,-3.95462283843628,0.168231520861918,-3.07913050107807,1.85869717261866,-0.0487828424875745,-1.66950553917969,-2.32035257466823,-4.37225919028822,-2.04788357634661,-5.86113909927983,0.352584348011941,1.6869632238014,-3.03199788284658,0.0209173651077883,0.543593069112189,0.400388703484275,0.774633016775425,-2.13068666184091,-3.50725365094833,-0.3985323849506,-0.204058519511222,-0.281447481815847,1.42912017394417,2.10007981027614,0.72174276729602,-0.772041969488296,-2.04808838728821,-0.0621967470064336,-0.00805215571180693,0.394566393972506,-0.772970417804723,-0.0935605369746808,-0.337901717787266,0.893507776500514,0.207213536577208,0.258606919717043,0.253886624345026,0.701287617934316,-0.080597468984719,0.00336884615890752,0.260829320169693,0.592408048912555,0.174979922841875,-0.460503927552481,0.45722303203303,0.0342926650572781,0.11533915449454,0.0695997595869267,0.299987302465834,-0.264030358686406,-0.0918339275543567,-0.126156445264199,0.463793490567669,0.191097787220618,0.190756783003991,-0.204236718477821,0.0443299426545457,-0.103411690139215,0.277037495096733,0.194887070469731,-0.0924869929052908,0.497653154505515,0.0572405412655612,0.0302567069638814,-0.0658979629450182,-0.322532946091274,0.3187557606934,-0.00873729151265078,-0.410375849468624,0.30695005882463,-0.783519424185701,-0.00434271582570977,0.0447496101038479,0.0845183074467159,-0.219130203121366,-0.158494047614481,-0.0513457770507829,-0.0414775665930159,-0.0165128008612367,-0.0542479909353344,0.00105973371917009,0.0148823688885905,0.0240626642885162,-0.014194145211282,-0.00731561301515519,-0.00403108404924404,0.000142079899869786,-0.00461005985535322,-8.41340885848751e-17,-1.19869392189997e-15,2.21177243187043e-17,2.59449579875781e-15,-7.15573433840433e-18,-1.97064586870965e-15,6.56592835657221e-16,6.46618175670355e-16,-1.18655085756814e-15,-1.42334061203897e-15,2.01683288125754e-15,-1.44936146417862e-15,1.65492619608187e-15,5.20525463010291e-16,-1.36175792864179e-15,1.47017814589034e-15,-1.95503335742586e-15,-6.38811920028459e-16,-4.49293380277993e-16,-5.62050406216485e-16,-6.86083134748827e-16,-5.96744875736022e-16,5.60749363609503e-16,3.34801630863524e-16,-3.22914709294936e-15,-1.76090695844233e-15
"97",6.51519629563345,-5.33074781776687,-3.09014677283809,1.35210876246273,-1.41406694446301,0.341710615208754,6.30019436689581,-5.75216164737638,-2.0764396369439,-2.5962536489382,5.12170565317226,-4.07588871421386,-1.99527603944223,-1.68036730941694,1.58526038382452,0.37046973252157,0.368689741940219,-1.27059474242288,-4.7841338495506,-2.03612090644135,1.18301361965361,-1.74186141066518,0.742256216955591,1.75359566960773,-0.357475486991791,6.24312549679656,-3.30998057133109,-0.482524169620999,-0.138512150968018,-0.334271096821236,-0.456307238877555,-2.6200800136185,0.308568907621061,-1.50086427777046,4.2571230503901,1.97743730784615,0.811417713433067,-1.51268113108279,0.431996850377426,-0.513046683744428,-1.835270512247,0.461646921373693,-2.57268629623262,-1.96094697642508,0.833154742496378,1.9860589060517,0.150877323246824,0.708004000222353,-0.964549328248643,-2.84996780429479,-0.201421036000039,0.237338466932719,-0.519546724727919,-0.81431064550126,-0.492840334984357,0.955520760987363,1.99065160429843,-0.526576457081643,0.300946298074466,0.973957937042165,0.0189288202293081,0.956595606006482,0.270279654911825,0.834616152068548,1.20166459743381,-0.653481129995349,0.429315458721103,-0.623268439629352,0.891515047849817,0.0751070854659073,0.0467334522987096,-0.344807112668737,-0.0491099976280763,0.203910270858392,0.16527755698379,0.231730729438739,0.0530240020214155,-0.0188962046643699,0.0985440960914017,0.0823598794192453,0.00780897544483412,0.0593261858361844,0.0854361543406066,0.0548210516675477,-0.0503439183591425,-0.056616720711884,-0.00138398289992889,0.0024161917343892,0.0106008750150896,-0.0222447466186303,-0.0260835076020247,-0.00159080102396988,0.00254526140063645,0.0103968909316294,8.74300631892311e-16,-3.98292510084275e-15,-6.01949046163952e-16,1.5109441475758e-15,4.68375338513738e-17,-2.95596880306448e-15,-5.89805981832114e-16,5.63785129692462e-15,-1.56819002228303e-15,-7.28583859910259e-16,2.44856218634126e-15,8.46545056276682e-16,-1.01307850997046e-15,-4.08787587113935e-15,-2.17881268582687e-15,6.03683769639929e-16,6.93889390390723e-17,9.36750677027476e-17,-1.22124532708767e-15,-4.5102810375397e-17,-6.90419943438769e-16,1.04430353253804e-15,-1.36696209906972e-15,-1.58900670399476e-15,-3.94140015763655e-15,2.51534904016637e-17
"98",-5.02875273685488,-3.8809298514831,-4.48905272643425,-4.1468662404606,3.11856739763986,4.87173915083022,-0.634237851551956,5.06512622138449,-0.582433328295873,-0.510560529485068,-2.69221487546567,-2.7656944539888,-1.43062422820012,0.488499976851656,3.75652717212232,-1.45715893091237,2.048434685238,2.55060648839115,-2.45496811947365,-0.33057442260861,-0.556942946624264,2.51750804447683,1.84821162028613,0.164850113232961,0.567119403053262,0.391587309730072,-1.28218848606818,0.527978554292917,3.25545964758211,1.22478859977914,0.0447298139828982,1.78994947401287,2.27500364023597,0.849594807893534,-0.596236440174841,1.18557569101604,0.929886427518415,-1.84525573152172,-0.0989539127203746,0.00490255095347369,0.67790334209896,-0.201888869595476,0.671501833949273,-0.181423396248833,-0.34071512161615,-1.40364190297206,0.237902457088058,0.773564204286604,-0.30534439766359,-0.241936051966566,-0.447130271780191,-1.00369467849946,1.98652764000901,-0.758319139901178,1.23796200765609,-1.59399519022611,1.00518241988859,1.33897570967673,-0.449427265920593,1.40451369659616,0.620242753156979,1.48739854430229,-1.17142054065314,-1.27765713152645,-0.36536175862128,0.908189558048931,0.484224192429168,-1.23315683072246,0.357689225072747,-0.646039547149524,1.14796098198325,-0.476686812424399,-0.427828194964928,-0.978951534937467,-0.130662543311006,0.0245652293363975,-0.149869252639095,-0.00598458206359898,-0.242375180529654,0.0645138803751469,-0.0764899298942442,0.0103892486707342,-0.107050702489064,-0.0733185571194376,0.0330353964671499,0.00708492946306438,0.0318726615252956,0.0297294348992052,-0.00987879504086452,0.0149673720745306,0.00276219647027723,-0.0354813006484224,-0.00112983805380385,0.0099079731322811,8.23213025524794e-15,-9.62771529167128e-16,2.69359187732299e-15,-1.77050214766883e-15,-4.54931231574918e-16,1.76247905159244e-15,6.59194920871187e-17,-1.14968798370363e-15,1.01134378649448e-15,1.06338549077378e-15,-3.53449908230274e-16,-5.79397640976254e-16,1.49186218934005e-16,2.88180937446647e-16,1.08246744900953e-15,-2.07733136248223e-16,-4.8919202022546e-16,-6.59194920871187e-16,7.75421393761633e-16,1.44675937896466e-15,1.09287578986539e-16,2.12330153459561e-15,-1.20563281580388e-15,-1.48665801891212e-15,1.15478373391431e-15,2.84245283560525e-15
"99",1.2274575216242,-3.53647392029648,5.69996583839623,2.60103367233792,-2.88867800505812,-3.90362708188625,-3.55001048563838,-1.04204514358194,3.32817120603771,-0.947699498512473,-2.68520509968796,4.17469967171511,4.23955262621097,1.43652574860131,4.72648394281361,-1.73152577663248,0.0559620351680174,-1.21787767786335,-4.52077594608735,2.37280984357349,0.905483091733394,-5.18248785880926,-0.410738807078748,-0.104581984058501,0.198242068821406,-2.33318535567498,-1.91582526559411,-0.525421013103426,-0.855821459838179,-2.82295111049207,-3.08837484650669,2.0128554823729,0.164866498266614,0.705722060686408,0.450422000765275,0.929054926835786,2.62494709622302,-0.956503686186145,-0.533196724836486,-1.19855307243807,-1.79721563049825,-0.068867282357863,0.402788396954798,-1.26468705696044,0.55004091999742,-0.67970321713099,-0.530816504644399,-0.49719894404228,0.424270936530517,-0.216208520363715,0.0204765082006434,0.569790433030304,-0.0851096769129987,0.447267260648873,-0.14814637594644,-0.811319966531999,-0.0263293417407638,-0.251223962560324,-0.285442635594241,0.00512896455818574,0.1545685619225,-0.313454284023887,-0.241937685655161,-0.242272156015955,0.0947874373876394,0.0785636369560181,0.454905198522133,-0.107626489012922,0.0110118784893193,0.84701326618773,-0.849827660900806,-0.0916150857714159,-0.185067778240612,-0.0432463257028251,-0.0710394660583612,-0.0392019660210251,0.130108100356952,-0.0863260619022253,-0.134991930876052,-0.0282428564562558,-0.235335136835592,-0.101668759619591,-0.295870832442423,-0.417916016062061,-0.194181888007512,0.00788196282781758,0.499435726106927,-0.20376734682861,-0.484161063982618,0.142591514096834,0.0832912542197264,-0.152094656848469,-0.0210923517863815,0.0350452041158316,-4.60048665829049e-15,-8.11850586757146e-16,3.290770433928e-15,2.2959065204553e-15,-2.77555756156289e-17,-1.22471477403963e-15,-1.42247325030098e-16,-5.759281940243e-16,2.4980018054066e-16,-1.76941794549634e-16,-4.23272528138341e-16,-1.07899800205757e-15,-9.71445146547012e-17,6.31439345255558e-16,9.85322934354826e-16,1.62717062046625e-15,2.22044604925031e-16,3.01841884819964e-16,-4.92661467177413e-16,2.08166817117217e-17,-1.72084568816899e-15,-1.36002320516582e-15,1.16226472890446e-15,-3.69843045078255e-15,2.67917198842893e-15,2.55221191403088e-16
"100",-7.39619749672343,-3.16763086672184,2.53591807522744,4.43507652087291,-0.224845293994809,1.60577872247399,2.10756942361712,0.245385475748032,-1.50220056988047,-2.19157316892268,-0.913347492951737,2.58956210297153,-0.22156389029409,-1.79077623199463,-0.267844553483746,-0.328555599726069,3.12233012899679,-0.911819070571352,1.07829216506548,2.5266281814739,-2.59753730540217,-2.61981332781425,0.454079000584404,2.96271859042176,0.244195418054121,-0.322910844051537,1.57046648967294,2.78905326710255,-0.572208457011505,-0.493584249133004,1.24204767552052,-1.47981641900225,-1.43113607486924,0.17422000996427,-1.29147040658793,0.266894185521518,-1.80130290149478,-1.68047322865834,-0.198768401653483,2.39213705755356,-0.691295058148075,-1.15406091434495,-2.58000689035268,0.00174106194691283,0.00731324716980714,-0.260478053722642,1.8583363311111,1.33813904251201,0.70648449768558,0.752825957798318,0.455855019614469,1.29626556400849,0.778101407913924,-0.187714598563047,-0.72098598704124,1.55023846262949,0.7782272659054,-0.00641594901866945,-1.14874571960453,-1.18381939311217,1.33347544373449,0.773575853764258,1.01906594961975,-0.51068939204725,0.884839603238808,1.7135260912453,-1.34800200752281,0.0177936896128781,-0.716185672841488,0.741052541737563,0.0139710264540124,-1.00206216556429,0.0528692648360498,-0.328023547269572,-0.20792468569664,-0.440976362069093,0.332410676414059,-0.458454142248067,0.0700354725760612,0.0900398443111515,0.0529183966966695,0.0236920119867928,-0.109486811352212,0.00820247570225481,0.148818191791618,0.0190155206951171,0.0204221874850362,-0.0396229756644275,0.012218367766969,-0.00504071551628552,-0.0407935862324423,-0.0616894014334741,-0.0187507726979379,-0.00130700198543526,5.83907922013793e-15,-2.89351875792931e-15,-5.98479599211998e-17,-5.21284404531031e-16,-3.00280633691585e-15,1.45196354939259e-15,-1.01828268039839e-15,9.19403442267708e-17,-6.86950496486816e-16,1.89778748271863e-15,6.956241138667e-16,5.3776427755281e-16,-1.60288449180257e-15,-1.18611717669914e-15,-1.45369827286856e-15,2.11983208764366e-15,7.0082828429463e-16,6.31439345255558e-16,-1.35308431126191e-15,-1.46063716677247e-15,1.94462501657e-15,8.67361737988404e-17,1.2941037130787e-15,3.23005511226881e-15,-1.45987822525173e-16,2.57606436182556e-16
"101",-4.76478053966423,10.9451776525392,-6.62158619986174,3.93183740916587,-3.84041399637744,-11.5433719804306,-0.7282606913016,-2.96256268797355,-1.7349307735975,-2.46628084131691,1.93403217211914,-0.96122581520136,-3.32347467160475,1.95498153414266,-5.40396629143195,-5.13455241806189,-3.32537860930747,1.84679514354272,2.06731335449239,2.39077229653009,-1.25720029324713,5.9911729720205,1.36591555737085,2.72048667161173,-3.80844815502162,9.36404423882367,2.68481381635625,-1.0224185304645,1.2843680277848,-6.14473019176811,-2.35061356595004,2.12382179482875,2.4781443515155,-0.424178765596898,-0.181621558582257,3.48477940901296,2.4958077570251,0.834408701174955,-0.303188237881977,1.1834735079181,-0.349605409311376,0.64417357174766,1.01150629826812,-1.14201808920627,-2.13661157567135,-0.0657903419705725,0.012735891039918,-0.441130363951453,1.09307294636195,0.193210087835978,0.0485485578252113,1.66285814507834,0.460231860446421,0.00732216540272323,0.273083137547089,0.0209256647623052,-1.01432035898328,0.758885370942366,-0.288873044043064,-0.422143863264509,0.106178532672838,-0.0185422248731994,-0.249854794451774,-0.0626523045128233,0.00554142720401994,0.0290873757987982,-0.0484762602905669,0.081720231917647,-0.404309212120771,0.0993405071639148,-0.0446672070207276,-0.178581044476749,0.109974625007128,0.021130936603956,0.00763172230399881,-0.113988434424304,0.0383539646666725,0.0546621461715911,-0.0154115245257522,0.143060877174584,0.0213554750125226,-0.0029442972372359,0.0471903163819507,-0.0552504661517788,0.0364310122850238,-0.0360198564511843,-0.0104242503633567,0.010597083170642,-0.00971475559409969,0.0115534400937752,-0.00767874010750446,0.0141220969621199,-0.00022161621327985,-0.00779739005504367,5.15559817060307e-15,-1.38777878078145e-17,-4.83120488059541e-15,5.71591385334358e-16,3.74179853768197e-15,-1.70349845340922e-15,-2.09207651202803e-15,3.81639164714898e-17,-1.98452365651747e-15,4.10088629720917e-15,-7.75421393761633e-16,3.98986399474666e-16,1.04083408558608e-16,3.59955121265187e-16,9.29811783123569e-16,-2.83800760669806e-15,-1.38777878078145e-16,-2.54657406273395e-15,2.51881848711832e-15,1.70002900645727e-16,1.22124532708767e-15,-5.48172618408671e-16,-1.28369537222284e-15,-4.44089209850063e-16,-5.79907215997322e-15,-3.67761376907083e-16
"102",-8.49830427387185,-2.3333148791285,-0.932946271692473,0.0910698349574838,-0.639294554539854,-0.465731330022749,2.86294262222943,-0.979272084792807,3.51919955410353,2.35790633269479,2.4079578557689,-3.80106372928993,2.02797653441869,-1.82502439059258,1.00671977810694,-1.41078551626254,-1.36167443165111,-0.259847010594461,1.23735090262153,-0.666663442762073,3.47444058247167,2.02303582240538,2.06774715325595,-1.80520247966973,2.06769864329277,1.12535946313638,-1.31217802657625,0.434423665864721,-0.853960966269691,-1.0533295540083,0.890522834687141,-1.28144626283537,-0.315807529595114,-0.418016451915025,-1.72807412146233,0.727735155931993,0.275593553323424,-0.0226204833023053,-0.589517337414441,-0.280554230151975,0.149118091119574,-2.60517230586635,1.52953009521578,-0.541425606105241,1.62529158271444,1.10822171215435,0.590471064452033,-0.347029573146265,0.0194007428819115,0.497289091110691,-0.636296841384676,0.420284906727196,0.0326015552379755,1.03359323408297,0.872723457432283,-0.0381753578605493,0.539605126411384,-0.328265693425793,-0.301270690547754,0.164327209986402,-0.273176737149169,0.0428294450834382,0.712414023003793,-0.557983853741048,0.0191743989132257,-0.0541511075007624,-0.207757433196016,-0.00463218721474914,-0.415294094669444,-0.0891764412994125,-0.00600962928383579,-0.130134611855263,0.242988146995256,0.333385377438416,-0.17993431028019,0.336669780784994,-0.0299676766740894,0.440573423567963,-0.362967961206689,0.0781272520859629,0.97175378378904,-0.3090503776976,-1.0212248286181,0.386705794839988,-0.313218235408867,-0.258470341546826,-0.024128520673152,0.0682523839552257,-0.0546545876841756,0.0211723018496147,-0.0233195603689452,0.0256034906253965,0.033362248496838,-0.000882017354980825,-2.74780198594726e-15,5.20417042793042e-16,-4.58140470005475e-15,1.01481323344643e-16,1.12757025938492e-15,1.40859546249317e-15,-8.08381139805192e-16,-1.20736753927986e-15,9.71445146547012e-17,1.25593979660721e-15,-5.44269490587723e-16,3.81639164714898e-16,-3.60822483003176e-16,-1.20563281580388e-16,6.03683769639929e-16,-1.41726907987305e-15,-8.60422844084496e-16,1.27675647831893e-15,-1.87350135405495e-16,-5.7072402359637e-16,1.05991604382183e-15,-1.35655375821386e-15,4.25007251614318e-16,2.94035629178069e-15,-2.60029628038061e-15,1.7130394325271e-17
"103",1.45531019991161,-5.7784131230428,0.618716423420594,-3.42489751780402,0.913849934003873,-4.24727743929668,-4.54826885634491,3.61652692304637,3.51603149633196,-4.15339614394277,-1.56043276646797,-5.85239802284462,0.171275031090347,1.31315738980509,3.48911869982897,2.29429235578155,-1.01413920010647,-1.15340060855207,2.84998474086105,1.37459933945336,1.57234311902468,3.1666259234548,1.18790605559649,1.13874615292841,-1.078448695172,1.16723331290933,-2.40529847654431,2.03032931633449,-1.76961073062473,-1.47263309877418,1.32825885320646,-2.85385903587208,0.414137815193402,2.67055479401659,-1.51247010376576,-0.585740139757334,-0.67949513311523,-0.683636388397698,1.04271645193771,-0.608381557387037,0.594470055859443,2.54285015410737,-0.838243665701754,-0.309186594915632,0.917814161751269,-2.28618525463886,-0.564877322213593,-0.813723214715636,-0.259135942441154,-0.689525756587076,-0.104837875133644,-0.235655297350977,0.82074270147884,0.705389444721613,-0.242273272460804,0.526233207235767,-0.781332684322794,0.263320427311895,-0.520137203316827,0.607021784481061,-0.377516440699923,-0.550371720186678,0.532534366649437,-0.188291029350492,0.295662722514041,0.0876553006535319,0.0570637868373983,0.00108764190548712,0.276168089175464,-0.157991581596423,-0.436083874424964,-0.218625594035574,-0.000188839203110278,0.13764102522888,0.0611698827748009,-0.0312227638391335,-0.062571044018637,-0.0866024458982975,0.056190797226641,-0.0204781157229277,0.0400277374901509,0.0562347591289925,0.0550304577125836,-0.00567200113380131,0.0381389616380297,0.0247643712819938,0.00140913441757972,0.00516971070663887,0.0163747553243301,0.016739086000262,-0.00775323740387331,-0.00834053383786157,-0.00408840749713972,-0.00140508840975035,-2.43034758984351e-15,2.84494650060196e-15,8.97719398817998e-16,-2.33537147953378e-16,-2.24473217791399e-15,-1.0998146837693e-15,-1.28803218091278e-15,-9.93562870865716e-16,2.2586099657218e-15,-7.97972798949331e-17,-8.91431026217582e-16,-2.66019845041043e-15,1.16053000542848e-15,1.66750294128271e-15,3.36536354339501e-16,-2.25514051876985e-16,4.68375338513738e-16,5.46437894932694e-17,4.1286418728248e-16,-2.03656536079677e-15,-1.04343617080005e-15,1.0772632785816e-15,8.56086035394554e-16,-2.44075593069937e-15,3.62936677239523e-17,-1.62337591286255e-15
"104",2.23361052959797,1.13091189480576,-7.27858956111563,2.02386884317744,2.99747479495921,4.62613387668067,4.22643945175697,-5.45961359522113,0.731824212108926,-0.130970656456455,-2.1509298788227,-5.27684746592582,3.77320611851034,-3.20430331412316,-0.193826318129101,-3.4501804785909,0.941331163770763,-3.87264899944404,0.424455208675959,2.26867364686803,-0.125770431423845,-2.03681562014078,3.5531683928229,-1.69607484952392,-0.674658483800351,2.38097979456168,-2.94052587012746,-1.53653991449986,2.07722653139003,0.457878785401467,0.300503887732523,3.89615915033453,-2.28607958672914,1.88467811712939,-1.10658217790908,-0.34619427356325,-2.0866580525082,1.70923936346482,3.24945469376529,0.46332106434708,-0.529457647012565,2.36178492196297,-0.702780929418931,0.190827297835034,0.287382164617362,0.274917262543893,-0.336980880177316,1.17191719758293,-0.796004537713254,0.0464335947253573,-1.14042845125555,-0.458921710341075,-1.66202082554629,-0.350317523869466,0.484830855025828,-0.198877190562105,-1.12896703397414,-0.781708657311367,-1.14079352046891,0.612099688369806,-0.106367961778757,1.06267177057884,-1.42814068735358,0.234775648427057,0.829637113772918,-0.0124622648531208,-1.19588262553076,0.561766064945231,-0.583159084616248,-0.340039703437647,-0.566698425837204,1.09686139159119,0.0619456959864628,-0.545011797352282,-0.239864862048031,-0.535187790557002,-0.238337044241572,-0.150718234264183,-0.081493059322186,0.247460783257196,0.0249705914983151,0.0464709592724679,-0.1337739775482,0.0964343545116606,-0.0133293086371895,-0.00989439511151419,0.0390140726887972,-0.00370484737700355,-0.0397341088732584,0.0244662394751374,0.0411452661629886,0.0169700961840561,-0.0190794537834367,-0.000404216069739484,5.09661757241986e-15,-6.17561557447743e-16,1.84574577843932e-15,-3.35452152167015e-16,1.84899838495678e-15,-4.85288892404512e-16,-6.32306706993546e-16,4.55841961399805e-15,1.54390389361936e-16,-4.52415882534751e-15,-2.19355783537267e-15,-1.32185928869433e-15,5.0185550160009e-15,-2.18575157973078e-16,4.9960036108132e-16,-8.83841611010183e-16,-1.81452075587174e-15,3.55618312575245e-16,-1.37563571644961e-15,1.0174153186604e-15,-1.07552855510562e-16,1.70436581514721e-15,-7.19910242530375e-16,3.12250225675825e-15,-1.61985225580197e-15,-1.8398910867079e-15
"105",-2.83936127472502,-0.382947887505517,-1.12400994937683,2.13256523403045,1.89846765230739,5.1804034391297,-6.45444709197859,1.42695174635524,-0.978009667603179,0.751232673773602,6.39182867116878,3.46197857282744,3.39325495682574,-5.55576823865654,2.69674373561454,-4.36466214122934,-3.08651763409284,-1.2861634526888,4.58414945586398,-1.64247060107864,2.82505394904493,-3.63260271307982,-1.55261093086751,0.258414518333497,0.648433742840916,2.30269353349092,1.82718796151962,-1.10866742958613,0.686631476832956,1.73453044850645,-0.102073012865163,-0.249453813954399,1.62969354136169,1.83897439993819,-0.13165298877517,-0.478031888243729,-0.00976146867603879,-0.302475046918192,-0.142385494133668,-0.47512285441166,-0.143614628891253,1.53749570724856,-0.109841319376966,0.378355352054788,-0.0313651999468471,-0.275640703919005,0.394724636548853,0.0906882743070618,0.136988710639398,-0.103480936500158,-0.135990612593963,0.224227735318274,-0.118307833792917,-0.354034735739906,0.104217397043587,-0.166540148548845,-0.049093922112253,-0.0440026242983185,0.159035112066421,0.175644881340199,0.331798320548976,0.146513204906796,0.0500531227891949,0.0344879559183289,-0.221768109264744,0.0200539883002115,-0.278597611301726,0.0173621419849368,-0.209910444022248,0.0108739500650732,-0.365709543463973,-0.766208146785262,0.221111438230565,0.0646859828290588,0.30026084479567,0.207501921342423,0.273928601887243,0.831566571514013,-0.718753080823826,0.349314415204099,-0.346322609808826,-0.673798289123224,0.293272600164145,0.468905258684629,-0.140004254159175,0.661480248698881,0.0219394769144481,-0.135800342276324,0.0474229420917869,-0.0325437195964542,-0.00365751610998674,-0.0485106645790252,-0.00455336654508069,0.00330060788072306,8.06993361024411e-15,-3.33760796777938e-15,3.13984949151802e-16,-5.20417042793042e-16,-5.39499001028787e-16,2.23432383705813e-15,-1.75207071073658e-15,-1.42247325030098e-16,-8.39606162372775e-16,-1.52655665885959e-15,-1.55257751099924e-15,-4.92661467177413e-16,-8.81239525796218e-16,2.57606436182556e-16,-1.37390099297363e-15,-3.3133218391157e-16,1.01307850997046e-15,-6.1409211049579e-16,1.20042864537595e-15,-6.45317133063372e-16,-2.56739074444567e-16,1.38777878078145e-15,2.08166817117217e-17,1.0547118733939e-15,8.18789480661053e-16,-6.58327559133198e-16
"106",-4.57898324002092,2.01194753736209,7.59520849660536,1.49589288273095,1.87657620966213,2.91028972067135,-1.01647300988481,-1.65080665135604,-2.11064042013446,-0.922165010556407,5.88037507163731,0.908473431634808,-3.36552111529609,-1.60097509760591,-2.40936699079634,3.13859509859679,2.2873122850949,-0.739244995696203,0.0427365297946498,0.5354008451651,3.22288319022221,1.16405986657261,-0.245890501857938,-1.20971613067954,1.08502370332988,-0.527608804615488,-0.919741402682647,3.12278453488431,-0.654131231886761,1.28543404494399,-0.45333275169041,2.98630232683523,0.431731876510166,1.32314194358535,1.58708670962466,0.778573819303086,-0.633316446374301,0.198281750726125,2.01561761365356,-0.773339377860962,-0.109272783375735,0.2197891510932,-0.0512590452882838,-0.371971626627312,0.274219056525993,1.44065290360586,-0.575406890093579,-1.26913711078864,0.656770017289015,0.816441845763597,1.47275812972342,0.0462404924901909,1.47084004608288,-0.293550967201978,0.989016197508196,0.618569053243512,0.163211728265221,-0.179362455204647,-0.361380982518521,-0.144516050974637,-0.409692210249166,-0.794214360275117,-0.226806859783423,-0.739086572383113,0.199792993121752,-0.573371821280086,-0.634165113794358,-0.379475622893527,0.0107987432818385,0.693210272615314,-0.145405957069218,-0.0378206406612956,1.09016113739575,-0.517490722185057,-0.158716099440356,0.504042365928449,-0.0679041266946813,0.118177217940173,-0.743313079126901,0.187909730166549,0.181217514773588,1.12374845205123,0.281626504985808,-0.140744918687348,-0.172532486786348,0.0702225180362359,-0.055692694062541,0.0257736545027322,-0.0649477427148251,-0.0491435233960933,-0.0180361964502031,-0.0236508347402828,-0.0195214491867893,0.0153988836494539,4.7045700668491e-15,1.25593979660721e-15,-7.85829734617494e-16,9.36750677027476e-17,1.05297714991792e-15,1.99319727389735e-15,-2.09728068245596e-15,2.32279473433294e-15,-8.81239525796218e-16,2.3557544803765e-15,-6.96491475604688e-16,-1.14144804719274e-15,-1.17961196366423e-16,6.33174068731535e-17,-1.01307850997046e-15,1.48492329543615e-15,-1.29063426612674e-15,4.92661467177413e-16,-7.97972798949331e-16,-6.27969898303604e-16,-1.89084858881472e-15,-5.82867087928207e-16,3.60822483003176e-16,-4.68375338513738e-16,-1.89280015272519e-15,-9.18102399660725e-16
"107",-1.49140110594232,11.615575807047,6.17674209245823,-1.38458015248312,2.00482609362131,4.83953308804521,-0.558108364425258,-9.50587002093109,-0.249209683266128,3.83422214134152,-4.30870641274734,-0.132808199854328,-6.79470509229338,-0.281305251254446,3.36860139130263,4.10642991231576,-0.720687247787427,2.63335967397767,2.65043197062453,0.264791825289588,0.526268177131669,-1.33165220640008,-0.92295727817301,-3.15984993326896,-1.66563334123388,0.845027260711263,-1.77951027777594,-1.20635446348579,0.5942310481434,0.51810501752239,0.632670440215259,-0.897837854877667,0.505931112668535,-0.72413425381002,-0.720613059260735,-0.517197636695315,1.95540257635032,-0.0757649068640227,-0.480850435039627,-0.238280502654332,-0.462323428884068,0.362921546156599,-0.0365208465707269,0.30906443238654,0.0616061069438154,-0.414608018662853,-0.135879148019492,-0.122706744274149,0.438587316511606,-0.397299517584425,-0.0862279217971442,0.099915350809387,-0.258176083385187,0.0953561758774318,-0.340176446731106,0.0841172023692135,0.111579257087734,0.177760735316511,-0.368420490052961,-0.0161040180138058,0.100208153702101,-0.0287382229112534,0.0851431352802303,-0.0256254700639421,0.0138875042991798,0.16147047123706,-0.173899156500314,-0.0757904960236903,-0.212665889928099,-0.00639232512748458,0.0483265841596898,0.0291737562715388,0.00860327887871312,-0.0164705264627804,0.0555928819651388,-0.0129676986852345,0.0148163259396003,-0.0183302178909666,0.0016617139067783,0.0203894471576006,0.00941954153779927,-0.0288335683209616,-0.00466455307050884,0.000390733839524413,0.0164738355167125,-0.00154126130605775,0.00716097765462792,-0.00146711714792921,-0.00157098157473713,0.00370146309580154,0.00114782293455449,-0.00254709219597157,0.000356123149649952,-0.0017937699940956,-9.71445146547012e-16,3.46944695195361e-16,-1.5855372570428e-15,1.13971332371676e-15,1.92554305833426e-15,-2.12330153459561e-15,2.78943534937071e-15,-4.34374758384592e-15,9.15933995315754e-16,-1.9151347174784e-15,2.0122792321331e-16,3.60822483003176e-16,-4.02455846426619e-16,-7.30318583386236e-16,0,7.63278329429795e-16,8.32667268468867e-16,6.93889390390723e-18,8.88178419700125e-16,-1.31838984174237e-16,-1.31838984174237e-15,-1.14491749414469e-15,2.35922392732846e-16,-9.71445146547012e-17,-4.15444588452996e-15,-2.68405089820511e-15
"108",-7.10923873256121,-2.04836695785069,-3.25047096764054,-1.50783136616878,0.911384513249861,-1.48627144768532,2.1042248997651,1.96431422512971,-3.31981929848431,0.192027142796285,1.29626570794118,1.56955651596168,-2.55694772237014,2.55902159649587,-0.628043490825838,-0.080647851395703,1.60449550279094,-0.0243769278425374,-0.48176388486858,-0.244827847938967,-3.91467650209587,-0.370505065827926,-0.178525327790596,-1.58369135847375,-1.02927175118345,2.61659015061447,-0.428866433185597,-3.10673644335704,-0.952094662665297,1.69510106497424,-2.99875445557539,1.30935445220454,-1.85441592022438,0.0453514304354721,2.36144965681614,-0.332478897061127,1.00732404082197,2.14411429940947,-1.77558169498963,-1.86596915390039,1.03733392394794,-0.285213162141847,1.47470159199829,1.40010967444403,3.95069637384408,0.632545900646856,-1.63360112039982,-0.865543640960857,-0.771126308894993,1.22738745849714,-0.719078640824823,-1.51346442612373,0.65105007405565,-0.905864378902429,2.02770746973677,0.110642640716746,-1.19177744002022,1.63265529470023,0.0261460030802308,-0.277004393988476,0.275493600723615,0.385157054877601,1.65410664396407,0.551133216275281,0.918573034687255,1.24665499241749,-0.960270550167564,0.0907164204967515,1.16305158454974,0.29707277686509,-0.360417011699177,-0.0454881790184553,-0.183202608624865,0.132806983042293,0.245806347025171,-0.12005162949895,0.0446119088339789,-0.00868409581891342,-0.0275761955528952,-0.189027034883612,-0.0191922613831672,-0.0879946323332866,0.0889877683552885,-0.0318116661967356,-0.0376315045720877,-0.00309775832441451,0.0301029938378673,-0.0246044076353265,0.0354367325676283,-0.00763192399690182,0.00121796379546782,0.00298863059071349,0.000841960970544706,0.00152642607876234,1.22124532708767e-15,-6.03683769639929e-16,-7.34655392076178e-16,9.93129189996722e-17,7.6067624421583e-16,-1.06685493772574e-15,2.37657116208823e-16,-5.82867087928207e-16,-2.22044604925031e-16,5.38458166943201e-15,1.05384451165591e-15,1.64798730217797e-15,-1.04083408558608e-15,-1.20953594362483e-15,-8.70831184940357e-16,8.67361737988404e-17,-6.24500451351651e-17,-3.46944695195361e-18,7.84095011141517e-16,5.74193470548323e-16,1.04603825601401e-15,-1.79717352111197e-15,-8.23993651088983e-16,-6.93889390390723e-17,-1.69954111547965e-15,-9.4542429440736e-17
"109",6.29012830264986,-7.22032833673387,-3.92821471221475,6.21240113530869,-1.67419846482228,-2.08873774219289,6.48946534345257,-6.647860790044,-2.20129354065281,-6.33971397522963,0.0368130422065667,-2.34433262367571,-0.46364784520682,1.79525505533046,0.475654977951039,-1.06823184059365,-0.925240366582306,-0.805289313324865,-2.25508409452536,2.27974977744813,2.1780665760242,0.848350926341622,-2.15660760257096,-2.20404387241355,-0.0368089754568981,0.929475435377146,3.01352146996963,1.68561648845926,1.31761601779023,2.18551365628846,1.43031433318011,2.11648615390089,1.22330606502777,0.679004208527938,-0.466937932676613,-2.10914177853452,2.09093309797692,-0.699322922920417,-1.37614471525116,1.17253523635651,0.242724370648728,-3.63129574961716,-2.31539621868435,0.909247003345642,-1.80747798290388,-2.24406051632454,0.533093581201693,-0.842303139092073,1.45042761831176,1.71640800464235,0.607606533065584,-2.07287776306392,1.40986702150288,0.235800936248987,-0.354897142150525,-1.01501407577483,1.04794855207453,0.15264120323824,-0.867123745717229,0.0783639049562027,-0.65633206577558,0.474693094613475,0.704457105367065,0.241134922634651,1.38994085533427,-0.329504363892414,0.330997045003546,0.519518750843983,-0.157239786625098,-0.664941565765963,-0.976186390763623,0.752005303892162,0.0522025702608697,0.0751592096707909,0.397625410497212,0.446366728016794,-0.0912047901672621,0.124255869792593,0.0327174160889538,-0.0241864774325597,-0.0397408902808869,-0.113970513505368,0.0984539783225328,-0.0197742363656301,-0.00475260938793762,0.0645230094600409,-0.00611086368333352,0.00620118586508267,0.0113239930693631,0.00429489853676609,-0.00360857401001772,0.0116586496727328,-0.0133653869228772,-0.00289250626784994,4.62824223390612e-15,-1.66533453693773e-15,-2.61249355482107e-15,-4.67768185297146e-15,-8.08381139805192e-16,-2.70616862252382e-16,6.93889390390723e-16,1.32012456521835e-15,1.90125692967058e-15,1.47451495458029e-15,1.35568639647587e-15,2.46677678283902e-15,1.85962356624714e-15,-1.11109038636314e-15,8.67361737988404e-16,9.36750677027476e-17,1.23512311489549e-15,-1.87350135405495e-15,-2.1163626406917e-15,4.26741975090295e-16,-6.69603261727048e-16,-1.02695629777827e-15,6.10622663543836e-16,3.03229663600746e-15,1.84964890626027e-16,4.07985277506295e-15
"110",4.86356397467237,-4.34028479846048,0.139697071439449,5.24879465832338,-3.37337208921059,3.2369455850496,-5.86585308464839,5.46922615929819,5.54876070111412,1.50075943913238,1.04546944018841,-2.38179287222159,-5.37063467893039,-0.514744832337278,3.41263813565336,0.640707995039849,5.2087844245198,-4.21826815859788,2.54779932416968,-4.68343246147532,-1.74212645278808,2.6615003355721,-0.316773923529303,0.769259474470532,-2.72428352443162,-0.508912220996134,1.04449902147487,0.016027098140368,0.00281736504340359,0.165860538612885,-1.36312682618658,0.714434132877371,-1.64765018245744,-1.48594141569625,0.906308788409198,-0.366240596160547,0.579482756019629,-0.118441490700085,0.976957664413776,0.0866506415374623,-2.12323697580203,-0.54513587946012,-0.484958284755042,1.03981167348288,-1.45374499695151,1.7688161468481,-0.904493575440153,-0.910632194565339,0.149356634789466,0.806726925782003,-0.518071561630621,-0.324294420836593,0.212209129149766,1.55293308326638,-0.672795916161255,0.395676439313661,-0.0685853422543846,0.518511134574238,-0.164128270780572,0.355835565306537,0.307834937958355,0.317428875846037,-0.410848728446614,0.148545090340528,-0.0639278004032813,0.100556197111472,0.2290418931719,0.429794823683779,-0.0182387402130612,-0.0305034971966376,-0.00330920894338345,-0.0964823579353826,-0.184396607093992,0.00290367476794913,0.0987786668625355,-0.0866594744532466,-0.0116411034727151,0.095825697137114,-0.00643592885619612,0.0225126408929369,-0.00386939948855202,-0.00173909677768094,-0.0626876331357926,0.0334131355959089,-0.0369026756993151,0.000858643684006316,0.0180844774765676,0.0119189237970023,-0.00971362831238626,-0.0108842778345891,0.00591078311577313,-0.00141040851677992,0.00302123712723662,0.00380399331390801,-3.25434124093249e-15,-2.83106871279415e-15,-1.28369537222284e-16,-2.5804011705155e-15,-2.55004350968591e-16,-6.6266436782314e-16,-5.30825383648903e-16,2.74780198594726e-15,-2.84494650060196e-16,-1.59594559789866e-15,-6.33174068731535e-16,-2.28289609438548e-15,-1.54737334057131e-15,5.23886489744996e-16,-1.41553435639707e-15,-7.0082828429463e-16,-7.35522753814166e-16,-9.36750677027476e-17,1.33226762955019e-15,1.73472347597681e-17,1.15532583500055e-15,7.70217223333702e-16,-6.24500451351651e-17,-1.60635393875452e-15,4.90384642615194e-16,1.60678761962352e-16
"111",16.6319921747361,-4.73096487292477,-6.81226548258903,0.964370890920767,-4.0122696782659,-0.0882752762885904,-1.15855676961515,-8.08151467972463,0.94932015792824,-2.32718614899571,2.7039802647311,2.44720383054463,-1.16443882052971,-4.65452912836145,-1.83737876001797,0.543064829360365,-1.10182215499098,-2.81421383761541,0.25106654073353,-3.20442409078056,-6.93272975636159,0.13384211478532,4.48535200887855,0.228802784548121,3.25987533266123,-1.04284659866939,-4.32862234051155,3.29735299934566,4.0420937287414,0.530113862366828,-2.56153972213853,-2.08809906271599,1.30416482559322,-0.374157087602233,-1.18848482734026,1.39992719178927,0.244319203126183,0.104851922652907,0.114796450072912,-0.904686166408767,-0.0815427774018245,0.978885819479101,1.05363321992789,-1.53283468109329,-0.366055568363002,-0.437938939358229,0.271062074557017,0.165003496973184,1.23330175804976,-0.235820007291836,1.10837908615048,-0.0998309501820792,-0.343593763012973,-0.194255029672568,0.274163663430779,0.799082901929114,1.18947034505553,0.0795147563948125,0.168040983704664,-0.780624249803193,-0.269879166122738,-0.152540918772472,0.339091636713685,-1.11683034026501,-1.32107820082977,1.23811073082614,-0.610611054241161,0.989643767008811,0.373907540372228,-0.548232471426804,-0.216715309933203,0.848382463079757,-0.448863861393744,0.557462939953947,0.385385939597656,0.264797879963315,-0.0788267141839207,0.0893450935021519,-0.317247501556174,-0.329417822918554,-0.118356448322211,0.078449356566229,0.0195903336190666,-0.0706613703794926,0.0299539363863201,0.0205104318277842,-0.0139687547105827,0.0164700887454884,0.0133186105575879,0.021820967753392,0.0155788163219188,-0.00967378323000258,-0.00101984240058193,-0.000203785585159661,-3.35972569209808e-15,-5.92841747915074e-16,1.34332649170954e-15,-9.62879949384376e-16,-2.90468604030591e-15,1.29670579829266e-15,-4.95577971021399e-15,1.67281553192788e-15,-1.35481903473789e-15,-3.56702514747731e-15,-4.23597788790087e-16,-2.83215291496663e-15,2.3414430116997e-15,-1.90765372248825e-16,8.94683632735038e-16,-1.49522321607476e-15,-1.34701277909599e-15,3.15069151324288e-16,4.64905891561784e-16,2.14281717370035e-15,6.41630845676922e-16,5.64218810561457e-16,-5.41667405373758e-16,-2.12286785372662e-15,-1.77330752079013e-15,-3.2357065160929e-15
"112",1.21728048964312,0.477830106974062,-1.14813168452121,4.73822131071735,-2.28281340448966,2.64435612949853,2.89455252191422,-3.90342296588441,-1.10470187592138,-7.41006018313438,1.41649170635639,5.60210987543317,-2.7045020780354,-0.851029934558616,-1.88608222880631,-2.08500251184689,1.76006959486141,-1.95932244509213,-0.691089822822094,2.68980474432541,3.70154492159387,-1.14134324824285,2.00722584213777,-0.145210237931528,-0.967763005484048,3.18336176213914,1.6157917980118,6.32682440706476,-1.57024944354191,-1.03399090095292,3.39676880433904,0.180323219100202,-3.44299006220555,-3.0657088871587,-4.51626283620129,-3.1114343773601,-1.3146897331274,-3.70796126926933,-1.56093953413748,-2.6091733097641,-3.90972493337896,-0.43637367479112,1.49837799764583,0.669912951950994,-0.356015826476293,-0.891075953561355,-2.3663274774687,1.31916368989165,-0.582906642245953,-0.14809358169571,-0.127904434156405,0.148720390647251,-0.308089642850708,-1.1575569616131,0.557141853777622,-0.492609989005204,-1.03220293911465,0.6752235557052,0.626601677595549,-0.0205089727144011,0.00963150974547241,0.231416767476728,-0.215605834203709,0.457478991685294,-0.852757818171799,-0.525792982559091,-0.297408021369968,-0.175589110492511,0.616834442597524,0.12934423247977,0.3536277013984,-0.157775878511171,-0.189935186062617,0.22752044303841,0.0755560414703548,-0.000370267293992661,-0.0350161346796747,-0.00678941697521569,-0.117204323655602,-0.146314438791322,0.0363061147346285,0.0607010358637847,0.021318628798847,-0.0113686715643103,0.0104510284322296,-0.036282189711557,0.0169445297107524,-0.00950738193894968,-0.00764367757888457,0.0172258388798714,0.00966117732847327,0.0211338605905779,0.00749014717809641,0.00107335591285715,-1.75900960464048e-15,-1.95329863394988e-15,-7.67268193424542e-15,-9.87925019568792e-16,-2.57086019139763e-15,1.93768612266609e-15,4.04190569902596e-16,-2.48065457064683e-16,1.71390679426509e-15,-9.22872889219661e-16,3.39138439553466e-16,3.03576608295941e-16,-9.0205620750794e-16,-6.56592835657221e-16,1.0547118733939e-15,1.36522737559375e-15,1.21430643318376e-15,-2.83800760669806e-15,-1.3912482277334e-15,-1.70002900645727e-16,-1.05818132034585e-15,1.11889664200504e-15,-8.95117313604032e-16,4.42181014026488e-15,-1.18644243735089e-15,4.15347010257472e-15
"113",7.32262826763695,13.9930791904296,-2.48834217340581,2.1504642761109,1.5925008160746,-2.36487819058747,6.89801842893683,10.7979425494594,-0.152637594201165,3.81396985114802,-1.16003729331762,2.15432182968715,0.481888807453515,-6.50755248648041,3.19679246986402,2.13070100782542,-3.37393804618181,-6.74571207412405,-3.75942880484969,3.3783422764626,-0.00550970544020037,4.12160791380332,-3.36361239625546,-0.993575671712189,-0.500851507184038,-0.0816560506041747,-0.914754607307888,-0.684111651494093,0.00124633176146527,2.42464937285217,0.968127900844784,0.0941328297739046,-1.03087676173226,-0.548923752157582,-0.195621831000184,0.826568065221795,-0.741566969201209,1.25486443287738,-0.866671089401623,-0.670967906554252,-0.647652959295772,-0.120621707847417,0.690832927896235,-1.60244374981216,-0.557399459850261,-0.990753982344233,0.0236132858481543,-0.406746795549513,-0.194884583369986,-0.190757569030299,-0.0382261315098257,0.036931278024914,0.427377783823155,-0.149393196664207,-0.390575435507175,0.314726469264081,0.199590366556655,0.17394995790771,0.204417145731383,-0.221010379971953,0.0398050271902911,0.114774819851461,0.0145346654278961,-0.0317492997789583,0.0837408171483025,0.114598371882448,-0.115846187468631,-0.131207572757394,-0.0683980404352806,0.0879025276251843,-0.0101275247631827,0.0193921795005943,0.0590254671459094,0.0701790499459519,-0.0164221252419813,0.0152830542268954,0.0728991134292654,0.00310209660585445,0.020741009070493,0.0220646605035335,-0.00999439013140261,-0.0157238913035241,0.00563491901704853,-0.00737762674986799,0.0040429135013038,0.00138211374027214,0.00332186299120717,-0.00824599935674489,0.00110574669219012,0.0107648105923314,-0.0032990717806637,0.00433495025338473,-0.000561897286280789,0.00202152833782216,-1.85615411929518e-15,-2.7373936450914e-15,-1.39601871729234e-15,2.01466447691256e-15,-3.56875987095329e-15,-3.48505946323741e-15,4.3081857525884e-15,-1.76204537072344e-15,-9.08995101411847e-16,1.2941037130787e-15,6.34041430469523e-16,-3.51281503885303e-15,9.99200722162641e-16,1.9298798670242e-16,1.21430643318376e-16,3.43475248243408e-16,-8.88178419700125e-16,-1.28282801048485e-15,-4.42354486374086e-16,-1.13884596197877e-15,3.51281503885303e-16,-1.59507823616067e-15,-7.63278329429795e-16,-1.62196645003831e-15,-9.15581629609696e-16,4.78783679369599e-16
"114",-5.79237682075625,8.99977192297733,-2.70667753130385,6.3952034585007,6.08359911244579,-9.73051899247684,-0.833298844544123,-0.46705751203793,5.21840155114013,-5.61290828882275,-5.45293570799578,3.74539594111838,-0.628099731353753,-1.90645922599271,-1.81763019743749,-2.68740022552094,1.14400259324622,2.28443974594295,-1.06692776875318,-2.03424335967514,1.1430950720981,1.75716393539385,2.27807653510939,-1.56365229792786,1.31161172684294,-0.947835921071154,1.10586178828158,-0.232553937517539,-0.163024654694027,0.233960264583991,0.178284777971902,-0.755555317807575,0.629007062528248,0.607365625285819,2.1094707354763,-1.68074082754042,-0.381300107344532,-0.512555702594136,1.38587772559813,-0.446323271281348,0.0654031907017947,0.248464776758449,-0.348982862189383,0.94177321898584,0.21995217304622,-0.37505772404174,-0.0848401031628076,-0.600535013416866,0.286221776840849,-0.0391510511723199,0.405908583036319,-0.036978250951833,-0.837258491846698,1.19960632168918,0.163357709602783,-0.0264007256775576,1.26545393608899,0.13833707479009,1.74450206587595,0.796811927945476,0.3699534403724,-0.177189673895438,-0.0351426896416868,0.030605181656504,0.128564901210124,0.107006464134137,-0.785549600363145,-0.258100099290973,0.125492500856972,-0.103722898965141,-0.0222034424928337,0.166544562871232,0.132651717947922,-0.216385198303848,-0.138255364660945,-0.154366993924177,0.192952016714372,-0.0311002215708897,0.0478046401833353,-0.0924541323550771,0.0135269508921192,-0.0465134558690755,-0.00873945550983253,0.0221002328601168,-0.00321301780842687,0.0321338353576395,0.0215749336628436,-0.0215397514055768,0.0111308933861416,0.00367852379082512,-0.0101116142943526,-0.00428818551579309,0.00120723608732535,-0.00358597951404658,6.45317133063372e-16,-1.4432899320127e-15,-3.39832328943857e-15,-3.77475828372553e-15,1.63410951437015e-15,-1.25767452008319e-15,-8.77770078844264e-16,2.86229373536173e-16,-1.87350135405495e-16,2.08860706507608e-15,-3.08954251071469e-15,2.33493779866478e-15,-2.77555756156289e-16,-3.30031141304588e-16,-1.13797860024079e-15,1.16746889933239e-15,1.58900670399476e-15,4.33680868994202e-15,8.21565038222616e-15,-2.50667542278649e-15,-1.12757025938492e-15,6.17561557447743e-16,-4.96130914129367e-16,6.76542155630955e-16,8.5044818409763e-16,7.92985468955898e-16
"115",6.22468576580958,11.1245173355114,5.6935046461603,-8.14698091880955,-12.8218013686041,2.50536858150733,5.03682849518357,-1.84115952741988,0.808670238075401,-3.73359339783163,-0.541687748080259,2.35041703515867,5.00814952244329,3.77058349308958,3.70332254072471,0.451766979103497,2.84613058736019,-0.822688304964118,2.68448938127903,-0.68738627050856,0.415349731673201,1.64240977138549,1.93992126029987,2.06099500573766,3.25745743934719,1.50869969367477,1.14077278843599,-0.287072408202848,-0.0509523283725864,1.02916035085038,-0.167849546623666,0.275256507633611,0.21574180707429,0.0634040352235131,1.08528185748034,0.0349736302420902,-0.685321148079288,0.236523761952114,-0.281421119320802,-0.645559548204123,0.529437409386354,-0.0573461734784815,-0.549959556336445,0.511630744374194,-0.119951531303669,0.0772661610230046,0.253644159824896,-0.0644841580348826,-0.0630992836555876,0.324850315321139,-0.125184943475148,0.111140793147376,-0.0376678323542792,0.107434022992591,0.13645358976619,0.00266795340063511,-0.075118989470165,0.00396336311112318,0.161976931554263,0.025894122420948,0.0683550764669444,-0.0204607410561181,0.00305311452630275,-0.0618105490012113,-0.0200716863469565,-0.0538651378332869,0.140795844477489,-0.00432262282218474,-0.0248707205701379,0.0179732166778454,-0.00340929867269658,0.0182835336554149,-0.0705422385022139,-0.0667230458869922,-0.0560151075991265,-0.0226624137519941,-0.0306848629908693,-0.0137106263228623,-0.000254005042409418,-0.00499932365949009,-0.0108478306894775,-0.0116339263687099,-0.00481711929069237,0.000752647467092485,-0.00173601778715902,0.0132345047012873,0.00190274028176385,0.00107299142874509,-0.00227907361021284,0.00059797333513481,-0.00279367095033842,0.00122592133028294,-0.00169939879905446,-5.77144884294084e-05,6.66133814775094e-16,9.71445146547012e-17,-4.78436734674403e-15,4.00721122950642e-15,-4.48946435582798e-15,-2.53269627492614e-15,2.00534033822919e-15,9.61036805691151e-16,-1.66533453693773e-15,-1.7277845820729e-15,-1.01481323344643e-15,-1.65839564303383e-15,3.41393580072236e-15,-1.32532873564628e-15,-9.71445146547012e-17,-2.16840434497101e-15,1.27675647831893e-15,-1.99146255042137e-15,-9.85322934354826e-16,-9.5062846483529e-16,-2.15105711021124e-16,-4.57966997657877e-16,-6.66133814775094e-16,-1.22124532708767e-15,-1.58076676748387e-16,-1.31405303305243e-16
"116",-5.72995524829074,4.14290750519941,-2.81664438054014,5.14220617326081,2.75181722419993,-1.14403616371085,5.06474523564222,-0.901113155080322,1.30749956338687,-1.75076013780736,-2.24328268787288,-2.06918621740409,0.961631118983648,-1.9500083834835,3.20917061438621,-0.581702913835212,-1.30613836148815,-0.0791794824624824,2.9685513978287,-0.0825061797416076,-2.12413560075236,-1.47288659924132,3.05474333104159,1.31560268706541,-5.33304957829074,-0.612055292710002,2.3724406188166,0.661098884616565,-1.90579908655061,-0.0835651093588982,-2.67676382943404,1.05652794331232,-2.44044357640817,-0.626422559369883,-1.99918886017032,1.8635544948712,-0.0237804913422421,-3.42028832093346,-1.85767505588381,-1.83191080579834,3.8173505648934,1.55205282545134,1.94448440121043,1.15251037735968,1.55713502878972,1.19726095427018,0.875565448474988,0.399182903587788,-1.04158439690326,0.174566278956785,0.417797557520369,-1.87747742551279,1.20987439655731,0.2373945591629,0.443302783925959,2.04801721799252,1.89859834256113,-0.154750519758792,-0.121176553277047,-0.700506607337498,-0.585477589940474,0.608828341086473,-0.351871443960712,-0.224367432603523,-0.620619720847018,-1.40580753325353,0.591085831388298,0.283683748232552,-0.722915067562425,0.297845199168039,-0.372499921304478,0.0807465528226826,0.275637253913238,-0.347212725351122,-0.089668826147517,0.195460801793346,-0.110254574905346,-0.161873393783592,0.287288064392616,-0.0290781820552109,-0.151737131408097,-0.175488735892022,0.0769082050936751,-0.0329674193794656,0.0966693187149605,0.0407956967323546,0.0562603383056752,-0.0264268410382218,0.00581425957955951,-0.0429279987494768,0.0141464585564281,0.00613482238618998,-0.0141877768567758,0.000189678016257066,-5.93058588349571e-16,-5.3776427755281e-17,-4.22513586617601e-16,-9.93698396137277e-16,-8.26649946411573e-16,-4.49943901581484e-16,3.40602112486321e-15,-3.36818246904347e-15,1.31882352261137e-15,9.59735763084169e-16,1.82441410069567e-15,1.13223232872661e-15,-1.13255758937836e-15,9.75781955236954e-19,6.78060038672434e-16,-6.98985140601405e-16,1.22211268882566e-15,1.75619067899202e-15,8.12501108060637e-16,1.69894480428479e-16,-1.14058068545475e-15,-1.60136660876109e-16,-1.51614831800373e-15,1.95850280437782e-15,-9.2025725147854e-16,-4.0214413830203e-16
"117",-6.58939519850562,-2.33272647927992,-5.93983348177712,-3.87821896140681,-1.13210716730682,-0.952270559671245,-2.33269443221949,1.76934629949669,-2.67881891354698,0.11222739643265,-0.22944079911517,4.45979368277275,-0.405334245357575,1.8997509057883,-1.16453549266089,1.36870763988737,-0.713771151875719,-2.44636730957251,-0.737030116996668,-3.17546396253997,-0.148995884988438,-0.406892201136066,2.15906308734764,-0.913252984131945,-4.10397444758909,1.71105670778787,-2.89011671452459,-1.79788363881342,-2.28816096470399,2.9728907415887,0.613985200323239,1.7129213951928,2.43919209949819,-0.139591265598941,0.318304494308008,-0.305545307935836,-1.03000777344167,-0.470528812973746,-0.285880117486197,0.207418318726725,0.361524412771314,-1.7554919209692,-1.14247838805308,0.51736827331345,0.377844060090338,-0.3757873392444,0.150002259947572,0.750236109044749,1.63645269635407,0.510482630049655,0.408177961074367,0.218886231153006,-0.144084198376819,-0.500332444608358,0.170261308830232,0.483321392194323,0.50662507001272,0.630234443727527,-1.58989278271125,0.243116084747266,0.0311137076170662,-1.02172752152252,-1.16445250082182,-0.374838175919048,-0.250827304782463,-0.596048026021972,-0.265273315838349,-0.26213887370051,0.523183395579867,-0.00431091306407739,-0.185603944991006,0.0567782852379457,-0.593019267996707,1.20094881325363,-1.83933793498303,-0.112556727838209,0.315976071670317,0.141954193577783,0.370018435991243,-0.166726744870842,0.0994903225668903,0.0341073714385594,0.0248071554413118,0.0817487320452672,0.0245563130444092,0.228236160424497,-0.0279070469363288,-0.0694371243782584,-0.0249065073995949,-0.0308744744721275,0.0321043469585996,0.002866506303495,-0.00096216626105723,-0.0249069140738267,-1.49359691281603e-15,2.22391549620227e-15,2.38047428990917e-15,-1.31752248000438e-15,9.16367676184748e-16,1.14751957935866e-15,-3.33066907387547e-16,2.04784106339062e-15,-2.22738494315422e-15,1.71390679426509e-15,-1.01633111648791e-15,-4.90926743701436e-16,1.43982048506075e-15,1.14231540893073e-15,2.05391259555654e-15,-3.44342609981396e-16,-1.0547118733939e-15,-5.74193470548323e-16,4.5102810375397e-17,-1.63150742915619e-15,1.06858966120171e-15,1.78329573330416e-15,-4.18068357710411e-16,3.34021005299334e-15,-2.45916026257731e-15,5.47196836453434e-16
"118",-9.31211191323477,0.648407385737153,-0.414488907515329,0.52497305828464,-0.226318199199623,0.0598957660177859,-1.00504384452979,-1.62346911823616,-0.00988507652546874,3.85655830445168,-0.545942710468429,-2.79465318612739,3.29207803753521,0.210133374093755,-3.98396084434354,-0.524985207789041,1.54201365857501,-0.733286736660572,-1.26873449610226,-2.38842785291133,0.960852898588837,-0.781116182606325,-2.45303403654794,0.774557078254158,3.29815352682269,0.155862713391378,-1.53710866036304,0.793652809577566,-0.847857603687243,1.08461516898445,0.702001732525789,-1.41311390801567,-1.72636702720739,-1.44360529947577,0.0914564509922485,1.14864310547638,2.48188467252579,0.365560725308308,0.455736353521501,-0.0581623825104193,1.25420455404746,0.88078014120862,-0.695817118880417,0.168629832471564,-1.32288192955637,-1.09917566611128,-0.770591448675952,0.106192886592196,0.116222717538327,0.837470246456078,-0.116493815824484,-0.693088697561052,-0.324285421889592,0.173524487589978,0.614627681294484,0.495560245470334,-0.114391111969469,0.897282942652394,0.716810426208667,-0.580397202635161,-0.684627572654777,0.261793575999908,-0.512620054182054,0.395199400053396,-0.0623840236252496,0.00354788382370537,0.15218899497703,-0.0140090148187975,-0.151059592031859,-0.259035179750952,-0.0566240594876402,-0.384679258898605,-0.0704409997521652,0.442928224255577,-0.156886744725812,0.184993363444254,0.0903145475194189,-0.780998416008802,-0.291455807378429,0.422946950310328,-0.0377412340298239,0.000634321431566054,-0.0760175065161332,0.0835324502861271,0.0485864430992651,0.0474257367738554,0.00437179447908289,-0.00816467144399822,-0.0352973491945099,-0.0104532355911147,0.0512882789167007,-0.0170661476181439,0.00549458087249845,-0.00426572075361153,-1.97758476261356e-15,3.46944695195361e-18,1.02348685082632e-16,1.33400235302616e-15,2.7148422399037e-15,6.67868538251071e-16,-8.51749226704612e-16,-2.24646690138997e-16,3.92047505570758e-16,1.00787433954252e-15,-2.15539391890118e-16,-1.26461341398709e-15,-1.04083408558608e-15,8.60856524953491e-16,5.13478148889135e-16,-2.23779328401008e-16,-6.59194920871187e-16,-5.759281940243e-16,1.84574577843932e-15,6.24500451351651e-16,-1.61502755613441e-15,-1.10328413072125e-15,-4.23272528138341e-16,2.42167397246362e-15,-6.4997920240506e-16,2.07288613357504e-15
"119",-0.939705144461917,-2.24701935973173,6.63157240796906,10.9101206845786,-3.35631754211003,-3.69109590345987,-5.71337037998388,1.25905519663637,2.95412253180929,2.13653828159209,2.63423200466593,1.32500647313063,2.36691223854836,3.92119266281278,-0.262913399279403,7.13723686730419,-1.86682701406529,0.488874232184543,-3.42993529758661,1.43615653525465,-2.06791260227987,-0.0291241258696974,1.94875202006701,-1.8358828637953,1.25256797013498,1.68920420351692,2.5926814505015,-1.99811890747265,1.51013691467557,1.26775099388892,2.01751250690128,0.379476350158341,0.948056813003587,-0.174491985369179,-1.32069801478825,1.22621088924172,-0.494594857442768,-0.326670047156895,0.467506299678334,-0.188165391216653,-0.10725659332783,0.808063133190316,-0.0623206035902625,0.887933261586445,0.163501555457898,0.293929713912411,0.160809710220925,0.520499078696367,-0.502579114390046,0.300860200618568,0.0139268087012921,0.160076628223974,-0.368281014645383,-0.248729018048406,-0.0391159270050968,0.171785415311767,-0.0103598733337517,-0.0804444323065834,0.0236691037786585,0.21275913911764,-0.149976207780099,0.230889765213427,0.130593280703555,-0.0956861229463047,0.0563496520709574,-0.0783276949373916,0.0549919651608845,0.0195673968676709,0.108676776857247,-0.00704667415274703,0.105156075344978,-0.0167636473384199,-0.00108477563203853,-0.0418703898373452,0.107423757012511,0.0258316449271778,-0.0761213325775986,0.0135534387169432,0.0724567071376899,-0.0959052218640735,0.101724501594001,-0.0555324033660702,0.0306912991339559,0.0704182987234412,-0.00401010649717559,0.000878820291361743,-0.159209662315337,0.0922268405271983,-0.0324499980402124,0.00830071062015421,0.304937475743809,-0.17024137740837,-0.0661464994769148,0.0121144745033616,4.91967577787022e-15,5.96744875736022e-16,1.38777878078145e-17,-6.66133814775094e-16,2.85969165014777e-15,9.12464548363801e-16,-2.1094237467878e-15,-8.67361737988404e-17,-1.29063426612674e-15,-3.81639164714898e-17,-2.46330733588707e-16,2.1163626406917e-16,0,1.88044024795886e-15,-9.71445146547012e-17,-8.2052420413703e-16,-1.92901250528621e-15,1.53696499971545e-15,7.63278329429795e-17,-3.60822483003176e-16,-6.76542155630955e-16,1.77635683940025e-15,8.98586760555986e-16,-2.86229373536173e-16,-6.30571983517569e-16,-2.03244539254133e-15
"120",4.23619326426699,8.53862005902733,3.69116885162424,-4.21044329073329,7.148614508291,6.28696306089107,0.25611451282475,4.79788884569171,5.67805731003881,-6.97883878290896,7.88565313441522,-0.24543831914737,-1.70857823376195,6.34990864078993,-1.42942554218281,-3.07194589912778,-6.69776593587621,0.230434597495773,-2.07788838038167,-1.25323443501354,-2.20355777840535,-2.07482248741512,1.02959488221822,0.794773032091698,-0.707801801995893,-0.965139998199484,-0.829790144446685,-0.235759509641464,0.218182400045499,-0.741995122143107,1.4322479889236,-0.14277834297283,-2.88064715874156,0.180518726698954,-0.302012245695772,1.10286478961759,1.00985430412908,0.307095663700561,0.158200856637559,1.48569631450948,0.0718786661611497,-0.67995185534638,-0.924472146605002,0.526833184423404,0.197657292279813,-0.0951214643896555,-0.211155385735942,-1.44266226184587,1.07306722741521,-0.0890069913293186,-0.0351023301522266,-1.09524689364067,-0.727472387127169,-0.666031811697625,-0.578468734139279,0.101594025257919,-0.125822820245537,-0.113299972534023,0.120459972214116,0.553883646809878,-0.0106005157384483,0.133602752557057,0.198675995456683,-0.305457630483579,-0.454878862664882,-0.0270880084918697,-0.148118065763763,-0.0673780662581878,-0.109406347362064,0.235260934897505,0.0974530030700246,-0.0239143769070169,0.0278605774940507,-0.049720898866753,-0.0412555626896378,-0.0374613945061456,-0.088953905419954,-0.0250164501823443,0.0035743052858077,0.0541811022098233,0.0200510826506553,-0.0218401670878756,-0.0454220757454222,-0.0133308731872165,0.0268765594774703,-0.00886405747539828,0.0070689546001364,0.00562454181586981,-0.0029379981161919,-0.0171524837422907,-0.00859731378500413,0.00125819989739374,0.00181029278999997,-0.00111593370181853,-3.04964387076723e-15,-4.49987269668384e-15,-1.04777297948999e-15,-1.68853646342892e-15,1.73992764640474e-15,8.60422844084496e-16,-4.83120488059541e-16,1.30104260698261e-18,1.36002320516582e-15,-1.18134668714021e-15,-4.20236762055382e-16,-3.42434414157822e-15,-2.62984078958084e-15,1.54910806404729e-15,8.43075609324728e-16,9.35883315289487e-16,2.79984369022657e-15,7.11236625150491e-17,-2.18054740930285e-15,-1.37910516340156e-15,1.62196645003831e-15,1.14144804719274e-15,-4.3454823073219e-16,-1.88217497143484e-15,2.32230684335533e-15,2.12655414111307e-15
