row_id,PC1,PC2,PC3,PC4,PC5,PC6,PC7,PC8,PC9,PC10,PC11,PC12,PC13,PC14,PC15,PC16,PC17,PC18,PC19,PC20,PC21,PC22,PC23,PC24,PC25,PC26,PC27,PC28,PC29,PC30,PC31,PC32,PC33,PC34,PC35,PC36,PC37,PC38,PC39,PC40,PC41,PC42,PC43,PC44,PC45,PC46,PC47,PC48,PC49,PC50,PC51,PC52,PC53,PC54,PC55,PC56,PC57,PC58,PC59,PC60
1,-10.49732248662138,-2.187315610345022,0.3446202321442127,-4.426294984516538,1.4257534782321002,-0.37904021997789955,0.2963067503711492,-1.5697031731793893,2.3481188011561978,-0.38505425164312007,0.3345334175288207,-1.5096851909762534,2.9947222486400924,1.3300218088412787,-1.3002859043715962,1.655909116301301,-0.49361821246196813,0.26783565771086354,-0.4520570310251516,1.697209797696406,-3.538381979212242,1.5182243561115758,-2.405475733733236,1.2392464348958108,-1.6209455403893362,0.536303565994986,-0.4707094804737528,0.4525269617097928,-0.39949000640839705,1.8425125780834029,-0.48182937410669185,0.6557485824087163,0.07971209527382231,-1.3036353067163968,2.020188938734044,-1.615237626161107,0.4712919002017759,0.1591982175233946,0.4411469374333178,0.04485204528482192,-1.6419430429826745,0.5689022845409984,0.9550115195051838,-0.07265691967490687,-0.4110840563045133,-0.023889842067499188,1.474450641062564,0.5908535702102085,0.43162247050843816,-0.7960970190509526,-0.01603341868275598,-0.9518975972276917,-0.1768307321593398,1.1931166967662117,0.2717915756799645,-0.9258975413292968,-0.43027279189597784,-0.7225732265366916,-0.11467197611864305,-0.7790253618084718
2,-0.18594378731287203,-1.720743149457389,2.733126404627028,0.21849744730226556,-0.27978077055278416,-2.5832795299026503,3.043219777291794,1.795483693186946,6.958425520550785,-1.4581700219178064,4.240415833055247,-2.1304703498678843,0.7094059924379716,-0.5178463258754681,-3.616472488127842,-1.6552340024028096,-0.0813645550657631,-0.5268658225952835,5.546078661278097,5.457628429839586,-3.9372084382209485,-3.4764071329070503,1.0050498885003434,-3.7339756177275714,-2.618225652304506,-1.4714394667280917,0.45959023970801693,4.1973791131623335,-4.575626955372133,3.3748064125709845,-0.4043225370065134,0.09770112578387027,0.6593166541690286,-0.7738783629930756,1.2780260041923264,1.3098367378301277,2.99634843543345,2.0358906240691206,3.110412353472287,-3.6498443586873255,2.1999068346598962,-2.4120563746615575,-0.43386225721501376,0.5040687305314633,-0.7892806049964195,-0.6516135956355769,-0.35093976500416485,1.5925235560198796,-1.2472573421899864,-0.5449492529016364,-2.1607159424830464,2.1922583160947293,0.21879363200492416,-0.9258862599958869,-0.6036933846812832,-0.27721058511983987,0.21581393525551146,0.18396135505306174,0.2657652900496645,0.387890309378942
3,0.3523568963074871,1.5419123733963696,-9.71837840383875,-6.032188347362327,-2.5963820227473815,-6.8435622437830075,5.808914059512852,-0.3217532257590423,3.8162828652837875,9.311775732786822,7.875100091158518,2.7501406478863473,-0.9537358990540187,4.702683969111862,1.5440820834124882,-0.40410439374925544,3.102415314484871,0.34419242972474917,0.4893998960892209,0.31920396316520133,0.1932467537780595,-1.8322109870106422,-3.354965216704077,-1.5428518138838259,-2.3928055526070557,-1.0677465949024498,0.9921327984452271,2.947560811029955,1.5461797163342197,-1.5326199792956616,0.7860032462884203,-0.5752388574492772,0.8528729448266105,0.7715713077687522,-0.9471579856857532,0.407495300408372,-0.0041964604796359325,0.006024387650449489,1.330499114847358,-0.5995017351401425,0.14617138503634405,0.4932302436245229,-0.15978732629802914,0.7487226277253545,0.10796646615256418,0.0730685482494343,0.2743570168981194,0.3199787711935314,-0.672787429802196,-0.2029841107399173,0.7607274907092801,-0.2654389249829609,0.33404821045763644,0.2613572793437313,0.037562571092613205,-0.36887422423400185,0.3344891320857892,-0.21811869251297908,0.07109242394292178,0.7134712865124021
4,14.086014439713493,3.4834223061124323,0.06927009220493474,-3.3009528917983504,8.39645596678708,-4.719645369467009,1.36367473332389,4.025145816884783,-0.5605209189601487,-2.925394442799802,1.6193610322724499,-4.6027689781767025,5.4169949500763765,-2.8122246354972953,-2.899803262570051,3.2835893013118147,4.347899072575798,4.838277926468272,1.2396823815323863,-2.809968079632794,-0.9613282018682766,-2.713638332515402,-0.6450246033748052,-1.4120406147642621,0.2472001951961485,0.8224503666765024,-0.612373080082289,-1.0915201824123275,-0.22339397780043224,-0.9793739228833055,0.6247197715295761,1.2306206683685235,0.45304379362339514,-1.305913799270548,-0.4478816829947376,0.005067807622266718,-0.5453456329149783,-0.29919672972960915,-1.7120564966109442,-0.7843400784834863,-1.069258054016567,0.010140780446786393,0.33058254757573974,-0.009632706460452705,-0.06409083121938192,0.1518925832832453,0.06520692757652298,-0.01550299143690336,0.45587362077205085,0.20155559072446305,-0.19805132577356416,0.03084400325105871,0.36558783047184334,0.12055427539294912,-0.36942928167414346,-0.11864845083921212,-0.0771303966020347,-0.07138165365631498,-0.347143739681527,-0.12465352959485076
5,-9.317114135138691,-4.150181085137448,1.8965402245568035,-0.3533767635440491,-0.45153818429743947,1.3803822012522824,2.856540770873286,-1.4124174682741202,2.2570919412961423,5.068956603262346,1.7050101205856618,-3.387779239367931,2.075126979417639,-2.201408323404241,0.08902345115987322,-1.3144377911155993,-1.2043603044598046,1.823071171533298,1.6406861927737657,1.3362469436276443,-0.41874859938116527,2.3532226699172503,2.4654471184299953,2.64104479258693,1.1099710127236986,-1.8042569434226439,0.35783467393146423,-1.527147517921395,0.11119926281993404,1.4628318619845821,-1.892663121154732,2.728948238389328,0.20502570955040272,-2.6513828341896803,-1.5505454599765183,-0.6264473408755168,-0.11589022345959643,1.5476459046427917,-1.3456628940638768,0.8898425098680383,-1.1148933871633258,-0.21008913779127283,-1.3748269395000445,0.4067779194047787,0.8547108537299001,-0.6900837580776157,-1.9230040382757554,0.24982946280888657,0.37969895435761797,-1.264791209318195,1.3644575530039362,0.6762518125945064,0.2782958342163422,-0.3605702474485906,-0.7490603847529964,-0.0743559350454219,0.3279866733164538,0.04614073596005772,0.36096926833752874,0.6210265054359012
6,-3.8440520646140026,-2.617622944145827,-4.494008163003651,-7.581740936826133,-3.962243501965563,5.151539024205981,-0.8659945678565073,5.2369795623063915,1.2827653664093723,-1.672898409756711,-3.9738256388759297,-2.326021342968836,-2.8318298222661222,-1.152322423572738,-2.1849292872134916,3.2139008540366194,-2.5220423975561412,-0.6663186186632071,-2.828760501442771,2.034811771248291,2.110279705137202,-4.288136264438919,-0.5837268022224281,-2.5279793095409544,1.2263018849191976,2.1373887369629734,1.3965698947386618,1.566542978337749,2.117746805485444,-1.9934798914920102,-3.7570986514747657,-0.4294482575992804,0.8085814156149443,-1.2576257454525528,0.07763470022205887,0.386361440172592,-1.3416991157544795,1.279541389062735,-0.3868614899094621,0.3264622036045174,-0.029679007927840884,-0.3381780294476296,-0.48901631343701557,0.7214413185627552,-0.816600385856749,0.5888306026047501,-0.016420038765161047,-0.3690027513094692,-0.4915415282012087,-0.7795117519248045,-0.04217208781482679,-0.04796403330040608,-0.030421835764682187,0.4724454924386174,-0.17772021538615698,0.006204914424257388,-0.24391482182705426,0.343029857845575,0.6508427606262132,-0.11381975905498977
7,6.445187117765368,-11.34009170344354,1.4203330487759045,-2.4281083937225625,2.253938769581116,2.6300168753781428,1.9537201343356272,-0.9614617441584521,3.753391679954797,-0.4985273145157013,-0.7624602487923121,6.548709346017629,3.251086422320708,-0.7940132375403997,-0.8560868173484644,3.016241586501981,-1.7973418843165705,3.0842489706590785,2.2935985651789923,-1.5202169899870375,3.7572869609683783,3.622692172965894,0.6398600684708521,-0.8073609695391106,-3.094939437465197,-0.8843935333174451,0.6515451643012542,0.6982637355901378,0.6586357755007087,-0.485140316740933,0.5673715993661287,-0.7748884772465622,-0.7343573897816378,-0.5403301286413811,0.9005593878134474,0.9904449395073368,0.44560118714144925,0.1239843787881505,0.2376980986045033,2.253628853707871,0.16938818146571,-0.02498679320839454,0.29915906384475016,-1.3562799969787869,-0.059644187060808915,1.283185270894523,-0.356876173796511,0.45921317803287015,-0.45780784129327495,0.7198030164020754,-1.0952616127175152,0.4911060582289867,0.0934899960241085,-0.0867840484610619,-1.2820434215189023,0.6204971343059106,-0.7825274114391052,0.6997774640656097,0.6737200185007386,-1.5081243572552345
8,-6.970729206055365,-4.539749858530472,1.1087010149105883,-2.032303742516334,-5.699084800372628,2.409227011697694,2.3551647399837607,4.254224546050565,-4.3094936336059675,-4.412923689889746,-0.17208702964969785,2.699459207135312,-3.520310928512536,1.8655129561829058,-0.9125817783115389,-1.3835805654248547,-2.9878140859872313,1.4633469149533838,0.10808738465228904,-0.7072588913799766,-2.514863245649177,-0.232326155844304,1.5508311039339253,-0.3493515422664221,2.3997890152783716,-1.4047613594983548,1.4486523971874805,-0.3283124603695184,-1.0774914963277957,-1.9691601084985066,3.127513209317016,1.5759046681385542,-0.45398018287638786,2.492218234594161,-1.38106794616479,-1.8254790527553837,0.6350000864838886,4.602489398578009,-0.35800735276611906,-1.6570950121553614,-0.6613650211293252,2.267508878485086,1.1920465806370286,-1.3630528390293244,-0.8774332141598621,2.2854870044920084,-1.6396156907361163,2.764923623831547,0.8438179201258248,-1.8902897864715913,-0.647033002869758,-1.787937159907467,0.4552880001097065,1.3313834070388277,-1.3394553600252237,-0.8427170807958445,1.9028394476659505,1.1495490484515274,-0.4373743642791409,-1.3824331018890876
9,5.69174561974826,8.533239111144399,-14.375115112998893,2.9991685029482524,-7.889852549023786,3.272026334645705,-13.248396247548223,0.2708558116936593,-3.083972131258573,-0.683793057147099,2.3070537289189277,0.46602294761732677,-0.20151186891018796,-1.1687487325428765,0.11701194365044613,1.1842354168845688,-1.1964101353060697,7.767226648593556,-0.449447304064998,4.52291493223348,-0.19336770321314936,2.701695583543336,1.985889155229907,0.16616522597687752,-0.7028690205526521,-4.700241294121783,0.07932119317930432,0.6805603386515386,-2.58081714038988,0.25903433310461854,-0.19119118224696888,0.42745178816482937,-2.992935395277688,-2.283125171909703,-1.7286504390095423,-0.5149302288374172,-0.5982472022053483,0.5695834905225594,-0.996371450815157,-0.23227741199852855,0.7551944192901158,0.8945937451568178,-2.9259210199102563,-1.2569885481405028,-1.7734454061353717,0.8541614272224227,0.8539645109669655,-1.9631944778682384,-0.32023442027543564,-0.9505590781877807,-2.159589258143466,0.1470829510862379,-0.044398593414448156,0.2304886375739107,2.935187442906226,-0.534793241529786,0.755673084429664,-1.312615054582345,-0.7657208186146641,-0.3880651214693296
10,-10.471975125146585,1.8435718590979524,1.5203741964966109,-1.5130266181521097,-2.671369176973462,-0.9283862486555061,-6.0118396290226634,-2.821052749762909,-1.181711811375708,-0.9708342617187705,-0.2139739822308711,-0.913953083991215,1.337137907404861,-0.33464858688716015,-2.7480246365811922,0.8396942315958041,-1.2555474215733609,-2.7536631012436317,1.3395416936677274,-2.7077717785397457,-2.258928361706119,3.064662536519661,-4.4238533916969995,-0.6385258530566597,0.8127142751424251,-1.1019861390352905,-1.6522022746019631,0.3891424699629782,1.904414339312484,-2.7998911457637345,0.8017898475190602,2.0447590609689508,-1.1371463108234525,2.1340904847781808,0.6066717390730627,-0.49024363402102533,-0.6095158564136335,-1.628273639380901,-1.756538766398983,-0.9706402189630696,0.48529143332669766,-0.8863082781375025,-0.20798590470518383,-0.34602198385288163,0.3229452168464451,0.12769880387379245,-0.45286506742934357,0.23614960152242923,-0.9214728927416261,0.019531989372918467,-0.6139905135772342,0.2904396597926528,-0.27045742302756376,-0.7733568173077554,-0.5700699182640381,-0.05380144247994056,0.43597528511259187,-0.48879422311715137,-0.008156018585419728,0.3249016970497691
11,0.04900194144854689,0.3174102666846068,-3.067718830721892,-1.0154696256838442,3.7261895653470116,-4.192358915297165,-2.1181453579656635,-1.477909301528776,-14.737668910882288,-3.1871251704238457,-0.07097076460828271,-3.103052556799968,1.7262451117235826,3.1230697773667595,2.788759066712438,2.058141097986166,-2.0306766931030196,-2.6425540620119663,1.4625701622883762,-1.6269063557345118,1.8964484990122348,-0.21920209124487183,0.5087967920659144,0.5382333525667617,-0.7421231733295075,-3.0234211984896153,2.7242373814127125,-0.23054880505341127,1.6985794854198633,0.6174193243684863,-0.7668173798267076,-0.8502911495273889,-1.1435199809897323,-0.737538868030189,-0.1167476268251812,1.0274368945504282,0.5856905062419941,0.6242041582752023,1.6697793139816606,-0.5943445826746663,-0.7767430248429239,-0.9013015414487355,0.4046750817400953,0.28617267913831074,0.31835280448126796,-0.14706509883982666,0.06514061703264554,0.5287002286605953,0.5010808405471195,-0.4352965053368684,-0.08793032990105601,0.5384493251712983,-0.03251193559389844,0.2314274875651953,0.0407889614503213,0.07057579318920142,-0.21074706741816454,-0.023146036323646733,0.2388531163815146,0.24126094495256895
12,8.207319506403623,-5.15376106754441,-1.289936021983629,-4.163625557647835,5.139461401095317,3.4894164968045924,5.915072218059772,-2.2345244575269603,2.0888531183369996,4.299392353534323,-3.41613191962365,6.920406883134744,-0.24553825659324868,-5.383338727998678,-5.888735884809393,2.611175053595418,-5.453014227253224,1.5731493039547637,2.465044766016315,1.0210801487968004,2.5726293826540534,5.055983192264491,2.9393200051438075,2.207364072362636,-0.29923022310897196,-2.996574802560948,0.0534809062821541,-3.1200709584791304,-1.3499027652759445,-3.4666456645841155,-0.9336486511237235,-1.2194227195373457,-0.4747188011144574,3.218969880044743,1.9230371866466314,3.651030115366287,0.14569231779724298,-0.2148114011165999,0.21534310685732702,-2.7387907989341183,-3.7903335009496626,-1.1109585081235753,-1.8197142862227143,4.298333924881917,-0.7846561828700213,-0.6716021743095932,0.3958412857987712,1.5885673171180625,-1.1843805123953357,0.9342129029048479,0.2500334418150161,-1.4013447118796396,-0.6531579604510902,-0.11696018597883334,0.8636196148064921,-0.0702259204046302,-0.19994702250417762,-0.537757749242623,-0.57288522301581,-0.09699100770546364
13,7.6934051115365,1.6121321264102095,2.5857470052059575,10.550443461259283,-3.7020089889066474,3.8622919763187573,3.660615741397459,5.188790964252841,-4.343392479042634,6.816995203463803,-4.107823360398913,-2.4993179098086555,3.0345629217545924,6.1843497780379515,-5.058949616487869,-2.570888899388566,-1.6574823248686912,0.1871855076274791,3.0254999084903815,-0.5040361462279811,0.3243938486025001,-1.309290614932568,1.3850074591791048,-0.9513342044948111,-1.8033144382235533,-0.7582000893508208,-0.8069111935624418,1.3941477209694784,1.1727769101657977,-0.13221863040479995,-0.9539624920215567,-1.2840207719929375,0.660732654696526,0.9525909523257865,1.4723252953926385,-1.5953085731537766,-0.41466364012130075,-0.4430804639043544,-0.8626824653530939,0.2507528802635824,-0.7092872503575192,0.23933831611697054,-0.05828795901510263,-0.8411801337578162,0.1583569849093336,0.08653012113567907,0.20282937475390805,-0.8229199246261839,-0.154006292322693,-0.05194910648193367,0.3925861387399138,-0.37962027911337276,-0.20354047659727795,0.11343167416537485,0.09476442185192079,0.043579483542517325,0.383113652154635,0.09935193238935583,-0.25094408977473126,-0.048391789639495024
14,-0.18295264555028545,0.05834027894905644,1.8890334823016375,-4.170690081338429,7.381041351391904,4.377885610451673,-2.7384445060324425,-4.924223859218311,-3.2938392241522694,4.5326094606137435,-0.9054975159719916,-2.0564050993122285,1.8235309292238946,-1.3589944258742497,2.244336191154498,-0.8580844843417451,1.8678655543206504,-2.4281544341393495,-4.252757414138418,-0.10487879442364711,-3.5987358944800083,1.7791509870398252,0.9572050578991075,-0.07267737816782197,-2.360649708225341,1.7678925615591818,5.936378618673449,2.7216235493681156,-3.080826698772716,-0.8946190939863532,-0.050650743479990656,-2.5119114202439827,2.182382128349273,-1.5713097853923688,0.07765938966319148,0.4756399901012942,-0.6213054954088687,-0.6004328553513095,-1.4985863435291031,-1.598084482594879,1.139377580645605,0.006359832918188962,-1.4639268123803657,-2.8064208736707235,-0.6235454642107635,1.8889432605635494,-1.8720394356006032,0.3758180534986451,-0.05292625850936002,0.9238859791943294,1.8029054533115805,-2.516811906008576,-1.5928286507170435,0.05745905134524772,0.44192164413264534,-0.608879424034707,-1.4627917708205438,-1.3447155385309983,0.5922802955532309,0.6103807522756537
15,12.644773290898108,-3.2412116573491487,2.5985407164205636,-1.7718194449634408,9.296990708626947,-3.305760219438686,-4.5344943362896695,-1.1013325609150784,-1.4425007784765775,7.611884018437843,-2.772441914754195,2.531845956532874,-3.667757678359102,3.3191630505795957,3.555551106148205,-1.9445254290238831,-4.3308006179062355,0.8366225595340511,2.0708570856814186,1.1735359935827085,-1.4366799322614634,-0.1781760109524901,-1.1099150372266366,0.7387161737866084,5.541293330639076,3.881115428710323,0.48404551886188196,2.6333887146275554,-1.6146759368614136,-0.4499653386320445,0.21419022936683232,2.229169086352383,-1.4380440306078928,-2.076933672414297,1.5904879466892827,1.4188487068098135,-0.7389680722084423,0.020063106971984383,1.0345683148092255,0.21866791271594568,1.2035074622483937,-1.2728330924636784,0.5953479987135181,-0.5360628980360735,-0.2840491248681547,-1.0978638599593515,0.7181746444592668,0.6282741632629764,-0.6663419786449054,0.4185840505307123,0.38503435494422605,-1.1566440166064433,0.18408460720996797,0.36811805462693287,-0.20346494942188711,0.02741440769602314,0.3170122444375669,-1.1603926475712583,-0.39158949644525226,-0.5776996655052283
16,5.938279495524438,-3.0846981299658447,13.299582056068596,-6.3927908439502055,-8.216514112691584,-7.34583601279511,-4.30800678280174,-0.19010260308485172,-2.663223501712881,0.7862872509295386,-0.18275885066186726,-1.837999243996276,-1.8007203418569842,-5.0132198335763,-1.763012376380518,-5.997957628930953,0.3707988842488874,1.3834553782756676,-2.152829459386572,-0.3123686132809298,0.5616100381075052,0.032904393221541546,0.9229580189983752,-1.868028893232181,-3.0079147231505825,-0.09129295787716124,-0.5062043491332405,-0.4442778168216437,0.6950103858847372,1.3061370564489556,0.7192446285818564,-0.4506630117166902,-1.4982646894294984,0.7659628321304066,0.09525747331234215,1.0383170263744872,-0.7712493988422835,0.2105268360125382,0.17924170558050764,0.6635745588885942,0.9936678887579888,-0.41516244346565095,0.15068970813424526,0.7277555056350361,0.1743748557554024,-0.2937159790257644,1.009477514245301,0.15357612385463476,-0.17540028971907728,0.2553387848998515,-0.2285558944550447,-1.0481171763250365,-0.08459633089961209,-0.0968114345987891,-0.46036841143997403,0.1290467600175504,-0.2518364063918115,-0.02094438871022036,-0.43958073905153905,-0.4058299542566895
17,1.6966714418310875,-5.5265224367083,0.8335002924141439,2.403486675664875,-0.2253989956884635,-2.5463806661078827,6.063792191467892,-5.1245344384051235,0.4693434003192572,-1.521585509638124,3.7973392615003005,-2.2799360225129455,-1.9174339793576771,2.551038379493744,0.7541776081497424,0.31280804631065307,-0.9720133884624937,-0.046962868420955844,-3.7256251335744066,0.5824854268341839,3.811761429205324,1.0130985911383974,-3.4618372450200785,-1.6376051561009597,0.7971186102014756,-2.7303371135731136,1.6955689141230015,-2.0262824789343012,-5.463654791139547,-0.9573860529994711,-2.919994298020156,-3.1570807491653583,-0.8329638685496294,1.1795720104967686,1.6273040529466738,-0.8300483990964909,-1.6340266378788264,1.6310253535738408,-3.5307928797424317,-0.5300286135527749,1.4383056660740055,3.7003913388333265,1.7539750100105744,1.0620352191184372,-2.7151198462340274,0.42064897834592224,-0.46655586302272645,1.1040057661076939,2.359318336434792,1.9268215539190618,-0.5034033622826575,1.530169788015503,-0.3165336922097834,-0.9088872615418825,-0.516557464240154,0.41033568580245494,0.6209172481940972,-0.34959329771107056,-1.3560027270554833,1.5591703906351349
18,-5.734742881902791,-4.363755249397521,-3.333681772678891,-2.6673987052567276,2.721372892091607,3.7627735769171977,1.2240907848173987,5.513092098488554,-0.45500881197552673,0.42036045522217974,-3.3413439895119894,-1.3594375077959717,-1.4703647994936686,2.837449018986782,2.813467232128174,-3.533270874960773,0.7251424944133692,2.8468335046524804,-1.6362070046847499,2.096289341510033,1.7167380587642673,1.7273282147424918,2.0049943550506373,1.9498729791340896,0.5912941587894358,-2.0715682983949897,-2.4770636334560754,0.42345138249396624,3.9027102128363804,1.665361189742923,2.2426381545319902,1.132793220576629,2.2131209342443823,-2.104281397660645,1.011230372490763,1.2956703718874432,0.5142879638197635,-2.2213518402172547,-0.3387001579396435,-1.5486289825278636,0.3455027538189571,1.4657444818723553,1.6228049835443523,1.0703719094760031,-1.4385776306130484,1.1380160091366585,0.07248843669208199,-0.21991879858422772,0.3260511115463871,0.7536177165394174,-0.4166835925581932,0.41996599712352,-0.23119058593783703,-0.9321212525894954,-0.6482124596363346,0.2729488123860514,-0.2873131733416018,-0.6418770888128668,0.19352023728659085,-0.07273513696500625
19,0.3223122335676864,-2.499224946050103,7.247511726469519,0.47934029527722183,2.491199513987524,-4.338086212973646,-2.9236960861972867,0.8384797084662383,4.026528218692774,-1.204965103591736,-2.976919869519476,3.9020805442856386,2.8050974264706676,0.36751728965130365,5.200805952866675,-1.5150411981645844,1.1121805179654574,-1.279124501453938,-1.4457668247667925,2.6670854231574417,1.4650387575757642,-2.5773435718227526,1.2758694075302486,1.8543110068869026,-0.6418557592698985,-2.30644658161297,-1.859298227187598,0.06698162804635546,0.043428754620201855,-2.8331534352559173,-3.7233150490685847,0.811117567191076,-1.195115819156433,-0.14413342156898115,-0.1961267896647683,-0.502816525522511,1.1317575214885849,0.43125822319198137,0.6694493980244304,-0.7323206846328775,-0.5623344338305735,-0.33299778854459217,-0.9934647771495221,-1.1858224251576193,0.015952971678212347,0.2812769407372545,1.1421676339716904,-0.5141759356424851,0.5427189991422307,0.5636377901411657,0.1895408295142179,-0.23389324498088973,-0.32539685499305837,-1.2875555819874338,0.20940205377428275,1.076756315870531,-0.3484439135490945,1.0683614038691274,-0.40540613341325815,-0.7480902479064213
20,-4.991633135747289,0.6686202757480035,3.8541646496269752,7.211168762025549,-2.573366271338473,3.358947013254982,3.7037033964710346,3.1803322789190194,-0.2101880552249394,2.0421477383188678,-0.33731506594606453,0.5365687845253087,-2.80972168093761,-3.128299297821995,-1.6074232995733648,3.159338203894723,1.4748934076888311,0.22602211972624336,-0.10995406342892151,-0.5897676205349633,0.330576320892518,-1.132457375801307,-0.8043114401742382,4.744361264084608,-0.26115775814790254,-0.7998030582768513,-0.6872150370619031,1.019612844534287,0.3292492414871608,-2.6695450873224265,2.0557827934934636,-1.0029634367373728,-0.3634033831203032,-0.5647094502477042,0.9911455583709055,1.4931601352099881,-0.6360354787305318,0.566588747447641,0.2879651216343736,-1.1298636870071557,1.9159691106353685,0.16028050987887105,-0.42934764980962803,0.5523881047543708,1.6454418909091946,-0.1331275278269811,0.8183391342848308,0.4474704073440261,3.125503348121284,-0.4374788171259465,-0.23756402346950026,0.38000875408913165,0.7666790645305386,0.11980139297818333,0.15926991706465637,-1.7536091466144161,-0.7366336870972434,-0.24507446585265139,0.6605009372211758,0.12885233391986595
21,-9.339257234626297,-2.367417910697273,-0.8218278525399669,-4.1489518657244995,1.2857968455754387,0.34561472670936366,-2.626191152096887,-0.60978727875229,1.5165946346939905,-2.539311016690065,-0.3704551174895771,1.518938041167417,2.1908891368407377,1.3808191992440795,-3.154070837761476,0.5657047942709165,-2.0749714729818995,0.027805630754041986,-0.6074320836784752,2.236889399662657,-0.7901082327841246,2.6114398263599172,-1.959992776047893,-0.3404514934189007,-0.2725293502525472,1.632869462271452,1.5663244387133402,1.6231934957066494,-0.7724613052025273,2.264379747719095,-1.087202166710253,-1.6804000440916358,-0.7360081537448024,-1.1699728685264583,0.9015356206963411,-4.776295802686749,0.2909284328554721,0.6944644918444275,0.856239883153096,-1.0839643745427558,-2.050076917392838,0.14409941227816295,2.6750763660487276,1.1881097499437718,0.6746106568696589,1.3139074034042932,3.0610719199165795,-2.038892261055512,0.45192833571568114,-1.3930632485109689,1.421268453141745,0.3823715565482866,-0.6370665045514328,-1.9707332547089236,-0.09807152182866712,1.2843593790909837,-0.06279187441226049,0.09672235780472059,-0.2452649602809703,0.16209881901782217
22,-8.971903547843066,-2.0387857504507405,-0.8627732173052748,0.1450106075837998,0.26282693974805516,-0.822852264369359,2.8959505842179345,-0.4584656265297948,4.1335893456296855,2.2553125500934272,1.551571655237408,-3.6968700592876504,1.955575733143,-1.2097387781409787,1.5145208019621057,-1.9015657268784016,-1.4946660269018759,-0.09837396066871389,0.05463600290037384,-0.8027021447928291,3.766518905287201,1.9192629724805887,2.78748221949797,-3.205500221385337,3.3005893301916953,0.6372359737907815,-1.2260774292452776,0.4422448659355906,-0.08275032105489105,-0.6587623578079502,1.0254777537687776,-2.21750245694787,-0.5029126447804327,0.05538150141149613,-1.5949498658688468,0.5714945905200342,0.13049638575626105,0.4393929527576845,-0.21478844297688487,0.3308913068135873,-0.2918212049929923,-2.6480972036169876,1.514947786484906,-0.8875074729173988,0.8942474506170864,1.7201984899893452,0.7578494058200774,-0.5166631976538527,0.39960430711226114,0.3842967385739718,-0.35999978039073505,0.263858561720659,-0.7623123501144754,1.117369617011287,0.2767393950472756,-0.5253298041415034,-0.07585685497469247,0.061776423569819605,-0.9492693532257654,-0.11027979412333974
23,-0.1959599627395723,-5.462571540064266,-0.799888342958134,-7.435261878971887,-0.46245521934220174,-2.3318847565447474,-4.778813973940411,5.73476935227465,3.404375453979827,-3.6122268411541487,-3.4868566664937632,-7.089226771064354,-1.2289533449984682,0.7465373043771779,2.891188120641632,3.761006308841564,-0.18152853315355882,1.5555747201284906,3.0792762144009527,3.536006731683398,0.8702816367363431,0.677111827017682,0.5069312392249553,-0.612778434295468,-2.1373083015182477,0.5353352331856048,1.4083054392046443,2.1175760190780943,-0.707175259771275,1.1877916464783713,0.5814902797813631,-1.127003782275975,2.9098646220069306,4.117896037590926,0.3809089212574871,0.12981324289628124,1.0005964093538549,1.867460928985243,-1.3716418856994776,-0.04190169029608316,-0.40871880816491346,-0.9967833051081134,-0.7723272875343308,-0.9278467361808168,0.6531803818487204,0.27950266418842723,-1.7928326790178113,-0.3584920947517454,0.7264262582799624,1.4224793169223633,1.6582383760565447,0.02370952040903635,-1.3611823553429332,-1.7035257445719556,0.07110926787342232,-0.22655375125722937,1.0222552593020355,-1.115982136380986,1.3538305035687173,-2.232889162673235
24,-6.529589942916437,-1.364189208977116,-0.0893695853485878,-1.1114045736697302,5.8122359819617095,1.0181186121947419,0.4514081010932013,-2.8858203227322896,-1.10568130314064,4.022102524697541,-1.62558527340832,-0.39814836772224094,2.445333173013546,0.3283263172697086,1.2005237550771792,0.2578948875178602,2.5275725602173638,0.4505714853956019,-1.4019560352308762,0.6538216450581616,-2.0593008940148065,0.9726300007748124,4.0766217364217034,-0.47860027444045905,0.3084819059124797,1.7608448405524222,-0.7261531839561939,-3.6375176694975386,-0.592902485775488,-0.6676141655557524,-0.9694477565558594,-2.906962802836174,-2.6060624602365876,3.0002189320627726,-1.8145614239434278,-2.1727371957666097,1.2702190523585744,1.1300005635551076,0.29110330855282546,0.11017049098983149,-1.3258948196259552,-0.183237086518653,-1.8860614862200367,-1.4174534797176468,-1.5605144387825032,1.8943967337079468,2.29604431838652,0.014798852892396908,-1.1512325806945087,0.948564676443376,-0.42259050695592226,-0.14236270542560187,3.9732531658214096,-1.9712766263175159,-0.8519377102808098,-1.1250975907889653,-0.3727488423025212,0.009967357948193332,1.839890024792478,0.8451675170202592
25,-3.5325223802240595,-0.6918136848458292,-0.2610366480916952,3.5538153173531803,1.9894849774145666,4.219902228779453,-6.322313806100057,2.1937423501394466,-0.5153522687417841,0.5169331718882476,6.992883089052245,3.743483041881677,3.0905068807642713,-6.261106437020671,2.7021992664350587,-3.383879582656142,-3.0197192381140106,-0.5944701107492633,4.216840478154381,-1.5495994199268897,1.9747050791969787,-3.038509391934981,-1.7524916607839747,-0.2962640998121242,0.5933091529410551,2.0185394352239343,2.2271235760150505,-0.966432897323521,0.6887344173591251,1.8321329559286952,0.08973845307137104,-1.0580019492546504,2.248540384327596,1.0309593812375715,0.7987921758052142,0.051403170396946904,0.7217936662027141,-1.1663053673555839,-1.1052888295497343,-0.37714045471476104,-0.4700211253443795,0.5766928363982836,-0.3541243328845115,0.7482858331117128,-0.6197717839709176,-0.3474656828716479,0.2654882413666151,-0.46105829310713764,0.2114972095692638,-0.6091154651774063,-0.0804819677612166,0.014056614923877775,1.2582634256192682,-0.07436578499914831,0.7349332665492825,-0.3762081488355723,0.8717726183998825,0.12630447271487794,0.3566396798599444,-0.7711767257452761
26,-0.017482550190292673,6.7134767625762555,5.769607015426814,0.8986876114259295,5.133650408725594,2.9083397911282582,0.32438113191953094,-1.452520497398872,-4.847289739542648,-1.6908750362901355,5.417279546044183,0.3157321548842709,-6.148366049501442,1.899848938923401,-5.679351617229314,1.6527322280578387,5.320156259741399,-0.34885161582908436,0.45563803122296587,1.5451971476602384,4.1771159571781995,2.1990988837159278,1.878887270048215,-1.730905549990826,2.7454344594658244,-3.7594170477933404,-1.0726841174674129,1.3606196968899131,-3.6132738753371445,1.1358969650795636,-3.6842169059221006,3.4938622861170683,2.1972009722525576,2.771640083545561,-2.2898101034272167,1.9504540136544335,-0.8439903038985875,-1.0127406084864456,0.8178607695508852,0.8744492235646836,0.020061909995852518,0.7699518239810468,1.3311000523585481,-1.505153212098378,-0.7803654109168591,-0.001988518640097453,1.8611681617314884,-0.5081993872751551,-1.3020509817518966,-1.3115354486364637,0.10250500256679317,-1.146797315393349,-0.5889051019965705,0.19273956106007611,-1.1737363681505104,-0.6002678334172833,-0.6882946341738314,0.4354967948235548,1.2949325201785216,-0.40461402300862814
27,-1.4914011059425174,11.615575807046964,6.176742092458251,-1.3845801524831003,2.0048260936213187,4.839533088045128,-0.5581083644252549,-9.505870020931095,-0.2492096832662965,3.834222141341514,-4.308706412747353,-0.13280819985428735,-6.7947050922934125,-0.28130525125411937,3.3686013913026893,4.106429912315739,-0.7206872477874247,2.633359673977642,2.6504319706245374,0.2647918252896562,0.5262681771316287,-1.3316522064001224,-0.9229572781729871,-3.159849933268914,-1.6656333412339621,0.8450272607111929,-1.7795102777760061,-1.2063544634857557,0.5942310481434158,0.5181050175223867,0.6326704402152536,-0.8978378548776687,0.5059311126685339,-0.7241342538100113,-0.7206130592607312,-0.5171976366952695,1.955402576350334,-0.07576490686401154,-0.4808504350396205,-0.2382805026543203,-0.4623234288840767,0.36292154615660716,-0.036520846570758186,0.30906443238652825,0.0616061069438171,-0.41460801866285973,-0.13587914801949932,-0.12270674427413397,0.4385873165115961,-0.39729951758442833,-0.08622792179713808,0.09991535080939175,-0.2581760833851874,0.0953561758774228,-0.34017644673110425,0.08411720236921044,0.11157925708773324,0.1777607353165067,-0.3684204900529628,-0.016104018013803012
28,-5.273292965874256,-5.828762874099257,-1.0873234855378828,0.32802066091346616,2.064751372162751,0.8069075408131013,5.465760406537993,4.3467640290598695,-6.849709965042422,-1.0028593663716951,2.6234183864673204,5.60960705809834,-3.7549609895988816,0.21604365799251735,1.1702539517557438,-0.8302212430802349,3.31142001662743,4.146108807286278,-1.0306801676066555,2.0769379783238318,-3.514016788022141,2.098420780143583,-0.29410354327983396,-2.1012351601795416,1.4612190011630135,1.8118773774020551,0.5326155526313513,-0.7681122248286925,1.638949564440757,1.2101945360412611,-2.4721392659621824,-1.8586063733719436,-1.2625482062828364,0.9582019877235244,0.29756393537278636,-0.4952871444803788,-0.3113247799763359,-1.2995871911694865,0.08994300067867751,-0.005893572259036595,-0.2414398097195761,0.42398218153666084,-1.3636413239326381,-0.8804925971143739,1.6413881887353492,-1.304627938038567,-0.6641595199061705,-0.5754065128549931,0.24403105305329598,1.002272492228341,-1.765066203419952,0.6764212225794174,-1.1628632875300833,0.5733703556905129,-0.7235527085940128,-0.18845264030674,0.02173269081983788,-0.4240449209347727,-0.10762975387180707,-0.39172960882397834
29,8.405122173636025,2.1653276012708194,3.7761794965334636,1.051361811513538,-4.851927697364767,0.2548609881667538,6.8208908303567375,1.809667192031541,-1.6183171559449514,0.6927467480927656,-4.069003447209566,-2.515685323294584,0.24128224377239144,-2.0897784984766696,1.2198845727849141,-0.3887923898659864,-7.94473963303277,8.379284062708182,-5.327736652682815,-6.754942712616447,-1.4363823186320475,0.6989312164272415,-7.484865520985487,5.843223329625145,0.40913691181810546,1.1396670631661237,-0.3297091878017605,1.4564235097529987,-2.847338689562322,2.3701901346706293,-3.231004665792394,0.710031972647669,2.1808398440446917,2.4843513638909127,-5.252555863695753,-1.6528161945555606,0.22712336416578285,-2.1171415411578405,4.90980946823739,-0.8279459413765431,-0.09649455938673314,-0.7412253716287969,-0.14106210955365828,0.41166272413662314,0.16949099373613813,1.9682530198542711,-0.9821387121509907,-0.038299391239689284,-0.603789570697469,0.7004746861600295,-0.15242700180077007,0.7451578174826687,-0.1077860636923627,-0.06500842866344143,0.25495423462830835,-0.12410486955059494,-0.17142790316220663,0.24455501056851503,-0.1998517099877352,-0.05690630972365927
30,6.836633106827312,0.4645754964172181,-0.9962553439273187,4.430199509390475,-0.4067140344783161,3.000892932165794,-3.410897989000398,9.862959809708878,4.691997641380541,-1.5333409559016418,-2.0387914993237573,-2.286703487995584,-4.77767013190668,1.2704373716344417,1.0645976819791625,-1.0059525866463368,6.216370387270479,-4.190045597370715,0.863267646869667,-5.52741814934905,1.0165374575729114,2.634308964157082,-1.3437729171699233,0.46897877403375343,0.43479909857146537,1.0223260903286502,0.973684513324105,-1.260590945324203,-0.9079241135078265,-0.8859047905388092,-3.19274011678366,-0.3642250122784899,0.9431810386633891,-0.9825177299556584,-3.5555827654185395,-0.7272518740902306,2.715593453739305,1.1936088637402993,-0.6266862228321007,1.9092437138125604,0.11817194181156568,0.02175776100071438,0.47974516446803406,1.0306565049196879,0.8702891087751615,-1.711003547168872,2.6876320122216315,3.2825620281540004,0.11674324259942863,-0.5774399244386925,-0.24545524674701877,0.08112029177158611,-2.3378974239617967,-2.0681883611180245,1.0566166338097427,-1.1030997942437184,0.5184234394896321,-1.033612414394973,0.01617653716377088,-0.24182749115998547
31,4.7536402491195995,2.1921984536629693,-12.417612468175932,-10.380997823506116,-6.999154739654209,-1.1096085192970602,-0.8825408363751297,0.7950964199169351,7.556406378945249,6.551458754591454,-2.463652310794737,-3.8349435609717086,-6.0389294845208425,-2.523998887767652,-6.04719591604988,3.129723881154946,-1.6593135619302355,-0.9175929018579168,0.24035228089064137,-0.8799649616550549,1.264879034432443,-4.2387048460634205,4.0825230578973795,2.526813814414151,2.482821137825594,-2.1412799099551214,8.049307212770977,-4.144459248884756,-0.8528077892995796,2.212925626518916,1.0995848029869009,1.2314139534405046,-2.489493129106808,2.1748001692693997,2.572947561045867,-1.2811917108227602,1.6774552522067234,-4.83657712169122,1.3037409121080028,0.8509180361084491,-0.44591117487461246,0.2368718193919839,1.7017007600218377,-3.725111590709465,0.9445642506210931,-1.0456066170807974,-0.30536274364549404,0.34540811576074687,0.9332127467140585,0.22030174331065983,-0.35646984095713113,0.41033872046058684,0.1411361683460489,-0.565267178056032,-0.32405032007396817,0.08297007322840483,-0.28873607479119917,0.18575065118277245,-0.6084500654805092,0.29255707490412125
32,-6.87028496770878,-2.3039739418595513,2.0744026141070018,1.7676657308386083,-6.7542230976669195,-0.22483685857685684,3.922384333666239,1.0457089258763679,-2.7800228015807122,-3.8071108329040046,0.012465539535707155,-1.3208193302828597,-2.577938485352495,-1.290110370235739,1.921328360086968,-2.6788060625939787,-1.5302166718966492,0.30910046844817707,3.1757470016281997,-0.7766237880925748,-3.0920463556486886,-1.5772728613745532,-1.7465818560815771,-2.1134312708323075,0.9885068119793561,-2.927255084188285,0.34525264164744784,-3.258679294864372,-3.191269860253065,-3.335828314340424,2.5738716169634857,-0.8542092685991493,2.8336190088921533,-3.7237897882049795,0.4355584710284652,0.8748098329590612,-1.3319650678502728,-0.24859276832381985,1.6973130686072202,1.2371462884294784,-1.5877869234736373,0.6895328812414652,0.407169360349256,-1.0883148947720118,0.33517246041697457,-0.7356805114411284,0.7946272372575018,-0.8198059420661775,-1.5275071583365654,1.317920021230209,0.33035446649966194,-0.692609119657957,0.17390927115853486,-0.8504561193367783,0.14959379573737405,-0.07007068910103073,0.04818060905789522,0.15156969374192836,0.15075912508335626,0.09208913935367097
33,9.53919368024942,3.0769401285103175,1.854396118103352,-4.955359786719636,1.473090519967219,-1.2868292419812042,0.7164690782803285,5.408392630513542,-8.960451109475956,0.20478485230926619,3.314511069410654,1.4520080101354036,1.7524217871711318,-4.889691710914989,-2.345304044441879,2.234541435758327,0.6401916700513354,-4.729080972425347,0.5205570747920849,9.014458784236204,-1.254045068078222,0.40916766295129203,0.6054028412455496,1.0568687840482305,2.4955800716830865,-0.7828614793125377,-2.1728603115617924,-0.5346047598087068,-1.2730154039437696,-3.1980604427312076,1.4333232646136955,-0.2847080185389256,1.7354947674882224,-0.02791815797347188,-0.21511182568747,-3.418558012877827,5.68175697815334,-2.6571552237409937,0.3018051322975487,5.03198426188907,1.5808763276101259,1.1575032120181183,-0.11667609810497075,2.7883504467489706,1.086059533148056,2.828800952854957,-1.2272401136032431,0.6290694513597765,-0.627786643170224,0.49447334631890455,0.6846428158636017,0.4202756829208322,-0.31783658097054907,0.9984479633058109,0.5364278144371946,0.11163208165014551,0.3746045558456902,0.03721867987361943,-0.06107540245030276,0.5226999604626541
34,-4.219198523443638,11.89981297528736,-4.865416976381862,4.7875601935500836,3.9130640183915357,-10.60185815281332,-1.4001698291066194,2.309702030295301,3.8195443142587706,-2.3601161905282577,-4.486359781692996,3.6773672709055116,-1.370472002294716,-1.608857334764805,1.8148914289396028,-3.329491733462945,0.9492704730749804,1.1018596936960128,-0.4293538446250888,-2.591948287644846,0.7516897097518327,0.29152577291790294,0.6979590420471228,-3.099325103177728,3.4902863237109334,-3.2039766908081284,0.7196827198417887,1.5148806019276826,2.1625076816768063,-0.24800777145333192,-0.7011390182278391,-1.684191352897678,1.8417766522737826,-1.2832958751597916,2.2653023937808205,-1.772724129192191,-0.6000140353372427,0.45726531941936516,1.3764375977007886,0.781949283864581,1.787432934856695,-0.3929261772957659,-2.5836606607854833,-0.017556656351671293,-0.05878907078649058,1.8135607958928828,-1.698128134186893,1.9018860119144705,-0.2921793695830741,-1.6887076938190988,0.5861908365819328,-0.858772692704848,0.9262773798006867,-1.844544514529001,-0.49107852571536903,0.1314391151227641,-2.0140866759768485,0.15617910938134819,-2.455513763785951,-0.7458516733945049
35,6.2246857658094,11.12451733551146,5.693504646160374,-8.146980918809353,-12.821801368604145,2.505368581507324,5.0368284951836015,-1.8411595274199388,0.8086702380753829,-3.7335933978316094,-0.5416877480803083,2.350417035158589,5.0081495224434365,3.7705834930894895,3.703322540724674,0.45176697910334507,2.846130587360204,-0.8226883049641587,2.6844893812790165,-0.6873862705085426,0.41534973167332045,1.6424097713854424,1.939921260299839,2.060995005737593,3.2574574393472395,1.508699693674783,1.1407727884359427,-0.2870724082029293,-0.05095232837256969,1.0291603508503826,-0.16784954662366275,0.27525650763361803,0.21574180707429189,0.06340403522351636,1.0852818574803367,0.03497363024207961,-0.6853211480792795,0.2365237619521079,-0.2814211193208146,-0.6455595482041296,0.5294374093863449,-0.05734617347845888,-0.5499595563364985,0.5116307443741336,-0.11995153130365827,0.07726616102300739,0.2536441598248877,-0.06448415803491644,-0.06309928365558393,0.3248503153211381,-0.12518494347514886,0.11114079314737715,-0.03766783235427759,0.10743402299259128,0.13645358976618552,0.002667953400633646,-0.0751189894701631,0.003963363111121931,0.16197693155426474,0.025894122420947154
36,-6.254225669200282,-1.104295714479373,4.316080579380413,-0.058054413217640544,3.4665536466466245,0.3990668969907166,4.229622797097127,-1.3832226540761665,1.6637711295350313,0.6228179122023652,-0.21333609602597295,-1.475652801702349,2.6347100543087385,-3.6746388130688263,4.6459029880503815,2.8121710664959143,-0.6904501544139414,2.372787128630059,2.694843070650966,2.657603607141911,-5.068479577872003,-1.7325056388042734,-0.21757135585135035,0.9237407673739263,-2.617222794872891,-2.7234579966831127,-0.03462697950265023,1.7020260157073461,1.7144114783941673,-0.28187467047504744,0.08132907484456411,0.9477845646086772,1.6312023095392485,2.495928729798133,0.8783886608840922,-0.15877579748159307,-2.501092156769367,-0.698554296729114,-0.9814576367346954,2.868097959659344,0.1884383222182956,-2.2343102710507963,0.3176967046418132,-1.5342794096189556,-2.64538326455662,0.36473478555833755,0.0391213497012853,1.1353640344457119,1.0353552170399782,-0.31931604663551316,-1.3447009770029767,0.3968765076340214,-2.2226639874387253,-0.20576798983388386,1.9060100103863225,1.1748606172076623,-0.5829152486472864,2.274159525034328,1.0518458098911638,1.2355436679417797
37,-4.855901781603341,-0.6306920753441015,-7.950250143872676,-5.572901194607094,-1.248948097002152,-1.258725306071787,-2.6229370567716543,0.766772791086765,-3.0392040229699924,0.7704243816916712,-2.769215098911183,5.300971460522024,0.11386639571303432,2.674869637968205,-2.9728985458295414,0.21727825043484456,-1.106188822105154,-4.132853529876091,-1.8474869387729058,-2.682579309941204,0.8660615680883359,-1.7312284623465284,2.250403206902838,-0.33704761863350413,-2.771807336265549,0.6006400096803007,-3.723574870692852,-1.806657359809104,-4.221773330690819,1.8390814764101548,1.0439550732258163,0.995815709978185,2.816327761336187,-0.6608642419402813,-1.4230130346306022,0.018134127769174366,-1.3638161787265126,-0.6755659663695315,-0.8073012275901635,-0.08739645519704,0.7147069692432932,-0.34878683148842243,-1.424143895251745,-0.08442398531521342,0.03513202284347233,0.40582789688595955,0.4639222640456867,0.011886444123602749,0.5815507363363187,0.18585712225214188,-0.3612286349058217,0.38404024498476574,-0.20244479725321315,0.7655266619322536,-0.44142951114426343,0.05461684182246287,-0.27534831353299616,0.040225982583360756,0.35419288560607937,-0.032948471935475905
38,-8.48735380501451,-0.046893928514916666,-1.4708617663562218,-1.2403120851828786,0.16408562112912792,0.18338868779716377,-1.6808060701846328,-1.393813944674766,-1.1073474126396672,3.7600287536946118,-0.6715695892949473,-3.4954589719696263,3.58172459527279,1.4323653908223655,-4.141500454775757,-1.3985614937947097,1.796345059100444,-0.7599134041250876,-1.824166897359951,-2.236332518932782,1.1676770692882474,-1.1314036239407537,-2.1779148861348654,0.5444074172382709,3.6075654304364546,0.3242383719644361,-1.664454972861533,0.6032902444687632,-0.4498846215100325,1.522849213382519,0.9207845391279293,-2.4365886421242866,-2.0331801604847985,-1.3775426777211135,-0.5454681324300289,0.9696371104600616,2.870369886498413,-0.2624903815039898,0.09700054460912526,-0.05683586224754513,0.074722938370362,1.1552532464074532,-1.014749853722657,-0.18094698967963327,-1.7055375596436353,-1.2141862818828113,-0.5836246881680633,0.3544561797584506,-0.8685897950542697,0.797834730813372,-0.30236834406827445,0.12492483850633443,-0.4071235705881218,-0.0463689837848136,0.15639270106126643,0.9853003091560546,-0.12245535080271162,0.7148693657833706,0.21383147917526216,-0.8381724891868901
39,-0.9492435779664943,-2.3298447299842997,6.695757443308139,10.835678593362363,-2.936503072684232,-3.7826475994254936,-5.7557310243478765,0.9657876292564543,2.9554182299229472,2.5433250602277098,2.355389589598854,1.1392317762765396,2.6719599718431692,3.8636869072409086,-0.43561247498589556,6.982501267345428,-1.6657167783251445,0.7989658052440991,-3.2334826328377284,1.0597267638626853,-1.4208182051471012,-0.30334348309581943,2.423724334712902,-1.3343846911661363,1.415968636423336,1.17831487666088,2.164691818114669,-2.024935399919262,1.3822368125824618,1.3827922602140839,1.7998494708014388,0.3710043534429861,0.9436274523686361,-0.08577238090046536,-1.7633782302784802,1.179359311585205,-0.44003705536737486,-0.04088275332803171,0.36822068179221146,-0.1514356349767369,0.07221202383768309,0.4856788747124769,-0.041498128866975806,0.6738840085354663,0.3674589907004524,0.39886608283474,0.08598451793355559,0.5529196461847541,-0.7229471640736741,0.1755987926337282,-0.04210137429405856,-0.02506652836756362,-0.28410928116384515,-0.09786646263296604,-0.16276774453747753,0.23623227849112052,-0.11639759059357324,0.09182025139676282,-0.10716583486391663,0.11382688388854571
40,-0.7937769777065055,6.866800920218047,4.311408499625455,-1.3869707552503892,7.850830801319407,5.694907468018744,-0.225510738100429,1.2008218796840804,5.321585685928422,-3.6385292084419203,5.641409846817067,-0.5422548233622704,-3.3884332358333893,5.975499911173584,0.6508573211408023,-1.9318485682587179,-3.5366684845468357,-0.3338917211208283,-0.9793236921797184,-1.652670380501168,-0.9284780244425969,0.00914599631243651,0.6366912992962869,-0.7031933550238205,-0.9332903253134788,-1.7399187708137958,-1.746074581855823,-2.463857421748047,1.863380026997307,0.26029944324983817,-2.1798997127304425,-2.0059752383681544,-0.8741681494169706,-0.36284495215169865,0.36434110011527426,-1.6019997342041778,-2.014136392106435,-1.428252124553421,-1.205107548789274,0.5278834751694509,0.6142548645409157,-0.2764119111491751,0.2881846985520816,-1.213606285697362,-0.2080946297598843,-0.5845776608767836,-0.41240943531912266,3.7387072803200043,-1.5009003915233985,1.105534404080605,2.114562588863796,2.613110850658027,1.8647629097814036,2.017794121396536,1.6043724554937049,-0.17694191873091897,-0.622676374376581,-0.4998288690255345,0.5712806519672017,-0.9501667048742696
41,-10.517179188970568,-1.707520074525819,0.5487191864194417,-3.5591798224390776,1.3193089204007316,-0.4305137054425772,0.38362930432895886,-1.6353982024767988,2.684141540816834,-1.1625677553662472,-0.6297189936205113,-0.8922378631102367,2.9926759738707167,0.5901186803455003,-1.0333327041038445,1.6376259954479602,-0.10929794095162376,0.31411011249426113,-0.7168008062132142,1.805466278465504,-3.650175928346369,0.845717278628972,-2.2468093950139685,1.7513082017836088,-1.341129221378232,0.4939959926776781,-0.4434677641952041,0.7447364220166913,-0.49659200221766764,1.4086636873341856,-0.05976020125066568,0.13609943493165613,-0.07058181062367544,-0.9356799288062377,2.112619628420648,-1.337911307064226,0.1442602792049951,-0.19461964974767965,0.7219708610172787,0.47104051938456704,-1.4441350481335875,0.6587580194718794,0.7129722100710527,0.24780106608506,-0.4009843487025292,-0.5176516128624865,1.519305561569116,0.6706595463280813,0.38410957892538955,-0.669581910310659,-0.11746288431672307,-0.5549305909822622,0.24536127147162062,1.3203379027781763,0.23026219658525696,-0.5582611306948201,-0.45354537623950897,-0.7305550292727042,-0.478108533277122,-0.4598539436185361
42,-1.6205513116504955,-2.7631422373099777,7.082504506573018,0.13894024974962416,2.7801402729453937,0.10283965036112178,0.18485068660433876,2.7687108196241392,-2.8336627399520946,1.1734398975461315,3.126339195727665,0.6654893170663548,-3.422829829745984,-3.0347882151771084,-2.318655540731765,0.7264943988825817,1.588002053976404,-0.9307469644229774,1.7006096240761481,2.4783943402816484,1.5375782677692877,-2.4741570709297984,1.9153334011868455,4.9271045814973276,-0.5572156640197512,1.6216028774461735,-0.4200499331737335,-4.910710266567888,2.8426734121374575,-2.9787571278117153,-0.37640487834643316,0.3687187382091594,-0.06793060983490685,-1.3669135138453972,-1.33288008786469,-4.624507152414763,-0.5617601628069198,0.880035660677492,1.7046804388714383,-4.417051651876872,4.639665174277199,-2.3626218316296157,0.03928912583569526,-1.1503790604446091,-2.3878239632301717,-0.5323864127215228,0.9185495411332496,-1.0883200626713936,-1.0200242007575622,0.7036157395769307,0.847714929520622,-0.04651508977906876,-1.3071833957162973,0.6226677403242975,-1.2201049950677982,0.24397970779685796,0.16698862591211264,-0.5201959376303255,-0.5494248858918833,0.1777880158849939
43,0.6233107982639166,1.6352830946115657,-10.01702008672925,-6.488843935633988,-2.8730473573068447,-7.283560405809101,6.050327166227976,-0.30591737350162235,3.7483068838937856,8.943634692179044,8.097405231684151,2.9671426895473663,-1.2213594708019935,4.838052265438617,1.4347203868786027,-0.40645231451330466,2.7208324089740366,0.38073332986321434,0.8476438671540631,0.6637130148045972,-0.053952527194627724,-1.9477563531481419,-3.2810573449337146,-1.6275298701619452,-2.444001610508274,-1.2261871027971392,0.7423111665844879,3.4595525486710907,1.8903274520621245,-1.4385223454379463,0.540359143529732,-0.24072025613198694,1.2439215701104012,0.7246954554737894,-0.7698158308895561,0.717633073967968,-0.2625227837358524,-0.25370138146281523,1.1227031908084382,-0.33949384079166134,-0.06086660281676673,0.41507811331304356,-0.2071447472661233,0.7708594524895479,0.12024603657443984,0.23472896999957074,0.17631420757361385,0.5977720882480669,-0.6939571218737417,-0.12016149942089265,0.314296496678242,-0.3886786089910699,0.010990148184525931,0.4116571493918384,-0.3378750075433407,-0.43224622865057205,0.39407759545589166,-0.5552465683866867,0.1855320069139592,0.6279057607202168
44,14.086014439713495,3.4834223061124203,0.06927009220493947,-3.300952891798352,8.39645596678708,-4.719645369467008,1.3636747333238919,4.025145816884785,-0.560520918960154,-2.9253944427998047,1.619361032272447,-4.6027689781767025,5.416994950076383,-2.8122246354972953,-2.8998032625700514,3.283589301311812,4.347899072575798,4.838277926468276,1.2396823815323919,-2.8099680796327964,-0.9613282018682734,-2.7136383325154028,-0.6450246033748043,-1.4120406147642595,0.2472001951961506,0.8224503666764993,-0.6123730800822919,-1.091520182412326,-0.22339397780043263,-0.9793739228833102,0.624719771529574,1.230620668368525,0.4530437936233928,-1.305913799270546,-0.44788168299473397,0.0050678076222663,-0.545345632914977,-0.29919672972960776,-1.7120564966109448,-0.7843400784834912,-1.0692580540165693,0.010140780446788159,0.3305825475757401,-0.009632706460450285,-0.06409083121938049,0.1518925832832453,0.06520692757652484,-0.015502991436904928,0.4558736207720542,0.2015555907244627,-0.19805132577356693,0.030844003251055872,0.365587830471845,0.12055427539294952,-0.36942928167414674,-0.11864845083921319,-0.07713039660203344,-0.07138165365631603,-0.3471437396815276,-0.12465352959485082
45,-9.317114135138688,-4.150181085137458,1.8965402245568006,-0.3533767635440552,-0.4515381842974437,1.3803822012522808,2.856540770873286,-1.4124174682741155,2.2570919412961428,5.068956603262346,1.7050101205856614,-3.387779239367933,2.075126979417641,-2.201408323404242,0.08902345115987219,-1.3144377911156013,-1.2043603044598028,1.823071171533304,1.6406861927737606,1.3362469436276436,-0.4187485993811651,2.3532226699172534,2.46544711843,2.641044792586932,1.1099710127236948,-1.8042569434226479,0.3578346739314635,-1.527147517921396,0.1111992628199358,1.4628318619845784,-1.8926631211547307,2.7289482383893278,0.20502570955040295,-2.6513828341896817,-1.5505454599765223,-0.6264473408755177,-0.11589022345959785,1.5476459046427906,-1.3456628940638762,0.8898425098680398,-1.114893387163328,-0.2100891377912742,-1.3748269395000454,0.4067779194047783,0.8547108537298993,-0.6900837580776138,-1.9230040382757532,0.24982946280888726,0.3796989543576201,-1.2647912093181966,1.3644575530039371,0.6762518125945065,0.278295834216344,-0.3605702474485895,-0.7490603847529957,-0.07435593504542222,0.32798667331645215,0.046140735960059104,0.36096926833752785,0.6210265054359032
46,-5.024682442215746,-1.212523494050995,-4.1284553757857445,-5.453599465462651,-4.265703240895112,4.2461239262327775,-1.754525251711288,4.826640799327914,0.44326061315846466,-2.31196409169556,-4.704122483653588,-2.4090845572233412,-2.3651732301127146,-2.038897800865425,-2.0038063360651224,3.504630300749902,-1.8684978831586219,-0.496770066524815,-2.639750494485348,1.1409882693600897,1.5576125834418115,-4.605841705787253,-0.7044628497842259,-2.1689426640924854,1.7701420855781294,1.9955401577043062,0.9774377844532494,1.4645982433665625,2.0285790622778745,-2.1778960564439,-2.6709584230766144,-0.37745860284695226,-0.049482639933149025,-0.6215716601772717,0.028841774635659907,0.5621371313340852,-1.593810354317422,0.751840049487384,0.01439465141486014,0.6813868035749043,0.2550058985912037,-0.4809255531704128,-0.6884737125162248,1.7623006298252668,-0.4138322330219237,-0.2717012715964362,0.009981113714400617,-0.7056413447140356,-0.3309194862407367,0.03173307389074567,0.008493396813337167,0.35374654918542076,0.8866832502311522,0.09895149916221678,-0.08052347314046823,0.32234540179088766,-0.029221985225910563,0.0056651908632862555,0.14266684087766998,0.2027743617161958
47,5.092836440209665,-9.531687293614665,0.9133735675201602,-2.85618111057891,0.2742266152208686,3.8892030847069474,1.3105682596086177,0.12831224346294212,1.6389147699765476,-0.540083302946079,-0.8799723401046972,8.28166642290672,4.712687044239368,0.219153714205509,0.24004355056001184,3.341028400493922,-0.45045912074453515,1.9583931514455917,0.9412817134066179,-2.8992050155620452,3.4001542805455527,2.895041994356501,-1.0396666165089448,-2.5383912522362158,-2.886903462141374,0.510413180630882,0.6263075812744765,0.028436952834469755,0.24781038973355224,-1.7929205132494943,-0.22294121980654028,0.6300591959225277,-1.0849376368564978,-2.2575994323989277,0.34342498850814546,-0.5308460091401241,0.8034940244262501,0.1458978790668628,1.1809457820833416,1.957495140981794,2.262932197457574,0.14665484639180687,0.8953655157237451,-1.2554311244716465,-0.13334986523270034,-0.439787942017233,-0.5559718235240303,-0.18738279903363625,-0.2262876628259456,-0.7254535348042509,-0.28292625069941396,-0.31271291440575666,0.30457102437809114,-0.37630853058642166,0.16178701002709917,-0.029013012329134783,0.2883471365488366,-0.12699323697655068,0.3221378075408856,0.5393636149849153
48,-6.624023614752039,-3.6265772124177627,-0.7354790071452993,1.0440102661935098,0.6973230734660248,1.0476524646705334,3.142976271904786,3.922633707624171,-3.100563664983045,-1.478964357561853,-3.6612869778786417,4.984085816687838,-1.8555303577013689,-0.6461081924538057,0.9525354834401046,-0.2667828650678154,3.6901540070642405,2.26214013344686,-0.09187431897166946,-2.8930125050852853,-1.8614347024989748,-2.6042347308366187,0.5625958301273345,0.807746234197385,0.7433120426794101,1.1277941990723166,0.2952354704567692,0.13732933509273693,-0.9293890616043424,0.5468099665907729,2.8641216048939424,0.6935626558127137,-1.4825572499058437,3.2213692315982367,-0.6355790355957451,1.2887539131664676,1.5567120170845112,2.3333242754736783,-0.6249255372503704,0.7588923650483926,-0.2863793820038899,-0.4696100134239105,1.1485383729628487,-0.3318207748618154,-1.2493325336597434,-0.608325861778238,-0.24127302387388416,-0.5677192381266211,-0.8347326605769574,-0.8985630675431695,1.6119401823216561,0.6004290459147062,0.02720961393474258,0.42275947921518403,0.965072994726029,1.3078534499805539,-0.4579287610386964,-1.113478785895305,-0.47260033665884593,0.9138555150641742
49,7.956926490772791,3.122779511381971,-13.083641367394758,4.691167567547857,-5.800669799345211,7.514723259230493,-9.1633149159193,-1.5885615625779597,-0.9489393336576382,-0.19390270640198912,1.2616851892185796,-0.6749550010363047,2.218656270905113,-0.715155525038758,1.5245950810140987,-1.2010835676826885,2.3466524036492276,5.5835388235820265,-2.6403998839340477,2.6589447680601306,0.6864263696442765,0.6614899496288906,-1.8594801371005871,0.7472968398168144,-0.15521683443539266,-0.48032838491432206,-1.9660912595228266,-0.5861355256769523,-2.2521257874176377,-0.4838678922779976,0.1108321613556853,-0.8775384255813466,-0.38053073510733276,0.5497940994895223,1.0454201910756304,0.42321314058045956,-0.08042922551823549,1.0818091319318945,-0.22872237290291106,-0.26812347825077953,0.09786717513877945,-2.1414871065242345,1.1693865241995316,0.3397465157601327,1.3860877053498968,-0.3628576573769772,0.4901733279354734,1.619924479192063,-0.10103493097885317,0.28417766377356607,1.144420222164743,-0.28867365066111844,0.1522538390203051,0.22638618677264535,-1.890194377263775,1.1770186878884452,-0.5017010995114499,0.7828286610769248,0.557400975373274,0.4731213233612667
50,-10.47197512514658,1.843571859097951,1.5203741964966049,-1.5130266181521095,-2.6713691769734775,-0.9283862486555069,-6.01183962902267,-2.821052749762906,-1.1817118113757081,-0.9708342617187705,-0.21397398223086841,-0.9139530839912161,1.33713790740486,-0.3346485868871635,-2.748024636581187,0.839694231595805,-1.2555474215733622,-2.753663101243631,1.339541693667724,-2.7077717785397466,-2.258928361706118,3.0646625365196623,-4.423853391697001,-0.6385258530566591,0.8127142751424233,-1.1019861390352892,-1.6522022746019622,0.3891424699629825,1.904414339312485,-2.7998911457637328,0.8017898475190622,2.0447590609689503,-1.1371463108234536,2.1340904847781794,0.6066717390730643,-0.49024363402102333,-0.6095158564136377,-1.6282736393809003,-1.756538766398985,-0.9706402189630678,0.4852914333266968,-0.8863082781375017,-0.20798590470518302,-0.3460219838528815,0.32294521684644484,0.12769880387378937,-0.45286506742933813,0.2361496015224305,-0.9214728927416264,0.019531989372918532,-0.6139905135772336,0.29043965979265174,-0.27045742302756537,-0.7733568173077556,-0.5700699182640384,-0.053801442479939336,0.43597528511259254,-0.4887942231171521,-0.008156018585420819,0.3249016970497683
51,0.0490019414485479,0.31741026668461025,-3.067718830721887,-1.0154696256838405,3.726189565347015,-4.192358915297166,-2.1181453579656595,-1.4779093015287856,-14.737668910882286,-3.1871251704238457,-0.07097076460828187,-3.1030525567999767,1.7262451117235815,3.1230697773667573,2.7887590667124447,2.058141097986158,-2.0306766931030125,-2.6425540620119663,1.4625701622883787,-1.6269063557345127,1.896448499012228,-0.2192020912448704,0.5087967920659078,0.5382333525667594,-0.7421231733295109,-3.0234211984896118,2.7242373814127125,-0.23054880505340883,1.6985794854198661,0.6174193243684827,-0.7668173798267068,-0.8502911495273926,-1.1435199809897345,-0.7375388680301841,-0.11674762682518333,1.0274368945504286,0.5856905062419889,0.6242041582751987,1.6697793139816617,-0.5943445826746642,-0.7767430248429256,-0.9013015414487315,0.4046750817400955,0.2861726791383105,0.31835280448126746,-0.1470650988398292,0.06514061703264692,0.5287002286605939,0.5010808405471205,-0.4352965053368666,-0.087930329901055,0.5384493251712937,-0.03251193559389862,0.23142748756519796,0.040788961450324374,0.07057579318920205,-0.2107470674181671,-0.023146036323646462,0.2388531163815116,0.24126094495256734
52,9.650426900353853,-10.220287732380438,0.5276985958950025,-0.19943521067369685,2.255443770328093,1.2628319922465674,2.3150924226963516,-2.4713019412134436,3.641067284433309,-5.216486625951509,-2.7805951411787193,0.9714354282092178,-0.45137209773697695,4.2897069580822,-4.886663521548378,-2.1568222109956,1.7764869854682688,-1.5073446972307682,2.467986115553083,5.274726478785654,0.6972511706781747,1.1443739471217318,-6.111154263621962,-0.09548284351173886,1.8118606848341663,-0.9420817766039586,1.8863008122294882,-4.375963045721993,2.6562937429868727,2.3023307547572016,-1.0225403229294225,-2.156227706375959,0.9123625115873949,0.029434224504410633,-2.5235091292461576,1.9603128508766152,-0.46843582287649954,-1.4778518523548319,-1.5065128521401838,-1.063976943366649,0.6560613835793224,0.14826270974140843,-1.1430394440544536,-0.9975136987038308,0.02283810392603592,0.6540791249206425,0.9519463303034533,-0.012438393069314506,-0.3272707312586703,-2.17528349020147,0.7114372337262065,-1.5281858828471082,-0.4654431857714634,1.0126315308709866,0.32092250165776054,0.5678280571483371,-0.4445887843366553,1.9187914337916305,-0.6252652480931423,0.3636563688528738
53,7.229250599390157,1.9954112310673657,2.5909104165094594,10.823411704462922,-4.152336324686333,4.018372173546999,3.738492102761748,5.0591272389091815,-3.967272565133021,6.782069124816658,-4.145576433169913,-2.199536022512626,3.006619251717151,5.6375627110129525,-5.010066697361452,-2.368871810847115,-1.4110672054870164,0.33450989812509085,2.763677304906884,-0.4133412639422561,0.5196716859552787,-1.202326207439446,1.212594115597818,-1.1906259264872558,-1.8389339298465524,-0.552341845979447,-1.1130198493535695,1.6631482708491068,0.7038453402323439,-0.43415944857926375,-0.7034137864168681,-1.1912116880022632,0.7793674937376254,0.920155608327747,1.7234694013231193,-1.5040184455891166,-0.24636008950225258,-0.23380395764165626,-0.7816589665792615,0.2784639500082455,-0.5615451023380195,0.2026372277297196,0.08191662715543856,-0.7239399761191432,0.23611816048231796,-0.2286000063813876,-0.3170302853431378,-0.6033598415782707,-0.23003177103198635,-0.16308878435800292,0.2165184486594919,-0.24284635033859958,0.1684059908660291,-0.006720875902651171,0.1463932958775842,-0.11059406548815628,0.17680634012732444,-0.18430897827452852,-0.08436425941299555,0.14258717753235226
54,3.107624431970129,3.103483905062434,4.212389497368582,-4.312874416832313,7.195713649072506,8.72695108506604,-1.8922153186630994,-5.463511587706942,0.4933237095183243,3.2507364998038146,-1.2812494475599232,-1.6014749916395425,2.806523812913891,-0.7319501936736963,-0.6786156349215732,-3.3384636235839347,2.8128006597203234,-3.150496275498779,-6.921709009082273,-0.7858738141516143,-2.5298084797165505,1.3394064602153004,1.0665939731031524,0.4790973459102216,-0.7818731631215761,-1.6236540096988448,4.787063611196651,1.077791104732084,-0.10906013890927553,-1.9716937214652264,0.7624160379054588,-0.5286618048872457,3.3917371102958183,0.8271128119516944,-0.4807194018456889,-0.4731492496953412,-0.6321507059969579,1.6017434724127548,0.14700786007968344,-0.13878414484876098,0.7962038289291541,0.040341929188768,0.13863834648942452,0.25189299078111566,1.1665419840890905,-0.736663939354133,0.4391747616384385,-0.6845927906038548,-0.3919026299460364,0.029590012360425858,-1.0341360901237444,0.6382761998094283,-0.11865925002089217,0.2327553483362793,0.6868711695406771,-0.20788407627484481,1.0530439199312547,0.9046446372446613,-0.695410852832869,0.2733930651266985
55,11.517411895208376,-5.914162606909436,2.619267843871312,-2.604447745381171,8.007014278082801,-4.398178237806901,-4.883039128130668,-1.1609384494183295,-0.9002716554205964,6.646750470792038,-3.494599634568931,1.193886301341964,-3.8294090224058537,3.330077936118089,2.795331536369342,-2.6314794918505333,-2.309506185399668,-0.3518940809730334,2.2832634877846383,1.5020312964162694,-0.9093246585080892,-0.19258974988403982,-1.062839705381916,1.8812705755919186,4.523574283100659,1.7801675428688137,0.2345940747378207,1.6445461344227195,-2.25371713674021,-0.15674879291677304,0.6390578994103725,1.7704562380035416,-1.0263885499064838,-0.733062984101427,1.0278196857566624,-0.0792402456339488,-2.4487692014135263,0.2840949091815496,-0.5041161210883598,0.5941287738612634,-0.3048664150219018,-0.13681382489049468,0.04166461329933559,0.680051669994148,0.26433811396587253,0.5432956132372249,0.3369922766999339,0.18198037221365673,-0.013622724590727496,-0.27372752819826257,-0.7030035338985525,0.5006870943171313,0.05874374336024886,0.04578418587681784,0.0926163342799286,-0.032358875586317976,0.5663390429991789,0.3653924455787963,0.48049465998130353,0.15796559342815691
56,7.047422698742272,-2.8552848549633363,14.054461445203671,-6.721666574658738,-8.576833285038152,-6.985353381643459,-3.954622838436314,0.16823152086194687,-3.0791305010780174,1.8586971726186348,-0.04878284248754001,-1.6695055391796312,-2.320352574668437,-4.372259190288217,-2.047883576346679,-5.861139099279743,0.3525843480119209,1.6869632238014503,-3.0319978828465404,0.020917365107763188,0.5435930691121775,0.40038870348426037,0.7746330167754535,-2.1306866618408113,-3.507253650948369,-0.3985323849506217,-0.20405851951121734,-0.28144748181584045,1.4291201739441848,2.100079810276131,0.7217427672960208,-0.7720419694883108,-2.0480883872882027,-0.06219674700642754,-0.008052155711801645,0.394566393972498,-0.7729704178047282,-0.09356053697468265,-0.3379017177872593,0.8935077765005073,0.20721353657720662,0.2586069197170754,0.25388662434494375,0.7012876179343254,-0.0805974689847026,0.003368846158910261,0.2608293201697687,0.5924080489125205,0.1749799228418684,-0.4605039275524818,0.45722303203303327,0.03429266505726808,0.11533915449454826,0.06959975958693415,0.2999873024658362,-0.2640303586864063,-0.09183392755435153,-0.1261564452642011,0.4637934905676689,0.19109778722061113
57,10.46319050671417,-8.050491358904834,-6.295955089063301,3.0018764636336854,0.6203630902543582,-0.814891496654379,4.738804957479357,-4.268142006045312,0.6526646641767039,-3.4995365549137696,1.5942497919579102,-2.2730696166016275,-3.502439616327857,-2.24201376308331,1.5244116293638863,2.38489340793681,-2.570128195991477,0.16184861660481728,-1.2012745068901656,-3.062047741185304,0.9451632751871211,0.37207538116506406,0.22420354244972468,1.7692211328427292,-1.7436638719503024,-1.4213013113651833,-0.08480850462973712,1.6229733327224432,1.3581596831355642,1.1963017548313504,3.2832384924338966,2.278807598553726,-1.4010405535445243,-0.32553142984398165,2.545099143472245,-0.9805739084696921,1.1142318659833368,1.9157898993454134,-1.6384292500307502,-1.1416282803989528,1.1851415972366368,2.194044391277125,-1.8984232700985963,-0.33146028586739973,0.9383978864910474,0.3774217272690837,1.9217662113721494,-1.3221209809528163,-2.9274910148262263,0.9135310872895208,2.2810351690596904,2.304136039843735,-1.455035040526073,0.1646246580628338,0.4545899617963914,-2.1582719596669873,-0.42916381013161015,1.9266066821492296,-0.33342662890217173,-0.5918901535970328
58,-5.7347428819027915,-4.36375524939752,-3.3336817726788928,-2.667398705256728,2.7213728920916074,3.762773576917199,1.2240907848173948,5.513092098488554,-0.45500881197552673,0.42036045522218957,-3.341343989511989,-1.3594375077959675,-1.4703647994936677,2.8374490189867814,2.8134672321281755,-3.5332708749607766,0.7251424944133672,2.846833504652478,-1.6362070046847528,2.096289341510034,1.7167380587642687,1.727328214742491,2.0049943550506386,1.9498729791340914,0.5912941587894365,-2.071568298394986,-2.4770636334560767,0.42345138249396364,3.902710212836383,1.6653611897429226,2.242638154531991,1.1327932205766276,2.213120934244381,-2.1042813976606456,1.011230372490762,1.2956703718874432,0.5142879638197627,-2.2213518402172565,-0.3387001579396428,-1.5486289825278607,0.34550275381895856,1.4657444818723564,1.6228049835443537,1.070371909476003,-1.4385776306130476,1.1380160091366585,0.07248843669208285,-0.21991879858422916,0.3260511115463918,0.7536177165394186,-0.4166835925581938,0.419965997123519,-0.23119058593783695,-0.9321212525894972,-0.6482124596363328,0.27294881238605195,-0.2873131733416044,-0.6418770888128671,0.19352023728659273,-0.07273513696500615
59,1.8477620258950815,-3.6206006763997625,5.705415366147279,2.3523324724785883,-3.500517998129397,-3.7408306574436856,-3.33128207440807,-1.5579361990801142,3.118936113019196,-0.6600402225715545,-1.9631836225754733,4.0290277138857045,3.896849761613402,0.9346891604914236,4.927458693374629,-1.5922303630635684,0.3162396991812538,-1.4801480063955956,-4.75645866717456,2.125203852739184,1.0022282818826806,-5.188040920509466,-0.09259577209994461,0.11607945981069456,-0.30981073326665903,-2.482106940596923,-2.0594667698596,-0.7178624543607773,-0.9456835908321368,-2.786669202804857,-2.649970120443589,2.3122721902781866,0.26334592013991537,0.5745378725751888,0.6866421638525804,0.5349709899886173,2.7700871506369436,-1.023379290270653,-0.4674570708843231,-1.6533573308104956,-1.7642472497047514,0.1024407961251003,0.6538299671493651,-1.377687343490657,0.29267482395454286,-0.7561032370598164,-0.6206152940710341,-0.4763209023124427,0.3597865402548788,0.05961371321524516,0.22255501118085652,0.14931094391963456,-0.022255305984110425,0.8087778088810802,0.255693215058283,-0.8550485996839136,-0.1722765405312229,-0.2971236871152221,-0.18252045887108914,-0.05012931202225988
60,-5.235706110528695,0.6878849848473103,4.437768569326655,7.515992485333606,-1.9700190863929272,2.5691036073414226,3.1471840605595087,1.778525903638256,-0.49874930898832587,1.0445726830549866,-0.8842954211446616,0.560997840778075,-2.4390445597892034,-3.8970060334728744,-1.694684206900347,3.4338418900833196,1.0339996576668975,0.0816993915945661,-0.012377674286981999,-0.03667478014153407,-0.023258764258626524,-1.4352351326055521,-0.7850657640478526,4.410420594884859,-0.14884975475331794,-0.26067533154345757,-0.476497605513245,2.002559926746951,-0.24473996953614624,-2.5552060108031625,1.8486903957157514,-1.5622254880307656,-0.9788855465103657,-0.5065601321410904,0.9588135961959517,1.4819747879286047,-0.7471738418630577,-0.15272329632491177,0.47324682120983136,-0.988183073294968,1.9347238135072493,-0.006979433778769783,-0.46707690356663645,0.14944815821704197,1.8346991518947244,0.3291768137941377,1.0225457220854486,0.42035013094435647,3.3095588892465915,-0.6760227476519106,-0.12885827859275215,-0.49374004514531256,0.5117972766677145,-0.2398907893047517,0.27917076345754904,-1.17872431146212,-0.9303348530084774,0.19494709669452853,0.6764766224805665,0.1218791931708645
61,-4.728202238427993,6.781269343718802,2.3976100660122954,1.3881853283593077,3.1736167892274945,-6.017725320168611,-4.645954176988971,-4.207095861277633,2.7963648431158226,-4.401859332027942,-1.4374417947824225,4.307305197820951,-1.3968637222695193,-0.35807201115831355,-4.523859352862479,1.9278365607402705,1.113839262865654,0.11870882518593016,1.7439200052249109,2.081151354855575,4.694114347983306,-3.343539641486164,-1.2457864934160794,9.808919933282981,-2.609420594125232,-0.26845601096366956,-1.4058982910859044,2.085045217012998,2.752458148468056,3.8306203275931487,-0.7410443231205246,-2.2666139110390757,1.0510572940618852,-1.334563846511844,-0.4896718467450978,0.7406397549978002,-0.948504309976654,3.628739431656108,-0.9226273657796431,2.8814761624065426,-1.2620664352270514,0.19485866660437517,1.4857722292988476,-1.8314190859231156,1.3765035555997795,0.38481612707317076,-1.0453792995319657,0.507181979239512,-2.2215842121498492,2.5469457957731625,-1.6174468439635816,-1.3376619523643487,0.17761484510404396,-0.10271638459949205,-0.4285631144699824,-0.6927316295218968,1.13365124189058,-0.46538082632358563,-0.7701783835402077,1.157982874873284
62,-8.971903547843064,-2.038785750450739,-0.8627732173052745,0.14501060758379902,0.26282693974805516,-0.8228522643693593,2.8959505842179336,-0.4584656265297939,4.133589345629683,2.255312550093429,1.551571655237403,-3.69687005928765,1.9555757331429984,-1.2097387781409759,1.514520801962106,-1.9015657268783983,-1.4946660269018774,-0.09837396066871255,0.0546360029003768,-0.8027021447928308,3.7665189052871977,1.9192629724805887,2.7874822194979685,-3.205500221385336,3.3005893301916953,0.6372359737907817,-1.226077429245275,0.44224486593558643,-0.08275032105489172,-0.6587623578079483,1.0254777537687774,-2.21750245694787,-0.5029126447804303,0.0553815014114938,-1.5949498658688468,0.5714945905200342,0.130496385756264,0.4393929527576835,-0.21478844297688665,0.3308913068135875,-0.2918212049929928,-2.6480972036169876,1.514947786484904,-0.887507472917397,0.8942474506170867,1.720198489989344,0.7578494058200759,-0.5166631976538522,0.3996043071122626,0.3842967385739712,-0.3599997803907367,0.26385856172065775,-0.7623123501144756,1.1173696170112855,0.27673939504727657,-0.5253298041415028,-0.07585685497469173,0.06177642356982012,-0.9492693532257666,-0.11027979412333712
63,1.4553101999117155,-5.7784131230427604,0.6187164234205822,-3.4248975178040326,0.9138499340038514,-4.247277439296632,-4.548268856344866,3.6165269230463033,3.516031496332061,-4.153396143942799,-1.5604327664678603,-5.8523980228446675,0.17127503109031952,1.3131573898050974,3.489118699829013,2.2942923557814554,-1.014139200106468,-1.1534006085521171,2.8499847408610255,1.37459933945336,1.5723431190248591,3.1666259234546996,1.1879060555964946,1.1387461529284637,-1.0784486951720005,1.1672333129093382,-2.405298476544237,2.030329316334547,-1.7696107306247533,-1.472633098774133,1.3282588532064283,-2.853859035872092,0.4141378151934186,2.6705547940165983,-1.512470103765779,-0.5857401397573148,-0.6794951331152086,-0.6836363883977022,1.042716451937694,-0.6083815573870504,0.594470055859447,2.5428501541073745,-0.8382436657017128,-0.3091865949158305,0.917814161751227,-2.286185254638868,-0.5648773222136864,-0.8137232147155593,-0.2591359424411873,-0.6895257565870663,-0.104837875133651,-0.2356552973509858,0.8207427014788334,0.7053894447216148,-0.24227327246081293,0.5262332072357652,-0.7813326843228082,0.26332042731187966,-0.5201372033168249,0.6070217844810676
64,0.5770511231326715,0.969052102941782,-6.01342550425962,3.713378411695858,2.4832405577466106,3.1592606882285432,3.531403599978083,-5.607435958989289,1.9760529570165917,-1.410457422108756,-6.101723844919881,-3.453271369628915,3.974235315329266,0.6148484960638059,0.6159613454574582,-2.2825859569332807,1.1738337030390893,-2.4063143314203277,1.4414582833246217,2.67185227694811,0.6622258432747773,-1.640220155970076,-2.032080054895363,-3.7556154293500286,-1.8734600835889204,2.0576524096289486,-0.4322385986723832,-1.76970065180355,1.3661782939959903,-0.3066031411733557,0.35637964933065996,3.5897636092750775,-3.486330092578819,1.1565507913215396,-1.1781134408551983,0.36264299474954415,-2.0626650761107186,0.4683913840940179,4.004854313296711,1.5598242207454225,0.48011734837922143,2.2113773577014397,-0.40894511825381724,0.0812599269657049,0.16033654204387926,0.7160458920681065,0.027836503216732,0.5359842986512132,1.801576429016001,1.9185669233334401,0.8108586529405365,-0.029236445441125403,-0.31302284659205604,-0.09327694709221021,-0.17708582719918156,-0.2902915504760778,0.8577439240784754,-0.2862077889929815,0.7327850220216943,-0.6580102270599889
65,-3.370611573592935,0.3008890293301621,-0.7772705765758786,2.942115607127786,1.981010039817225,5.050597898402821,-6.08574009181162,1.4654762395497503,-0.762443985872269,0.6511555445127448,6.593278816026685,3.186527788611482,3.425091892620494,-6.024354838696279,3.0842598126231175,-5.043862235216974,-2.8788504970547177,-0.3056001378363119,4.780352669024752,-1.3681570645717496,2.897783219469812,-3.3545722448739816,-1.7730396876399719,-0.3184544947902472,0.6416528650733749,2.4307121084502548,2.1111154090525313,-1.271507409333834,0.5273288456268941,2.310652673985801,-0.47741699067356885,-0.30595748404581763,2.078090510183235,1.9402694114924512,0.7136365354190883,-0.34753607858772295,-0.2859447406393984,-0.12943563039151898,-0.48766788840594,-0.32429839882620715,-0.11297945771975385,1.681207247783237,-0.004793756959425204,0.3370837077747054,-0.35495856910714085,0.1936235699930969,0.05915092187326305,-0.17580978589122606,0.38271853604144096,-0.010346268503445053,-0.4510211523492808,-0.45523287399679335,-0.4487805678392464,0.3771587814093924,-0.3762221366540951,-0.47545517651065783,-1.0047137138986093,-0.08126924163417172,0.05876683829559647,0.02418253659732488
66,-3.3806600101906787,0.43794304584457694,7.499825906424602,1.4230738082092966,1.21587065015721,3.8757262903728096,-1.0583355383438056,-0.5221686301473091,-1.99417467298441,-1.4771224829422498,6.387888227480455,0.201456724921148,-2.4536250631692313,-0.8937796590660575,-3.3474408460791687,2.7253071496683026,3.5210893918076414,-0.7847782274632228,-0.7603945373809717,0.0036186758765604943,2.88191953969037,2.0389802822974636,-0.8701591701162272,-1.7975030022910055,1.7446588748159972,-0.3075615469779825,-1.0289444572800859,3.1533066167791737,-0.7623975702331445,1.4573747008659588,-1.2818868809536395,2.376414435783261,0.8463810751390319,1.2026446158781743,1.964828290667959,1.3504411586795249,-0.9833049777582403,-0.5978844231151176,1.8180978997712498,0.572494150093437,-0.5310666111230917,0.44854429409623536,-0.09604085171603398,-1.0560454935525787,0.17159067720222926,0.39359960416914636,-0.05789406077871056,-0.5851567530207152,0.722357207611952,0.6092216375031335,1.080757379239543,0.32516521592182496,0.7939262167448592,-0.5554992163996267,0.8738340877529601,0.3290053571017416,0.02193308522469427,-0.10735167345563426,-1.0409385251032741,0.046050585163621205
67,-1.4914011059425174,11.615575807046962,6.176742092458251,-1.3845801524830998,2.0048260936213196,4.839533088045129,-0.5581083644252535,-9.505870020931097,-0.24920968326629594,3.8342221413415136,-4.308706412747355,-0.13280819985428607,-6.794705092293415,-0.2813052512541181,3.3686013913026898,4.106429912315742,-0.7206872477874224,2.633359673977644,2.6504319706245365,0.2647918252896564,0.526268177131628,-1.33165220640012,-0.9229572781729849,-3.1598499332689123,-1.6656333412339612,0.8450272607111926,-1.779510277776009,-1.206354463485757,0.5942310481434163,0.5181050175223879,0.6326704402152541,-0.8978378548776705,0.5059311126685339,-0.7241342538100108,-0.7206130592607328,-0.5171976366952693,1.9554025763503342,-0.07576490686401073,-0.4808504350396203,-0.2382805026543214,-0.46232342888407485,0.36292154615660677,-0.036520846570759546,0.30906443238652803,0.061606106943816116,-0.41460801866285835,-0.13587914801949857,-0.12270674427413318,0.43858731651159594,-0.3972995175844282,-0.08622792179713759,0.09991535080939275,-0.2581760833851873,0.09535617587742276,-0.3401764467311042,0.08411720236921025,0.11157925708773174,0.1777607353165067,-0.36842049005296323,-0.01610401801380381
68,-5.273292965874256,-5.828762874099256,-1.0873234855378813,0.3280206609134664,2.064751372162751,0.8069075408130992,5.465760406537996,4.346764029059872,-6.8497099650424245,-1.0028593663716958,2.623418386467325,5.609607058098341,-3.754960989598881,0.2160436579925178,1.1702539517557446,-0.8302212430802361,3.3114200166274284,4.146108807286282,-1.030680167606654,2.0769379783238295,-3.5140167880221425,2.098420780143585,-0.29410354327983446,-2.1012351601795443,1.461219001163016,1.8118773774020545,0.5326155526313513,-0.7681122248286925,1.6389495644407543,1.2101945360412623,-2.4721392659621793,-1.858606373371944,-1.2625482062828353,0.9582019877235293,0.29756393537278614,-0.49528714448038047,-0.31132477997633895,-1.2995871911694845,0.08994300067867565,-0.005893572259040165,-0.24143980971957782,0.42398218153665934,-1.36364132393264,-0.8804925971143741,1.6413881887353496,-1.304627938038573,-0.664159519906169,-0.5754065128549954,0.24403105305329384,1.0022724922283421,-1.7650662034199516,0.6764212225794174,-1.1628632875300846,0.5733703556905119,-0.7235527085940154,-0.18845264030673983,0.021732690819839393,-0.4240449209347716,-0.10762975387180813,-0.39172960882398106
69,4.583217294060267,-5.054180484985025,-1.8415003492586426,7.727637105890645,-3.3904349595869503,-2.5646018465804725,7.287586083572362,-5.889148191842874,0.7310649426874649,-2.179005263469103,3.085512406776873,-4.805660168492223,-3.8921136403607015,-1.4819181491986166,2.932370059847133,0.8654124188163597,-3.5253215010707755,-0.296522128319621,-3.3660370168751585,-2.6896143954735128,2.794788768599606,-0.40984875263692344,1.252430457074114,0.3324703536685459,0.9890378745421514,-0.7710719278395728,0.4892381791933696,1.750373581721162,0.19606870612199737,-0.11457679823648571,0.23758773073190667,3.7295189391059673,2.2809690540969663,0.7228312043891666,1.4940455403988555,-2.8655293434572364,1.5256392523176927,1.1717819089587416,-2.6826926218203737,1.4868188570065128,1.0359897728000145,-0.09756227964020985,-0.4042515024205574,0.49790428640504836,0.659446693587014,-0.7630343824955436,1.4515494725524265,0.7788264895756184,-0.8175709310828732,-0.30902989335653774,-2.5979740398667643,-1.3217549965753745,0.665299036171198,0.6515550293223422,-0.24668578333197533,2.235284977482099,-1.8641932321330499,-1.374148873410005,1.3669897815449217,-0.4022205462451848
70,4.86356397467245,-4.34028479846043,0.1396970714394592,5.248794658323412,-3.3733720892105166,3.2369455850496176,-5.86585308464835,5.46922615929805,5.548760701114246,1.500759439132368,1.045469440188441,-2.3817928722215,-5.370634678930502,-0.514744832337016,3.412638135653341,0.6407079950397874,5.20878442451979,-4.2182681585978425,2.547799324169678,-4.683432461475403,-1.742126452787831,2.661500335572203,-0.3167739235293629,0.7692594744705918,-2.7242835244315815,-0.5089122209961172,1.0444990214748882,0.01602709814033319,0.002817365043397461,0.16586053861287953,-1.363126826186565,0.714434132877371,-1.6476501824574463,-1.4859414156962538,0.9063087884092177,-0.36624059616054144,0.5794827560196208,-0.1184414907000833,0.9769576644137884,0.08665064153746341,-2.1232369758020333,-0.5451358794600825,-0.4849582847551419,1.0398116734828649,-1.453744996951474,1.7688161468481258,-0.9044935754402698,-0.9106321945652142,0.14935663478951247,0.806726925781989,-0.5180715616306301,-0.32429442083658405,0.2122091291497335,1.5529330832663808,-0.6727959161612741,0.39567643931367086,-0.06858534225439475,0.518511134574237,-0.16412827078058156,0.35583556530654376
71,15.596155337171554,-5.982386351690346,-7.167230876284172,-0.1317043425718167,-2.541702899114628,-0.7444548323233467,-1.3136571776131014,-8.20396423174019,1.0617742354582613,-0.36325458686755135,0.37849348974527064,4.446654687621092,-0.3634456675839412,-3.45840843747937,-2.3482346472365387,1.3340982815090843,-2.421392034080611,-3.293440379294149,1.7836885140882082,-2.186584793595857,-7.86850275560926,0.10708306145900112,2.9994317669018917,-1.0779327856860856,2.772817559198015,-2.1299721707106043,-2.403754194594453,1.5423299557038934,1.8258472578581073,0.9856778806984413,-1.6255948765303814,-2.4816145048488014,1.5307546427132588,-0.1888441037156794,-2.0386036491398976,-0.9599648089589955,-0.2122920822027175,1.1177951297316973,0.34554889925437443,0.4846033257587793,0.7804752827640498,0.22038496272620967,2.5821795121396804,0.9488942229244052,-0.5467091184610765,-0.7739244253850207,-0.7230598786636399,-1.5112187048914534,1.1341180776191042,0.9255802637265984,0.0685986513341467,-0.03751558514656447,0.875077049953775,-0.37711214489724004,-0.3631347455456529,-0.6197749286243883,-0.9230967773025021,-0.5420310609814838,0.2078510206042641,0.34095336570398527
72,-6.87028496770878,-2.303973941859552,2.0744026141070018,1.7676657308386086,-6.7542230976669195,-0.22483685857685687,3.9223843336662383,1.0457089258763694,-2.7800228015807122,-3.8071108329040055,0.012465539535709266,-1.3208193302828584,-2.5779384853524947,-1.290110370235741,1.9213283600869686,-2.678806062593978,-1.5302166718966492,0.3091004684481773,3.1757470016281992,-0.7766237880925738,-3.0920463556486886,-1.5772728613745501,-1.7465818560815778,-2.11343127083231,0.9885068119793562,-2.9272550841882836,0.3452526416474481,-3.2586792948643746,-3.19126986025307,-3.3358283143404255,2.573871616963487,-0.8542092685991493,2.833619008892154,-3.723789788204983,0.4355584710284645,0.8748098329590617,-1.3319650678502724,-0.24859276832382085,1.6973130686072204,1.2371462884294802,-1.5877869234736373,0.6895328812414662,0.4071693603492557,-1.0883148947720123,0.33517246041697574,-0.7356805114411271,0.7946272372575032,-0.8198059420661746,-1.527507158336564,1.3179200212302098,0.33035446649966005,-0.6926091196579569,0.17390927115853302,-0.8504561193367808,0.14959379573737705,-0.07007068910103338,0.0481806090578923,0.15156969374192794,0.1507591250833552,0.09208913935367105
73,7.322628267636726,13.993079190429704,-2.488342173405798,2.1504642761109,1.5925008160745744,-2.364878190587412,6.898018428936763,10.797942549459401,-0.15263759420104123,3.813969851148039,-1.1600372933175853,2.1543218296871665,0.4818888074532664,-6.507552486480356,3.196792469864201,2.130701007825371,-3.373938046181837,-6.745712074124047,-3.759428804849785,3.3783422764624875,-0.005509705439918556,4.121607913803342,-3.363612396255422,-0.9935756717121924,-0.5008515071840656,-0.0816560506042341,-0.9147546073079004,-0.6841116514940724,0.0012463317614858104,2.4246493728521643,0.9681279008448077,0.09413282977388043,-1.0308767617322567,-0.5489237521575908,-0.19562183100018887,0.8265680652217784,-0.7415669692012284,1.2548644328773833,-0.8666710894016312,-0.6709679065542442,-0.6476529592957758,-0.12062170784749238,0.6908329278964227,-1.6024437498120552,-0.5573994598503056,-0.9907539823442293,0.023613285848102183,-0.4067467955495088,-0.19488458336999073,-0.1907575690302982,-0.03822613150983319,0.03693127802490321,0.4273777838231522,-0.1493931966642156,-0.39057543550718105,0.31472646926408776,0.19959036655665416,0.1739499579077166,0.20441714573138503,-0.22101037997194567
74,-5.792376820756402,8.999771922977247,-2.7066775313038787,6.3952034585006485,6.083599112445887,-9.730518992476838,-0.8332988445440525,-0.467057512037949,5.218401551140119,-5.612908288822765,-5.452935707995814,3.745395941118312,-0.628099731353765,-1.9064592259927524,-1.8176301974375026,-2.687400225520888,1.1440025932462248,2.284439745942997,-1.0669277687531344,-2.0342433596751364,1.143095072098224,1.7571639353937627,2.2780765351093835,-1.5636522979278658,1.311611726842893,-0.9478359210711187,1.1058617882815873,-0.23255393751755568,-0.16302465469402946,0.23396026458399038,0.17828477797188955,-0.755555317807566,0.629007062528259,0.607365625285846,2.1094707354762874,-1.6807408275404299,-0.38130010734449693,-0.5125557025941503,1.385877725598126,-0.44632327128135135,0.06540319070178446,0.24846477675849132,-0.34898286218948404,0.9417732189857758,0.21995217304624007,-0.3750577240417445,-0.08484010316287481,-0.600535013416857,0.286221776840843,-0.03915105117231678,0.40590858303633487,-0.03697825095182098,-0.8372584918467133,1.1996063216891861,0.1633577096027665,-0.026400725677558908,1.265453936088992,0.13833707479010685,1.7445020658759445,0.7968119279454846
75,6.224685765809399,11.12451733551146,5.693504646160372,-8.146980918809353,-12.821801368604145,2.505368581507325,5.036828495183604,-1.8411595274199388,0.8086702380753829,-3.7335933978316094,-0.5416877480803102,2.350417035158589,5.0081495224434365,3.77058349308949,3.7033225407246717,0.45176697910334424,2.8461305873602054,-0.8226883049641583,2.6844893812790143,-0.6873862705085418,0.4153497316733208,1.6424097713854444,1.9399212602998384,2.060995005737594,3.257457439347238,1.5086996936747838,1.1407727884359418,-0.2870724082029277,-0.05095232837257104,1.0291603508503817,-0.16784954662366203,0.275256507633618,0.2157418070742917,0.06340403522351543,1.0852818574803376,0.03497363024207825,-0.6853211480792789,0.23652376195210448,-0.2814211193208133,-0.64555954820413,0.5294374093863451,-0.05734617347846018,-0.5499595563364993,0.5116307443741336,-0.11995153130366099,0.07726616102300789,0.25364415982488847,-0.06448415803491744,-0.06309928365558386,0.3248503153211398,-0.12518494347515,0.11114079314737847,-0.03766783235427981,0.10743402299259394,0.13645358976618674,0.0026679534006337252,-0.0751189894701628,0.00396336311112171,0.16197693155426493,0.025894122420947716
76,-7.863677169491537,3.254760993864551,-2.9485761017618453,3.561405082836918,1.9918607503455894,-0.37961653503962245,2.396244231588259,-3.5371974886381516,0.21413997243445948,-0.6300376521489548,-3.953325131108526,0.33167488738162965,2.579430016275112,-1.1035832051272099,2.965137895747599,-0.20835556564661864,1.4176276791683269,-1.0694273651063344,-0.48572727405052135,-1.1925495315854806,-2.6129744749487855,-1.8356276582737812,0.6034457362362768,1.129181216839902,-0.703401945473004,-0.6152725628108395,2.278691987686671,1.7495523168895748,-2.1036483714013943,1.214376864642311,-1.4246869272152518,-1.0134286273018809,-2.3032685859959368,1.576165320523113,-0.42783169229228646,3.2363006450669114,-0.3701430214580363,-1.9306009568402336,-2.3386510345199003,3.044149241134741,1.6470049131431743,-0.0968651902116629,0.8736351718901912,2.168808265709363,-0.6810856916673201,0.6467529025577039,0.12942113141930425,-2.1377216257314275,-1.7120746720485442,-1.4634802649221272,0.30807526222275977,1.0341555343785693,-0.4176371738229074,-0.06866114172655369,-2.351914156213333,-2.1113083582001217,-0.449123402238814,0.016483545299600378,-0.6479671361928601,-0.7540982032967849
77,-5.017039274074655,-0.7925083790977092,-8.092025100196201,-5.517953675726223,-1.1361097896379262,-1.192077122273587,-2.6957787072507817,0.6152390810130945,-2.8854631788061793,0.8767846432908701,-2.789875517207931,5.307571468491332,0.233605564846143,2.934487800822788,-3.003816849766653,0.10983343312557753,-1.2282353386073022,-3.599189520436549,-1.627186477438284,-2.5301593409252607,0.794988419131429,-1.5619907328492395,2.29028896226187,-0.20916804608271453,-3.051293018710334,0.8141673988431617,-3.7339606285512974,-1.718731881205841,-4.22862290977525,2.05746651574607,0.9032663005121484,1.0073181546966128,2.882027110592227,-0.7190229538242338,-1.2655791731271615,0.13450230205607866,-1.2486237700472242,-0.641306733234318,-0.9064935078373634,0.06111059989391481,0.5839375212769338,-0.39565956891282056,-1.3285769925274487,-0.026217579055378755,-0.03947974522732686,0.35665274441748823,0.3524699599787348,0.09040882131924247,0.6828529439236625,0.16331586270311177,-0.16539797318342087,0.43474504590818236,-0.26605227292499417,0.6717051145983979,-0.5601301714814899,-0.0960315019690312,-0.33739109312034393,0.1865689130808278,0.41346671101037824,-0.2027892612356933
78,-9.31211191323478,0.6484073857370091,-0.41448890751532513,0.5249730582846368,-0.22631819919961477,0.05989576601777257,-1.0050438445298158,-1.6234691182361516,-0.009885076525489837,3.8565583044516702,-0.5459427104683795,-2.7946531861274324,3.292078037535222,0.21013337409353494,-3.983960844343525,-0.5249852077889625,1.5420136585750035,-0.7332867366605498,-1.2687344961022318,-2.3884278529113177,0.9608528985888508,-0.7811161826064265,-2.453034036547941,0.7745570782540468,3.2981535268227047,0.15586271339137056,-1.5371086603630044,0.7936528095776324,-0.8478576036872381,1.0846151689844403,0.7020017325257918,-1.4131139080156723,-1.726367027207394,-1.443605299475756,0.09145645099228031,1.1486431054764117,2.4818846725257746,0.3655607253083372,0.4557363535215136,-0.05816238251042288,1.2542045540474502,0.8807801412086284,-0.6958171188804451,0.1686298324714767,-1.3228819295563743,-1.099175666111267,-0.7705914486759338,0.10619288659231241,0.11622271753833886,0.8374702464560788,-0.11649381582449625,-0.6930886975610454,-0.324285421889603,0.17352448758999198,0.6146276812944772,0.49556024547034444,-0.1143911119694696,0.8972829426524075,0.7168104262086684,-0.5803972026351626
79,-0.9397051444618795,-2.247019359731773,6.631572407969046,10.91012068457861,-3.3563175421098492,-3.6910959034598796,-5.713370379983858,1.2590551966363306,2.9541225318093542,2.136538281592045,2.6342320046659022,1.3250064731305933,2.3669122385485886,3.921192662812765,-0.2629133992793074,7.137236867304152,-1.8668270140652523,0.4888742321845623,-3.4299352975866158,1.436156535254622,-2.0679126022799106,-0.029124125869547164,1.9487520200670279,-1.8358828637953215,1.2525679701349517,1.6892042035169108,2.5926814505013733,-1.9981189074728165,1.5101369146756014,1.26775099388888,2.017512506901284,0.3794763501583375,0.9480568130035916,-0.17449198536920382,-1.3206980147882401,1.2262108892417167,-0.4945948574427858,-0.326670047156896,0.46750629967833246,-0.18816539121666445,-0.10725659332783011,0.8080631331903396,-0.06232060359035374,0.8879332615864048,0.16350155545791872,0.29392971391242106,0.16080971022099638,0.5204990786963464,-0.5025791143900394,0.3008602006185686,0.013926808701291506,0.16007662822397561,-0.36828101464537943,-0.24872901804840583,-0.03911592700509306,0.17178541531176475,-0.010359873333747377,-0.08044443230658825,0.023669103778660116,0.21275913911764277
80,4.236193264266853,8.538620059027405,3.691168851624236,-4.210443290733351,7.148614508290934,6.286963060891123,0.25611451282484393,4.797888845691592,5.678057310038883,-6.9788387829089435,7.8856531344151515,-0.24543831914732875,-1.708578233761741,6.349908640789991,-1.4294255421830127,-3.071945899127763,-6.6977659358761885,0.23043459749584025,-2.0778883803816455,-1.253234435013561,-2.203557778405521,-2.0748224874149592,1.0295948822181924,0.794773032091721,-0.7078018019958838,-0.9651399981995264,-0.8297901444466812,-0.23575950964140122,0.21818240004549785,-0.7419951221431028,1.4322479889235977,-0.1427783429728438,-2.880647158741564,0.18051872669896493,-0.302012245695765,1.102864789617607,1.0098543041290358,0.3070956637005788,0.15820085663757033,1.4856963145094788,0.07187866616114709,-0.6799518553463553,-0.9244721466050827,0.5268331844233173,0.1976572922798274,-0.095121464389669,-0.21115538573612838,-1.442662261845838,1.0730672274152149,-0.0890069913293183,-0.03510233015222579,-1.0952468936406736,-0.7274723871271761,-0.6660318116976414,-0.5784687341392598,0.10159402525790999,-0.1258228202455378,-0.11329997253402395,0.1204599722141188,0.5538836468098869
81,-10.517179188970568,-1.707520074525819,0.5487191864194417,-3.5591798224390776,1.3193089204007313,-0.43051370544257767,0.38362930432895775,-1.6353982024767988,2.684141540816834,-1.162567755366247,-0.6297189936205114,-0.8922378631102365,2.992675973870716,0.5901186803455006,-1.0333327041038443,1.637625995447959,-0.10929794095162357,0.31411011249425924,-0.716800806213209,1.805466278465507,-3.6501759283463677,0.8457172786289708,-2.2468093950139685,1.7513082017836072,-1.3411292213782333,0.4939959926776766,-0.4434677641952036,0.7447364220166933,-0.496592002217667,1.4086636873341867,-0.05976020125066073,0.13609943493165566,-0.07058181062367352,-0.9356799288062351,2.112619628420647,-1.337911307064225,0.14426027920499387,-0.19461964974767626,0.7219708610172791,0.4710405193845661,-1.4441350481335884,0.6587580194718794,0.7129722100710544,0.2478010660850609,-0.40098434870252614,-0.517651612862486,1.5193055615691147,0.6706595463280821,0.384109578925389,-0.6695819103106604,-0.11746288431672232,-0.5549305909822619,0.24536127147161968,1.3203379027781772,0.23026219658525826,-0.5582611306948213,-0.45354537623950864,-0.7305550292727041,-0.478108533277121,-0.45985394361853665
82,2.4795716851085903,-3.373145604487946,-1.0823020729955424,6.013135519237658,0.4070141040996748,-1.693687786859201,1.218141343140951,-3.490001605032291,-0.9451534113532303,-0.5213797528477687,4.963749766687576,-4.0996538467900665,-0.7556492514108915,1.5245131749417915,2.773491157915731,2.908283140284974,2.4521816028684094,-0.6962056295023074,-2.1199926879804054,0.8937593835647741,1.1726862419807318,-0.25023997339549786,1.340264236493096,2.8192470041606046,-0.5786310368707064,1.8955790086744653,-3.337528318697788,-4.867074244795762,-2.3881559520821614,-0.013222935454051203,0.013220047071401172,-1.9690215440911454,-0.3018590600078944,1.0525306865376298,3.0366001575601382,-1.0410021425361118,-2.9536620894382764,-1.2701807686226374,1.9859969892822618,1.7328347526127748,1.0344858395436625,-2.227553257249412,2.553784813001072,1.5720923988375972,-2.1880735686273467,-1.2593906692851982,-2.7681963007492194,-0.6033498812198863,-0.8970840504039863,-2.062110555929938,-0.24192396145337156,-0.8586103751702583,-0.15245131717929172,-1.0385650982224008,0.843892937224581,-1.2322158482266863,0.6467049998757498,0.12603560600213168,-0.01469140842127935,-1.618414737506998
83,-3.1845602810515934,2.3124201836691616,-8.311586872386725,-4.205230674228225,-2.0660283952009113,-9.024666753091747,2.2297815389487803,-1.9571937429197068,1.4566010775481333,9.099350992666096,6.764585673696859,2.311996639243389,-1.560863789125659,2.9935857969150494,2.4079293444000207,0.2409859271535851,3.2700173813695765,0.7613533448856867,-0.5309480195563581,-0.8343277885148943,2.09671458591105,-2.325295207039188,-1.808035978119484,2.497202814216294,-0.7636324187866392,-2.1782348964020875,-0.7603618374934452,-1.717282162472978,2.334844240470626,-2.3531319597586227,0.9047035388248884,-0.6120952103797348,-0.6038569661518917,1.4799176770695872,-2.4400625553436606,-1.6431713721810641,-1.5906393234538325,0.8391614095521068,-0.5149519666047206,0.5157229454056799,-1.0742214977291873,0.10469221664368589,-0.42049963971753956,0.8573855853308887,0.21487272866428433,0.1486328724176101,0.26023675162857385,-1.3784517307365565,0.712665010095825,-0.4611984922240642,0.1561797183801333,-0.5280998673290348,-0.3594874071472468,-0.7196453670148911,0.7700267145790302,0.7364624352785074,-0.05346125464586452,0.3502694211203019,0.6652989025306881,-1.384681966973968
84,14.086014439713495,3.4834223061124203,0.06927009220493947,-3.300952891798352,8.39645596678708,-4.719645369467008,1.3636747333238919,4.025145816884785,-0.560520918960154,-2.9253944427998047,1.619361032272447,-4.6027689781767025,5.416994950076383,-2.8122246354972953,-2.8998032625700514,3.283589301311812,4.347899072575798,4.838277926468277,1.2396823815323914,-2.809968079632797,-0.961328201868273,-2.7136383325154037,-0.6450246033748043,-1.4120406147642592,0.24720019519615052,0.8224503666764998,-0.6123730800822916,-1.0915201824123275,-0.22339397780043116,-0.9793739228833099,0.6247197715295748,1.2306206683685248,0.45304379362339303,-1.3059137992705454,-0.4478816829947333,0.005067807622266718,-0.545345632914977,-0.29919672972960676,-1.7120564966109468,-0.7843400784834913,-1.0692580540165695,0.010140780446787706,0.33058254757573946,-0.009632706460452408,-0.06409083121938124,0.15189258328324526,0.0652069275765247,-0.0155029914369045,0.45587362077205157,0.201555590724463,-0.19805132577356585,0.0308440032510553,0.36558783047184495,0.1205542753929507,-0.3694292816741456,-0.11864845083921298,-0.077130396602034,-0.07138165365631564,-0.3471437396815274,-0.12465352959485106
85,-10.178414377266439,-2.298006678142563,1.5408783900016734,0.36139234161144185,0.1414206644882986,-0.49317148434433283,2.939732390231064,-1.1850274530571885,1.3928322258192323,3.385558542424258,2.3836946976928566,-2.9169310692287134,1.313476498640036,-1.9572538191301376,-1.729358474687643,-1.3715776183607489,-0.21894877580094824,1.4088077661601521,1.2548463751836827,0.282494388323692,0.4241992203546094,2.078212990961395,0.7469734651552516,0.8314608936715149,0.9243452364784296,-1.6455497682245535,1.0398592778328164,-0.8231911629340981,-0.9014376838362166,0.18887439927999627,-2.370685357023212,1.8675384516536513,0.052976775912197356,-2.5026571655532317,-1.501788583688336,0.10877064431866551,-1.1650725880870416,0.8077504448397756,-0.3703598551624562,0.572253701080493,0.15818262928842505,0.6022416813188266,-1.0653957369769484,0.3586501923121363,1.12351126694809,-2.0037167386078996,-1.3331019625226577,-1.11332312021743,0.26246729609732206,-0.6346540426036382,1.01311074548454,0.30153795901867436,0.016952833521745123,0.35784938938135086,-0.6103730771382153,0.66170566534342,0.03975340676398053,-0.6028684633951487,-0.04918324926052027,0.13341443889064955
86,-4.829904694822301,-1.2663718049962025,-3.857967897441872,-5.874079218663064,-4.905401950370636,4.489081587270158,-1.30064365836654,4.615514256158341,0.712185314084935,-2.920184182684025,-4.504143024104677,-1.6310306406137394,-2.717436897024311,-1.6481680914224262,-2.008672720080122,3.4017965237616767,-1.928659489788401,-0.5811976296253054,-2.203219002132796,1.2410247210536205,1.5070561260991544,-5.276886511063779,-0.7877953565849408,-2.444836908131345,1.7175338368428839,1.456809082273869,1.2302512749013421,1.9983903688962257,1.543569247336074,-2.4261894142526104,-2.7742149906169606,-0.3787276872543575,0.3052555620140321,-1.1211939412699523,0.41533456458061513,0.38416992593598864,-2.3654300371141375,1.1151424166071555,-0.26285417266250716,0.387789791071354,0.20750265007600666,-0.06557138891233445,0.13592484173994432,1.3943057679878368,-0.46337309501509694,0.06205004358945025,-0.2490093124752068,-0.22789209082251044,-1.17017198392397,0.07770220677447194,-0.09031965726381684,0.209861497129367,0.26295747084714827,0.5830682276063922,0.3848524397320047,-0.12611363440212045,0.233604957199266,-0.012899463482848332,0.4070129449902782,0.2358765452161134
87,4.367560078569641,-8.57926503025841,0.301592026534345,-3.1856660778157537,0.7287057948271783,4.226624954481333,0.992758387811188,0.09312381161370722,1.7210803371793435,-0.337704482783507,-1.2667549559174738,8.753739084775075,5.242152443394941,0.33459273252022487,0.11736253881943606,3.1745087608699056,-0.8224123692271597,1.843841675331411,0.8026897961525571,-3.099464515587423,3.7314562449176245,3.024485970739879,-1.639060767003939,-2.473628864030487,-2.7280291670905834,0.575909512964112,0.9569182702355261,0.0515346287843668,0.35889755936475126,-1.813150268693654,-0.116673356482861,0.9192059649938029,-1.5782166652198957,-2.7147519401858426,0.13955153839696696,-0.5421176735781388,0.743182111666369,0.03722702215520788,1.3800297143562226,1.7819789189099968,2.475332857815691,0.2952057412428671,0.7029424754916314,-1.3809610543256365,-0.01874902375225874,-0.6965840434367754,-0.6473552220477505,0.0639472219366168,0.14359463337147607,-1.057396818788069,0.16599674136070672,-0.02864387734410562,0.24431476472443683,-0.5592483105719137,0.23831970387498075,-0.2756652069097856,0.43476855109981877,-0.3391366924263852,0.1815437830531726,0.39944589363978594
88,-6.624023614752039,-3.6265772124177627,-0.7354790071452998,1.0440102661935096,0.6973230734660245,1.0476524646705336,3.1429762719047867,3.922633707624172,-3.100563664983045,-1.4789643575618532,-3.661286977878642,4.984085816687835,-1.8555303577013689,-0.6461081924538068,0.952535483440104,-0.26678286506781523,3.6901540070642387,2.26214013344686,-0.09187431897166946,-2.8930125050852857,-1.8614347024989741,-2.604234730836617,0.5625958301273332,0.8077462341973853,0.7433120426794101,1.1277941990723155,0.2952354704567703,0.13732933509273954,-0.9293890616043412,0.5468099665907737,2.8641216048939433,0.6935626558127154,-1.4825572499058426,3.2213692315982367,-0.6355790355957448,1.288753913166468,1.5567120170845123,2.3333242754736783,-0.6249255372503703,0.7588923650483933,-0.2863793820038894,-0.4696100134239069,1.1485383729628487,-0.3318207748618142,-1.2493325336597443,-0.6083258617782382,-0.24127302387388402,-0.5677192381266203,-0.834732660576958,-0.8985630675431702,1.6119401823216561,0.6004290459147057,0.02720961393474401,0.42275947921518287,0.9650729947260301,1.3078534499805543,-0.4579287610386963,-1.1134787858953041,-0.4726003366588468,0.9138555150641748
89,8.544472408851782,4.578737534718598,-13.721131599369865,5.41613449597912,-6.2662988958913175,8.05532767405826,-9.555986074300115,-2.209626180800191,-1.3392614000855967,-0.6903710442444466,1.5982795325500025,-0.9181204479636185,1.678813798818094,-0.7943170191207886,1.683878871688314,-2.739614720078421,2.3672345768860312,5.27496834653935,-1.5450665911869967,4.635349826162276,-0.3562250997486623,1.6604101770820672,-2.6111089064122175,0.23404597635172275,0.003983980635336755,-0.015744116612833613,-1.1442592503780806,-0.6494843696867143,-0.836354268143498,-0.7030425380296964,0.9242808787704438,-0.1480122289082552,-0.5647844174054001,0.8808528965946233,1.5216463315265234,0.42689998652879163,-0.36142585969595914,0.8825685722915079,0.6055516511076744,0.1527556657663205,0.6133642632757537,-1.530515370921869,1.3140098993460145,0.048540609141865726,1.3228860778985139,-0.5663646608788683,0.14808511841484936,1.4284136723159784,-0.11674285814802009,0.5454878250142686,1.5742989217680632,-0.14542666090144904,-0.2441212326469733,0.3842682618910751,-1.2339720064157682,0.3584145364008415,-0.44557731135595635,0.5073089531850452,0.20066084522930983,0.5225051140735096
90,-10.47197512514658,1.843571859097951,1.5203741964966049,-1.5130266181521095,-2.6713691769734775,-0.9283862486555069,-6.01183962902267,-2.821052749762906,-1.1817118113757081,-0.9708342617187705,-0.21397398223086841,-0.9139530839912161,1.33713790740486,-0.3346485868871635,-2.748024636581187,0.839694231595805,-1.2555474215733622,-2.7536631012436317,1.339541693667724,-2.707771778539747,-2.258928361706118,3.0646625365196623,-4.423853391697001,-0.6385258530566594,0.8127142751424233,-1.1019861390352896,-1.652202274601963,0.3891424699629825,1.904414339312484,-2.7998911457637328,0.8017898475190618,2.0447590609689517,-1.137146310823454,2.1340904847781794,0.6066717390730647,-0.49024363402102383,-0.6095158564136369,-1.6282736393809,-1.756538766398985,-0.9706402189630671,0.4852914333266966,-0.8863082781375013,-0.2079859047051836,-0.3460219838528825,0.3229452168464451,0.1276988038737887,-0.45286506742933785,0.23614960152243028,-0.9214728927416264,0.01953198937291814,-0.6139905135772333,0.2904396597926537,-0.27045742302756476,-0.7733568173077551,-0.5700699182640384,-0.053801442479939655,0.43597528511259337,-0.4887942231171522,-0.008156018585421011,0.32490169704976835
91,0.0490019414485479,0.31741026668461025,-3.067718830721887,-1.0154696256838405,3.726189565347015,-4.192358915297166,-2.1181453579656595,-1.4779093015287856,-14.737668910882286,-3.1871251704238457,-0.07097076460828187,-3.1030525567999767,1.7262451117235815,3.1230697773667573,2.7887590667124447,2.058141097986158,-2.0306766931030125,-2.6425540620119663,1.4625701622883787,-1.6269063557345127,1.896448499012228,-0.21920209124487047,0.5087967920659078,0.5382333525667594,-0.7421231733295109,-3.0234211984896127,2.7242373814127125,-0.23054880505340852,1.6985794854198661,0.6174193243684827,-0.7668173798267066,-0.8502911495273924,-1.1435199809897352,-0.737538868030184,-0.11674762682518325,1.0274368945504293,0.5856905062419935,0.6242041582752004,1.6697793139816588,-0.5943445826746644,-0.7767430248429257,-0.9013015414487328,0.4046750817400957,0.28617267913831107,0.31835280448126746,-0.14706509883982924,0.0651406170326465,0.5287002286605943,0.5010808405471205,-0.4352965053368681,-0.08793032990105513,0.5384493251712945,-0.03251193559389939,0.23142748756519851,0.040788961450324165,0.07057579318920078,-0.2107470674181658,-0.023146036323646833,0.2388531163815118,0.24126094495256792
92,10.622515561571603,-6.274187529647479,-1.826864435323189,4.274829128290675,-0.35635664210574886,0.07296018417047424,2.3309902030709013,-4.761152340486702,5.442176718805567,-5.696533350693516,-5.545054353608831,-0.2773935587698903,-2.8788264560503984,2.1790420741419063,-3.2944846789287214,-3.2491388864124984,2.455806590478012,-3.211894755263612,2.436142975592808,3.2356649737334515,0.12061169880273137,-0.43655137478485356,-6.252553421251249,0.3443235377103353,0.3737548985646897,-1.3946028877703256,0.2931995757233249,-4.841378678973601,0.5321197023835313,2.2889465327676493,1.919097894537839,-0.31500940793691734,1.0752377292508892,0.23859032158573942,-1.4193576932057197,1.5325255649564933,0.27196538436269435,0.25617070955127474,-0.468917191593756,-0.6204323442748981,0.5449855622577124,-1.3520083582399003,-0.31723855932842304,-0.30642321265753036,0.8293135847295876,2.1925055945044867,-1.3156210865454596,-1.1833480562822258,0.5929268350364488,-1.1570334535352194,-0.5849198442601363,1.3168555871346959,1.122543712122464,0.0023554967080669635,1.161751177471476,0.09279771293203413,-0.6212823350273584,-1.8817273640888408,0.8369267954413948,-0.13199935278327193
93,7.095302298616502,2.5392031609363315,2.67239569595755,10.655846109820333,-3.684809483984325,3.97622995446266,3.686789061929718,5.244737420856275,-3.8200413285401904,6.91685362694164,-4.190426685978605,-1.7878022678474514,3.1179250555672295,5.296876034221594,-4.837497808389704,-2.1106318876836014,-1.5114066108733653,0.2610549542653211,2.9308369862879857,-0.5421752867643072,0.5500000147018527,-1.1946727994579451,1.5822211917948057,-0.6952913897450405,-2.2728693197647476,-0.16572282663884993,-1.201788390952978,2.325263963658363,0.4197732047304437,-0.27599395507690117,-1.0836949915448502,-1.2998048892997636,0.5748888737912058,1.1857225509170928,1.55827310480706,-1.6818555643351158,-0.15242988975071123,-0.20164766159198946,-1.0986075436085372,0.20473331427793673,-0.5296188222458867,-0.03487033007613646,0.22536075978674489,-0.5965380877609233,-0.05477774434218267,-0.26919714540651934,-0.17789462291339544,-0.4938083818785467,-0.34463430163152414,-0.4264342543857676,0.133135847039704,-0.05870577880894756,-0.14752466115451268,-0.08420913243072514,0.07079915815080824,-0.185265515748572,-0.1173194919608453,-0.20919052329550025,-0.24944565542788108,0.13892664759366943
94,6.459762093618807,3.4923391620055346,3.4535056447745096,-2.518778572945966,7.328636203591112,9.4184017740995,-1.850561316671051,-4.650534816640965,0.7024624791463419,2.2752984423794853,-0.9697208710471754,-0.0907479121360506,1.6828680957427598,0.34902981386505366,-2.506656244636687,-4.057920461812129,4.063229800288483,-1.8676606529041266,-5.972489381416028,-0.7905686177412506,-0.013471904256133366,1.3243895855615562,0.5364966222946662,1.3244113852020627,-2.443388841671017,-1.0916739070708872,3.9341165228958705,-0.09551896115068317,0.8695871645597889,-2.8104625843596645,2.9333096156253333,-0.43585932439053426,3.2033444738752808,0.4913914567084312,0.21075732944499279,-0.2641246379286202,-0.3234129622413582,1.5326711548770395,1.5288920032122912,-0.29728101680891617,-0.588179925128733,0.07219310481227693,0.6681523605132883,0.8755762124261284,1.0809174516307969,-1.223116988012815,-0.6724773568694143,-1.1359772584132937,-0.5286913494483994,-0.635264547545665,-1.7323147814383486,1.6065906060072077,0.9858821218417064,0.13556996597990562,-0.19702486273068925,1.2378901717127408,0.4566211853952508,0.11784364203580018,-0.43385846581431364,-1.4602227324874677
95,12.025726552463572,-4.9397022469868626,2.492743190927031,-1.4409978420409193,7.818722556652928,-4.359851700000173,-5.148747274526281,-0.12734735871991007,-1.0928045989569022,5.829311975186635,-3.658704178556374,1.249490800615064,-3.2221017804246506,3.5787033392767915,1.2508165576001213,-2.6057936608733567,-0.5870683548253621,-0.36055687484182736,2.4274557933355383,0.6105242328868762,-0.32718387964509565,-0.36546088939442756,-0.7797999244666761,1.57574766619409,4.322514248265357,2.1425884277460776,-0.21633989222547415,1.5369761855732103,-2.7305021055708587,-0.3644469674866577,0.9693453041138707,1.8199162644019238,-0.9605898818185575,-0.5188618030183609,0.6738041350715472,-0.8285088676924104,-1.7808721963608847,0.5259211344066756,-1.1705043057373357,0.5581558823428324,0.11406203375619466,0.24337023334863425,-0.19428127410364954,0.24705243544482278,0.46805486187234446,0.5622818901793526,0.3739243433415679,-0.18815877176431406,0.5413690368207708,-0.1809311572587962,-0.5982505681023524,1.0716717723880917,0.26605712185612274,-0.29676910308194276,0.40290906677363536,-0.09797546168539112,0.2879413771752729,0.9535080093372783,0.35331178552424086,0.4273720628739338
96,7.047422698742272,-2.8552848549633363,14.054461445203675,-6.721666574658738,-8.57683328503815,-6.985353381643462,-3.954622838436317,0.16823152086195045,-3.079130501078014,1.8586971726186312,-0.04878284248753985,-1.6695055391796292,-2.320352574668438,-4.372259190288219,-2.047883576346678,-5.861139099279742,0.3525843480119203,1.686963223801452,-3.031997882846538,0.020917365107761727,0.5435930691121775,0.4003887034842597,0.7746330167754536,-2.130686661840809,-3.507253650948368,-0.3985323849506217,-0.20405851951121864,-0.2814474818158419,1.4291201739441846,2.1000798102761316,0.7217427672960218,-0.7720419694883108,-2.0480883872882045,-0.06219674700642847,-0.008052155711802095,0.39456639397249843,-0.772970417804729,-0.09356053697468106,-0.3379017177872579,0.8935077765005055,0.20721353657720712,0.2586069197170757,0.25388662434494447,0.7012876179343257,-0.08059746898470264,0.003368846158909331,0.26082932016976984,0.59240804891252,0.17497992284186922,-0.4605039275524804,0.4572230320330316,0.03429266505726733,0.11533915449454832,0.06959975958693349,0.2999873024658366,-0.26403035868640473,-0.09183392755435228,-0.1261564452642006,0.46379349056766994,0.19109778722061133
97,6.515196295633542,-5.330747817766769,-3.090146772838104,1.3521087624627253,-1.414066944462985,0.3417106152087482,6.300194366895822,-5.752161647376347,-2.076439636944046,-2.5962536489381507,5.1217056531723415,-4.075888714213738,-1.9952760394423747,-1.6803673094168063,1.585260383824526,0.3704697325215186,0.36868974194022613,-1.270594742422808,-4.784133849550591,-2.036120906441361,1.183013619653475,-1.741861410665285,0.7422562169555768,1.7535956696077766,-0.35747548699179094,6.24312549679648,-3.3099805713312405,-0.4825241696210387,-0.1385121509680367,-0.3342710968212086,-0.4563072388775552,-2.6200800136185016,0.3085689076210759,-1.5008642777704047,4.257123050390098,1.9774373078461678,0.8114177134330414,-1.512681131082766,0.4319968503774271,-0.5130466837444386,-1.835270512247035,0.46164692137362534,-2.5726862962324,-1.9609469764253924,0.8331547424963635,1.9860589060517033,0.150877323246912,0.7080040002223155,-0.9645493282486581,-2.849967804294791,-0.20142103600002012,0.23733846693270896,-0.5195467247279255,-0.8143106455012648,-0.4928403349843553,0.9555207609873648,1.990651604298428,-0.5265764570816431,0.30094629807445283,0.9739579370421649
98,-5.028752736854816,-3.8809298514831743,-4.489052726434262,-4.146866240460651,3.118567397639775,4.871739150830251,-0.6342378515519844,5.065126221384481,-0.5824333282957916,-0.5105605294850624,-2.692214875465647,-2.765694453988828,-1.4306242282001551,0.4884999768517218,3.756527172122263,-1.4571589309124626,2.048434685238007,2.55060648839118,-2.454968119473606,-0.33057442260862635,-0.556942946624098,2.5175080444768647,1.8482116202860868,0.16485011323297577,0.5671194030532735,0.391587309730064,-1.2821884860681754,0.5279785542929525,3.2554596475821396,1.2247885997791197,0.0447298139828915,1.789949474012881,2.275003640235959,0.8495948078935124,-0.5962364401748445,1.1855756910160618,0.9298864275184002,-1.8452557315217097,-0.09895391272036103,0.004902550953493018,0.6779033420989622,-0.20188886959549063,0.6715018339492793,-0.18142339624875184,-0.3407151216161686,-1.4036419029720577,0.23790245708815544,0.7735642042865895,-0.30534439766360255,-0.24193605196655377,-0.4471302717802148,-1.0036946784994678,1.9865276400090321,-0.7583191399011235,1.2379620076560809,-1.5939951902260816,1.0051824198885895,1.3389757096767294,-0.4494272659206041,1.404513696596159
99,1.227457521624249,-3.5364739202964834,5.699965838396225,2.6010336723379663,-2.888678005058047,-3.9036270818862704,-3.550010485638343,-1.0420451435819924,3.3281712060377284,-0.9476994985124864,-2.6852050996880137,4.17469967171502,4.2395526262110375,1.4365257486012488,4.726483942813548,-1.7315257766326497,0.05596203516801374,-1.2178776778633562,-4.520775946087385,2.372809843573513,0.9054830917329932,-5.182487858809296,-0.41073880707869254,-0.10458198405851707,0.19824206882138962,-2.333185355675017,-1.9158252655941177,-0.5254210131032642,-0.8558214598382253,-2.8229511104920513,-3.0883748465066874,2.01285548237293,0.1648664982665919,0.705722060686397,0.4504220007652697,0.9290549268358292,2.6249470962230053,-0.9565036861861224,-0.5331967248364796,-1.1985530724380522,-1.7972156304982647,-0.06886728235792176,0.40278839695494784,-1.2646870569603963,0.550040919997396,-0.6797032171310141,-0.530816504644466,-0.49719894404220794,0.424270936530502,-0.21620852036372323,0.02047650820065215,0.5697904330303024,-0.0851096769129964,0.44726726064887506,-0.1481463759464372,-0.8113199665320008,-0.026329341740757902,-0.25122396256032664,-0.28544263559424243,0.005128964558185169
100,-7.396197496723378,-3.167630866721984,2.5359180752274373,4.435076520872904,-0.2248452939947457,1.6057787224739863,2.1075694236171203,0.2453854757480546,-1.5022005698804795,-2.1915731689226625,-0.9133474929517748,2.5895621029715272,-0.22156389029414036,-1.7907762319946334,-0.26784455348372227,-0.32855559972606213,3.1223301289967753,-0.9118190705714138,1.0782921650654667,2.5266281814738814,-2.597537305402403,-2.6198133278140565,0.45407900058436945,2.962718590421737,0.2441954180541989,-0.322910844051435,1.570466489673067,2.7890532671025037,-0.5722084570115145,-0.49358424913299764,1.2420476755205039,-1.4798164190022476,-1.4311360748692372,0.17422000996426146,-1.2914704065879323,0.26689418552150024,-1.8013029014947939,-1.6804732286583408,-0.19876840165346887,2.3921370575535543,-0.6912950581480696,-1.1540609143449203,-2.5800068903526987,0.0017410619466760448,0.0073132471698219405,-0.2604780537226356,1.8583363311112748,1.3381390425117552,0.7064844976855703,0.7528259577983134,0.45585501961446817,1.2962655640084937,0.7781014079139308,-0.18771459856305683,-0.7209859870412529,1.5502384626295063,0.7782272659053999,-0.006415949018656867,-1.1487457196045432,-1.183819393112176
101,-4.764780539664412,10.945177652539131,-6.62158619986173,3.9318374091659227,-3.8404139963773796,-11.543371980430553,-0.728260691301586,-2.962562687973465,-1.7349307735975399,-2.466280841316933,1.9340321721191187,-0.961225815201354,-3.323474671604652,1.9549815341426473,-5.403966291432128,-5.134552418061723,-3.3253786093074815,1.846795143542708,2.067313354492422,2.390772296530051,-1.2572002932468134,5.991172972020616,1.3659155573708084,2.7204866716118903,-3.808448155021572,9.364044238823679,2.68481381635599,-1.022418530464862,1.2843680277847402,-6.144730191768108,-2.350613565950024,2.1238217948287854,2.478144351515499,-0.4241787655969177,-0.1816215585822665,3.484779409013011,2.495807757025013,0.8344087011749937,-0.3031882378819653,1.1834735079181036,-0.3496054093113869,0.6441735717476009,1.0115062982682304,-1.142018089206154,-2.1366115756713575,-0.06579034197055483,0.012735891039865117,-0.4411303639514483,1.0930729463619602,0.1932100878359556,0.04854855782521455,1.6628581450783413,0.46023186044643033,0.0073221654027338145,0.27308313754709485,0.020925664762297597,-1.014320358983279,0.7588853709423632,-0.28887304404306363,-0.4221438632645122
102,-8.49830427387181,-2.3333148791286447,-0.9329462716924827,0.09106983495749349,-0.6392945545398391,-0.4657313300227479,2.8629426222294363,-0.9792720847928684,3.5191995541034826,2.357906332694807,2.407957855768986,-3.801063729289891,2.0279765344185643,-1.8250243905926649,1.0067197781069592,-1.4107855162625558,-1.3616744316511151,-0.25984701059446763,1.2373509026215246,-0.6666634427620435,3.4744405824718236,2.0230358224051375,2.067747153256,-1.8052024796697428,2.0676986432927027,1.1253594631363828,-1.3121780265762641,0.43442366586474734,-0.8539609662697044,-1.053329554008284,0.8905228346871281,-1.281446262835383,-0.31580752959511,-0.4180164519150278,-1.7280741214623214,0.7277351559320039,0.2755935533234064,-0.02262048330231062,-0.5895173374144264,-0.2805542301519416,0.1491180911195859,-2.6051723058663825,1.5295300952158266,-0.541425606104993,1.625291582714443,1.1082217121543172,0.5904710644519623,-0.3470295731463461,0.01940074288190403,0.49728909111067904,-0.6362968413846736,0.42028490672720203,0.0326015552379739,1.0335932340829757,0.8727234574322625,-0.03817535786053419,0.5396051264113829,-0.3282656934257919,-0.3012706905477471,0.16432720998639996
103,1.4553101999117155,-5.7784131230427604,0.6187164234205815,-3.424897517804033,0.9138499340038504,-4.247277439296632,-4.548268856344865,3.616526923046303,3.516031496332061,-4.153396143942799,-1.5604327664678599,-5.852398022844669,0.17127503109031775,1.3131573898050997,3.489118699829013,2.2942923557814563,-1.014139200106468,-1.153400608552118,2.8499847408610273,1.3745993394533604,1.5723431190248582,3.1666259234546996,1.1879060555964955,1.1387461529284646,-1.0784486951719994,1.1672333129093386,-2.405298476544237,2.0303293163345484,-1.7696107306247546,-1.472633098774132,1.3282588532064288,-2.8538590358720906,0.41413781519341786,2.6705547940166006,-1.5124701037657777,-0.5857401397573146,-0.6794951331152073,-0.6836363883977002,1.0427164519376941,-0.6083815573870505,0.5944700558594463,2.5428501541073727,-0.8382436657017134,-0.30918659491583034,0.9178141617512272,-2.2861852546388683,-0.5648773222136874,-0.8137232147155591,-0.25913594244118743,-0.6895257565870669,-0.10483787513365131,-0.23565529735098692,0.8207427014788325,0.7053894447216135,-0.24227327246081182,0.5262332072357645,-0.7813326843228079,0.26332042731187894,-0.5201372033168248,0.6070217844810665
104,2.233610529597953,1.1309118948058152,-7.27858956111567,2.0238688431773926,2.9974747949591976,4.626133876680654,4.226439451756954,-5.4596135952211595,0.7318242121087691,-0.1309706564564081,-2.150929878822571,-5.276847465925847,3.773206118510164,-3.2043033141234023,-0.19382631812908152,-3.4501804785908985,0.9413311637707411,-3.8726489994440674,0.4244552086759418,2.26867364686798,-0.12577043142406266,-2.036815620140735,3.553168392822927,-1.6960748495238478,-0.6746584838004214,2.3809797945615654,-2.9405258701275825,-1.5365399144998206,2.0772265313900475,0.4578787854014685,0.3005038877325543,3.8961591503345185,-2.2860795867291412,1.8846781171293558,-1.106582177909096,-0.3461942735632913,-2.0866580525082377,1.7092393634648155,3.2494546937652684,0.46332106434704273,-0.5294576470125542,2.361784921962989,-0.7027809294189393,0.19082729783486455,0.2873821646173663,0.2749172625439113,-0.3369808801771595,1.1719171975829654,-0.796004537713245,0.04643359472535614,-1.140428451255539,-0.45892171034107,-1.6620208255463025,-0.35031752386947307,0.4848308550258575,-0.1988771905621199,-1.1289670339741265,-0.7817086573113725,-1.1407935204689121,0.6120996883697803
105,-2.8393612747250243,-0.38294788750557246,-1.1240099493768339,2.132565234030419,1.898467652307393,5.1804034391296945,-6.454447091978601,1.4269517463552337,-0.9780096676031255,0.7512326737735907,6.391828671168819,3.461978572827583,3.3932549568254875,-5.555768238656534,2.6967437356145885,-4.364662141229369,-3.0865176340928593,-1.2861634526888313,4.584149455863957,-1.642470601078564,2.8250539490447264,-3.6326027130800376,-1.5526109308674791,0.2584145183334851,0.6484337428408941,2.3026935334909067,1.8271879615195514,-1.108667429586279,0.6866314768329771,1.734530448506441,-0.10207301286517471,-0.24945381395437632,1.6296935413616922,1.8389743999381685,-0.13165298877519419,-0.4780318882437163,-0.009761468676013465,-0.30247504691820143,-0.1423854941336676,-0.4751228544116667,-0.14361462889125284,1.537495707248572,-0.10984131937698964,0.3783553520547152,-0.03136519994683825,-0.2756407039190039,0.39472463654887335,0.09068827430701056,0.1369887106393947,-0.10348093650015648,-0.13599061259396636,0.22422773531827886,-0.11830783379290802,-0.35403473573989847,0.10421739704359398,-0.16654014854884694,-0.04909392211224898,-0.04400262429832013,0.15903511206642057,0.17564488134019424
106,-4.578983240020946,2.0119475373619986,7.595208496605374,1.4958928827309343,1.8765762096621532,2.910289720671333,-1.0164730098847996,-1.6508066513560167,-2.110640420134485,-0.9221650105564073,5.880375071637299,0.9084734316349549,-3.365521115296153,-1.600975097605753,-2.409366990796285,3.1385950985968503,2.287312285094902,-0.7392449956962269,0.04273652979461333,0.5354008451651324,3.222883190222295,1.1640598665723825,-0.24589050185788636,-1.209716130679571,1.0850237033298236,-0.5276088046153963,-0.9197414026825007,3.1227845348843606,-0.6541312318867519,1.2854340449440083,-0.4533327516903896,2.9863023268352533,0.4317318765101671,1.323141943585337,1.5870867096246468,0.7785738193030641,-0.6333164463743249,0.1982817507261194,2.01561761365355,-0.7733393778609766,-0.10927278337573118,0.21978915109318634,-0.05125904528823041,-0.37197162662735,0.2742190565260062,1.4406529036058517,-0.5754068900937475,-1.2691371107885576,0.656770017289039,0.8164418457635956,1.4727581297233958,0.04624049249017776,1.4708400460829147,-0.2935509672019634,0.9890161975081961,0.6185690532435199,0.16321172826522587,-0.17936245520464014,-0.3613809825185107,-0.14451605097462772
107,-1.4914011059425178,11.615575807046959,6.176742092458251,-1.384580152483099,2.0048260936213187,4.83953308804513,-0.5581083644252556,-9.505870020931098,-0.24920968326629683,3.834222141341516,-4.308706412747352,-0.1328081998542878,-6.794705092293414,-0.28130525125411815,3.368601391302694,4.106429912315743,-0.7206872477874228,2.6333596739776457,2.6504319706245396,0.2647918252896564,0.5262681771316307,-1.3316522064001226,-0.9229572781729851,-3.1598499332689114,-1.6656333412339615,0.8450272607111914,-1.7795102777760103,-1.2063544634857575,0.5942310481434159,0.518105017522388,0.6326704402152551,-0.8978378548776701,0.5059311126685333,-0.7241342538100098,-0.7206130592607332,-0.5171976366952687,1.9554025763503347,-0.07576490686400948,-0.4808504350396208,-0.2382805026543203,-0.4623234288840753,0.3629215461566073,-0.03652084657075982,0.3090644323865251,0.061606106943816796,-0.4146080186628608,-0.135879148019499,-0.12270674427413134,0.43858731651159694,-0.3972995175844281,-0.08622792179713677,0.0999153508093925,-0.2581760833851885,0.09535617587742486,-0.3401764467311036,0.08411720236920849,0.11157925708773288,0.17776073531650768,-0.36842049005296357,-0.01610401801380484
108,-7.109238732561172,-2.048366957850803,-3.2504709676405423,-1.5078313661688036,0.9113845132498223,-1.4862714476853083,2.1042248997650765,1.964314225129781,-3.319819298484285,0.1920271427962834,1.2962657079411024,1.5695565159616947,-2.5569477223700288,2.5590215964959664,-0.6280434908259148,-0.08064785139568953,1.6044955027909327,-0.02437692784251652,-0.4817638848685676,-0.2448278479390117,-3.9146765020958996,-0.37050506582763737,-0.17852532779063018,-1.5836913584737258,-1.0292717511834701,2.616590150614375,-0.428866433185778,-3.1067364433571156,-0.9520946626652836,1.695101064974246,-2.99875445557535,1.3093544522045635,-1.854415920224399,0.04535143043547343,2.361449656816143,-0.33247889706112393,1.0073240408219803,2.144114299409443,-1.7755816949896337,-1.8659691539003815,1.037333923947938,-0.2852131621418137,1.4747015919981374,1.4001096744441337,3.95069637384409,0.6325459006468013,-1.63360112039996,-0.8655436409606481,-0.7711263088950085,1.2273874584971496,-0.719078640824864,-1.5134644261237322,0.651050074055663,-0.9058643789023844,2.0277074697367734,0.11064264071675216,-1.1917774400202275,1.632655294700227,0.02614600308022762,-0.2770043939884756
109,6.290128302649981,-7.220328336733776,-3.9282147122147886,6.212401135308678,-1.6741984648221973,-2.0887377421929,6.489465343452606,-6.647860790043954,-2.2012935406529697,-6.339713975229596,0.03681304220659223,-2.344332623675729,-0.4636478452067708,1.7952550553304478,0.4756549779509685,-1.068231840593679,-0.9252403665823218,-0.8052893133248774,-2.2550840945253885,2.2797497774481545,2.1780665760242406,0.8483509263414839,-2.1566076025708827,-2.2040438724135583,-0.03680897545697609,0.9294754353772501,3.013521469969704,1.6856164884591098,1.3176160177902618,2.1855136562884505,1.4303143331801131,2.116486153900885,1.223306065027767,0.6790042085279113,-0.4669379326766262,-2.10914177853449,2.0909330979769405,-0.6993229229204099,-1.3761447152511237,1.1725352363565216,0.2427243706487199,-3.631295749617112,-2.3153962186844637,0.9092470033455458,-1.8074779829038852,-2.244060516324526,0.5330935812015996,-0.8423031390921135,1.4504276183117806,1.7164080046423635,0.6076065330655619,-2.0728777630639166,1.4098670215028688,0.23580093624900159,-0.3548971421505495,-1.0150140757748192,1.0479485520745278,0.15264120323824373,-0.8671237457172402,0.07836390495619924
110,4.863563974672451,-4.340284798460432,0.13969707143945792,5.248794658323411,-3.373372089210516,3.236945585049616,-5.865853084648353,5.469226159298049,5.548760701114244,1.5007594391323675,1.0454694401884406,-2.3817928722215,-5.370634678930501,-0.5147448323370162,3.4126381356533404,0.6407079950397889,5.20878442451979,-4.218268158597843,2.547799324169677,-4.683432461475401,-1.7421264527878306,2.661500335572201,-0.31677392352936246,0.7692594744705921,-2.7242835244315824,-0.5089122209961185,1.0444990214748875,0.01602709814033232,0.0028173650433992213,0.1658605386128762,-1.3631268261865632,0.7144341328773721,-1.647650182457445,-1.4859414156962532,0.9063087884092187,-0.3662405961605406,0.579482756019621,-0.11844149070008139,0.9769576644137871,0.08665064153746484,-2.1232369758020293,-0.5451358794600802,-0.48495828475514424,1.0398116734828637,-1.4537449969514715,1.7688161468481212,-0.9044935754402688,-0.9106321945652128,0.14935663478951175,0.8067269257819859,-0.5180715616306274,-0.32429442083658383,0.21220912914973575,1.5529330832663777,-0.6727959161612754,0.39567643931367,-0.06858534225439583,0.5185111345742354,-0.16412827078058081,0.35583556530654364
111,16.631992174736215,-4.7309648729244875,-6.812265482589044,0.9643708909208054,-4.012269678265877,-0.08827527628864862,-1.1585567696150965,-8.081514679724647,0.9493201579281165,-2.327186148995701,2.703980264731105,2.4472038305447454,-1.1644388205298737,-4.654529128361401,-1.8373787600178595,0.5430648293604512,-1.1018221549909741,-2.8142138376153554,0.2510665407335709,-3.2044240907807415,-6.932729756361584,0.13384211478577104,4.485352008878434,0.22880278454801983,3.259875332661276,-1.042846598669363,-4.32862234051141,3.297352999345869,4.0420937287414,0.5301138623668109,-2.5615397221385683,-2.088099062715993,1.3041648255932077,-0.37415708760222877,-1.1884848273402344,1.3999271917892844,0.24431920312616245,0.10485192265292359,0.11479645007291663,-0.9046861664087706,-0.08154277740181787,0.9788858194790263,1.0536332199280554,-1.532834681093199,-0.36605556836302006,-0.43793893935824346,0.27106207455705306,0.1650034969731625,1.2333017580497505,-0.23582000729182867,1.1083790861504907,-0.09983095018208356,-0.34359376301296607,-0.19425502967257594,0.27416366343077064,0.7990829019291293,1.1894703450555213,0.07951475639481405,0.1680409837046671,-0.7806242498031809
112,1.2172804896431044,0.477830106974061,-1.1481316845212102,4.7382213107173845,-2.282813404489602,2.6443561294985045,2.894552521914271,-3.9034229658844026,-1.1047018759214562,-7.410060183134352,1.4164917063562839,5.602109875433235,-2.7045020780353903,-0.8510299345585159,-1.8860822288063686,-2.085002511846862,1.7600695948613916,-1.9593224450921525,-0.6910898228221408,2.689804744325432,3.7015449215936993,-1.141343248243074,2.0072258421378493,-0.14521023793147345,-0.9677630054841273,3.183361762139356,1.6157917980119942,6.3268244070646205,-1.570249443541923,-1.0339909009528925,3.3967688043390596,0.18032321910012153,-3.4429900622055336,-3.065708887158725,-4.516262836201292,-3.111434377360092,-1.3146897331273273,-3.7079612692693575,-1.5609395341374668,-2.6091733097640653,-3.909724933378937,-0.4363736747910825,1.498377997645764,0.669912951951195,-0.35601582647630553,-0.8910759535613512,-2.366327477468514,1.31916368989196,-0.5829066422459415,-0.14809358169571574,-0.12790443415641609,0.14872039064725442,-0.30808964285069096,-1.1575569616130919,0.5571418537776449,-0.49260998900521674,-1.0322029391146517,0.6752235557052005,0.6266016775955519,-0.020508972714405837
113,7.322628267636725,13.993079190429702,-2.4883421734058015,2.150464276110897,1.5925008160745724,-2.364878190587415,6.898018428936763,10.7979425494594,-0.15263759420104178,3.813969851148038,-1.1600372933175862,2.154321829687168,0.48188880745326573,-6.507552486480359,3.1967924698642,2.1307010078253703,-3.373938046181838,-6.745712074124045,-3.759428804849785,3.3783422764624897,-0.005509705439916819,4.121607913803342,-3.3636123962554234,-0.9935756717121937,-0.5008515071840646,-0.08165605060423539,-0.9147546073079013,-0.6841116514940747,0.0012463317614887892,2.424649372852166,0.9681279008448059,0.09413282977387907,-1.0308767617322554,-0.5489237521575905,-0.19562183100018982,0.8265680652217791,-0.7415669692012294,1.254864432877382,-0.8666710894016295,-0.6709679065542442,-0.647652959295775,-0.12062170784749018,0.6908329278964231,-1.6024437498120538,-0.5573994598503076,-0.9907539823442267,0.023613285848103186,-0.40674679554951015,-0.19488458336998957,-0.19075756903029895,-0.03822613150983103,0.036931278024902224,0.42737778382315317,-0.14939319666421408,-0.39057543550718066,0.3147264692640859,0.199590366556654,0.17394995790771745,0.20441714573138417,-0.22101037997194584
114,-5.792376820756402,8.999771922977244,-2.7066775313038782,6.395203458500648,6.083599112445888,-9.730518992476838,-0.8332988445440537,-0.46705751203795104,5.21840155114012,-5.612908288822767,-5.452935707995813,3.745395941118313,-0.628099731353764,-1.906459225992751,-1.8176301974375038,-2.68740022552089,1.1440025932462257,2.2844397459429993,-1.0669277687531336,-2.034243359675137,1.1430950720982245,1.7571639353937658,2.2780765351093843,-1.5636522979278664,1.311611726842894,-0.9478359210711219,1.1058617882815904,-0.23255393751755424,-0.16302465469403096,0.23396026458398897,0.17828477797188955,-0.755555317807566,0.6290070625282596,0.6073656252858463,2.10947073547629,-1.68074082754043,-0.3813001073444982,-0.5125557025941497,1.385877725598127,-0.4463232712813515,0.0654031907017859,0.2484647767584927,-0.3489828621894843,0.9417732189857743,0.21995217304623846,-0.3750577240417443,-0.0848401031628738,-0.6005350134168584,0.28622177684084515,-0.039151051172316646,0.4059085830363351,-0.036978250951821605,-0.8372584918467114,1.1996063216891877,0.16335770960276447,-0.02640072567755806,1.2654539360889947,0.13833707479010715,1.7445020658759458,0.7968119279454856
115,6.224685765809399,11.124517335511458,5.693504646160376,-8.146980918809353,-12.821801368604138,2.505368581507325,5.0368284951836015,-1.8411595274199384,0.8086702380753835,-3.7335933978316076,-0.5416877480803071,2.3504170351585887,5.008149522443436,3.7705834930894877,3.7033225407246744,0.4517669791033452,2.8461305873602067,-0.8226883049641586,2.684489381279014,-0.6873862705085412,0.41534973167332184,1.6424097713854438,1.9399212602998384,2.0609950057375923,3.2574574393472338,1.5086996936747836,1.1407727884359427,-0.28707240820292873,-0.05095232837256888,1.0291603508503802,-0.16784954662366214,0.2752565076336189,0.21574180707429236,0.06340403522351612,1.0852818574803365,0.03497363024207815,-0.6853211480792772,0.23652376195210428,-0.2814211193208141,-0.6455595482041281,0.5294374093863433,-0.057346173478459495,-0.5499595563365,0.5116307443741344,-0.11995153130366008,0.07726616102300816,0.2536441598248867,-0.06448415803491744,-0.06309928365558351,0.3248503153211398,-0.1251849434751486,0.11114079314737767,-0.03766783235427932,0.1074340229925944,0.13645358976618693,0.002667953400633434,-0.07511898947016257,0.003963363111122609,0.1619769315542647,0.025894122420946686
116,-5.729955248290813,4.142907505199329,-2.8166443805401604,5.142206173260775,2.7518172241999825,-1.144036163710836,5.06474523564223,-0.90111315508033,1.3074995633868036,-1.7507601378073252,-2.2432826878728047,-2.0691862174041127,0.9616311189835398,-1.950008383483511,3.209170614386268,-0.5817029138352592,-1.3061383614881308,-0.07917948246249172,2.968551397828696,-0.08250617974163588,-2.1241356007525187,-1.4728865992411446,3.0547433310415624,1.3156026870655668,-5.333049578290694,-0.6120552927099483,2.37244061881663,0.661098884616467,-1.9057990865506063,-0.08356510935887736,-2.676763829434027,1.056527943312338,-2.4404435764081835,-0.626422559369942,-1.9991888601702967,1.8635544948712188,-0.023780491342210743,-3.420288320933461,-1.8576750558838107,-1.8319108057983278,3.8173505648934034,1.5520528254513488,1.9444844012103057,1.1525103773598115,1.5571350287897476,1.197260954270171,0.8755654484750398,0.39918290358765773,-1.0415843969032654,0.17456627895680785,0.4177975575203509,-1.877477425512808,1.209874396557288,0.2373945591629081,0.44330278392593125,2.0480172179925398,1.8985983425611312,-0.15475051975877283,-0.12117655327704432,-0.7005066073374868
117,-6.589395198505579,-2.3327264792800158,-5.9398334817771055,-3.8782189614068083,-1.132107167306897,-0.9522705596712491,-2.3326944322195025,1.7693462994967475,-2.6788189135469223,0.11222739643262959,-0.22944079911526222,4.459793682772753,-0.4053342453574403,1.899750905788353,-1.1645354926608946,1.3687076398873912,-0.713771151875714,-2.4463673095724445,-0.737030116996658,-3.175463962540005,-0.14899588498848734,-0.40689220113605473,2.1590630873476226,-0.9132529841318053,-4.103974447589117,1.7110567077877454,-2.890116714524693,-1.7978836388133852,-2.2881609647039602,2.972890741588742,0.6139852003232621,1.712921395192809,2.439192099498201,-0.1395912655989592,0.31830449430800145,-0.3055453079358651,-1.0300077734416537,-0.4705288129737611,-0.28588011748619585,0.20741831872673328,0.3615244127713176,-1.755491920969154,-1.1424783880531513,0.5173682733133825,0.377844060090364,-0.37578733924441915,0.1500022599476724,0.7502361090447245,1.6364526963540698,0.5104826300496426,0.4081779610743638,0.21888623115302022,-0.14408419837681877,-0.5003324446083677,0.1702613088302389,0.4833213921943196,0.506625070012711,0.6302344437275219,-1.5898927827112466,0.24311608474726973
118,-9.312111913234784,0.6484073857370085,-0.41448890751532474,0.5249730582846351,-0.22631819919961382,0.05989576601777238,-1.0050438445298149,-1.6234691182361543,-0.009885076525489063,3.856558304451669,-0.54594271046838,-2.794653186127432,3.2920780375352248,0.2101333740935359,-3.983960844343524,-0.5249852077889613,1.5420136585750024,-0.7332867366605503,-1.2687344961022324,-2.3884278529113177,0.96085289858885,-0.7811161826064251,-2.4530340365479395,0.7745570782540472,3.298153526822705,0.1558627133913713,-1.5371086603630049,0.7936528095776336,-0.8478576036872402,1.0846151689844412,0.7020017325257927,-1.4131139080156725,-1.7263670272073939,-1.443605299475755,0.09145645099228052,1.1486431054764112,2.481884672525777,0.36556072530833766,0.455736353521515,-0.05816238251042341,1.2542045540474505,0.8807801412086284,-0.6958171188804431,0.1686298324714771,-1.3228819295563758,-1.0991756661112686,-0.7705914486759334,0.10619288659231398,0.11622271753833965,0.8374702464560784,-0.1164938158244965,-0.693088697561046,-0.3242854218896051,0.17352448758999198,0.6146276812944783,0.49556024547034494,-0.11439111196947047,0.897282942652408,0.7168104262086686,-0.5803972026351641
119,-0.9397051444618788,-2.2470193597317736,6.631572407969047,10.910120684578606,-3.356317542109851,-3.6910959034598787,-5.713370379983855,1.2590551966363284,2.954122531809353,2.1365382815920455,2.6342320046659027,1.3250064731305957,2.366912238548591,3.9211926628127634,-0.26291339927930785,7.137236867304151,-1.8668270140652488,0.48887423218456255,-3.4299352975866166,1.4361565352546204,-2.0679126022799093,-0.029124125869546647,1.9487520200670267,-1.8358828637953175,1.2525679701349517,1.6892042035169135,2.5926814505013738,-1.9981189074728176,1.5101369146756014,1.2677509938888774,2.017512506901283,0.3794763501583388,0.9480568130035918,-0.17449198536920163,-1.3206980147882432,1.2262108892417183,-0.49459485744278747,-0.3266700471568945,0.46750629967833324,-0.18816539121666426,-0.10725659332782857,0.8080631331903416,-0.06232060359035325,0.8879332615864032,0.16350155545791836,0.29392971391241896,0.16080971022099538,0.5204990786963463,-0.5025791143900398,0.3008602006185671,0.013926808701292826,0.16007662822397487,-0.36828101464537966,-0.24872901804840497,-0.0391159270050941,0.17178541531176486,-0.010359873333747,-0.08044443230658815,0.02366910377865876,0.21275913911764155
120,4.236193264266856,8.538620059027398,3.691168851624239,-4.210443290733352,7.148614508290934,6.286963060891125,0.2561145128248411,4.797888845691591,5.678057310038885,-6.978838782908942,7.885653134415153,-0.24543831914732678,-1.7085782337617434,6.349908640789988,-1.429425542183012,-3.071945899127764,-6.697765935876187,0.2304345974958374,-2.0778883803816472,-1.2532344350135607,-2.203557778405519,-2.0748224874149606,1.029594882218196,0.7947730320917182,-0.7078018019958809,-0.965139998199528,-0.8297901444466803,-0.23575950964139977,0.21818240004549905,-0.7419951221431048,1.4322479889235973,-0.1427783429728433,-2.880647158741566,0.1805187266989627,-0.3020122456957645,1.1028647896176058,1.0098543041290362,0.3070956637005788,0.1582008566375717,1.485696314509478,0.07187866616114802,-0.6799518553463543,-0.9244721466050817,0.5268331844233184,0.19765729227982515,-0.0951214643896684,-0.21115538573612877,-1.442662261845835,1.0730672274152142,-0.08900699132931847,-0.03510233015222503,-1.095246893640673,-0.7274723871271765,-0.6660318116976431,-0.5784687341392609,0.10159402525790917,-0.1258228202455379,-0.11329997253402381,0.12045997221412016,0.5538836468098874
