embedding_dimension,PC1,PC2,PC3,PC4,PC5,PC6,PC7,PC8,PC9,PC10,PC11,PC12,PC13,PC14,PC15,PC16,PC17,PC18,PC19,PC20,PC21,PC22,PC23,PC24,PC25,PC26,PC27,PC28,PC29,PC30,PC31,PC32,PC33,PC34,PC35,PC36,PC37,PC38,PC39,PC40,PC41,PC42,PC43,PC44,PC45,PC46,PC47,PC48,PC49,PC50,PC51,PC52,PC53,PC54,PC55,PC56,PC57,PC58,PC59,PC60
1,-0.05428136825576579,0.04965133751443539,0.03508035157455429,-0.07497621647428153,0.03891106764040243,-0.04284085037637452,-0.030299822852567774,-0.01420946987419062,-0.0724240636830926,-0.022143459649118354,-0.036370546515989234,0.03308648533643347,-0.016396635583361057,0.06562904172535797,0.10499442948588486,-0.03642794399768946,0.028410038966296278,-0.014528800138281001,-0.06330458477161778,0.033945839353067914,0.10979692842366659,-0.04410953239130801,0.005750539792382318,-0.07769786241660061,-0.03194370339238017,0.024225241165478584,0.0257997248207651,-0.010907794511473168,-0.05974766520461419,-0.02117042538552847,-0.04083386320995361,-0.03142433666746914,0.07063303175951428,-0.02054992202685542,0.04590401213997113,0.004791294845134746,-0.014640691181383043,0.017626268216415,0.14979687127744742,0.1000532984633761,-0.09644268660111953,0.022455952404189437,0.03898914385208816,0.090816542637185,-0.08225294294354708,-0.058988027205146155,-0.012138614062866605,0.06511230151186086,0.0033637607507259093,0.06586620995414613,-0.02737470975667268,-0.0305769449840477,-0.02240624415893646,0.12910426414397572,0.006606880857815553,-0.009316443502942794,-0.0798206570524006,-0.0016834606152988472,0.01691604469897479,-0.12059013166450065
2,0.0683951940504545,0.011804229673011825,0.03128555476066685,-0.04183776993378587,0.05333394831500148,0.004072553531268728,0.08681223096858298,0.04015892512739705,-0.08748868098721944,0.05496588544468165,0.057301830708574704,0.018448584998495297,-0.006516159137383161,0.03866175737821513,0.03771367327311139,-0.044825631508555785,-0.02824819834309869,-0.024076696013521654,-0.03545956989392987,0.11136673910876708,-0.04692778338404013,-0.059533131274085827,0.05276364948152559,0.0056867203365060385,0.023408287814498236,0.01564275900264499,-0.039514722498820855,0.028967523889005312,-0.008855479051474756,-0.09499731432986469,0.10202236070245091,0.01812650671697854,0.035716376776372794,0.05963955878822775,-0.017943273591421602,0.005752488274995382,0.06597647238413502,0.022892870355252663,0.009409870852639151,0.016076923607744324,0.02423548121863799,-0.036745434524526825,0.02491488107021698,0.012274151881292673,0.055193977609287265,0.06993829464929908,-0.03586306220311583,-0.005318510168374859,-0.0011186091998914658,-0.016345070757400087,0.10741104251185545,0.032738740083579375,-0.08986508539607387,0.05475137471183066,0.06664122434693985,0.05767740527493202,-0.01146392737961776,0.0317504729487675,-0.04364785780912454,-0.07153182009998868
3,0.01907995087102443,0.050495555848936384,0.13322884372162477,-0.03495059947106137,0.026294658493019218,0.01971800991995014,0.0012116991079829961,-0.04901758068245793,0.007691412117425347,-0.00567686996468348,-0.04149776314420236,-0.061444586311866584,-0.042581505301947806,-0.03002514908194886,-0.09615514058167572,0.04058797170049168,-0.020888705120364077,-0.04242198586283294,-0.06386027016298947,-0.040128088841573546,-0.04921127862323783,0.012608923464660483,-0.08166812006442452,0.035619514943059,-0.02834591287775711,0.009944875766330753,0.00017324909123707594,0.020553806540688998,-0.08481577461418266,0.0012544349379159595,-0.01772193512708464,-0.02432827350816751,-0.025105830136680746,0.005033977166019076,0.030455708215551,0.005665672421133587,-0.028871289375019635,0.0021787462730142137,0.02570103274272401,0.018776891116536455,-0.052555574731151834,0.014415229229923054,-0.008121522314602172,0.09085446786458791,0.05311713204584554,-0.07748531058412106,0.004452513401879093,-0.026795583248835915,-0.003315185003942548,0.03470196396440315,-0.007451357136893043,0.06611312791591466,-0.003329173732685178,-0.14109675320643797,0.07264139101667619,-0.02478603482100946,0.004311898364524574,0.02826376777015016,0.07009860760871019,0.03578198195829907
4,0.026894409792999497,0.00011004089218722012,0.09056710514902469,0.08688172763030128,0.06291354760709762,-0.013486372531800437,-0.004984400962887925,0.023324748465169215,0.1122603264587943,-0.033727162966966276,0.01641637989440229,0.009477987729119088,0.045378523431136054,0.007260451262722927,0.04231473036618664,-0.061094483507237556,0.06623389257711934,-0.07367901350880339,-0.011624015071135424,-0.05436611404972265,-0.03474307545871528,0.0029210433597567126,-0.08214819834428677,0.02276006563292413,0.026730717688920803,-0.04876733725654418,0.005910870218806157,-0.0019127101004822993,-0.053376280805715326,0.00271464835633973,-0.03608849553118539,-0.020570389372877113,0.02707431760277167,0.03535972143951552,0.09819187341549669,0.010085900458807329,0.0593751162364913,0.014305858219835172,0.037723937810746955,-0.012703477780198643,-0.06229625366956444,-0.014315033285018956,0.07200656599986405,0.06666973545148229,0.011173077986381154,-0.04181052818017234,-0.09948012276538531,0.0022526274097073545,-0.0317656173967316,0.018571523470525108,0.0025197116787298505,0.05862905760852743,-0.0013486146337290976,0.02363758321477351,-0.048798362456952724,-0.0372339645404539,0.03228429994836452,0.03326828633691939,0.07215341697218748,-0.012734584889327693
5,0.013967781165008528,-0.045953679627625824,0.010822215356501862,-0.020303311051260715,0.08547672614732074,-0.006651332490806901,0.09375391835488425,-0.06833743413782112,0.011706070441159623,-0.05368607540290002,0.021283257301723424,0.036160505149364565,0.09685028520180881,0.11790472773523229,-0.004607073608627519,-0.01244659327203551,0.01638113774022884,0.024879752639828785,-0.018873759034262538,-0.06631945982254522,-0.005549710462584788,0.0687290587068608,-0.0334820418270634,-0.05389908707474639,0.050554147258793945,-0.09495517901353513,0.01710159460470824,0.06764415716892763,0.026158241582970115,-0.020739834165243387,-0.05689504533053537,0.08479525261517774,0.07537365582616612,-0.08485203684056133,0.010135241459150514,-0.08161505684951753,-0.04157771715145946,0.0008326842880818634,0.05113050078073023,-0.0793048020431016,0.02855134540407846,-0.05058894845755788,-0.02868609606179675,-0.004814783503623644,0.08270774041750471,-0.09708971285387069,0.03322812887988511,-0.04325479493025961,-0.022742257642201735,0.04239501142600762,0.030905739091289304,-0.10251274270301984,-0.03682157345291442,0.025705461871519526,0.05239208761617694,-0.056107802283680355,-0.019774687015109618,0.03816796023356974,-0.06090097481896073,-0.016826248044044218
6,0.07361507749948386,-0.04607127777063999,0.022471220205177406,0.0046487211662956576,-0.022350257067549735,0.0037010381804889105,-0.09669594476875548,-0.021155256107652013,0.04649231023816539,-0.0012724838077379386,-0.07014422926390419,0.04719063430641608,-0.04307064592626328,0.014116319867085201,0.026052410625729928,-0.029896172405982375,-0.058654826609557585,0.021986890685839967,0.09158061226852565,0.06786890317523143,-0.007844364887981356,0.06233571713070952,-0.10220988449474631,-0.10169723166969828,0.004560716187181097,0.028511873897106577,-0.06884648565990537,0.025844498790554404,0.09793380438782329,0.06260922371580825,-0.02015227407213166,0.02280435695123335,0.04600348987032811,0.010332082418505908,-0.02949866182617451,0.0351296841845901,0.07019152813403245,0.04374738455849558,0.010033586900679733,-0.07520574146779838,-0.02238353263487657,-0.05653036031388399,-0.022169559800073853,-0.017835582864005387,0.04828856830494229,0.03328224374195236,-0.001864712641632296,0.0704857581929091,0.02686426849921155,0.013955709647690023,0.02261646918133455,-0.013712999643913388,-0.009139396186473848,-0.05771057171278945,-0.010318090513573143,0.023379211803552312,0.09205022586806715,0.06083088252295196,-0.06183857169101162,0.03691889268305252
7,7.346175021988428e-05,0.053852882615275516,0.09101059692974067,-0.01850626505397763,-0.06410628733871994,0.01400519561541903,0.07355386102016827,0.002273278154500297,-0.041797105488741236,0.019162739769275097,-0.09233618693827816,0.02804005025021063,0.021920214771584803,-0.00032721632817778336,0.04529946484687337,-0.053848557035586594,0.06067906729848124,-0.0549771827722932,-0.09630441076538626,-0.056287565438047804,0.004725480787947598,-0.005645201814582575,0.05535967104716981,-0.026664177653927038,0.09465145329909604,0.020223094511607656,0.00936059249336278,0.0831840351322578,-0.04788518594096714,-0.06424801959837051,0.01614903397328605,0.08422571400161391,-0.009262877046719721,0.1102673544797503,-0.014314165144482279,0.0739919883923254,0.054839963800998176,0.03304942377983041,-0.01752882339265889,-0.00131389125152115,0.04717601491334109,-0.006673992046423021,0.06473177505160585,-0.015815362188396097,0.0710877933634273,-0.06608068170168,-0.07633611746443375,-0.0032232646342192817,-0.009889963053015224,-0.0803491956221054,0.060857440377860186,0.044190478327290665,0.053986728744708286,0.001729926442210956,-0.07542932374996614,0.10823217578343142,-0.00524840087993491,0.0132708978030756,-0.0914320050458785,0.046021470858578835
8,-0.04395186739091283,-0.07403852484469269,-0.0009916294965069817,-0.05329456585794527,-0.05037014642238267,-0.08517284982486198,0.04318186848784169,-0.0018039881011451498,0.06028149360515258,-0.0031726497138938473,0.026862815967026974,0.05162372508452408,-0.10068516646843026,0.014589098740796289,-0.017814158613519773,-0.013241391758378598,0.00604714013140398,-0.08384538214918594,-0.008157652083912085,-0.007368403042895212,-0.061741052236349875,0.07588988086774426,0.03554096922071994,-0.019279115000025653,0.05457671525597742,-0.04402667208005291,-0.06383261795735817,0.06838562624792617,-0.061029625961630876,-0.07683104458767341,-0.03742345821281677,0.04416887131247266,-0.08490421888081176,0.09109208787907601,-0.01338352499981635,0.03769896482563762,-0.006838424663331881,0.013652918967143414,-0.06419804146936023,-0.037517029631204894,0.005809636543947737,-0.0648477168691995,-0.06203351091657689,0.01823103059264016,0.021799837210696737,0.10506970476108023,-0.02730974797499957,-0.03885000169186127,-0.006048698336090785,-0.015650083652457993,0.05862256892953212,-0.007084065004558972,0.010132190063529447,-0.027634368149942724,-0.009218725671306709,0.08089782823326225,0.031520187205099,0.02965457065942956,0.059493490218134326,0.013534877062604206
9,-0.012606925116120682,0.0017645172453524594,-0.0690198843947235,0.07347842775461307,0.08800658101329725,0.02712878886890705,-0.0957319005592508,0.02405060046143638,0.015188765465310155,0.05511640471279711,-0.06321661561902253,-0.05583030479874751,-0.03497325077441411,-0.0008092452068321312,-0.0807491843816166,-0.06398140520531116,-0.0022217193516526064,-0.002879845594115768,0.024736491863775776,-0.001832264551715631,-0.0023451165885659143,-0.008528407262343184,-0.0481997809889596,0.004003340851268596,-0.0397746891613935,0.10731938497194318,0.05963519410806575,0.011319527927783122,-0.06927056527640243,0.00016669393843744238,-0.011286331154636996,0.07230968843557754,-0.006525186932939558,0.012698573682985341,0.06832096484454885,0.033987526479534576,0.03156963436966882,-0.028219800283481044,0.01573293077804602,-0.0117717057125539,0.09446655773281194,0.09432973699377446,0.012046044130642612,0.05614596089342673,-0.031261869207509826,0.14991212595714287,0.0704255585904263,-0.002184045148030998,0.01149767557585561,0.03152025574329171,0.041779258067055305,-0.06138570253712972,-0.06449993993204349,0.036688712719185494,0.09186097979582548,0.018331499404528065,0.0209055938787659,-0.039495486803450906,-0.011499581807996808,-0.06916985248058313
10,0.06259479383839404,-0.021006187019708824,-0.08429692417569,-0.00726578987733115,-0.07050117805691668,-0.010845439476488354,0.01728201596767699,-0.043204129720706835,0.0031782129422911424,-0.0017199552042322299,-0.050868114774551776,0.11929884753724973,0.03973295711185924,-0.059677371151518194,-0.004845198216570785,-0.05281253185342724,0.022594442192993783,0.012629490982577277,-0.020104466111017297,0.02040490067388439,0.0686209618322865,0.020300948731538888,-0.028561422560241946,0.08337703272711823,-0.081750777495558,-0.028998777943883638,0.05921335044202508,-0.05269790433644169,-0.036922980269246994,-0.01976335527247683,0.03321404179308526,0.05387327744206769,0.04375355626933908,-0.002269214102856347,0.021393150932138685,0.06888406739885461,-0.0385181885898951,0.03115533945436744,0.02557302841616803,-0.015708539024847097,-0.05901887839922246,0.04058248564531654,-0.0704321038831022,0.021288541139505752,-0.014875357422480643,0.019203767093845203,0.10514319873765571,-0.04999730953871415,0.038648294444861585,-0.0922110377289437,-0.005911531835964469,-0.001651404908588646,0.056663462300352435,0.06317736430815682,-0.01676148326304933,-0.01147244888230822,-0.074134957014102,0.11289356378518615,0.03009601243836094,-0.043094826421018195
11,-0.03748933691188478,5.418686692310073e-05,0.021895583261247666,0.008475397304245125,0.041568851796706205,0.06720091906129691,-0.06441045883644105,0.08156175455495975,-0.11041150374847554,0.006934094780971312,0.002166781463113703,-0.005248945690262998,0.10063080050745486,0.07776462655178736,-0.03042613993243901,0.08408757105404391,-0.041698021714198695,0.038712263734069934,-0.017326657623409715,-0.0859451437087461,-0.001773802693962419,-0.04018760981043241,0.05821334161563139,0.03722917322308611,0.005392888643634903,-0.004771541364132705,-0.0013576306275923653,0.025237848431924163,-0.014639057043895483,-0.08846233907582157,0.05941163066740055,0.007656845913876655,0.043074017857941536,-0.0666029856095907,0.03360114791283739,-0.1355067033288087,-0.0032843416948862563,-0.01745940130939612,-0.0019665404191248344,0.08975957720591352,0.0448749366038521,0.009328591267170947,0.021211043959542944,0.00019287595532973834,-0.0046249849525450285,0.06908713445073304,-0.057595210714945264,0.05260289933998232,-0.021546603778700782,-0.012219688598469749,0.01817768477509744,0.12032324782922872,0.027384913146579055,0.02791056039012632,-0.0681849511432871,-0.007896647800503375,0.10868094606859136,-0.03746427956581713,-0.053325412522074955,-0.012155621383743735
12,-0.023317128264088327,-0.07048377654160486,-0.07146065711061562,-0.02867916850727955,0.02173418631317405,-0.041164948863098495,-0.06142343684322069,-0.021757125227346432,0.004924787895576669,-0.042156230039681095,0.030726971733087825,-0.13671875000275924,0.014038051571297266,-0.02900869520708424,0.002038196059003495,0.058472767604397416,-0.09678264180177516,0.004708716541373177,0.06637475873015594,0.07329620600239997,0.015438053206268341,-0.05080903539667706,-0.025062809338800444,-0.024882284444914218,-0.011582099343742089,-0.007185399280226342,0.03192766535352016,0.036250879597452094,-0.020325903656035652,-0.10508117094045069,0.014736575478866327,0.07184298931558315,-0.05288034667313364,-0.09961799941039089,-0.021300702493170526,0.021708347290221235,-0.07210866757660472,0.017416878654894545,-0.04369975181389734,-0.02154955174883786,-0.027935514121035288,-0.04327807407516901,0.024181880529337677,0.005178725166436705,-0.01212548605244354,0.01788799386472883,0.02577173906899939,0.04879783715813348,0.08781495875210216,-0.0950219300751523,0.08014482273182798,-0.16433483304666618,0.040505419868284445,-0.02242501204711168,0.03319792139090673,-0.003648751605348074,-0.02241048164903766,-0.00848475861067915,-0.01026376267402968,0.020519303824515406
13,-0.009144824785416266,-0.027873546080282006,0.023485643074418694,-0.034025790708793115,0.14873851097187335,-0.01780998380561498,-0.0658673317420289,0.028987279033713367,0.020359846184053062,-0.07128691161940225,-0.03245611380039461,0.02426883175068313,-0.023515846540262394,-0.058838114486209014,0.010207788920103034,-0.04401305504579027,0.04418539311799662,0.04966499798176205,0.019667996380647687,0.020086719575538047,0.03243490232380167,0.05760482507419313,0.12278723886218663,-0.0032270043195339972,-0.054542545729825934,0.011867818895202798,-0.04367898162783886,0.022205642943338006,0.03207122253500625,-0.0423141217913185,0.055133443699242855,0.017958214588321773,-0.022333427740108033,-0.039199144867909375,-0.014935524571162229,-0.0366335944523284,-0.049802616960782656,0.024892594207400358,-0.0162912560858522,-0.045483734441214736,-0.015036886204504893,0.02310396551749527,0.07478417688961715,-0.08732436165773087,-0.10013747478938614,0.005439284607708196,0.0254892215589474,0.11019312490076166,0.008289754216955172,0.0035482993541138316,0.118045134487385,-0.03242415220339277,0.040881728896676996,-0.027772050365295047,0.07983979568991037,-0.045847849797118416,-0.0300173790309972,-0.0102434240735131,-0.039522833449661766,-0.020808982879381505
14,-0.029102238305208552,0.0096465833314441,-0.027319190254233516,-0.014472579064334452,-0.003435045487717984,-0.00013075231544137927,-0.03289204902462296,0.0583321202714753,-0.01309430819691355,0.027249713414715392,0.05565419977424252,0.12190718310686945,0.04862932932748571,-0.06518059317262655,-0.05991038314663721,-0.04438446075086781,-0.10405999156004277,-0.04577139390185719,-0.013656680206197114,0.1057457029316198,0.02447889127543754,0.08904835319476472,-0.05023836360126981,-0.03147900167239855,-0.11914018342231338,-0.07246189237138942,-0.03131569241524155,0.15014541610338045,-0.09779120092740347,-0.024733226803610196,0.1419667214023251,0.015223927606469054,-0.013870221561768108,-0.032770351684700015,-0.07085395564745701,0.004880034656670237,0.050301843370635896,0.015020776256715072,0.004726601901410881,-0.060488419278255094,-0.059134047918513115,0.04605015552743519,-0.05112852618582548,0.04031274692332763,-0.10097343607652735,-0.02689995725924838,-0.06559127661775924,-0.031178942472166692,-0.013412104505010448,-0.11331217104242387,-0.08299108645766046,0.015534390114304191,0.021530226343383835,0.01304753729726992,-0.04698165991370948,0.09313481690228714,-0.0344845978082912,0.05218285257538372,-0.010256281782369836,0.031818175593465045
15,-0.11942127931426307,0.0317858491267747,-0.0023529934834222678,-0.033169383333831265,0.014870169778830915,-0.0008621820117070217,-0.0416159624158495,0.00957460423251222,0.0008090427171077277,-0.05378031753317092,-0.0568256223037551,-0.0017754809361557394,0.006866037404321901,-0.0013342996285658055,0.03135118964388742,-0.04733073413570667,0.010141479122759603,0.020096216003318484,-0.0215552605894374,0.030253155524679363,-0.014078291226995505,-0.03855490617506227,0.054121692726181045,0.021591214877271454,0.005298497034885926,-0.011259088259799288,-0.04334604353477458,-0.048160440826710935,0.047889690742111794,0.07212851965334172,0.02171994853037229,-0.01562286869722082,0.03201731899917176,0.003217615217937613,0.02785845768771555,-0.025877074901806848,0.06184436174507475,-0.008457783108041786,0.01145386660873045,0.011123931524854537,-0.06648448073526309,-0.03719024519867551,0.0005908985934764002,0.06633939058027671,0.0545208207757939,-0.03999627796279516,-0.0032955976536823816,0.0017074534241667502,0.016066158106560948,0.027066444861898718,0.048362466768720004,0.022555091998351116,-0.008226309055149351,0.0037556371155742355,-0.00531771042054145,-0.04499381498384113,0.031508072710953336,-0.031003426803181588,0.031884746412194874,0.02759165243981935
16,0.044345796709162645,0.036500945248178866,0.08283701652232836,0.060208759276511106,0.01081633638881728,0.09607821093522824,-0.008803455802529711,0.03656678388872722,-0.009816789952697576,-0.03184936164562097,0.021563667618957956,-0.04202132322817839,-0.04219452616803767,0.04649666231493527,0.09049043936075492,-0.016776283557819186,-0.07489947867418995,0.033136960712086744,0.004756695712045779,0.028073205571073116,-0.010894344211826197,-0.04793028201269329,0.02073369817622658,0.07093726873278688,-0.04573893138226224,0.003190887285410536,-0.024069727592517607,-0.0013517575695340903,-0.012597078070695314,-0.09945216308722035,0.004905686771762674,-0.07102897215660192,0.035963312368689666,0.06748481090366963,-0.038556665400374786,0.09646343435839344,-0.03362125940544052,0.061574170246839116,-0.12674297697655945,-0.09614678311721225,-0.021080947671992485,-0.08489419671789863,0.03975285801252102,-0.07117994376183451,0.06085142428667461,-0.005931136436150077,0.046493344858137255,0.038981290860341626,0.03185505588173503,0.0022812167984361735,-0.02713115576282209,-0.09413000954811268,0.04859029550741068,0.0775298064453312,-0.022187210702843498,0.044122011307481473,-0.05470091194397453,-0.06746144511440172,-0.06564549004075448,-0.019242776342469202
17,-0.046259950956021416,-0.027342511414013067,-0.03169420193689923,-0.06589885118984251,-0.07006564819702733,0.04192072270142902,-0.1174781262925941,0.036353141382424924,0.04792320860813501,-0.06571879436659654,-0.04051381425652158,0.04295685586378278,0.06150352687779937,0.053204884353931094,0.03312389455963315,0.002212492360706691,-0.010396120813649715,-0.01824047816597284,0.057772740090746226,-0.08462912985129507,0.0009106435648137763,0.027047040050887722,-0.04010434750005688,-0.03215149763562788,0.013171853923514307,-0.03246027080328359,0.09772839638264212,-0.011119837259664355,-0.03399757885440384,0.016408186167327116,-0.020116903913694473,-0.036403750115444014,0.014272147025001878,-0.03938344044947111,0.010534305711017815,-0.02715212773883991,0.055941687032068234,-0.0032188948618260397,0.038200630981202424,0.05574899511761425,0.02366487547637386,-0.010666537285112403,-0.04468884809521557,-0.00772745105486965,-0.034581447757610656,-0.027749132815616213,-0.0052869900954472335,0.009908867789951979,0.010137797244726418,-0.06785919925758811,-0.11726403845460591,0.026778389066512465,-0.006595332237965601,-0.06647497549556097,-0.020084896074911804,-0.014637086277690295,-0.09328244041156823,-0.009789482897532481,0.051640252630253736,-0.004626860664401039
18,0.05405078580473657,-0.055602597507826965,0.02128903011138013,-0.06958868178756325,0.03418644895147102,0.04313920333779583,-0.04775301236498819,-0.035600247389093585,-0.015015404215893938,0.05842912324525857,-0.06284739700926792,-0.03318744395670081,0.01701054321399458,-0.05901447596431938,0.027641880506905702,0.08369419891254061,-0.06491424701984604,0.01445622709861401,-0.019474648313453857,-0.033350966236675564,-0.06681435763173028,0.04212432352628387,0.054680520871053975,0.09238032289981234,-0.02199831873721921,0.02323045448794947,-0.0744835897130258,0.0194442507038777,-0.020553934780963127,0.06194454128355705,-0.01587878942073713,-0.13442653950473776,0.05511216266880767,0.003247232984685006,-0.047548886320940086,0.03993197190864686,-0.050515424157465155,0.00331593997359782,0.05059282836290766,-0.056382225854809426,0.03498344224623255,-0.08477899161696978,-0.048615489341268574,-0.04059492913244131,-0.001662018614755425,-0.025733692349678167,-0.11198199093201433,0.08041265055079222,-0.09553975491150474,-0.09508367129506168,0.17661834713419572,0.037025087405796075,0.04650690694597191,-0.042956271184338826,0.12438231601570751,0.05030542316595469,0.09232599776205268,-0.04730407383983756,-0.11285336355037014,0.06620216028089938
19,0.03305292131117163,-0.06556322634937368,-0.06443589561266296,-0.06572590862234935,-0.041255724223449024,0.05298991694771202,0.061086231541039655,0.0008884769107057445,0.050377910964194444,0.019889222205247754,0.007603977690386591,0.09033406221325194,0.09113817776375659,-0.057111277134991666,0.005828615988414653,-0.0025133973095852378,0.01483317359981289,0.0001374217850938537,0.11109843684909257,-0.03180839624488631,0.010925296176062006,-0.05827269536248797,0.08142958248095095,0.011396034135772951,-0.040829435579345624,0.034338881999831414,-0.01865114691010347,-0.004611014022266173,0.041521731509477196,0.00449059612742438,-0.02792068785819963,-0.012527912492621153,0.12422660361933557,-0.046024812260839355,-0.006028282866410363,0.06893580079095403,0.01151952502553918,-0.017127721018722678,-0.012934515469693002,-0.01728733166485423,-0.009731798001660595,0.009565143863726097,0.015382747696515707,-0.030101937012530774,-0.07276387633287143,0.0485143922879758,0.02359600502238384,-0.018084617802238297,0.012179501498306882,-0.0351104195917055,-0.01804881037410968,-0.06025505058132721,0.03388543400529549,-0.026302010989779755,-0.041787502760177106,-0.005471783749768874,0.06618947606381718,0.00037430581907551424,0.08503410094342585,0.022721234343890444
20,0.015242063426192472,-0.08057966379891093,-0.03404691604285458,0.13260848959966548,0.0311249585177074,0.01652572981211075,-0.007223747264814695,-0.06741175900225369,0.007410710377003143,-0.043486786837765905,-0.0020864307547159983,-0.009811989596455186,-0.0022206228099937273,0.06759383667785214,0.021752282677945982,-0.007653623669211221,-0.0008901327623859122,-0.004170898500899363,-0.045767313547533196,0.027923957474157168,-0.04564567902710013,0.002972317727809479,0.010477205178359301,-0.1118394069632175,-0.009337467471591823,0.020764818069392267,0.0034017838868722894,-0.06121013326223295,-0.039316171497652694,0.06668845316518285,0.09794070616168067,0.0637645135206792,-0.053193470741630215,-0.058395478645205154,-0.002852221420455303,-0.07460706427639598,-0.08455121165246857,0.008374541857372861,-0.009261284384673427,0.03049292201342315,0.012232189021395518,-0.059583435345519804,0.006041606204089619,0.05566654287526582,0.06446732874685533,-0.04038249396419132,-0.053639413939461165,0.0032459421308835192,0.011727441151935938,-0.03075000070834313,-0.003482438596877497,0.09793712699842788,0.01959131939573572,-0.011911984712279135,0.05466802757775981,-0.034803626055320024,0.00615951965860219,0.003007015609049969,0.09181188859052064,0.004615045582156098
21,0.06629033279847994,-0.023296481526342134,-0.06235350079577649,0.0680349943482264,0.0006070666539316644,0.03725447832071834,-0.011566901405730018,0.12938986915123787,-0.004016374807631313,0.052522774342871816,0.0294179989146284,0.04804663272186636,0.028357760497735748,0.006633704636486891,-0.014747533112986233,-0.05111836701634273,0.03738169608494611,0.015161662917319955,-0.08609285745978346,0.01003050214749511,-0.04073943147007851,-0.008739890121222314,0.0003890183638197577,-0.02939338046206497,-0.0013954935576635948,-0.016127038041184948,0.030960085362798883,0.04440705050297888,0.04527131857825663,-0.04259913866492732,0.04260977747458738,-0.048931185736892376,-0.09583424680911273,-0.001717965908124102,0.026551749019402406,0.05733282733005074,-0.007389118447985506,0.016427358081963377,-0.03690795993888523,0.002212677811885619,0.038143442781164584,-0.007377315891530055,-0.017961666783331304,0.03410903938135623,0.01672875899769144,-0.003454379236577388,0.06154130470479867,0.0409704264350979,-0.06304306596444263,0.032032787949464805,-0.11469611061681599,-0.005491871484665836,0.05363537764126395,-0.00857882427620273,0.013279928244908298,-0.031096595095427185,0.09327458748818163,-0.09679131104856911,0.03194450587380587,0.07691705635982067
22,0.05791081707805166,0.07979201599956028,-0.02076494362222617,0.03144739479302824,-0.06361724545188499,0.06494698389642868,-0.03745700959635377,0.01045920339260627,0.016615775945981456,-0.04427872990875731,-0.007235242712211815,-0.00666543832959972,0.0811709647861718,0.049795144552732776,-0.04956008866114594,0.06497763067294442,0.058301516624927684,-0.04388278322312646,-0.02002920541236424,0.00954067474354371,-0.027705172561636137,0.05450540059396285,0.09667720236401292,0.027562387940626938,-0.026699039590376356,-0.023679854957202796,-0.053128542602298386,0.05929507013262268,-0.00750927536431924,0.026805009949520484,-0.039357470047705595,-0.0012085298129102153,-0.08779524645457625,0.11417122610600601,0.026606223479779444,0.0628334644099296,-0.06646191980181247,0.04320585893693499,0.032348333895799886,0.02006329911317851,-0.016207721910030143,0.04713586691128744,-0.09880552413437792,-0.03214799254842307,-0.10820956578549779,-0.025099569729758048,-0.048401989548188216,-0.013308122371053928,0.06669708439753798,-0.0015371892517447893,-0.04026866105300477,-0.05534092934335615,-0.036575655645088405,0.07301357301337542,0.10571415096290253,0.019043177402922454,0.10748975502765809,-0.008154311214962554,-0.022012691371295398,-0.09835193444033805
23,0.08653656900868943,0.0576269991619745,-0.083989948194996,0.02268030521427621,-0.02996707975648861,-0.043982327340122314,-0.019934009819678394,0.050762417122855244,0.00870884064678184,-0.020378979373457416,0.037950139794358455,0.05142696736785798,0.04928726545369098,0.02068790592350673,0.034081690884509616,-0.001658074212372773,-0.008436340481604045,0.004893975944019764,0.092281676540204,-0.012333891515524425,0.013737342630701843,0.047966888062461036,-0.015144864912998506,-0.0730246660021014,0.03996883048670152,0.02359943523884808,-0.03450978093613155,0.056334196830433725,-0.05544683709819455,0.038096097141150746,-0.016678867448110462,0.009613198790395981,0.029539023459591248,-0.017270460280602994,-0.03189222019701121,-0.03496991140772514,-0.01763548742291998,0.048257123017033283,0.015543264213667194,0.0023777975971193705,-0.019338399630136414,-0.010305418387574315,-0.02075116650526743,-0.019336818447007284,-0.025955235354752852,0.04250259089587013,0.019816319158907216,0.024512106422559514,-0.0013835013891776045,0.004205684316186227,-0.024145747302205194,-0.005568403581625189,-0.024263078912704735,0.03320785327760386,0.023359086860650042,0.012739699946557909,-0.007056507290876389,-0.0006642793667034188,-0.0500096541492597,-0.02015400291095403
24,0.02236284832642736,0.024441893748123833,0.08927381869510434,-0.02238874363597454,-0.06617785798890513,-0.012896139665213234,0.029224546508019266,-0.039561028780369045,-0.09744801956312152,-0.08818379931582379,-0.014189711233599309,-0.06657007846202746,0.055795860233654716,0.09560110183230211,0.01629830883416922,0.07431778321136867,-0.04305036605192235,-0.05477900421788647,0.030042717697616662,-0.002901127560535502,0.06047961051098921,-0.006697164304517953,0.048844704440070226,-0.026889064256881794,-0.032916383406012974,-0.019844539542219694,0.041290976896224865,0.05796457234662881,-0.024086785120898162,0.02015585079078627,0.039862947681258,-0.026333566063003192,-0.028816910482496887,-0.03078117481313432,0.028900461796892575,0.02636725945778063,-0.013568974287461233,-0.006984679879286495,0.03794049259589645,0.024013676068988982,-0.02783669514389,0.08118772232169011,-0.026527277865089568,-0.074493777091395,0.022452330175551326,-0.06985662592980107,-0.005722376657238564,0.023600379808546828,-0.07499875094969877,-0.007521525457414989,0.0684220327983529,-0.10751165566897967,0.05601558526321243,0.0004834530323029045,-0.06380614957914692,0.0404767081466717,0.05300263339459635,0.03419054102831061,-0.03153668268077362,-0.04064073233782312
25,0.011098415472299212,-0.12433736964003626,0.025813375495769373,0.057561258234744186,0.05173163954165244,-0.010904454316844697,0.01824517691216653,-0.03763975865958031,-0.007428653132042507,0.01716512758059964,0.10989544609978835,-0.0722904468226705,-0.00764399549655761,-0.05427715043039697,-0.06318794283694538,0.034290248971747754,-0.03668549634059893,-0.010128421085295531,0.0197942584456453,-0.011766344781682639,-0.04740317525023745,-0.05253107298273158,-0.029005782385638747,0.04162020631967015,-0.026779316481757645,-0.061198211564426404,0.009595485468358096,0.014754759650050693,-0.02853087168000599,0.03436053854489487,-0.004343769160033347,-0.01264957361399597,0.015775032255284743,-0.03889853444694317,-0.08077155662783363,-0.008524777261592759,-0.004056462130231088,0.01096855028592096,0.01349034197850498,-0.009390161469268585,0.034145600255043144,-0.019959522634873758,0.035045076232435635,-0.02971926648880557,0.026413604736484513,0.02159571277493664,-0.009273323041244997,0.07490065783973585,0.03964248989042203,-2.5142448845945482e-05,0.010528253780628244,0.013872975717809034,0.04043998050285775,-0.0020638356597173315,0.028959912474846326,-0.015520601496718096,0.030601807387088124,0.04380694256910927,0.02127025277523169,-0.05076916125858776
26,0.010176244609825408,0.0559920521650687,-0.036724875369895535,0.023134782709189144,0.07125184338184155,-0.07443004802647125,0.057443184590717705,-0.014113520061000324,-0.015808061971154405,-0.012119094517890054,0.04810219940092479,-0.09427439605247351,-0.0675897100894743,-0.09067358603994127,0.04120918650145016,0.1028235659614467,-0.05016465445945907,0.006253378404950536,-0.06807339844108637,0.0031264774646117496,0.10768693392471841,-0.03614247379257684,-0.03269504379133341,0.0005756394325386727,0.04766762929323436,0.0009029724226595924,-0.04299143822190438,0.07156564020036671,-0.08972311193494484,0.0014325336941451246,0.023117666938796758,0.028851024999973024,0.05812586870741263,0.01796841080514044,-0.010823876638021422,0.060416983095733845,-0.03548170951538333,-0.057876481719952175,0.07915787682264169,0.0012239384107547483,-0.03122976052803149,-0.019457701776453375,-0.01870361045288137,-0.10804895778613148,0.03306069399808098,0.017114636247537823,0.017651863614611726,-0.002869462473911734,-0.10466325095326784,0.0021871593491238225,0.02669573079683628,0.0710562779783156,0.04223816652133949,0.020363970670279986,0.014149622743833534,0.015917253686952536,-0.08044482833457182,0.05889019865209173,-0.03628192793994543,0.027847664869839896
27,-0.07605093308421439,-0.01864584482347449,0.011126261800358582,-0.012204973426293121,-0.06338989307013627,-0.06713812521811581,0.0593030222211622,-0.00939715599247607,0.01771986819073597,0.026613743410693506,-0.015287675845701882,0.017720588733905057,0.09012170399000549,-0.07335945318413967,0.016481978903883435,-0.05654563866211896,0.0444074317815174,-0.046374941110310056,0.07861388390474128,0.03608677441850141,-0.02620410710450916,-0.025277263977765432,0.07046034999276375,-0.06887216201482177,-0.0363718834875453,0.10731943220569155,-0.026251524788559272,0.03066521625598296,0.06795826672670084,0.019627612594486563,-0.006589686673273593,-0.06405030917229342,0.029950207473348152,0.018280449851889858,-0.09444914842927052,0.0042007399648785245,0.08765885724138468,-0.083044458107688,-0.051963657025382644,-0.010333411523932372,-0.07915791237035534,0.027612006276095603,-0.05699616006981082,0.031845342876352996,0.010313135767951204,-0.058744216571247045,-0.09964498869825349,0.11699018704472648,0.03394242244113652,0.04298684917208485,-0.033682437417233146,-0.00835463743697253,-0.003705228240268663,-0.005769026635199936,0.046213455531401375,-0.02851814946005179,0.03934048830865005,-0.07362199495728125,0.03907504737728356,-0.03679381012104367
28,0.0181386357791841,-0.036338286311896575,0.11951960918958145,0.010983387584379417,-0.03289558328284898,0.02850761049059607,0.03996210579170228,0.04117101923758936,0.050732578696805655,0.039970347737396585,0.07317839295219584,0.07610512336175858,-0.022083679108190306,-0.048931415485990386,-0.06357044161747413,-0.046453278345373404,-0.008061471230838741,0.09168595001767935,-0.046223537083327,0.01708894194613317,0.033282643477998565,-0.013095241365154445,-0.01524452734687839,0.014358791137470898,-0.046754521969211586,0.002702901426806942,0.09838368994821454,-0.024482383974032348,0.0366257812484549,0.03514904621364221,-0.12590624021270236,-0.013525903723516468,-0.0390414309668836,-7.413826838865853e-05,-0.018821466142415286,0.04239338253274031,-0.00883039500804824,-0.01801143791717358,0.03940842450569791,0.01649579241785923,-0.03942767026726085,-0.03343562407401002,-0.029931033518453068,-0.06132083567484431,0.02649524759291723,0.00863063519622265,-0.08466713332010939,0.041821493800898085,-0.04992437761264897,0.08988375385722909,0.02820949057084962,-0.05457632125910917,-0.007248446069681074,-0.010819875828398655,0.00856960312806634,-0.02448551212197958,-0.03639019165420204,0.027764252454338147,-0.00923256849903789,0.027111459854133328
29,-0.00230780737813636,0.08406420320331402,0.017486739398340872,0.019388646641089448,-0.0137436235858679,0.02625988479161267,0.034676956933108086,0.060520068448525685,0.028015400467176408,0.08182644533824864,0.0441047846310504,0.12834546598044683,-0.08704957641303729,-0.002891853973030667,0.048088838917965324,-0.02804134502110521,-0.06169914175250194,0.010174043086160217,0.06934697713514319,0.07495371399660143,-0.007623375467418116,0.02746105312427665,-0.08644440656690844,0.02343219818607526,0.060111483552462736,0.03679085259977844,-0.03698586339172957,0.010650853755688533,0.03612997104675724,-0.027586042052229087,0.10917562030969528,0.043432299379933,0.053826146453932154,0.07112172980437989,0.0005122506742247577,0.0296571668314884,-0.014257961270281552,0.05672382496397044,-0.029074736839461074,0.01834647208298195,0.012453718178288284,-0.04756671603090606,0.007892748458815138,-0.057031732007260236,-0.003961792628859826,0.08739984029090149,0.03682336620215801,0.10545082287790485,0.09483436022436785,0.021469820251169697,-0.02432002104591326,0.11623392052038395,-0.04444810180312466,-0.013885344498515468,-0.024888099939675203,0.08553224816394243,-0.14328035741450576,-0.0571523904045967,0.044064057223879606,-0.04556065763517598
30,-0.06420887512318355,0.08348923335182955,0.021184110263188064,0.029345688376318155,-0.08079666640281727,0.012808072394960774,0.021437342633540832,0.039920245616133346,-0.037377292398594816,-0.05181368685741382,0.006787821610962366,-0.04970667551628445,0.03204575589409931,-0.05791059634411512,-0.04276488533145061,-0.003888791570349648,-0.030613441894276585,0.05308844036147634,-0.01231534520879426,-0.05132060342911551,-0.0359728930968479,0.06243806853660899,-0.02261883228068475,-0.029095318148681628,0.09560821902394565,-0.11992640744615408,0.0004414541281773518,0.05824552995608927,-0.05469704578081466,0.014066920437859044,0.03764957623222616,-0.1090869185709264,-0.005375750639869996,0.04078369177902711,0.04060429568163057,-0.06476384711856406,-0.007339667911937218,0.0169745923883284,0.006798453731844334,0.011745760289181527,-0.04938157166944274,-0.06456119850677201,-0.025899783390593997,-0.04665604353715174,-0.00627825662681579,0.014241392569151462,-0.0015636693785784426,-0.03249135357207363,0.0030680783733332564,-0.004059062722427665,0.05708173305723066,0.03876073893314867,-0.034631781831762715,-0.03197422626623851,0.015064035720046404,0.030650277603462936,0.0018375046409301553,-0.002408268696316391,0.0007499928347025032,0.026079624759963914
31,-0.061009131252995646,-0.013180088337052687,-0.012962800034312843,-0.01133022877106988,0.01948580112614902,0.10026501011732282,0.07670800706143314,0.023469403434781377,-0.023016687599313256,0.008026472972795035,-0.02525872515474153,-0.09645342232628594,-0.03229755032983498,-0.11155890057930958,0.08615500118391321,-0.0030835866468545622,-0.012645890499371969,0.06225722887968206,0.06440664827633259,0.011775279033680428,-0.02524798236418391,0.07476205238163387,0.09348457077209625,0.019658525129013595,0.01920175534061968,0.021753343157548184,0.025549355341931704,-0.03697855994042473,-0.0008648023491591051,-0.047441201083716834,0.04727146010277139,0.004322067521349276,-0.0015358003471126487,0.013674048439836096,0.027216332623832603,0.013042556790115215,0.11619901878560529,0.09676945617248646,-0.03617623108121576,0.02253738180409889,-0.03161582719145308,-0.04910040164748897,0.02455674759906085,-0.03288550147237785,-0.017550059872288533,0.013307128638647872,0.02633971431206293,-0.06975946522606054,0.02162707289064339,-0.009720601237465227,-0.00967370513881028,0.009412078725028805,0.04271345293204507,-0.030534985790199764,0.07920533704163912,0.06041740891043703,-0.07367768657045713,0.008341389048084732,0.024633005612923004,-0.03866081520991021
32,0.0009100008956629659,-0.07181888073564385,-0.019405961417654598,-0.03617940827810074,-0.0593285360069251,0.054292696520614636,-0.008571232184715312,-0.09733153339636089,-0.02651656970969384,-0.028258405307491012,0.10624786915279073,-0.012062166646699264,0.006084685551550851,-0.12200480590723267,-0.06365969791409971,-0.10047696652540455,-0.06315849375042293,-0.0644244272667234,0.010766367008155267,0.034015681635816385,0.015414047148235667,-0.007727928266032494,-0.03986570433558288,-0.003226712502100183,0.04861879721023081,0.03483355864288832,0.01176759573683529,-0.02456829515993809,0.004292562107907466,0.056011913313496274,0.02236565635461774,-0.020167267409423675,-0.009303085373787988,-0.032030359516737564,0.048080893274959194,-0.04246805376469432,0.013904372999266282,0.013966092277007435,-0.02129029608297911,0.05556863951894934,0.01295596878561206,-0.04597428241301133,-0.007773692657033654,0.05951591207621163,0.040444904538861286,0.015894380686087665,-0.009303002890454371,-0.06316250948330984,0.020822707193713694,0.048185235641219806,-0.05738010101796787,-0.011514440988863716,0.049148755688197245,-0.011336663481249539,0.003329212856821371,0.08284140760351372,0.05022501675172225,-0.04552883999616343,0.0853977249443878,-0.07410000167200875
33,-0.026534027954566407,0.04410423487542036,-0.06907711975644824,-0.07063236876539705,-0.06614367725062434,-0.03422894288729445,-0.05721192663718325,-0.036564756117088856,-0.0838849362980516,-0.011080037928103241,0.0008899188686321642,0.011513786416041625,0.03846607878751849,-0.0086524169888679,-0.01534957671869737,0.1332885691063035,-0.06987657668902478,-0.03104777634941287,0.06073736712359534,0.016710446952179523,-0.02251628800229013,0.01313859957167232,0.0750944775343903,-0.0605105032531008,-0.00316805502721343,0.03509985779783981,-0.031320641800678,0.01470848320202926,0.04803928627644732,-0.08674004572404641,-0.00028792985837845976,-0.012918211877612523,0.01221092249928433,0.11770076933802204,-0.0004909389334912507,-0.023623363239423406,-0.024005738215292876,0.040915493634710184,0.0014025957443303723,-0.009839761346659788,-0.0447879403414913,-0.026266899843633323,0.012172060319630279,0.01739514029200029,0.13454857653423197,0.04139215054744482,-0.04381135675535316,0.04117728944441973,-0.012943916951733324,0.015240004530842555,-0.006819561818240514,0.0026336089632852887,-0.03567960083711555,-0.008117803568461382,0.032384831533846074,-0.11373571965068531,-0.006904738089613237,-0.0023760114308612993,0.12485720971954686,0.004793002944745406
34,0.07010795418732411,-0.05340393844844878,0.06344782113860957,0.04585292112142858,-0.07292715262478737,0.02539287674306458,0.0329134515184348,-0.010939437735878953,-0.0634188735772912,0.0030934519268813595,-0.0584122345030015,-0.0019083788296172354,0.04511056784726836,0.05262586877134178,0.0019904793916909226,0.032302099904371794,0.05203997459703132,0.012098622375050943,-0.004672023889380729,-0.08685007011856799,0.04077214552201081,-0.03187943870981488,-0.02101873680514913,0.027175357272442788,-0.003971198403042951,-0.03669803567955975,-0.08242383947223297,-0.06587132876596334,0.039609003908066806,0.009653950969441188,0.08111386736545693,-0.053452680716083764,-0.04945235897597095,0.03228895091626602,0.032240808967691735,0.037482542702276564,-0.07545479215582448,-0.006849902982825569,0.0574296860525923,-0.06510028213395427,-0.015263937968676323,0.06306397060155144,0.11783235954128947,0.023729912402050485,0.057033133426754,-0.04565382281140224,0.05223647759736361,0.03741688882793802,-0.0017837291681085422,0.014616060853956009,0.008639951067429595,-0.04254903100535654,0.013829476049259364,-0.027987263345556363,0.008514214309139387,-0.061038517486563255,-0.05380265961561453,-0.07870779397489436,0.002671576368679002,-0.026206926461653176
35,0.01083201949056921,-0.04032894629965431,0.00544158014715604,0.04921126596078215,0.1342270299664149,0.04971924930290326,0.037224361190269145,-0.009004203913529659,0.0566450601717274,-0.06596273033052037,0.07347297958100397,0.08404527030633119,-0.07459719561610462,0.028972555142922855,0.03798501107176532,0.058453298335344205,0.007832416849074875,0.0006902243162294237,0.022288296506230456,-0.035747836615342816,0.04892862720501932,0.011930291924734202,-0.001464969954717987,-0.046796135272955806,0.011231911223669443,0.020192727601825607,0.06283099497381453,0.006655647889392607,-0.030624934260506304,-0.026506508845273034,0.03293773446660719,-0.045660087102955785,-0.05967213302034162,-0.029084560871611716,0.05075985426754996,-0.04471296979056917,-0.017696580956691105,-0.007533269178498969,0.00875535180678282,-0.026815571590180685,-0.042367383203817444,-0.06915718446589847,-0.0008758351420697831,0.043374040649852896,0.014609123710178555,-0.029433163590701875,-0.048331428209950816,-0.05057860647045885,-0.018006273443922895,5.9089210127315975e-05,0.033378011000217186,-0.04841751094082021,0.01136188506482422,0.11396884949945224,-0.013153284454896386,0.002446954543326508,-0.07263191173544095,0.05710377162126397,0.010799415448080035,0.05506269945571355
36,-0.0813499749494752,0.01792076900409948,0.03451545284187424,0.03929875798838182,-0.10845776908509978,-0.04395036220558989,0.010274605663625265,0.006882426377419416,0.007370246018793649,0.030241711237181584,0.01717169510163533,0.0012085307735003957,-0.0012603251931134441,-0.00045266981052226085,0.020660553155410804,-0.04985532027271892,0.10248963243048057,-0.014154389919433949,0.012282370995749834,-0.03251597939309083,0.08407572923299936,0.002369084821203867,0.05258780765270143,0.008111596321642817,-0.08398227077100041,0.01007856366061032,-0.014411099788585601,0.0951980126988093,-0.02453464667245608,0.015288240824291604,0.017529796186657273,-0.015910372131863883,-0.036308254302677874,-0.044231579277922206,0.05662461048331467,-0.08255916168690065,-0.03620873555338806,-0.05414306189410737,0.008834740024084983,0.060896986380408184,-0.056979396140132726,0.03849360796663704,-0.007403268861830989,-0.053881175291458035,0.0017347876598468195,0.05854317510255389,0.009271133634094457,0.03833659908818378,0.0433689844518459,0.047549213394619094,-0.03258507636169895,0.02745853160093887,0.020350770312672652,0.030118689438575746,-0.03273133410563724,0.05101625214255796,-0.13774930190849544,-0.05001876747575745,-0.03879934206304204,-0.018542069120057684
37,0.056599736880610124,-0.047011425835343124,-0.01859279803732621,-0.06867623897844302,-0.024483812533932812,-0.04977829129466515,-0.007244844673153999,0.09759572403092469,-0.07254165877750982,-0.019501684402061036,0.03702005860102494,-0.04607143609481268,0.04206442989437586,0.015687200373865687,-0.06445774823751406,0.04485658727672723,0.003127256245026702,0.03314629062399916,-0.056219867776327793,0.020131549762956183,-0.06682484573134645,0.044284422167959595,0.0036327895072971357,-0.05092154617376272,0.055255903092769496,-0.004457695221369768,-0.10472849458997674,0.009518067306199583,-0.022057969743188584,-0.0006091876398265118,-0.057025380263086234,-0.05590517580005383,0.07641038223925935,0.023893025878409663,0.055748032357851744,-0.08086899838062678,0.06032502862244972,-0.10970988903388344,0.05482498479547866,0.1140841164368169,0.08541685587385434,0.015209053036626579,0.0809564577660824,-0.020929965849372956,-0.02676755396623979,-0.007648937185236011,-0.011051941365287919,0.027861289705106068,0.005850895569652407,0.042862470087319596,-0.008677480439959142,0.038537596824738375,0.035271264575905986,0.02415704288697231,0.023936820935028923,0.04970201070734948,0.08450970256502399,0.08783499767907302,-0.05412584997942323,-0.05253596493907621
38,0.04763853131156247,0.006113395615764652,-0.08856053227825679,0.08114386176259254,0.04010851888728338,-0.03797873648916194,-0.021898569374013098,-0.029022123235663617,0.07920274354962396,0.06564310478847277,-0.005967358544310607,-0.02329116177921541,-0.016903460696119994,-0.03759956798894014,-0.02057084401103924,0.043887857177072435,0.001250985581343879,-0.01381755145650733,0.05035098976039344,-0.006457310581543142,-0.02778408373209775,-0.011870833808790268,-0.006618567039933987,0.02856154968333397,0.0967130196032814,0.03261196595862293,-0.09258490769526871,0.03189464987252386,-0.05292888399690772,0.012053953175706863,0.02789522222798591,0.05478218214812248,0.11804411994365285,-0.05846742770642766,-0.10404047220019029,0.029406291136597148,0.06408195256663124,0.016845353734463064,-0.05096778858316432,-0.0065937377338339586,0.036272755611800746,-0.0009016873897514476,-0.01660539979906811,0.10583140689520726,0.009090590957319867,-0.06900415254497426,-0.02600589119301014,0.13656273952562345,-0.13408987381010615,0.0011360699395876396,0.0068742146004923035,-0.0643980495752044,-0.06440861120160107,0.03690208599926125,-0.004816713101085924,0.06785633513154278,-0.03159507775316649,0.020310187235398357,-0.06830903458899473,-0.03244424745290649
39,-0.009967748919169718,-0.005983913348409242,-0.07425822801271381,0.06753603675108472,-0.015097882948943903,-0.07476149777787433,-0.07917274718852825,-0.10556625102849816,-0.011926241506387188,-0.013101810833270512,0.037682412901950485,0.013014210324315597,-0.0314967382089269,0.06701667242680275,0.03437325525704557,-0.057387560987962875,0.041364012928307575,0.019557374274664443,-0.03576409343501107,-0.04450476252935456,-0.008624651419251927,0.04101616074579411,-0.01378600039363228,0.08570075045405892,0.023019257439176478,0.0370029809585479,-0.02503675537300128,-0.016797075063357064,-0.025918159050845678,-0.10405392537331912,0.09513104918984178,0.07239925660753828,0.038341488910167996,-0.026757172293583906,0.06781958713100682,-0.06808662131223511,0.04418276077177698,-0.02843690397759672,0.10504534535467931,-0.0763874771264799,2.29784980296709e-05,-0.0015170944747051728,0.09790794334763432,-0.09437119126222519,-0.04561189496230462,-0.10209200346504231,0.008232702563509987,-0.010371570851905832,-0.01194847876415341,0.015198383159509712,-0.04508161761012226,0.036307371218033714,0.033250377049198004,-0.026700734342885536,0.04185014993456942,0.03859037630009789,-0.025278743399640837,0.030891980311847263,-0.07364432494966539,-0.000676592985505037
40,0.034207675757473195,0.11772293677872535,-0.00695011967752469,-0.011556493080682205,0.0017409450007855967,0.006992787080247864,0.04044425103587466,0.010322654646227229,-0.037107570288117835,-0.0051413593576697236,-0.0162170327793684,0.0020620915789223222,-0.07328065108891955,0.020736617491347552,-0.02595540674008434,0.0670477972749384,-0.042561609799347117,0.06204593932672379,-0.0586432622497858,0.050568880674141996,0.0517430898660271,-0.003065527502605655,-0.07552372228395897,-0.07004754529113072,0.11182839249393818,-0.08675197364671819,0.031165699667558472,-0.04024322069149899,0.13613757288152448,0.014776566910469838,0.05373373905477864,-0.040965996418772556,-0.08529081916892674,-0.04576121019501282,-0.05203069280666719,-0.028542621178872848,0.0339403419857556,0.07934780709816971,0.0038851702526426822,-0.01454070727775558,-0.05010463905979695,0.003786141249934226,0.10650395938335298,0.060682214568566546,-0.02906914469407705,0.01826662280582948,0.0011670922529429457,0.058965009156776396,0.03833874345767558,0.00416225511949002,-0.005278468284329386,-0.10680023886657206,-0.006918547084818812,-0.09730046509197228,-0.022307980593581016,0.0411494547615389,0.04688512023276491,0.029725079750143997,-0.0124400950358454,0.07286129084384528
41,-0.00823709096165465,0.07246437044055751,0.03506746982161355,0.01755290643793061,-0.028934078642577757,0.03676955730769782,-0.027152385038029064,0.053846001518297965,0.041058041557010365,0.07140562397986182,0.048202324264397405,-0.010028090704174446,-0.04840456660765831,0.016621097533341962,0.05892725632174308,-0.014040014689275016,-0.05717437189494301,-0.005539259466237596,0.07487820506666415,0.1249036058580518,-0.06217960716055013,0.026624903919755204,-0.10005301551929963,0.042851685631276795,0.05757800508548423,-0.07085352710165739,0.011224385190408,-0.0966771694255715,-0.0563373471358552,0.07956772561206478,0.025114442226876078,0.02973644990416133,0.032429208972728635,0.11596901149631834,-0.158539999933895,0.06579250017918106,0.03791909758002253,-0.010571417787761168,-0.020953362469954846,0.12829543531170737,-0.010330015380723109,-0.06963315464459399,0.07570348737203052,-0.050482816186196364,-0.00263513434258818,-0.09033096970113524,0.09453306707303956,-0.06189041398894148,-0.06023675692906538,0.11396076833701578,-0.0842639987192001,-0.10305063676888164,-0.07318256585258967,0.0393235059556034,0.03280663452205342,-0.0159502912243574,-0.09255386905881725,-0.020264701539759882,0.012159904526986029,-0.08210470793792683
42,-0.04855604784268993,0.01498416811702515,0.025756827231638885,0.03204161314358852,0.11512640992742701,0.04788726132581527,-0.05815386468167223,0.08311782650577003,-0.017468246431855433,0.0618617857829225,-0.045162727132284385,-0.010358537711715191,0.05927499961845716,-0.01225414094165897,-0.04397942255742939,0.012166882859572273,-0.0766486136209203,0.003754982400760571,0.06454222233987528,-0.06810515486710195,0.029761843526168997,0.0220846128787354,0.004710911960552429,-0.02185489562019039,-0.017421895132358336,0.025188524934170037,0.004514863798191201,0.03260510746561394,0.03249948383290903,0.005819169947115649,0.018416284906315254,-0.03717371457966803,0.0022491381492107053,-0.0029906086629484783,-0.06742481189662036,0.06117842975162329,0.14900469940002065,-0.002504274852807971,-0.014368176452994975,-0.013412413423363885,0.018669276486032456,0.008504573672192324,0.041146134611305965,-0.0806672323722485,-0.09551055839177264,-0.04172848509474744,-0.06702651692587418,-0.06819955069685872,0.029227785786735617,0.025340709988828237,0.06510901096126416,0.12090788042422056,-0.0020309866447592233,-0.037588805020247695,0.10389416783451173,0.041137033600511616,0.011893249041145509,0.000572946674469773,0.09374870370932127,-0.025832517438646566
43,-0.05520149623828117,-0.05061429576818969,0.09675222878368268,-0.021848492464091332,0.03847675077240531,0.0016228416444650918,0.009319404713535151,-0.07911892445939925,-0.04658446455576867,-0.016635164243321635,0.07953989308438508,-0.06534456709121934,0.005525451711807235,-0.06327515379676361,0.021042683750210935,-0.05956021288005369,-0.006560126242418022,-0.0059154232370908074,0.024288242062770585,0.00520463011198694,0.04964223934124365,0.015675592302826342,0.0416237475127581,-0.021271630779714557,-0.01992350154978757,0.04329271868418441,-0.06055955280873355,-0.05197748484521527,0.0023325635722693133,0.041406932258307654,0.02805263204934585,0.06872094828053325,0.050618297777001726,-0.029910697075816377,-0.013120878304991403,-0.017369862246719815,0.029067620335994294,-0.12907738838765279,0.07969097411677814,0.05499798526937035,0.005985443595124077,-0.040053862007513694,-0.02566321515197494,0.0042735164175569575,0.07275275512645753,-0.00628837077880935,0.00950859379746009,-0.01310786378723046,-0.06118843632394944,-0.08397472452219336,0.00034377398806192456,-0.0397849503118247,-0.0755664011868095,-0.005184600014317821,0.05213914316755594,-0.0129893849203856,-0.019927738848775654,-0.02279388357190243,0.15408987764117404,0.02025395448564531
44,-0.08494567378850636,0.05593449807160152,-0.03372041449173693,-0.033019171246524925,0.04603918597109578,-0.0017068697396810004,0.007264792594986114,-0.03187398722429832,-0.04990982572528329,0.012030819190261544,0.06514642838445864,0.012352687448050743,-0.06046470794814024,-0.004248790369201145,0.004228624934779497,-0.07953394093846995,-0.0487737101524688,-0.056369802102054105,0.042422802133371476,-0.0974681614242268,-0.07697369327904438,-0.003460925822393035,-0.007871838176955645,0.07216366475227054,-0.05713776049593477,-0.04499271371273572,0.02103399761411538,0.029898514319818437,0.02170811681572701,0.007514773130020977,-0.013276303768276258,0.05491196778464803,-0.07198744186330325,0.04953712262156435,-0.03966906764700457,-0.07275527535273053,0.05850821926971356,-0.006597381023996117,-0.07974126527315575,0.005222806513728094,0.011283124534299862,-0.033931905596801655,0.03864399543694918,0.08839933260212128,-0.044207893098630886,-0.004336201442147517,0.048387664506505175,0.03484164324683382,0.004974314090058184,0.018259516859756048,-0.003689200629551583,-0.006367201080248059,0.02861762932520126,0.0037868432360097935,-0.023470611493301926,-0.027544255275425335,-0.05525623559878817,0.007773113417602742,0.048862757007553,0.009439160212067955
45,0.04938621887786843,0.06179711601860107,0.03600893203252159,0.023048387669887968,0.052507765936871814,-0.03277554057995807,-0.006255968913178768,-0.024198366162133875,-0.0012678325503133621,0.08445864908587984,-0.04334902145709685,0.06780181087964277,-0.02183995887465466,0.06192885645473187,-0.04635459248656295,-0.035761447138668405,-0.07401835015838662,-0.11489202255758281,0.0980515841701201,0.02491027375933875,0.06810400637980576,0.06754800679995006,0.05826826117429484,-0.010559931029645845,0.0878219679495098,0.07140888832214931,0.018759571256799102,0.0076058222254182075,0.016894033653511508,0.11839917306849039,-0.0035028978070292286,-0.012506216217884778,-0.040896192239914635,0.07830568529848571,0.01994574362913242,-0.017091708431837237,0.02798205382131145,-0.05679109056816345,0.04459626418053386,-0.03260081642738546,-0.03776713132669809,0.02338973733697771,0.030271503311948573,0.03848567921355898,0.022887329720814312,-0.04109003395088647,0.015241678358965945,0.04037434367565197,-0.006652638683578189,-0.06540615735836951,0.024965867334410568,0.05582175657312311,0.09816130468616013,0.0015642538583859617,0.0002490177200053124,-0.04374146555093913,-0.07102893077303729,-0.10850724423625673,0.016487938337913517,0.023068619873443882
46,-0.016087973632901376,0.0635717239030718,-0.0181534364067742,0.05370219235720898,-0.007645440560402639,0.015193925998970025,0.04276830036704352,-0.028040848292136673,-0.104577256262883,0.03189510836508313,-0.0001576989869196114,0.0386378592760975,0.0990868923116397,0.04688539018108461,0.04080758085250359,-0.03696441767980497,-0.04588556751381264,-0.0504879052031568,-0.08630732841674231,0.08957435429631831,-0.07474147075126454,0.006745864548000423,-0.03261074282407045,-0.03654589176718937,0.0658694747543039,0.03779947862765128,-0.021326719106297545,-0.056092016451955384,0.09550184375949047,0.11460279824651057,-0.022856888876721614,-0.109056927963552,-0.09592777604819233,-0.05773816475468535,0.04771107142128854,0.06092152279705312,0.035656376075976645,-0.047302987338508976,-0.01874968158253722,-0.03046458218507494,-0.05290320663482561,-0.05784203991899209,0.07787297290875177,0.0856156275283813,-0.1463005541092587,-0.046373314391825377,-0.0063005031412705125,-0.03664167649471444,-0.008799188520719857,-0.01647848308689863,-0.00017977809564819134,0.023898721450836935,0.0424285435143939,0.06468997032568097,-0.055296066044473124,-0.06351286783710201,-0.05247303787667371,0.0824549840696937,-0.016918771321585615,-0.029066914845478752
47,0.06457310910208744,0.009220724151140997,0.023453393815414603,0.12189078524732352,0.06513515596384348,-0.057714557030649316,0.016343647610333516,-0.051505613775754654,-0.0635080917475124,-0.04793842337140721,-0.0052776986565738464,-0.022743319153836025,-0.0020690635000870593,0.006661245497129071,-0.007419839524596469,-0.04033263822983154,0.012556857476279944,0.0381597183408553,-0.05025974923588357,0.02427668131390689,0.0003082284865538124,0.04585926438933072,0.03797230085836208,-0.0140347118954667,0.005083631755238019,-0.07207645927098359,0.051528381836959986,0.012885304623925254,-0.02642368581882034,-0.026583081868052083,0.02049968446219115,0.03611460959262043,0.001637811577651891,-0.06772355157874715,-0.025434561970378196,0.015880920314728833,0.0063444475636036364,0.012455877406551803,0.07003320738171319,-0.07626009856382997,0.018514635020641348,-0.001955286736553299,0.05968431337765223,-0.06027860890026388,0.10185836935109963,0.0015529235113167492,-0.03687810300648627,-0.007441490756335891,0.04225317496072968,0.049342750550618486,0.0261092126748662,0.030156473027784386,-0.0845530042781506,0.019909713170516086,-0.08566674176219244,0.023619445221481836,-0.06822949388872693,0.01427997613931295,0.11154835528192712,-5.265506759125984e-05
48,0.003166086000842202,0.00962900442305645,0.028385669699232008,0.07895019034843358,-0.06808918831827689,0.03816235681056265,-0.011608001894941017,0.017538056463588865,-0.12841866920774608,-0.013652525121075542,0.014321462586459595,-0.07764386573269533,0.025476494500037583,0.05793965048928574,0.0129247440716494,0.060564640699319924,-0.000935052823607236,-0.029736970387062314,-0.04637141343790211,-0.11019661091736101,0.0725389826858363,0.014669642252992745,0.032386953500788386,0.012178482286072418,0.0219491944088557,0.06119763247861012,-0.07551885415593998,-0.09915164511926823,-0.02412268497186456,0.003084445837128177,-0.0019172935906784131,0.0026587902158808773,-0.03360106643841762,-0.01077707355892714,-0.02741047021638366,-0.04709368882633749,0.0548703101527786,0.03368163958665684,0.044186843258232744,0.03159782407383643,-0.10698707218560072,-0.15788133711340327,0.012011225938602356,0.0690365262823979,-0.02744783330694175,-0.03610108341725697,0.02229220919727018,0.16032269246192912,0.058004792067819035,0.04207580915009541,-0.03520572292662165,-0.08745270864717826,0.13932012459282037,0.07292500760118145,-0.0029727195967375834,0.08635226456981178,0.09892767590782407,0.016342822444326232,0.04992620853855594,-0.006823642084277002
49,0.029563549034374713,-0.06739823668623465,0.08521702444088677,0.038303016870449624,0.0306748303227293,-0.0013438176884080061,0.01940778648722952,0.0036075603568017324,0.014037715485842529,0.07240811486526467,-0.049366884789767564,-0.05309337034893333,0.045568388691395574,-0.08803291181825253,0.06277030902692847,-0.011947418564973913,0.030034180930133252,0.02098796123574006,0.05342894288638087,0.08223132691886702,0.15062635130975816,-0.0232215646199565,0.0020216760913517517,0.006288361883135479,0.0053850938882593555,-0.04784158743173935,0.04495975115516241,-0.005959677312602153,0.010533530262257677,0.0457451807648074,-0.027553585346289763,-0.04736131310028247,-0.013935742972309319,-0.021648621449035992,0.0012747132216626707,0.016877945214594823,0.0005987948458133701,0.12249650606542252,0.09505351218774129,-0.05705711046387165,0.0396663783917306,-0.028132241037992913,0.055149737198632094,0.02575087656594663,-0.021128946481314994,0.008395577054225115,-0.015622922034719995,-0.08325770051207582,-0.06922710930145153,-0.0971415048304134,0.0868306809458178,0.09380570112273176,-0.09509009916484985,0.04601211408467674,0.020383372425283704,-0.08970526069673856,-0.00913460604308907,0.15238711933960694,-0.029113210055269293,-0.04967854882668595
50,0.03672293885586278,0.06479436810827476,-0.02275565030022511,-0.04296286464292321,-0.04875846520261854,0.03126338603376528,-0.008046666520561015,-0.07702450809460124,0.04963696614469565,-0.027093634212034437,-0.0767073018260331,-0.059514913525255474,-0.07172960809351879,0.008359253662251239,-0.07738908435686428,-0.016270764683117483,-0.06414469421525101,-0.012629064760792013,-0.039113626208016346,0.12818714953631624,-0.009455079650347179,-0.03965707318764327,0.07492955389924792,0.010058694453765494,-0.12983586363940525,0.058033260911173994,0.037686305714385006,-0.047409795552043305,0.05438716928165732,0.0658763200394334,-0.022904445956488415,-0.054853790683680875,-0.0013488455974801246,0.0016185076310209438,-0.05818255690028854,0.02110411405710821,-0.01660012768293276,0.03392747137291626,0.03400730054551847,-0.07236604980540993,-0.01179613891184662,-0.045882309378568374,-0.015208817319488081,-0.05354519306832787,-0.06357219439087942,-0.012418648914552756,-0.031981955176026665,0.04701910984459621,0.002326373385701305,-0.001220582261612187,-0.043512605708454895,0.07377079254215334,0.022410836705916995,0.04013710160078241,0.031447060599331556,-0.007249074403634433,0.01022808025632021,-0.02152730145198963,-0.07461550146550602,-0.029274637846613855
51,-0.02537908347187735,0.003950398635016913,0.06690246415065802,-0.06905528492830362,0.011022128334865208,-0.0157236838299037,0.0468849472892499,-0.10812881096042994,-0.058347213149845686,-0.0985232966520074,-0.057677015049360875,0.02260728351836943,-0.026466094752957095,-0.016492289640947757,-0.042112039970376575,0.020558284984202452,-0.07261704824110837,0.018384345434282245,-0.014318178519108594,0.03419421960925549,-0.08315409513099867,-0.05625159216832372,0.03438517582321763,0.00024874671138452116,0.10974556339422067,0.041355895221929256,0.030790095196778187,0.025345750135056227,0.05488307930892368,-0.03598101473339729,-0.021740094010215028,0.007502532970813807,-0.012238530756810178,0.024300496086071082,0.06318775030378909,0.017408433478200657,0.08256964756848893,-0.024295753982861927,-0.03216321770766435,-0.13039269000190296,-0.02344254781971565,0.0020208366957599217,0.011011191900628726,0.04390212531552555,-0.04081260607869362,0.009877199087638577,0.03190425550861865,-0.024920474723871627,-0.08258352368343157,0.029750169586693218,-0.04234773788095625,-0.10320607291339622,0.08350103861664929,-0.14150712526958767,0.008022926444491802,-0.016143155870088844,-0.0800941376221186,0.022240957944242766,-0.026603332911834768,0.0031366920334157922
52,-0.014938549283050025,-0.0440686727475118,0.046441099628755436,-0.045708833723410495,0.02115660369199069,0.009102564161770958,-0.037135800115944084,0.026494541635852156,-0.04563046701042831,-0.10831846341254633,-0.029226668253377053,-0.06479838178495086,-0.09517652629472868,-0.05330875770458997,-0.11474087052431801,0.07247705783501769,0.04147377796227268,0.03748898886123046,0.05361811461842422,0.017313380558651104,0.04059964505347367,0.09748033206878758,0.05707583281050936,0.01284753043934752,-0.030722524148237295,-0.0028264489387700323,-0.017380090546587824,-0.0479048605628626,-0.008096878552291045,0.02859128337821692,0.032287847737878614,-0.10080275543713497,0.010895609753212377,-0.041337120265887366,0.17154024138747795,0.009864208547543638,-0.008072586728935236,-0.11404953592268474,-0.0033553533290687737,-0.052876221669387415,0.09021984428931237,-0.015234061875216084,-0.058861975041675244,0.0257815082796965,-0.04729296877726932,0.027615934845235456,0.02037116935077516,-0.06528104327547396,-0.06342104042811443,-0.012223611696141402,-0.06379208893642321,-0.04685994399563419,-0.014342863500120722,-0.051669607897331944,0.03582064742816165,-0.07228859949136231,0.005507989445302339,0.008567215850936248,0.01343090454784228,-0.08899033914940563
53,-0.0678830003929515,0.07137837242729093,0.0051120921665202745,-0.034180348771127245,-0.008995090668827074,-0.04634165828867915,0.012729260893025911,0.09019380760582126,0.0031160528496245754,0.005316228820788837,-0.08183368505015134,0.0452010735301338,0.020199625938848585,-0.04409296070855529,0.03392342797786649,-0.029303219733901785,-0.0673334562403508,-0.003936259473559535,0.11647489276204938,-0.031471926461211566,-0.0242977003461166,-0.06037150711931479,0.005625298642078112,-0.0348883082204823,0.039003523161377895,-0.052352016666680996,0.08307625719926007,0.03959774168306778,-0.09017432952642783,-0.01432547562812041,0.018514486033520586,0.010757712373354033,0.005024831457655615,0.03754352178880023,0.07285726623538907,0.05669065950133478,-0.007319513060223031,-0.06880603414858269,0.04260415899795329,0.05754596913555209,-0.0063973408117497955,-0.07952483561229334,0.04787164321010043,0.012681879381557898,-0.032657372916859634,-0.026815186809301256,0.0259568636191354,0.005875445247161987,-0.07207829302595424,0.020651078860814975,-0.037889505478450505,0.10155516366424884,-0.0034709161648294137,0.05566895750040112,0.007134873890336028,0.060574375596939525,-0.022252955649331947,-0.05881806741346407,0.04523409416211599,0.11112336250567409
54,0.016790907548337765,0.002569534976538053,0.002452708628270958,-0.04017780837024053,0.031022414250655717,0.14704482320735934,0.05145078637794926,0.02689341711400489,-0.08259421959805609,-0.02703476830852152,-0.08116390244369599,-0.08880181713047176,-0.06597031566966549,0.014617290225952198,-0.01400088638371226,0.05832653567421485,0.0027161877012785753,-0.0022906056735397143,-0.05103417880419363,-0.009339735487638366,-0.007340985478442683,-0.004823316609699353,0.00987282733359994,-0.002132084690351742,-0.06103112067592829,-0.036798073830983616,-0.001543995188519348,-0.01801781757400596,-0.01910762106623663,0.093255758636511,0.058578420068048156,0.03259211380341231,0.08665217686851023,0.03323795819490169,0.0009462790782840017,0.0010040291320541441,0.04716958641026831,-0.031087852431654954,-0.05080665927392477,-0.007618374590815881,0.049916310387593,0.06489113874443764,-0.01996216235826429,-0.09890601252382189,-0.04021252710113905,-0.07744794648985262,0.018729643086857095,-0.020852815643357194,0.014972474378487925,-0.023769398057111125,-0.03867522064209193,0.006247475779193351,-0.03384031009201426,0.015510980027532732,0.0024991428892637106,-0.00912763041545495,0.026519319220760302,-0.021703550868035843,0.10275785372553936,-0.09529061064087657
55,-0.028686072143906387,0.01564930231616013,0.07715325574551485,-0.051256564706434804,0.0028545708642906563,0.016955332203109363,-0.024520830398817358,0.005435369729143821,-0.01285891649032883,0.028920521933682542,0.08391927542612752,-0.09846298309208054,0.08109244580927455,-0.012806385798566198,-0.002014467662327962,-0.08270002456324468,-0.026127850616753885,-0.11649517160141164,0.007284623499279206,-0.09678554943559438,0.0012575007896283414,-0.012706705214938973,0.013166166107696551,-0.021898469527715448,-0.042975686058354876,0.06276746190031864,-0.01738871963749605,0.015190595607783727,0.08739992840190466,-0.01381424142315797,-0.10520713055820446,0.11028319285180656,0.11404633305795238,-0.09432936463253232,0.0989536348070273,0.06822774127004012,-0.07264580045264463,0.05846523051162979,-0.00938720439157716,-0.014528834475061163,0.06459851820822228,0.031200761265473085,0.042586371722850215,-0.0729214774152811,0.06814109418496822,0.07947351951665532,0.01463292345030642,-0.012228545048198917,0.11396720260910344,-0.037684094650594566,0.03535455729971702,-0.018418163214098175,0.042830166074384106,0.01416678082424073,-0.05312605478858312,-0.08424785998263168,-0.003211463947063236,0.0815534471477198,-0.021158230945246822,0.030065979798825998
56,-0.09034563508056205,0.024121233305693053,0.03406088911125222,-0.03081456536056726,-0.01608368133619783,0.008287489844316494,0.012566195718250999,-0.04946523407428104,0.0390608816975964,0.016021674958764807,0.04800568976880475,0.06777922572809783,0.01285935089088909,0.001952752213033601,0.050373186124466146,-0.06560484328386812,0.06561408386686163,-0.05213112037581613,0.006897973023657725,0.03054993594782612,-0.006750375245793988,0.04022599248781488,0.06493667833686619,0.09951910036505224,0.015241792768611796,0.05450370089802302,-0.07467158342741878,0.02461529870217043,-0.038760354341695724,0.07233281581750174,0.0722695881009663,-0.10131733756612331,0.0027863200778189675,-0.07690623304498344,-0.01937949546870555,-0.07779966556359398,-0.09323637554678163,-0.0469223067277163,-0.005611210452451477,0.054696235224005976,0.07477678611135712,0.026910473812745795,-0.0483066699585598,-0.09752675271691473,0.003790266473882074,0.009915343977842515,0.15772049767677412,0.03386026432180751,-0.020611275837268975,-0.014959218309362808,0.06498311593560721,0.0392345841284698,-0.054402561933665314,0.025002780607468238,-0.015904135316982215,-0.06872411368351217,-0.01223095580610896,-0.000850477838468904,-0.04874496043112712,0.007067790220886127
57,0.10477906073851355,0.019210552113205232,-0.03704719730541671,-0.018706287952821612,-0.06035151427396084,-0.062290489714195534,0.06148970464579275,-0.005769911008191581,-0.009876792953390239,0.02410180182513901,-0.0027709868062988554,-0.026943819657285362,-0.00865679939878543,0.07365839826880011,0.03695314752483812,-0.028263832373732055,0.019302246439005834,0.027124904538471526,-0.0003397653201465023,0.006207906182248147,0.002433217143446191,0.02432395192125593,0.042607924383329165,0.06433502993049763,-0.06965353502708226,-0.019557550121198624,0.025238429304645107,-0.01416236361770417,-0.038655580473627646,-0.020428217870702866,0.007786409705316573,-0.03593322291049233,0.036878366391376996,-0.0423898662893587,0.016743286738427662,0.024337847672428723,-0.030864098332790874,-0.014599867168349016,-0.010721943492503976,0.06588845613871548,0.0368254060401046,-0.023127122209766923,0.0443474664155527,-0.011621627999913418,0.008117756163667595,-0.06305037977370494,0.02891003578151117,-0.024283087497815593,0.06089785995770894,0.08339020898326693,-0.048353097092506736,0.0012825894213182416,0.028003924389598624,0.035083262180388805,0.017281525349122074,-0.03380611480162216,0.03755453254354337,0.06528183435707738,-0.03443381657005742,-0.02704890545812401
58,-0.07179801337721375,0.0027284938613395347,-0.03940518382985338,-0.047578965156070616,-0.0726978462700034,0.03075922539256692,-0.052637630219691825,0.026384154418480903,0.035676470250177734,0.049042570149952745,0.01786444786271821,-0.07234213508600605,-0.08434405771178,-0.02195689633906041,-0.002288272277201695,0.031473906418844406,0.10364534803651855,-0.0024909533636726018,0.05501345919007727,-0.006710703680691182,0.0707555570136617,-0.04732876961098093,0.04181346795290957,-0.030751098673897977,-0.013739510991264576,0.06550345412355306,0.027100825140434114,0.06642822242481772,0.0220069187538588,-0.08145032744818828,0.0018247094485212185,-0.05277233664202153,0.023552448877698903,-0.019287294058586046,0.024841192077867467,0.06478363503134245,0.05183432976277613,-0.051214455800919864,0.01806375232477332,-0.0012184687909523005,0.016565944782860137,-0.11176173505071513,-0.03564384054985964,0.04840259088723112,-0.0838977623449448,-0.00010105861239621437,-0.06376293219597762,0.0005582068284892591,0.07656741542232758,-0.07028029227649382,-0.0008880319549797789,-0.08543602689641704,0.016445536692983206,0.08614308591444654,-0.011578280592066567,-0.02804812972767398,0.04375733143619624,-0.037212150939126276,-0.01892269393653,0.008490426042898387
59,0.019870800913811926,0.011525445616273831,0.06478478126282644,-0.05042132734336555,0.012580045913925428,-0.04284609210787371,-0.10392749194945448,-0.024995419968944672,8.969143572773382e-05,0.14107311501119166,-0.0028156928708992224,-0.04213822565203828,-0.005710591450520976,-0.006009148237060869,-0.07459548761813503,0.023523558842098835,0.07778786658311863,-0.03652211338793165,0.007484457519032332,-0.11278910540176076,-0.07916696909466271,0.07309694583669893,0.0015036287734734035,0.0019846109383410437,0.001781851957100937,0.03313388798907419,-0.0024619241340241367,0.005648474071262268,0.011198818127419345,0.0012096680267344052,-0.087749322147446,-0.005969130859218915,0.015439204362334579,-0.003390157870463585,0.010123377113136371,0.0629613269062875,-0.05544239516326317,0.00817240469385263,0.004464200818950271,0.034233330849207703,-0.07049375555744897,0.025928067877368413,0.004843886963784132,-0.033344658270921146,-0.02750377849654732,-0.07479512070643973,0.11014692482527916,0.04565051544794343,-0.022205851055142077,0.01926827251620903,0.05240758083610073,-0.017114410548423845,-0.02698181407523691,0.035403057262083766,-0.011471578525794775,0.0159744438145883,-0.013622870622309373,0.051301773145866425,0.04655315114771823,0.08456200829027899
60,0.03845874883900352,-0.018667150445414976,-0.04850017763833117,-0.06643164589234839,0.02232305504874585,-0.07339349405579,0.0566266803112624,0.05907160125506925,0.021063933479571643,0.022144166549361462,0.0386319435847719,-0.10243844594912772,0.0050872183699276355,0.0058142764694904606,0.053160024470585016,-0.08051059082910136,0.011534637275264967,-0.04053809478937297,0.09527657464145801,0.004436699801086716,0.023629264687370442,-0.02428961352024675,0.012774833004574977,-0.019586576310470047,-0.07171118842489313,0.0346397859771102,0.04667973281488061,0.10658420383889601,0.029493501108425,0.07917764300725236,-0.04074223360062294,0.03495724424742547,5.252196181996885e-05,0.16665128438979962,0.11424544575791101,-0.00825102213417756,0.009433178879466177,0.04759192627124099,0.0466219468786039,0.03223581073370289,0.02279421891982258,-0.03014586428503637,-0.013387572614621271,0.006278721284465669,0.008498361760537218,-0.009905790484166555,-0.014701507187023117,0.013842397393740314,0.053452477332327185,0.01082484601644951,0.005293580348465679,0.0402434410354224,0.08615136048992414,-0.09735200339706605,-0.03892303251192548,-0.10248932212386531,-0.031917921707859634,-0.11422101423581833,-0.042119942825568565,-0.1540816454085172
61,-0.060135047353731326,-0.052835075068443364,0.028363656789646762,0.0408843238448217,0.07050805042402139,0.08681828638932405,0.007788855616448109,-0.023623522337583858,0.01288321164916024,-0.053586547391023386,0.024601389393840496,0.03527316552988504,-0.107676699065982,-0.0328001113996864,-0.027251059644308788,0.011128434313507414,0.011292088756066753,0.053016122037990034,0.0478554898995404,-0.1081334797962822,-0.0003978250488007729,-0.0196797337235677,0.038658196155692104,0.03314433354155756,-0.08585006970118281,-0.009355722095013516,0.02701980937353363,-0.05851389762386312,-0.039102311416614695,7.151133461596744e-05,-0.014950259082956363,0.02365808459128322,-0.015125064478981065,-0.01220274752292127,0.0075381073368040305,0.053720621033616835,-0.0733105489681973,-0.01049212707109878,0.01269382582063959,-0.016309062316802188,-0.11397940624700957,0.06574069743013009,0.003154502511544492,-0.03690322643877769,0.08395569373589176,-0.009415295291122843,0.04601736298378256,0.03801304222928659,0.08922498171522492,-0.03224127144815425,-0.023791968243051746,0.011911799185182405,-0.008574485314679378,0.03088510421276099,-0.0915445133853646,-0.10932358874772995,0.08759916972580993,-0.09155771097708383,0.039021762315876056,-0.014652240200158258
62,0.055590061871291785,-0.007233552484288445,0.009598341914418378,-0.015610093157585651,0.07779875989297275,-0.0712225059769246,0.07762587592631078,-0.0021965865548400055,0.04830432366557341,-0.06192108060420534,-0.04003941645927071,0.010930757989509536,0.0030907876902955544,0.018686132961200565,0.05363911440439099,0.025137446056279666,0.044626911118745234,-0.010484836100346902,0.002966784058656055,0.0038148356546353537,-0.18416410713306994,0.043329366904624106,-0.05700724579994769,0.08964324977366149,0.04996006807114666,-0.0003937526315543762,0.04258481163733967,-0.04641038745554594,0.03257217853808031,-0.03090292496602223,0.05384001798392006,-0.06574203895714882,0.04685520447112614,-0.07709487815885938,0.0723539242835474,-0.04789754162118731,0.08726209102926401,-0.023411681636158106,-0.013456920562912087,0.02027914360389896,0.037476254402903565,0.00965082437594039,-0.09252718172323172,0.023899750715955334,-0.013788080081874614,0.007867625007680061,-0.048486349965727836,-0.03807323253170523,0.0019992294134874218,0.004024861731976167,0.017047806527960452,0.05229433144369913,-0.0019885537180653087,0.1008619836401438,0.07207883256308566,-0.08802090518114179,-0.009726913212286217,0.022171804780974642,0.06182221017595419,-0.05022472684153436
63,-0.03756592056526011,0.012288497100667593,0.022607309937419693,0.10304739323677034,-0.04027607500471381,-0.09736426563145766,-0.09575094047359681,0.00015287759300147097,-0.05575675454692497,0.03782749208345872,-0.0025624442219662038,-0.006587091533646432,0.002466923470856286,-0.03775277552652445,-0.03556738641066119,-0.05288145705666316,0.05129284677074607,0.030080997979695948,-0.007310726531439536,0.08772965971126286,0.007950517942828635,0.020514497314764926,0.006122561321657829,-0.055469480404903175,-0.010723041751148172,-0.06111119899088301,-0.058276701804278075,-0.06000220027749622,-0.06614655826330007,0.041173532401001495,0.016743149725214235,-0.031293811194849044,0.02746023433298352,0.04476151994842669,-0.04952327461339569,-0.006152707117252312,-0.021410869123391994,0.081205934639407,0.041493729857366574,0.029742639960920213,0.07099103939479075,-0.05076587732310042,0.010266643841880738,-0.017755135274781886,0.006393844891207071,-0.026403706887185862,0.019343038021857325,-0.08062319999442623,-0.018599346586583868,-0.07441363028608614,-0.0011590690860334481,-0.04416750807049497,0.0038171773684298614,0.12995942705318206,0.09374264115600042,-0.066202045879427,0.08116699035216421,0.06317801817497118,-0.032013072072614925,0.049333384079906235
64,0.014264008484791126,-0.0021439972155232728,-0.10041408008620664,-0.01841673126410155,-0.01468677908864132,0.017398439208112643,0.06445891345010708,-0.11315095028881941,-0.03501801227501104,0.014564847603286572,0.006494763239363263,-0.06188536646115447,-0.005623924717550888,-0.04144490347045927,0.05793335333647739,0.08328729110586865,0.02494848510590934,0.09478344686429503,-0.0014727264183420625,-0.03439879538210583,0.0382592083785163,0.08209596465368917,-0.0053468689019626646,0.04015249677800659,-0.05296635842480567,-0.01919244643613022,-0.04367388646357123,-0.024780253999026162,-0.06924089924760216,0.026847149342326033,0.016074911685077187,0.012868074408369167,-0.04869725075317883,0.10510013138446539,-0.07610058562912224,-0.02514571500847323,0.007384723263736261,0.08295338254953238,0.07176631696652419,0.022951620280655356,-0.06597640183954916,-0.07893785240678988,0.020131847825741896,0.03661902386214674,-0.05163873514408748,0.01930562554295296,-0.023994723072968273,0.03222236423988605,-0.1014661499782893,0.054635364505249744,-0.05200416796624544,0.0528942476136763,0.006130155241879555,-0.08752761912950588,-0.05692062365284661,-0.025500075158882866,-0.07757649648533858,-0.028443639886148547,-0.10319137863757848,-0.06130612613039735
65,-0.0677969881173568,-0.07699438329034346,-0.042619797069779385,0.03767124521326089,0.026962062364886952,-0.060216061716822186,0.03788147146571126,-0.004589808459023605,0.07532249838696768,0.016996543989307736,0.05180960071700496,0.05709880835750883,0.058576736085650276,-0.03354327074236682,0.021455614201897916,0.03901393883205922,-0.047030926575402636,0.004989855338314244,0.06864266692819324,-0.03399225399217259,-0.05196966093905221,0.024558180312710082,0.008852782842260418,-0.03173077062851992,0.05183681313144993,-0.034219903290448196,-0.07839950231692924,0.06938989935763994,0.04519151666468759,-0.007101184304296865,-0.021370427016948024,-0.03903485110332377,-0.06824864036406128,0.023424067785972603,-0.023560147377477365,-0.03748420004829964,-0.005954328784071123,-0.0033270159020809334,0.006887690229793711,-0.0832826390463664,0.1045156904312571,0.0009439172324222437,0.03653042775644922,-0.04886525776960325,0.04991698637924437,-0.06966932022108624,0.012243221178040678,-0.07941942915040806,0.028977032099134107,0.004775598495323408,-0.045141018197358516,0.011198356683778981,-0.015824748693431343,-0.03451657293755068,-0.056728681728441206,-0.07370606671320597,0.03906727430676365,-0.02284370998284745,0.0392597174697357,-0.026903165663434016
66,-0.08231347365904844,-0.04391354709027576,-0.030899776648261906,-0.022856171021147505,0.038480572942584945,0.02453378021218508,0.07675907431964266,0.024014848062706897,-0.00846549021842845,-0.035783182043757154,0.0035601534713469445,-0.10839336079863045,0.07559571078671644,0.04482142212292445,0.04095149208474486,0.07128912988377303,-0.04215793448838728,0.06184875015944374,-0.02146637105036258,0.05565830748758622,0.03016464702904171,0.03099517720436981,-0.0365390637580737,-0.008315053817295583,0.013799096645402702,-0.0004634929118638386,0.06164122507364059,0.01759452331915127,0.02719664747750223,-0.0008825581782557022,0.06752874377086204,-0.009191549135184687,0.033888764740343066,0.037376303315778445,-0.08791672149346313,-0.006166973959913176,-0.06523948537276006,-0.016328184964813624,-0.042470186864625704,-0.020130522388511218,-0.008509479133997876,-0.01890760203076729,-0.02437137137047429,-0.034337155928256244,-0.03700294591466767,-0.03510350129495714,0.02228769208717704,0.09992069126615753,-0.022549791220549346,-0.04932493173107389,0.029594058980496534,0.05787644813726933,0.07406279496532533,-0.04269431631193396,-0.005316733554310403,-0.0018209607877823772,-0.0032409384621177252,-0.018155668516339547,0.01865989767940453,0.05260047690387781
67,-0.0142167910031216,0.035945864161345265,-0.00010427066180314473,-0.028479923502550176,-0.006427703067390302,-0.024570955590159475,0.0012756986872548956,0.04651746059451612,0.02916649933821475,0.019335150761621865,-0.0837960941265185,-0.1442678535471606,-0.10042687211178748,-0.026210087258152232,-0.00841184845528081,0.08034701393912295,-0.016475554435752195,-0.01529673086149078,0.003504738076890683,-0.06474114847266133,-0.1208826300096469,0.08747351032607845,-0.05402698743290084,0.04252392996139228,0.08538211709369187,0.05889005109812629,0.015550778059720613,-0.07308696011561089,-0.0039671829363929914,0.008556231981937825,-0.10347250628946407,0.1165377485195813,-0.01139687338604757,-0.04633791093112668,-0.015518551293534003,0.0640215700637255,0.13990866857836176,-0.0028622825055325384,0.05718375700275494,-0.019235513453211353,-0.07906568315121973,0.10109629540136099,-0.0636483759407307,0.002754359127381625,0.019220823203218124,0.016821521262604208,-0.09050646818911819,-0.0009150446498104914,0.007567942719268013,-0.05824790839892127,0.11246670273896119,-0.049790392537301324,0.0634129501199729,0.03050736079131465,-0.010178151371593478,0.014500752231289661,-0.01893969875422857,-0.17100765264484866,-0.04395839495818231,0.008250189180234742
68,-0.06857814431888815,0.013572451442335784,-0.04968565698072993,-0.03484622287189739,-0.043017374675728415,-0.04417639942848165,-0.06866705010260182,-0.04157514203470359,-0.06222455096362577,-0.02150076156202158,0.012784658063992765,-0.02091294554813089,-0.005303267575547053,0.008239400504590823,0.07778354574803631,-0.03639748251286654,0.05465055428714717,0.15882409907234651,0.050335052324894665,-0.03482463145743522,0.0136002136212873,0.09488839629139566,0.006851300744084316,-0.010232604651598375,0.028431238290585376,-0.04045376862918529,0.09704067617269237,-0.01290473163194341,-0.03693940521013305,0.04165070155362945,0.00012677543566557892,-0.030534595153797445,0.009999637654322236,-0.03745797047708296,-0.012661982196059393,0.04596210637235765,0.005371588406056903,0.11373503962051851,-0.0032895155422837624,0.050479497679497005,0.03364613666660713,-0.021038107765598307,-0.020408019927500708,0.021087516085575297,-0.02263278271848,0.018486735007721276,-0.05110543401379944,-0.012951199157905323,-0.042748560118316764,0.03087522636242331,0.07494903221475827,0.04930797621197799,0.05396382295675888,0.05598275236385679,-0.025466019345841442,-0.00634159836715633,0.011336772047123123,-0.049570488455942675,0.08025806758796819,-0.0030195569658367826
69,0.0544032412747874,-0.0008418507741654188,0.06558145345174148,-0.016183074538184936,0.0855326331739066,-0.061045624114196485,0.05907143975806892,0.034081821826366016,0.0318472724895882,-0.06862157822029245,-0.033773111969208534,0.018449766307290328,0.01676834139301834,0.10122719421401714,0.04574932962746089,-0.03593216001970478,-0.013973738578873908,0.08279589216912887,0.08557350260798649,-0.005091350515532506,0.06833540919603254,-0.03802986817707933,0.01859211450984696,0.039599063219834515,0.013805753139698148,0.006442258026335732,-0.018178684930635552,0.014056440497077641,0.08444622896549578,0.023277343144201906,-0.012938124520225426,-0.013236917352345596,-0.028468247690773277,0.024505455011880346,-0.05594887931277632,0.005639115439321281,0.020363402678035217,-0.024604050462653432,0.014500899849315015,0.028880347675899188,-0.043960345187642184,-0.06992492576560043,-0.05831677597950011,0.09796122102282616,0.02319847668779406,0.007688025765119148,0.02537486703632047,-0.1304892270581458,0.04468257963159243,-0.07318314498022396,-0.013395929506895145,0.08200156156638748,-0.06574842441819174,-0.016317583666113928,0.02907390678066785,0.056423583074940095,-0.03479026820792421,-0.02506759687300056,-0.025905889228609057,0.054019751548308764
70,0.04614417883825236,0.06629718552254683,-0.021392579635715905,-0.0406214444032131,-0.0013636529288829223,-0.10139176691085973,-0.008539986581441639,0.07226184930942078,0.026389775543472157,-0.028096346345370303,-0.025131563119640092,0.025727681422765034,-0.023080925105379225,0.013186088603901906,-0.046356286146971085,-0.04298160066152055,-0.03968673887440651,-0.07786928599426549,0.11179771025176682,0.039539560708653367,0.0011035178368539115,0.03714256829668608,0.002277067383201605,0.03911931128075122,-0.0368093369617775,0.11269895833473399,-0.025552094201122883,-0.05441229417098728,-0.04037840108424996,-0.12103703312820023,-0.033737771907532646,-0.004188834654838695,-0.09453936791382817,-0.05479151368742231,0.02692570076529607,-0.05087186027348857,-0.02838770794855853,0.11250944770649322,-0.03511156844164694,-0.02259243905135276,0.06716557497089186,-0.021946895507588562,-0.0019145814605315953,-0.049354243007688196,-0.029655027582986857,-0.1097921572577248,-0.0647185496585296,0.02221833569503697,-0.08382241986206632,0.015814828650724373,0.03137203331133757,-0.01554801142280827,-0.01860369623412356,0.09395103781195363,0.11105769721982997,0.08491299271905797,-0.024783615936547734,-0.03136821804746479,0.030009328915976834,0.01932922418759508
71,0.02029399329754584,-0.021277735130840057,-0.06933983530785794,0.10010919980007846,-0.011364707091034208,0.03663524279776092,-0.021278438250498896,0.05201588930216046,-0.07539183404969402,0.014691915590528069,-0.027134998395736375,0.017755744963304242,-0.06455260985213085,-0.026556298489933503,0.07162921661313887,-0.07087902685728496,0.005301210252849792,-0.0911569921849022,-0.020757170592667813,-0.013957577990212676,-0.07201234413920703,-0.04158129475098494,-0.03662218272541735,-0.02123718058626593,0.11249970905549324,0.030383768084804374,-0.04057580706348387,-0.06255932906818969,-0.0006284985655017778,-0.06134273341820435,-0.07436648659469929,-0.024142542888822803,-0.026525289707358755,0.07589612004181502,0.06124510593749574,-0.09107621437076273,-0.044366512490279945,-0.01659846009516685,-0.021133059450546346,-0.16355171838189642,-0.026281417763576488,0.0018678518529717586,-0.03138124813426279,0.04884582885457074,-0.00334110228648397,0.041176677826117905,0.1008809540838614,-0.02826669937832373,0.043204191995391536,0.07851019864425697,0.012668952880171357,0.03623527939844211,0.01774988138772689,0.09478868151143396,-0.015193122320300732,0.03481773222347507,0.00825237111728131,0.03596247659705566,0.022141030783897342,-0.033153670137485096
72,0.03577962744215785,-0.08168397572770533,0.11244236849116941,-0.026157064148183428,0.017905527095230443,-0.005457509551878812,-0.02752362507265129,0.03888377740981467,-0.014759395765248134,0.007134474809080539,0.0053079154709462575,-0.01950221483997319,0.010632872314428008,0.030881918031948685,0.027144420961970644,0.028424647959098045,-0.03212024879449849,-0.033667307764955086,-0.023348531965933117,-0.044168621289302566,-0.013015686879892751,0.04425007821497117,-0.12012824781399527,-0.08792173493960166,0.029232760939983973,0.08419311708929064,-0.06239302853989222,-0.0006320089451966103,0.02857278515397314,-0.02019501588054767,-0.03163000780989778,0.03536733976960763,0.08455256105362402,0.008535922116862465,0.019196391626600154,0.01040066154984633,-0.10642664345388671,0.0011605536473702136,-0.09765476488333677,-0.03297657731729209,-0.11770057749343568,-0.017749288868778846,0.020967755893174067,-0.013967852162030489,-0.03287940350642414,-0.06982312840907653,-0.05355424573542838,-0.1233409511560328,0.008809446846957062,0.024858302044837473,0.03892909549907242,-0.024332441898440936,0.03318425092249683,0.01834914668849571,-0.06539073753925012,-0.04421193378248852,0.06150626346771354,0.01916025062264791,-0.043141055565605754,-0.14007241219575792
73,-0.03506107720866829,0.07990108821537815,0.02236597216662335,-0.025911298740980537,-0.03466882893657648,-0.0452805487662288,-0.022865833936624856,0.12917505517709185,-0.03290835431638622,0.03477227030924332,-0.04933480417096834,-0.0686563048444802,0.0555942400024987,0.008735132268306717,0.0022768655248566537,0.039013766917941346,0.006364005338407211,0.002752865974478672,0.06568765748313471,-0.025602978263364138,-0.0459732325791487,0.043642333609139224,0.041612150755039996,0.08724416913069002,-0.03480480095560015,0.011345306983613789,-0.027015678094765034,0.04655415608627411,-0.037388581594482384,0.03392545493665876,-0.056332316242845085,-0.028088036089358306,-0.1073210077060214,-0.06430288584868586,-0.055389398155494214,0.060110604755068464,0.03838016503150186,-0.0853030447525143,-0.006136208329820885,0.04334202346516751,-0.025899451117622135,-0.03773806764590426,-0.01955442675571089,0.04977035174139093,0.05423096839681228,-0.04117439316242804,0.06244230471440716,-0.011506326591238916,0.024616155796670976,0.047257983708076705,-0.003942735234614301,-0.047291120213810114,-0.13726823956231562,-0.0630820258019587,-0.01596652541424444,-0.01439518191204639,0.043972667427423014,0.04983977313319178,-0.1273424360955997,-0.062078805014672285
74,0.011147546032916848,0.0519786590885413,0.004646654085705726,-0.012159413820617722,-0.059167315048100785,-0.05579428758048402,0.0015691011528502666,-0.000148153860971292,-0.05802630558273582,-0.06270861320476342,0.17207936064477744,-0.014335619466280836,-0.016815537891323708,0.042698197480932176,0.09676193996706205,0.06396716704406608,0.008728329027167248,-0.05267411486414427,0.024645348541411694,-0.08574264832838116,0.02204120140476831,-0.025581191106326808,0.03500273617877487,-0.0961801569441168,0.040084115284238414,-0.07467741038694183,0.03303803995100366,-0.051402714164271376,0.060804981774754,0.006050556989104444,-0.0015240605037198942,0.03028145453487135,0.027137081855519687,0.03027909883641992,-0.02122755969409005,-0.013996797317086015,-0.0509705212431142,0.036644207324137285,-0.0031081811428139974,0.04847028773076535,0.01694754484474561,0.10330328529400754,-0.010012294838975092,0.02198583186553701,-0.057234302504539515,-0.010408226292368877,-0.01672503837171425,-0.04164583300448982,0.03673677001432381,-0.019081518172489997,-0.04741535004495898,0.04483877949125766,-0.03981747034655039,-0.001575925738987284,0.0912858499401204,-0.013104246184425994,-0.04035509521378588,0.02132862571888454,0.035571551851367754,-0.021342074124688973
75,-0.042437116304148675,-0.04685000624729961,-0.09828241636816432,-0.0337402333008182,0.0442811466719782,-0.004200992400141017,0.018038149217606565,-0.03730508822459429,0.03378269901396823,0.0061743241807382734,-0.04367209773004019,-0.02342807896943402,-0.06857929542681614,-0.06703331909536131,0.06831428445032656,0.04148446434112032,0.0985037678923746,-0.08522365654501907,-0.07530512738770105,-0.013416498711687676,3.931365136815192e-05,-0.0007549966021534618,0.09820947854164574,-0.05442077127788603,-0.0020766536175361506,-0.035274589248414874,-0.02704180309169324,-0.07277182930901506,-0.02751089956231692,-0.013131075546781824,0.022696527636213732,-0.04006400397774067,-0.08072567794436653,-0.026482700251279995,0.00773665145153421,-0.0690224788431488,-0.02836053670089195,-0.0015158900990660236,-0.050840369777066186,-0.07343279958213092,-0.027429852872331042,0.05249975127321499,-0.027737951686154422,0.006543550903887617,-0.05150615700215855,0.020075642488625898,0.057327168425026935,-0.11686696301516865,-0.05706330258466032,0.05922447753711003,-0.04577791234224007,0.020975489833815402,0.018212405563451998,0.0634880755048762,-0.017884349182873197,-0.02389762917270384,-0.053983293609821736,0.0021732711554617997,0.04819517957239647,0.01631804512733287
76,0.054918449257401906,0.0006442065867158825,0.005853985059100862,0.02039283613821961,0.057794253104073955,-0.06729209963078565,-0.06233863302196136,0.05374977886706684,0.03375661314257707,-0.0932869974732262,0.08381578723186038,-0.05130945285726236,-0.05578956091277762,-0.020108371638834135,0.04933096616294913,-0.060808278650690516,0.05183155025584825,-0.01763059467988301,-0.06692081852905729,-0.10996570814255699,-0.04174386709505306,-0.03787633924735378,0.042020201256128396,-0.013706364486865161,-0.047707067957654614,0.04943101394872627,-0.02293160452115053,0.07841571360012553,-0.0036864219796136377,0.023782376798930565,-0.009120089243496887,-0.00403646823753495,0.08636449803571954,0.004307047220798322,-0.03255666344942475,-0.04930045888484659,0.08707956196629074,0.01864546127059327,-0.04493131160456603,0.04847251677139425,0.01778661721079095,-0.028234010739476775,-0.015120392217413837,0.02427855861219606,-0.0516473976036626,0.04542775602445702,0.04113142335855151,-0.09870265797354547,-0.07029450406035719,0.006303801468355735,-0.02032241299099972,-0.0533560391299579,-0.05581813935090125,0.0086920710881229,-0.01919659589401335,-0.055324411745373774,0.09587126462658882,-0.0021361859175084135,-0.0247675456559468,-0.02605923867453735
77,0.03463353766093864,-0.04440873122414005,0.07975832443182175,0.0742101995261308,-0.015698054457025077,-0.037062852376106105,-0.04331977772287468,-0.057205553252523154,0.03891276224281178,-0.0007794914494048765,-0.019118736890030814,-0.018692518270013732,0.06435632994506997,0.12889773172270858,-0.02651736991419002,-0.04884269360665615,-0.050416029750424654,-0.02870112037991822,0.025225276959604217,0.05721798791124151,0.02096518729812628,0.03651456689190882,-0.05448132244361576,-0.07728496845199184,0.04051853730487556,0.06273229760912415,0.01475627609899423,0.03974834247267009,-0.07179822501861668,-0.04501081501573151,0.004961833891836574,-0.05316066520789798,0.037383079135720906,0.059362736268935706,-0.07403196644810406,-0.014664628558250159,0.02764903257890787,0.06925657182574407,-0.06147861728056304,0.05037594252262767,0.026062189796631115,0.0406060048967219,-0.08575485946707263,0.006593332941539913,0.027024112561716173,-0.1150857721830032,-0.030387723093098267,0.04539390334917858,0.023225780212953986,0.019827369118154425,-0.09147259445244095,-0.08637393671967103,0.0077253480763077725,-0.040241603446319725,-0.032911309168338676,-0.07167310064326764,0.07574462370324306,-0.046296127472719474,-0.002039294908029022,0.0322211104612226
78,-0.07729161097507287,-0.09045438209495943,-0.0003467687864927506,0.04030998124013133,0.018145557976405626,-0.0298685130203803,0.04035442496441125,-0.010419718030438136,0.0031445051298794454,0.061745592073221674,-0.025820716254251714,0.04785347341035618,0.015615231991296778,0.0048049702601332695,0.08880971127531316,0.0592340403170085,0.03542246798037584,0.012014408758168555,0.01899742978837596,0.015030050406424066,-0.0721407506986434,-0.029711422801542785,-0.03366730732311907,0.08374964597960524,0.060558705330963046,0.02710173700548709,0.012504437316275747,0.05459981886568516,0.07935148799889738,-0.017931886825823164,-0.07496532272916205,-0.02309797161564828,-0.03781620356695091,-0.03709921185829008,-0.06011842536485215,0.049228413078661576,0.05012934806557776,0.04958315549026423,-0.049761828935602076,-0.01046973695168109,0.00802405519098559,0.04362617045455532,0.014655465977107623,0.01511303405084766,0.03830661637313724,-0.041621194129803946,-0.0645044567929754,0.007564127060904098,0.01845190504315314,0.03601576759756661,-0.062005556947652536,-0.07156695610915327,0.04473645289974698,-0.024437818932543837,0.10905537206642663,0.08442879612715408,0.004210530452230747,-0.06490151372079844,0.014164577378117504,-0.03166416045049928
79,-0.022394838411697836,-0.10710945438406748,0.009736629566442405,0.012637479617552773,-0.059049592987055206,-0.07378159343658369,0.058648688223562666,0.06582738761903027,0.02674251775231999,-0.002852629725736877,-0.004975432854656366,0.009589309584343127,-0.03108910768685002,0.006006106743262782,-0.04369108790768728,0.04097125943129541,0.014374797700806033,-0.03536360617663265,-0.06871559037292375,0.015977681943577047,0.01129608335302933,0.009523725959610157,-0.007548600933433801,-0.02689670863032389,-0.13292027095650083,0.001503377566446897,-0.0023727243201872635,-0.02222108853213044,-0.04519452462647061,0.010931490283735539,-0.015347888151435849,-0.03579119602404819,0.1493568525344391,0.125969228864965,-0.03427673509293214,0.031153595898310904,0.000880480475473762,0.10319613423365072,0.015243807395297022,0.04200714648743646,0.03829099427286001,0.008163983303629371,-0.04457882684417073,0.015258022546386274,0.09373106827974612,0.05660542762721168,0.08205787586051873,0.03803968375164244,0.0035551357284649295,-0.015041642910282371,0.01480772754828696,-0.004605900284188863,-0.1245881149557124,0.03959819813294589,0.05248701453848993,0.06703258020956657,0.008239681567109155,-0.02345955768599679,-0.0012730031308533865,0.036972189160615225
80,-0.0862685274025183,-0.07869794292467575,0.06653341760342271,0.020051848138141728,-0.06790050278718378,-0.014518258179545863,0.01439477922897044,0.04799095966568771,0.0277759988290099,0.020827893191033103,-0.04065115878947862,-0.021872534122051118,-0.02650699791340941,-0.030550204864997415,0.005935974301272361,-0.033985770071863014,-0.03148633345766171,-0.01691807890632108,-0.013283149375820239,-0.02487805043045492,0.045691420169715835,0.0387045044990866,0.0037597052731802153,0.01611841555164729,-0.029496246403308293,0.027826868663837406,0.05707107931660758,0.0031103766971080685,0.02601377343444177,0.042243061603632,0.007817454319607073,0.0693961154243177,0.011705476219243996,-0.002394405343606176,0.001782860228583783,-0.04975083742659905,-0.010848526500292544,0.026739043329147626,-0.006359578496976532,-0.06750116409625855,0.07563379086849298,0.012417599666965413,-0.04659218539791223,-0.07503677110622119,0.011157806616158098,-0.023688791104323734,0.013357328994870679,0.07360651394213799,-0.040664550351089845,0.005348837052244931,-0.07691301441553854,0.04219099224569109,0.02016164380054359,0.042577050126566755,-0.038568764561984936,-0.0067122926168131725,-0.01621270037116837,0.09103078193252769,0.02484243447958241,-0.0720914062835391
81,-0.04089132987261561,0.04450800877910049,0.000829655529507348,-0.0006784448510093857,0.1037698746465347,-0.015358189106071384,-0.0032205130627969312,-0.05325310830508443,0.11244820739719982,0.01142656696211232,-0.04389569776201469,0.03745914155236391,0.0009805304219499455,-0.020949731318950247,-0.058377236838557015,0.00708451113316599,0.04534837948100199,0.02450131457368301,0.0026344585771594102,-0.10697173169866984,0.06841596034041622,0.05917646521822471,0.04192339883596208,0.021187435186467006,0.045091066745464745,-0.022988499786382316,0.005161506309718106,0.06708321156812058,-0.05323829856500434,-0.06434838234553765,0.042273287570748136,0.012893696403723426,0.06868050717514065,0.06847287233482947,-0.0744090303209013,0.06790767202489023,-0.11950117107425405,0.01375982931860462,-0.040161945658465696,0.009611114005058482,-0.05648844803663691,0.007578817193689448,0.1129177532545143,-0.014645616658191297,-0.004103754307413949,0.11177674350290953,-0.10019693446772247,0.11947121294278443,-0.008397478696430984,0.07060800080485177,-0.023771538487725744,0.031207703041327334,-0.06393563502597943,-0.01147869329485187,-0.05026927618595207,-0.0024189187030941336,-0.012373596882042285,0.08511695818547095,-0.014018171217026148,0.001571553813648731
82,-0.11916985572369228,-0.036997001161680323,-0.024762863240125287,0.028517823065906854,0.022113732014273402,-0.014482927193552838,-0.02923913916508988,0.03772268415306914,0.03799841743202855,0.031864805586402686,-0.03329188553224363,-0.01249529843636661,0.0303737903632151,-0.028067725893614337,-0.01353883025924855,0.028725534593482437,-0.005130002766755805,-0.02618111500656217,0.055249465230565384,0.004130073418403013,-0.001570484011043395,0.015343339701516625,0.010839486508084244,0.05632775047546032,-0.016708029879015023,-0.04687833148182395,-0.04358264657504941,0.009740069523387618,-0.043797745408520855,-0.0010729096603726966,0.028205023387073553,0.0024511575963883383,0.004469480084894384,0.011934456934102338,0.05966628025085607,0.06835276872964832,0.037775183470292885,-0.030244553244348556,0.00951443208197014,0.006923377058523663,0.052267214223382014,-0.02454937076800278,0.036811581729658586,0.03889335157481427,0.03190818419841616,-0.018565893954220473,-0.027025731134898305,0.02460532931593553,0.05619459777521906,-0.037152400031903524,0.025469089593342573,0.011816295743857825,0.042462015096711284,0.07063961837514163,0.013874981998661554,-0.002161016874616142,0.040325152239025205,-0.0020470193034071416,-0.044645980691737065,-0.027967989936435993
83,0.07584852122951617,-0.007867188931740201,-0.03281237882307223,0.04397865927826186,-0.06298932525759054,-0.08557664037199796,-0.015718646094202024,-0.00664653458059526,-0.01735928887315989,0.01048621245804116,-0.031455674083454704,0.02851751551910233,0.03924108799203145,0.010098879297949023,-0.004580806882679517,0.12692871005719947,-0.05155981151229091,-0.07159686073925355,0.07117482680483929,-0.06700322440209515,0.049955017310113405,0.027853188826873126,-0.02164449898749713,-0.027155745263028084,-0.008190485838282522,-0.06384834654656456,-0.030667880332059683,-0.028439241569459147,-0.02665878653531902,-0.07737573281052905,0.07824908133017523,0.08855025094244948,-0.010886083472568843,-0.051039202503581134,0.03733815692786722,0.00596414202021681,-0.005810742447307866,0.015305942710217601,0.04347870238104172,-0.05809724290988831,0.019068468811752462,-0.010474120930302457,-0.07727458838416226,-0.081453031265936,-0.031107572491108695,0.09416007264082488,0.0033197808286264886,-0.037607498628842884,0.0647962608829317,0.04998276647388781,0.029974394063100287,0.02058151622918979,-0.002396268124738988,-0.0745526430713976,-0.022910948721347597,-0.02784474617972015,-0.017878120533617165,0.009256892326581717,-0.005317111403958981,0.005325220658481067
84,0.09332702219995652,-0.03876504327027405,0.003343576685633447,0.0415318743615688,0.014402113107648986,-0.03224415184383322,0.006234052856533595,0.03479557002452591,0.004784200689833465,0.07980185967308213,0.07641343667959181,0.06062764641719005,0.06777218078351743,0.03946569962857692,0.038022660467775346,0.001853334662520424,-0.03079521497359185,-0.010658050027237935,-0.01903682422287595,-0.010058190112196901,-0.008610230616559782,0.010500787256844175,0.042134013221747486,0.09698092505044553,-0.02848870500363579,-0.037780737309910994,-0.09165619011225776,-0.03428468762960241,0.004831868901955378,0.012418556896557137,0.007206776429537401,0.06630327979828142,0.01821244548466862,0.05001255056053626,-0.009550277336650334,0.021284569752803656,0.07721866553647835,0.037151117599393914,0.0328583969501633,0.01059101114413182,-0.01703096517481041,0.11251598993903338,0.03128738568643911,0.10117013621803997,-0.05413819187989001,-0.04882791257199985,-0.047822120900456684,0.06982957858578118,-0.06102593592691687,-0.018890148377863403,-0.007405259671796679,0.0020136181842731874,-0.008438016599862264,-0.09278650583877844,-0.02238800135516718,-0.028688171474132728,0.0541235853143948,0.05799018860147359,-0.045374663920609515,0.023402026638978682
85,0.021894524378377727,0.029833501365050127,-0.002691433889959607,-0.022516142877799492,-0.07482048535815201,-0.013749477499260315,-0.10090639539746608,-0.042313621338634866,0.05452401465545472,-0.034605256256418596,0.11976643265799378,-0.000528717723377744,0.008610279751090662,0.006663276094818663,0.010091456658095547,0.038214557653192156,0.014658252825080513,0.009264921042014594,-0.055718795783122055,-0.08973162465839805,-0.04908230256773931,-0.027490568004821456,0.049590406194322076,-0.04466627967152069,0.07802702078909758,0.1056197748334109,0.12615284911494776,0.022020917067444117,0.06913592486444753,-0.07035902602203126,-0.04426698895238483,-0.03456953812443488,0.04810078161772745,0.04815551875533514,-0.11002685694299588,0.07490977801706473,-0.00016028064119648954,0.08054772061737706,0.11243372572434726,-0.01686630466105829,0.024406626467300574,0.0058109123928645305,-0.028491982701979973,-0.005304428424571482,-0.06365874435000415,0.020614657875529956,0.04608977867873637,0.025448785084676462,0.06704995817219572,-0.05162658829516623,0.012081886180149716,-0.022345416568843684,-0.05412778918593083,0.01889706273196157,-0.04855143059679836,-0.03499716197854482,-0.00279576172762171,-0.02508512574217553,-0.09965583228418763,0.09586173548080547
86,-0.04329925412595158,-0.021569993834595,-0.06599579093697029,-0.04020719178861131,-0.029851051686122003,0.0990591213302671,-0.015585816773831732,0.017338718141504568,-0.02125455238164109,0.008937054237825441,-0.022479055582287962,0.049300603391486925,0.009657554262624154,0.04683349262293857,-0.004437655852685536,-0.09761524718203063,0.02938940039067609,-0.035111611357194095,-0.10143064842863986,-0.13207794868976658,-0.05534897919952152,-0.039902941269136,-0.015689222407869224,0.07764492773352417,0.07548118473966395,0.040606388314145564,-0.028115536864296783,0.01416077028058248,0.019450095168336366,-0.019215147333449766,-0.09102481093193397,0.0069048967807077205,-0.08972900948549282,-0.03465115353359412,-0.03142104934884004,0.07475381894057621,-0.022552820798190314,0.11497385778939143,0.00048235307064997354,0.01396699536220447,0.024967505956012815,-0.05692986844806974,-0.010386077977844913,-0.01403643538668681,0.04588780233636494,0.04470343048336834,-0.07846038040881721,0.06129186068600563,-0.06304085014035318,-0.07138468621375561,0.09611444083461167,0.03134860092980693,-0.13075472644878228,0.03868362722565191,-0.030976007396113888,-0.013307364991150566,-0.10463217129702822,-0.08497416887933004,-0.05605271443446491,-0.09176929860981603
87,-0.04766067064936784,0.03802776465903956,-0.01972239803177828,0.0041103900345843625,-0.017213695101786164,0.06069563682119118,0.06117856491255633,-0.006140713268935495,0.11596780108117534,-0.057978203162931556,-0.00922359265424848,0.08497264052288406,-0.042806337420530256,0.01297253458197576,0.08068302627290123,0.006286636379476666,0.10181693996732835,-0.06901231965291119,0.07475179477470226,-0.03374379221881877,-0.013730405301312924,0.053205415339642,0.044957631677384015,0.04991952907028278,-0.05855603026241095,-0.08108432712767687,0.005407014493598936,-0.0016558125603148139,0.02541691395614803,0.01591682551213634,0.007250271815786132,0.037199106723136206,-0.05917385060864331,0.04573749082296437,0.035468131310497635,-0.07722008114217946,-0.0262551682794656,-0.03190878773248618,0.06541730652466801,-0.0004699527935086247,-0.04527499291539677,0.04110435206967975,-0.007723719071852584,-0.07672894941150044,-0.06698409833082393,0.02572027595596935,-0.10188908692300687,-0.006034415982793545,-0.04360392777867027,0.05310770863996537,0.009571159487914434,-0.01876970938120852,-0.015810527580084225,-0.005660169291627418,-0.07519499471250339,-0.02940747190469638,0.07535598293792123,0.021354219670158204,-0.06668445009750856,0.10751409659934824
88,-0.07130163875200453,0.057665269089519244,-0.03857030955392093,-0.06762379710217893,-0.003230229485405964,-0.04710769577172137,0.06258423828322893,-0.07150196955168817,0.022947284850983515,0.021805925317652533,-0.016937826739153887,-0.004555722460674282,-0.0432424331993791,0.10419598144048496,-0.02499349986544236,0.06224596215773121,-0.008243918894635244,0.0638105717006212,-0.013784939318615281,-0.024320896859848118,0.010264030164122617,0.03087575832194532,0.016954511784219174,-0.016380107931432734,-0.05216499813290951,0.004763164845505346,-0.030219067763862264,0.006200689036249108,0.03465616441021584,-0.008012062154323252,-0.11038752852499925,-0.03307198906103908,-0.06241723001836398,-0.0012729115873606547,-0.028379361235806567,0.05758743907168445,0.06914974777337142,-0.04573613448237835,-0.027508979411850046,-0.07352725793243665,0.044233566543833036,-0.03431297809346564,0.018992794666364745,0.04457008146176824,0.0011083475180154844,-0.10291208935486515,0.05495603788052835,-0.0527957901794533,-0.003553240183270124,-0.023465333600523303,0.02073003854361962,0.050206749772933545,0.041569859924173835,0.05962538209190192,0.0566411405040435,-0.03557779574952552,0.010599259871489098,0.001553220724422421,0.04445525511557704,0.00996185896682346
89,0.01165960574141972,0.015330004395918181,0.07858899207202379,0.040619823626095196,-0.07674844770748976,-0.09338805513165636,0.044401145844059124,-0.062370623115436036,0.03639040851119971,0.0509218827729499,0.04612444791920069,-0.02420118905411679,0.006599494409286134,0.04311241170007719,-0.045977747652192716,-0.035574937940308124,0.10699235267637165,0.05451455765406508,0.025294163146471683,0.01749647266851563,-0.006076530604008745,-0.0011702529609237487,0.021760933118122324,0.04087441500455501,-0.05513119359982272,-0.018859014128154578,0.07098676877981855,-0.12241650975629294,-0.0032407136313352446,-0.061565713328185064,-0.0265458124052652,0.05903925824770523,0.07548121534409341,-0.03232962712350106,-0.011720957872663942,-0.00606119971111053,0.07477538919536678,-0.04880040725800749,0.005360024907336611,-0.06634777723167656,-0.008643948699041275,0.005368488453575538,0.0833595092970694,0.08412198288514522,-0.04809803076698567,-0.02365163911273442,-0.02162896201458539,0.00037936139328817307,-0.010283201066865219,-0.012160061859067017,0.024697344123975326,-0.0015387590342454517,0.011436277551794098,0.046542637123189005,0.030980296235389202,0.07655117902239518,-0.0010102033880829437,-0.027117741145130533,-0.08441179656489958,0.014588553850437298
90,-0.04593967296927119,0.08355666900202459,0.06322171828614023,0.03222009092264371,-0.020685630540376112,0.05284859756808891,0.014025769591707288,0.010782204215757398,0.0014240791762459367,0.011581018641602783,-0.011129254613456284,0.08209691950228525,0.07040615675031933,-0.06519583683073062,0.01145189602404418,-0.10327956974702798,0.057229694365861776,-0.018804332069102356,0.01095424907033943,0.0259172072429393,-0.10550262679953534,-0.03186185432301622,0.026833153275778832,-0.032587380588304085,0.07783615774477265,-0.004312852220880246,-0.09908950905960749,-0.029239539967629964,-0.000830096108596613,0.08385891857046257,0.007103679232438674,0.07165215115181908,0.05733428910197637,-0.05220673089213052,-0.011293215273231723,-0.0017438539653209123,-0.04342298333093094,-0.025926591658690577,0.03959844891823218,0.1074065027319915,0.04161139258671479,0.029926668995206577,-0.06469285303123343,0.04825598010375833,-0.04425200237279376,-0.014518306650773336,0.05021172664330046,-0.01602671906069128,0.043195675119265246,-0.04057651334756978,0.001985040282632793,0.0011971663344815702,-0.04239564061602197,-0.011638425121421547,0.010432066632769788,0.028092937547330166,-0.01067555651334683,-0.008078889761858282,0.012155982010629656,0.04967139472336452
91,-0.0259051728720906,0.01809766550669236,-0.016151135853979905,0.04251377531244127,0.06338488089156954,-0.07921575871266402,0.0634215433296003,-0.08246866776636798,0.03489003535437889,0.05831565891923415,0.11007270497052181,0.10131522295525151,-0.08609989123391515,0.023277972210201933,-0.02975553085472547,-0.04370820014244437,-0.005914578412373787,0.005454549828959103,0.017216177327405973,0.022497231475692207,0.03113308101596647,0.0039024814313993812,0.04551444726059715,0.050791334970585834,-0.02370101289152044,-0.05185626972905809,-0.015694841907922613,0.06861923827566295,0.031144836947221026,-0.02170560969405436,-0.011953124386187015,-0.013129610487671509,-0.041094159737428346,-0.012537766340046818,0.04287370499872038,0.03537732465088636,0.06759837902052913,-0.05120555936011644,0.03371240953453279,-0.008632157143294683,0.011620392592130064,0.08009198429217891,-0.0520483400415418,0.007742988097951064,-0.11224286202615477,0.0348462013010619,0.03559020128182617,0.01160183606900273,0.05080019752693521,-0.020828854550470073,0.09899914101504034,-0.022678553003319408,-0.07183199866589236,0.01223081159830654,-0.0033110547688366874,0.023147451590010668,-0.10786116126876062,-0.0063087210732396095,0.0974745052072215,0.041656309244234815
92,-0.04859277168458929,-0.05507286910392373,0.0671512125743344,0.008737969464892218,-0.11253820324370714,0.03761012692188616,0.01597629413223417,0.00476169051933278,0.046593019927308674,-0.0831234528800679,-0.08758182910084569,0.05158196090916194,0.03718204830952969,-0.03169334859831118,-0.0016624222293110497,0.032027225865581245,0.009757801528832426,0.025095075756491652,0.0581684540588154,0.007374305079772132,-0.054076775900469866,0.026477299786484422,-0.008786620053161632,0.013730835525939036,0.007027890592454604,0.01867322464703738,0.006355215129111074,-0.04712766499630777,0.007787078890481823,-0.01501762479554443,0.00966941680743478,0.03518092312904416,0.05484255892464247,-0.009826698774244538,-0.0029833890957623064,-0.03765963399277722,0.049413488655263,-0.0019077655642630571,-0.06411758396643502,-0.10839281511753839,0.04023105522075124,-0.010502801044075104,-0.03223220553862375,0.018710384044227375,-0.01806966437282537,-0.03509901434356478,-0.016262068913583075,0.014743282699559226,-0.02242832614873939,-0.09753247159483056,-0.07415117831171981,0.0427826729237507,-0.02972598411736331,-0.01768058605418446,-0.0475157885313546,-0.012694961065649867,0.014307901447334471,0.016181967103970612,0.00405974366212893,0.014678836911836935
93,0.02863211426568286,0.04688935597947331,-0.049871769931386395,0.04191211268361609,-0.06272219049806964,0.018438149962444236,-0.009413609503666381,0.06461700063572799,-0.13174253916094084,0.020295036396055163,0.031227831005342797,-0.025783807127346722,0.005746638287528648,-0.0937174784289481,0.0016220805346913736,-0.016171082313679686,-0.03030775790081334,0.02706628142422701,0.026813436269075425,0.0030239969135271616,0.010184465745891427,0.012228108962680262,0.03888904113700854,0.0199898244065179,-0.0411233708793233,0.08378030114312239,-0.08240873258051093,0.021446428456571222,-0.129701605805192,0.09026951655304831,-0.0447974836482993,0.07332527676476595,0.03996534245208313,-0.10406145565178433,0.06543287621817638,0.020660062774494614,0.056573415257052395,0.06201688323439026,-0.03034178849006976,-0.005380272084337297,0.011891373182175875,0.05369545228348523,-0.028561562095689177,-0.04378488818080919,0.0009858709794962023,-0.029048822286655288,-0.023709460643993176,-0.011438083789795037,0.024964089846989074,-0.02481595163244284,-0.06951864902636322,-0.1343707686978242,-0.08649671989510738,0.005972050254444046,0.034661696258764856,-0.048148934247555196,-0.0849766544025278,0.11288711164460767,0.02070232873682262,-0.0258860322277225
94,-0.022264394106330337,-0.00657845546874026,-0.006528690640771397,0.048669497764629296,0.045487813978405636,-0.0993692820252057,-0.010748051220611614,0.0360787814440846,0.037895245427301855,-0.08558468388246235,-0.02462305140338103,0.09089110360224188,0.04274523409277036,0.0718227932887012,-0.026327203099117465,0.08596172852819368,-0.028001859216177802,0.05676447731475815,-0.09018413983299364,-0.036765953847731486,0.034109809145916097,0.08658626452181119,0.07505886506569294,0.08408802946152505,-0.04908249934640846,-0.045549399493918126,0.09203436761169062,0.05517154534649733,0.004821694182649302,0.01444638448527666,-0.011837958496965829,0.011900127905479577,-0.022428271584568907,0.07562881316233677,0.04731797790255675,-0.04132672820300025,0.05151021693917983,-0.09633588989736994,-0.021298506658451524,-0.03581144288390686,0.08821075442184047,-0.01687454953024893,0.039208778190901704,0.051257640837079475,0.05283246297197129,0.002558071638737599,0.0333986783061439,0.0213391318210594,0.03080063195075418,0.0579624718066425,-0.018023105483375157,-0.058039478024490894,0.11427825834649029,0.026295342475324106,-0.020729674311495225,-0.01854844636078322,0.004623738157311749,0.08477656805126944,-0.01287602609351376,-0.02428031637226444
95,0.08435614698464049,0.04175155132814567,-0.023560955963928105,0.05310121114914227,0.03605344910005165,0.0760184406256083,-0.022384231192354196,0.02409902460751452,0.012815322889118783,-0.030127480937000486,-0.03906397639537473,0.018943019280784498,-0.02719778798953052,-0.028151639525296323,-0.061951790776459056,-0.04645195926924263,0.03498275150685286,0.06666142067532103,-0.00748206728407681,0.023594125039008658,-0.052658703702140354,-0.06943368925598663,-0.0121561611073672,-0.05856833197979314,0.026928732426311344,-0.04109740750588545,-0.125286763906716,0.09777777956570341,0.05840753218809493,-0.04444770067519894,0.0035681401221791184,-0.06812646886446412,-0.0218062700275246,0.027411091528203962,-0.02958500199283095,0.018314674592407727,0.069738941032933,-0.010479875427675195,0.011619475479162679,-0.02310424883565916,0.018410419730569123,-0.006709006729719561,-0.01698823286191805,-0.05066345527411196,0.04885275463879926,-0.023129924274094736,0.003157977664047356,0.04808343583513879,0.040064641482567206,-0.00933179458382667,-0.006470590919121171,0.1050050625957734,0.0847417296478193,0.02826426635719336,-0.03437414058312714,-0.09545403078904781,0.03312399606008262,0.030425668016203965,0.02245782854774357,-0.05246311848257376
96,-0.026352583356022218,0.09822365066526609,-0.01969370184254189,0.02615836126875868,-0.0551885153765383,-0.025314461146774943,-0.03360540418835175,-0.018828704902259234,0.08561977762391408,-0.01491373517801599,0.04963535242187781,-0.046784434707256,0.008705192999703633,-0.0695325346935116,-0.04829046252651628,-0.06777687438621088,-0.08804766848581017,0.03970530328612411,-0.0860427466658929,0.0361427133710396,0.06500535679056278,0.033501473172092754,-0.010785801162190299,-0.09613640442553534,0.0668671631712946,0.07896705022429254,0.020463325948069846,-0.023277862852063912,0.0367461994264168,-0.06900604574396361,0.0023523666183828586,0.00542617080991431,-0.024821156062510404,-0.01014377917141778,0.03819813396447595,-0.07275309539708369,-0.0038388704540296137,-0.0037411309287422767,0.024109541984270268,0.03347032810573429,0.03991620648519162,-0.014060540967594347,-0.04260014281581397,-0.03303122852124626,0.004760790587387838,-0.017281351750014485,0.02342945489964609,-0.10133932729949616,0.005031869031508889,-0.0012040976634172622,0.03395453717443514,-0.0509385686582297,-0.04551643612072408,-0.0701969439494494,-0.07349683944129687,-0.12214429426305269,0.04920411667314222,0.056097990563414406,0.03405933999759234,0.05545400992613839
97,-0.04176669580452395,0.01024357877508293,0.015520502322125193,-0.06589739721351982,0.019309579331065304,0.06840691947316689,-0.06202009124901758,0.052173976423364646,0.032142247852270135,0.07629502782545927,0.05569592539658703,-0.10252977445298603,-0.04930503332316273,0.0426873006770392,-0.12057200997830779,0.06345339888037696,-0.012194731518104424,-0.027000978466704736,-0.019256913539336194,-0.04516076505838434,0.04850133999856073,0.028648626862060798,-0.07238271350063585,0.050403166171686595,0.028420516040666744,-0.05357961401506582,-0.008919212396245156,-0.015714319538521957,0.027899218477933255,-0.03803506959227972,0.002816339897443331,0.016882505799427946,0.08810493248568335,-0.045354598769316655,-0.06708826458418948,0.06767308370063352,0.006922749067715701,-0.00045889844418387876,0.06656072514065949,0.037096467501195884,0.028019985588811285,0.01489768185710914,-0.09161079469552635,-0.13050149952348467,0.03407294567357242,-0.03877623655252326,0.01200449362043505,-0.03290246136211894,0.01868892724917471,-0.0499806713524359,-0.037070439098505284,0.0008967900855963549,-0.01622160907348872,0.01807135573305273,-0.07477788683891654,0.04817168883537146,-0.025508381253620812,-0.014023448506991975,-0.04263067316739144,0.009975233278605992
98,-0.009458340934865084,-0.036119078954073666,0.0048904986610210964,0.029910244590629104,-0.011731020884758508,0.001429093781917435,-0.005051598571231315,0.01275821537486126,0.018041472230690345,-0.08942028449740778,0.0033693232694612515,0.01816084719208442,-0.13657343174791642,-0.013870441936425695,-0.053225537459220616,0.1547021094281576,0.06954383509465223,-0.11443930962215106,0.018926079798592198,0.028611928481893624,-0.00763733298151625,-0.18316411583672992,-0.02275633651004057,0.06874063562962572,-0.0005820023796070945,0.047514673011432515,0.04848737513874258,0.09989306015675453,-0.005051257677874356,0.06666421431463679,-0.004086950624319825,0.037939418593659215,0.03902598163645911,-0.03108495842253433,-0.020362299175364654,-0.025789467280052665,0.007738885359953982,-0.004287933047329072,0.025991431491284446,0.035623232329176725,0.005451740462221207,0.030190001827842067,-0.005216271080989585,0.001985117319236082,-0.017401382651693817,-0.051165881130512,0.10138774754797585,-0.05042100283936417,0.022846246237978648,-0.013529875195333071,-0.01667747250919728,-0.004464326423682344,-0.07211377858306005,0.017939825855543084,-0.1431635919638663,0.06816332997632793,-0.08054395614787174,-0.0012493210475885755,-0.022589278762633273,-0.016033810021595277
99,0.04729886303889298,9.298745540431336e-05,-0.01653227797375001,-0.048117481265894456,0.08863804207258809,0.03598630412239278,-0.05849271149914334,-0.04867050023835541,-0.05548753454385021,-0.016512738248750016,-0.022011154457187567,0.017788679904095075,0.10719968543334314,-0.028658047496020262,-0.03850294127969971,0.042542821121247895,0.01725077827413067,0.14974446849922357,-0.00958530811152872,-0.1068068626302087,0.04470517296867317,-0.023921840613401767,-0.06147958637528972,0.02895147454652852,0.02522068122979248,0.08376293177981245,0.03858195520182566,-0.021191448315866893,0.02644296305792117,0.016872276083569407,0.03541598260082859,0.07646597749977972,-0.0360973479101996,0.010105647445727835,0.05605399077639697,0.03142695568465565,-0.04678699240738279,0.031200820372567828,-0.005486128806426076,0.05682345388745604,0.03567065652680049,0.010270308966961217,-0.002913481658866258,0.007779040629495874,-0.043164288013152204,-0.10678565191125054,0.017896028067451508,-0.004997229892043465,-0.014070859165410858,0.04305024801433244,-0.03959596549288609,0.0659809236114176,-0.01232384993363592,-0.001398485948293106,-0.009835759081736926,0.046658056916902786,-0.04973991002524102,0.032171106773016704,0.05929220931309216,-0.051129907168072024
100,0.007220093344649184,0.009354521696080824,-0.023324942710895673,-0.04135338606726417,-0.08089139136161677,0.09116504465463256,0.0930575374323833,-0.10586719716021355,-0.004254863621124297,-0.01964007024752477,0.01564797766288072,0.05232252903444835,0.05955519302759679,-0.014767087217882936,-0.03202810447165762,-0.02175750721133234,0.023352014212948146,-0.0022539937384093507,-0.09702754634637313,-0.11561745257505578,-0.005036321561604484,-0.029661927011948225,-0.05326295698422652,0.05451926802134585,-0.01333161247375889,0.033023273140893275,-0.014501769036595624,0.00766660145248396,0.0478938009061364,0.003088914960313418,0.07625365721330986,0.018090176163105112,0.03908510265452416,-0.015153433880335933,0.03274736894892324,0.04407037989010214,0.03029578628483819,0.03515582123875759,-0.042432605200246144,-0.034278977643986804,0.04002038705646911,0.08323953197580033,0.038887347890455025,-0.02429284401625517,0.00725098860284695,-0.053649081196419784,-0.02005384600251744,0.006176796780108562,-0.06839332129448902,-0.005213750730584655,0.06373349566133538,0.001468969303715919,0.007621259223855332,0.023233098260591768,0.1142269580007572,0.0012895140404142365,-0.030134296841108157,0.01978074057067754,-0.08493797307227632,0.019878707358960152
101,-0.05270897594906332,-0.04491918299805899,-0.009276099961753598,0.02339682590713199,0.07038562986392051,0.14509946848601174,-0.03846491292140645,-0.01876977813083113,0.019754722339585532,-0.011178912051595411,-0.022424773458124807,0.0010823382566177366,-0.008558326246441164,-0.022250541144287365,0.045963325618573005,0.01629175483043509,0.04744616704409524,-0.02508820774428133,0.052335449014258795,0.03182770095815832,0.10084129439954662,-0.027112982101446192,0.04241133149423428,-0.008479941581968868,0.05571821490389249,-0.019156783722765632,0.005277346047954752,0.08676008022552566,0.014004188724975492,-0.05532603666724942,-0.05091171489643627,-0.06347279539668703,-0.06563181683930201,-0.018327440120881746,-0.05915812500139012,-0.016743256962952126,0.11893279864335124,0.03986070598340836,-0.028397406183153492,0.003292431610890099,0.011955255045659068,-0.04779916010345361,0.038283053881863566,-0.029083550393768247,0.030090132030678965,-0.018335654257467793,0.05667690991641413,-0.04048171230858749,-0.0474780742939891,0.021543166787938623,0.015429923653204797,0.010909328895992111,-0.04435361567851939,0.03924564859108929,-0.045551749411975366,-0.006436959702674695,0.02170525871213123,0.01852434957392811,-0.008679603400425354,0.048676145184059126
102,-0.01588418645948626,-0.09386696876626661,-0.030154590828367852,0.0655124694696316,-0.09674481242022623,-0.012296820896649184,0.0013139822241684024,-0.041060472241306226,0.03515253261303742,-0.04730067928339673,-0.06953601039518092,-0.013390458259432018,-0.023431092017640594,0.00781931617467106,0.024722127135668317,-0.02770829212231364,0.04418610925127841,-0.05371319883953025,0.003187984986025238,0.03758781786289377,0.06662503847572059,-0.01361453709439247,0.02959309626299265,0.02066998960828723,-0.026985543200781458,0.06375668778758935,0.09084458645289892,0.00528074856366022,-0.13161180732064004,0.0436552660216152,-0.025776854395781503,-0.028300368532838547,0.004115003298565519,-0.03167765023642172,0.07058563058482586,-0.008719255706335402,-0.053308391670595215,0.04934181151262828,-0.014739770453577036,-0.0019702161268539803,0.009537743988985955,-0.012741663677092825,0.06755152341559024,0.11096871195444619,0.04722762997816505,0.0989482623500881,-0.05573145195201945,0.10495198760690254,0.054680357272465535,-0.01649054639930101,0.021348833673072373,-0.0242986966462503,-0.02813284705605829,0.02416975767751321,-0.024469575563207377,0.07143282258647828,0.002152876620610925,-0.07141349633142884,0.05404724253905008,-0.0010694097915833983
103,0.023503899758045052,-0.06685426732769248,0.1081421246588132,-0.06830960143358976,-0.014777411778960583,0.026893210078134208,0.027982211738543778,0.019772612628693828,-0.07878349453263397,0.06442765176732311,-0.018930547334639218,-0.019575420794621,0.059202817094125074,-0.08738426357381879,0.006213971284475819,0.018580652575377814,0.023711404960959862,-0.00760003097922085,-0.01769574272743302,-0.005073806936082155,-0.019651042632535972,-0.05691078954545287,-0.0059195844424104,0.006213442422771789,0.053718544555313476,-0.04721501746783436,0.01153597723314542,-0.02064960020275541,0.0039871027018520185,-0.01271400168653417,0.01572224227828077,0.013244212274410453,0.018061118666920766,-0.04656109296962187,-0.07818274500414733,-0.05782469976426851,-0.04144757889900165,0.04905894835077895,-0.06678827090257451,0.05850236262393387,0.05271821726439233,0.04550664878231495,-0.02043426548717704,0.058013071381432676,0.06328610429540907,-0.02630618434914947,-0.03041455072703903,0.0821065380653349,0.00037377181724725355,0.04121888749336644,0.044431400657470234,0.02853018536606448,0.03584359339235858,-0.02843962105689725,0.0026558585765396915,-0.070421269347729,-0.08083358531786512,0.06279203117097283,-0.01701373419940181,0.0040036079493952475
104,0.011440189723716484,0.0008386692530805803,0.06880021843115322,-0.042982915953939924,0.018730052118728444,-0.004031911527040389,0.09289242958505584,-0.030841727368428218,-0.004146212063862815,-0.057912768704209985,-0.1078609053498953,0.12819578908348714,0.020235781037202007,-0.03810912416282657,-0.013987582715822313,-0.03521467062550509,-0.018779747234823164,-0.0121525731044777,0.04373198441405476,0.0029851207074319684,-0.053947008096552444,-0.11030936972879038,0.028267303233559835,-0.06613898160990873,-0.03965799944316051,-0.07775774477453751,-0.02112698437720535,0.0074410892043929805,-0.026636584332215437,0.05944974061193247,-0.0016191903397731614,-0.07474733519885239,0.08977286572937267,-0.00528497744187624,-0.034841909743539165,0.041345072893466464,0.015957677673519455,0.0113709687637958,0.014869382082352724,0.02584586074428891,0.018519883744082248,-0.06887478417372658,-0.210050094402485,-0.01766014211110278,-0.006474315533672999,-0.025476216103244433,-0.009782906841680301,0.037476576294659926,0.050262441259233,0.10850170025893983,0.015786944182791765,-0.009772874555398688,-0.011415485386833466,0.019795538044038614,0.004452485408842644,0.031195942343094977,-0.06718131579844366,-0.01084166963416232,-0.08082534470222104,0.007440505808817503
105,-0.031886182813940754,0.008190804882968512,-0.06180032905588315,0.07061344426891955,0.0023804389512624754,-0.045408357665455354,-0.00459987995109716,0.03208099102541474,-0.08450623803951952,-0.047993829357758054,-0.07263650443964315,-0.05077938620546321,0.054436414215114796,0.028003948165902404,-0.10486841654861256,-0.029546634583007006,0.084830659534449,0.023650752193410937,-0.015340011641669574,-0.0007251775405069153,-0.01370634460376903,0.04952441108701649,0.05621153661724158,0.004607994526276734,-0.045714536678652475,0.01007372176061082,-0.13736094370890506,-0.10276367681848782,-0.10029918145204701,0.045671439395932004,-0.011689462970291968,-0.017580918081367202,0.03854767165895668,0.03205887591891958,-0.005002576016526176,-0.03512373697447125,0.024169392751096693,-0.023953649625345436,0.055860710964303166,-0.08030551504414021,0.05506148975966902,0.10076667892385868,-0.028580807381075327,-0.011303299572242619,-0.041690297582912664,0.05061657751039741,0.023480943881330017,-0.007677550152920884,-0.05939866490680739,0.021925808460997637,-0.05080928806830869,-0.10381375324549627,0.1681340501684285,0.027570770047232875,-0.03812064675639422,0.07475167741464975,-0.05502498762613722,-0.030485291247101677,0.03601675362497495,0.007515454088443188
106,-0.06560375552869231,-0.036667962601994855,-0.010468508534255969,0.00021218445256804172,-0.00722369126712903,-0.0056636955366330816,0.09920355477516368,0.028468297762796933,0.06839042033410407,0.11191076084128423,-0.03001205530536962,0.05041837374202554,-0.030001276283872707,-0.01731185908265149,0.0002016767324372902,0.006889898706226733,0.01894879831268262,0.08010405761234106,-0.0275633228150733,0.03470783595589728,0.06038282448231392,0.0237966919006629,-0.021048948845924256,-0.11568350607379588,0.057887547729936005,-0.011931033171960093,-0.09226473623472028,0.08549313934717641,0.007671899186577397,0.014987444810638852,-0.01784145580389836,0.10858275804104657,-0.05468578178975456,-0.018798133512413218,-0.03130232034156539,-0.03566485706767802,-0.05141799760638606,-0.03991309691768762,0.03340405936630603,-0.05019451544374217,-0.014719327393984214,0.01520393237407304,-0.002417158258716056,-0.004911550645836379,0.01130019087818077,0.025526814339609887,-0.012006640879458328,0.022906747338655928,0.058110293845946195,0.03879386483653134,0.025253937505235885,-0.013124799450109446,0.07098404825909184,0.03885920366354398,0.11867377072650574,0.02794383306596025,0.012078448450904708,-0.04077610397985862,0.00247522842563875,-0.05990333893168347
107,0.0685678637377173,-0.1129393219406933,-0.023808722676940734,0.009801090759487095,-0.010678877171969426,-0.0012157859298091368,0.011125252953288716,0.013034812366975962,0.038722470239745635,-0.05103476296697454,-0.01739231212770417,-0.011665626056097368,-0.01580023163573386,-0.022114430298569573,0.026821312796764078,0.005877178829662997,0.08322151627595593,-0.045469909786760285,-0.02905943025383251,-0.0955294419238927,-0.05832161765281709,0.09069384368379152,0.02016845456364595,-0.0327155534984474,0.00042203033240383617,0.05888028079881018,0.04232962137250867,-0.004377398689187627,0.0013126165557535423,0.08007013849103573,-0.05311642094337889,-0.07794214069616097,-0.031913754248737325,-0.05087774902195108,-0.003987767807989099,-0.024753223707442856,0.006295853992801811,0.042350963558256564,-0.03436850986004641,0.0012117931232730479,-0.07039398138232644,0.05570948967244617,-0.05394746021644233,0.04173237459179367,-0.059230948341124086,-0.0363284665065091,0.04351183728158374,-0.0010565943889449024,-0.03537910904175866,0.024597441002945555,0.04558854412461119,0.04142385968228348,0.04511838138709008,0.017717279771878296,-0.019983912724360998,0.06498952104263594,-0.03439864467439128,0.0600670543446933,0.011035380455032565,-0.0048289590580003665
108,0.03241567922016091,0.009265226472495369,0.0384559297577324,-0.09699860251309017,0.019632102480072584,0.06963332501714216,-0.05165964991955671,-0.04460071280453964,-0.06257906850064231,0.026655198688946967,-0.03646199453606379,8.172432142292078e-06,-0.08347537139862381,-0.06327575612025356,-0.005177127027655376,-0.018605597039053286,0.004977598306640715,-0.005984222377830762,0.10899138938499123,0.02474784347351213,0.02409831127112109,0.03121255740075727,-0.05477466262050282,-0.020163063103186725,0.04036804619777606,-0.10271875056401349,0.09510198800648739,-0.02005795252154765,-0.04788583031973854,-0.02671786902987656,-0.014790779865347041,-0.16955983807921518,-0.07477029339358886,0.008704602850561441,0.04966999357868241,-0.023820201253360224,0.035733850720055325,0.04748238843604347,-0.10709466248634213,-0.022256251816346075,0.005863134703150168,-0.031129127567463336,-0.004979175261506882,-0.006838534963644963,-0.044520010514627374,0.022916343222849023,-0.05906388168999772,0.07794370784598673,0.1088832160344321,-0.07211400205657617,0.1246534634130645,0.017461233790098896,0.012942573580907139,0.04431115060711101,-9.353737939198536e-06,0.048993992567331876,0.009962849604244211,-0.00012688348796986864,0.009557804293872731,0.0043551337664757585
109,0.07656265627220002,0.054327566086893826,0.030175782596712886,-0.028592223750299038,0.005252677606078608,0.05425850140487752,0.013453258073143052,0.020980823713027997,-0.06712853836941414,-0.030596216921667887,0.048794731056611564,0.03203112519289407,-0.05651025469402919,0.07446728102812958,-0.09508927548456661,-0.03875289765709608,0.0902745698955156,0.09193890940230613,-0.01794847216838151,-0.04706369533594655,0.04946566797486246,0.04062389801676871,0.03716799681894283,-0.024425983980140672,-0.02093284057138438,0.003680011699693793,0.03824145650406275,-0.015789379415900848,0.011288815700486744,0.018468842553303125,0.08720333862169162,-0.04098803585938248,-0.023279933943166416,-0.014215161179579829,-0.048730019021488595,-0.039030991584520794,0.01354131522793133,0.09500053542462834,-0.0078121997574818625,0.011228115903807604,0.0042879178357480225,-0.0150748665912449,-0.023041085794479336,0.06891271294908198,-0.07233105206210318,0.02231000283030771,0.03837150515528081,0.02868908280171709,-0.06792030474475776,0.012736852873264877,-0.004587475161479213,-0.005591268428382206,-0.053450612615399,-0.052371918508458855,-0.06349436973936431,0.050515937457548524,-0.003898499863509034,0.08957865231587774,0.054772838304206345,-0.04632558456612597
110,-0.014041234480602178,-0.07003375143791807,-0.05461404433130527,0.04171514800772736,-0.030250712793969806,-0.036334551502142105,-0.03170895293588525,-0.01068479192768153,-0.02144706050733774,-0.09115589515098853,-0.059998982494863046,0.08151827678094814,0.048162265911355334,0.006912333368838319,-0.03869558471745718,0.033317872480630256,-0.07553451596290729,-0.09071302028638707,0.020184352091712595,0.05238659541741057,0.003317234189522589,0.10393459560234497,-0.04631530582428942,0.05729856741801452,-0.051475721273784886,0.031323930839749964,0.005568550104772474,-0.013630751401718095,0.008006609823994261,-0.1346592653850608,0.018500841069340905,0.03325820985093406,0.08969166982256653,-0.015867988175004618,0.0025538973317329773,0.152970866591968,0.05660542446158292,0.017186779945904476,-0.005039883351290265,0.0090822310471108,-0.03871288620921338,0.021120045565494946,0.08166755681906097,-0.05813394206058609,-0.03146712850205707,-0.009306128214864573,0.02570444662279758,0.04499032102562745,-0.04040701398077493,-0.10174269913031325,-0.06142315315718218,0.13536465933245662,-0.003934222053836851,-0.08477971366941214,-0.08289987958324706,-0.04750805288960353,0.07618716113942964,-0.04943903221550613,0.07724959971032488,-0.09399737928184375
111,0.07349982065213177,0.022227159826006277,-0.0025111246824119676,-0.006725826224874675,-0.018716061345973613,-0.03650166891882438,-0.09239340732212412,0.023538761029100172,0.0972228334525138,-0.0371150928876858,0.020124549059576478,0.03659819425836475,0.01799518130261137,0.09647182139041922,-0.012408727779769433,-0.10647524011411254,0.04548092278114068,0.024619125312483926,0.07525417569430327,0.05266992056979278,-0.04143362145796681,0.0012022855884987883,0.0011574981174063159,0.012821919047125891,0.03162960706671648,-0.027185508330474683,0.03351792914154857,0.018186174108424043,0.06343778964981346,0.04764349869921015,-0.04164582523027718,0.005956576560545983,0.07912932259378447,-0.01607404012407481,0.10473978770079279,0.022373443104578106,-0.023105108505917724,0.029107703770180092,-0.008025628065220388,-0.045253467241486524,-0.024687431721433013,0.014712299099766428,0.022613910913165544,-0.03823284489581437,0.08779935606624405,0.018762692876090645,-0.012208507776259214,-0.015640791179224782,-0.12862321847981759,-0.012262892295490983,0.02391829135259504,0.007347335812454142,-0.01012145188043795,-0.05171642347755605,-0.007382071457722301,0.0038478494819543046,0.01970424039534232,-0.044911361251904036,-0.022873325580364298,0.02211003373883205
112,0.03871835798538058,0.007043667974735711,0.016032044617955914,-0.01874761250832296,0.017455441027782608,0.025324133238909502,0.12864212426839394,-0.011963753877596824,-0.023842144073602498,-0.046460278661350406,0.07203900984794159,0.04139092152729848,0.03803500160763118,-0.01740804782366711,-0.022209551112779363,-0.14827221461551277,0.12340018446764779,0.00912744544714722,-0.005416948445368786,0.056256565973220644,0.008033309234487012,-0.025459679353518255,-0.0633709178240994,-0.007292200635096654,-0.05904498379185106,0.0025763454508311652,0.03931720977739168,0.03161089409472104,-0.06972420065757536,-0.045975785742267274,-0.09817104966900465,-0.03530266644956526,-0.0685584160962609,0.032987090948453826,0.04790333437142384,-0.029042636173411726,0.06445056060697672,-0.04887156856292942,-0.005349401572942688,0.020122973885303957,-0.11316560311409492,-0.06858416973660258,-0.028074848950147238,-0.08939451627501178,0.030845019305796955,-0.024240453310951454,0.06988203061401971,0.05887520917618445,-0.06317978968537592,-0.1259022863054754,0.013671157003033951,-0.03090023162251985,0.04096868385117242,-0.00499062617782116,0.006414691110798191,-0.03949198550872886,0.0019825490038673636,0.013734959295615537,-0.04236691149272776,-0.01879654921749569
113,0.05688582830572273,0.07617291954963637,0.05458062777575224,0.01926967725592595,0.0794503380040174,-0.02078829738529582,0.00742157659260331,0.04093541852828749,-0.032801555834874596,0.005886425281696491,-0.018535398047361214,0.02947137836942959,0.022936226348353475,0.039872690916487354,0.06824862245780501,-0.03018301018319741,0.06234298937580002,0.050062593982713864,0.03883058347620897,0.1008904482621806,0.038241061531001604,0.07952984564025581,-0.018809185912149074,-0.050325782041946335,0.025605984932697067,0.08015585640429003,-0.003417881367270154,0.06173798576740293,0.020555318499062867,0.032047957140322714,-0.12203597926713468,0.02865924681919801,0.012581361780779423,0.022517058711521973,-0.0009779624165205995,-0.12453111018503915,-0.01289752292376261,0.021503883189847316,0.014096839313868625,-0.04046464975443375,0.0022634352888054837,0.04119941550592537,-0.06979112252464659,0.020499824438222253,0.018299361550852673,0.0037771515608643062,-0.037231062563440345,-0.09794975888665321,-0.007105333031886332,0.023388307158008534,-0.096492800329161,-0.018043809373846385,0.0477761008483345,-0.03214130451991005,-0.02385806162540113,-0.006440170761038548,0.004028556771625773,-0.11694036516256617,0.07226730483992713,0.06758157344749419
114,0.01587237911615522,0.053995221960993794,-0.007003732308893191,0.006950748175032846,0.015740480698675775,0.01420796438061342,0.06053511772801925,0.11066429383518697,-0.04917518804639654,0.04834290287241858,0.022103205998877246,0.0742758672092861,-0.04780311217882187,-0.03842582063188933,-0.13746304067246617,0.058845855117062695,-0.015724042747661985,-0.0014534565818363169,-0.07953721249646012,0.03361778511821155,-0.059622521312810615,0.10202047483420072,-0.017891057551271166,0.032131856850962634,-0.03450475995842472,0.10326591373091724,0.0614477083617756,-0.045596095851243794,0.04490013780373902,-0.08162438012898154,-0.05009845645175218,-0.04689974330293118,0.03331008481150154,0.05616806797578299,-0.006082060884208455,0.005127705715074374,-0.036927617167750136,0.0487092840475499,0.06502162815057741,-0.032228977613019745,-0.035939880413106466,-0.06177784530961977,-0.034974775028346,-0.026381478073432867,0.06359534255378978,0.034893067187328375,0.01398374335937111,0.01086290911959249,-0.015441071150618584,-0.03954866834222454,0.03468497361911324,0.10582298593437509,0.06213438645023123,-0.03596587291305945,-0.020074676968797396,-0.017050603221657787,-0.05707641621606407,0.016635511890421333,0.028060400482475815,-0.019011789666855905
115,0.05607031363032103,-0.00675604122298913,-0.07700788169742057,-0.02422471859862964,0.009979600245687711,-0.05833326113855713,0.00652466196193871,0.08620002023278038,-7.399100377967575e-05,0.045861264697515065,-0.0006188075323236725,-0.04932821446946263,-0.1012166999863371,0.0625912109089605,0.05704868538574704,0.02641286914146478,0.09279068046847498,0.06169150098518367,0.028622941158574645,-0.021051421494581484,-0.007122943906672465,0.005641318809489594,0.03649156774811171,0.03430856658754825,0.022078461016948832,-0.0725582881726023,0.045546295579735406,0.012572280786896942,-0.0057036642255368294,0.04996321034269984,0.08814113398688653,0.004910858227426562,0.03644567257703705,-0.011749652487048276,-0.02941484568073355,0.048829846051129645,-0.14340479329654743,0.011794796958610429,0.004725909730621625,-0.09932336032924395,-0.07162598591863902,-0.025299315728773523,0.01836780500956995,0.012192497049561655,0.03631613082902086,-0.11665274070398882,-0.056296087635445455,0.0016728175276834354,-0.07525238104851564,-0.005845160595859046,-0.05242473382986263,0.05705816218785755,0.027526550754007624,0.09798968155869388,-0.029047192127499687,-0.11402011544983366,0.024486591840154427,-0.000966916417666747,-0.014713210935555962,0.0711665677613809
116,-0.012989364452891694,0.017899095312884295,-0.020100143645880936,-0.002071780495933067,-0.12994228738295002,-0.012836518051989373,-0.01959141221873605,-0.02743001429859156,0.042804912146731044,-0.031513306758696166,0.08640566989608252,-0.041486891592782814,0.051783875426270734,0.016746089906171515,0.051907195941892595,-0.0662629004149408,0.0006676916617602911,0.047785075300401665,0.01966392958535144,0.058720968763542325,0.0979244965125685,0.04365476301176642,0.022139052033039976,0.047481914553816264,-0.09682043300149273,-0.006476059048284231,0.06827900924389829,0.06373898780757242,0.06223281428562916,-0.023820753514859152,-0.10151179181211879,0.07977381147048378,-0.06564116424910944,0.11342069832628611,0.031283583772619396,-0.05303347016660796,0.04673775175523111,-0.04307472921603489,-0.036138277041531656,-0.012538626687003122,-0.014579620490815317,0.06227924508287968,-0.08810484509172897,0.020604998999329625,-0.026898552425990024,0.034323074698284405,0.13167277627606436,0.09834055836629997,0.018737139662607958,-0.06366153524638885,0.12195013769090396,0.10258552355468367,-0.10022794063081364,0.009709225206226935,0.08144954884050201,0.027669195653279497,0.00825912106275474,-0.0759354018805026,-0.015089915933833369,-0.03374979275075411
117,0.041681089979517735,-0.08490955828135671,-0.04345023366772021,0.013874984628175236,0.03125970142263089,0.0008377842084178492,-0.04450572957529754,-0.0025854361295877997,-0.0423639319658977,-0.04100799266446853,0.028320063271849476,-0.02088022115201999,0.10634980447089849,-0.0454133506430019,0.042502646095249216,0.019062018762436326,0.04655615996220789,0.0033579711238514174,-0.021450550956006693,-0.009919422307041945,-0.03745359291395863,0.15195897713820686,-0.08097862740014884,-0.10590093480952795,-0.11192559899807995,-0.016171937939062492,-0.028319673344464807,-0.04649312688374677,-0.009013042418871787,-0.005709873568568305,0.06640133143677272,-0.008394501317952949,-0.041191823965449466,0.07697299948190194,0.030909876981145192,0.026211089406245648,-0.037297472086040756,-0.05585845680263591,-0.05527651300632678,0.05041684981866682,-0.09327086400663305,0.03194710553761682,0.018899385520363698,0.019235686778677177,-0.048392470729886936,0.01323303874872243,0.0267855524966045,0.02418192699216479,-0.05423358635174456,0.06303823068646074,0.11132122141844536,-0.0015075519623708345,-0.024063156788295542,0.0035095750649967615,-0.027775731206700197,-0.16123241287670323,0.013487621136160165,0.010067267124258452,0.021684732351492927,0.008052775172998567
118,-0.012881370655508756,0.049694731654635636,-0.015296097734811826,-0.023840242641476113,-0.0868398819251126,0.13188926630943626,0.015431280343691508,0.017322996959902543,-0.006524034596531757,-0.07329710931347819,-0.019211003505334272,-0.027391253587384142,-0.01578086454876142,0.06394042317019581,0.053719380885550144,0.031502212705304386,0.06560314526119425,0.02613032940945732,-0.0013267213195943246,0.04083414525040222,0.039288984547320854,-0.034207510227365276,-0.10010563707838328,-0.09104370648753088,-0.05113611922969623,0.017479342635362192,-0.020644996966153042,0.006947624364537732,-0.05378136490901449,-0.03365709809011612,0.01296550772650459,0.07021818144147492,0.05943783443887696,-0.011973696138233302,-0.07067781847120651,-0.01898949771691686,0.005896011947125756,-0.03819372135029515,-0.09066721415046136,-0.05387556974118002,0.05046912273106957,-0.05996283068033667,-0.03668232899908368,-0.07598893014755728,-0.07339417736388266,-0.02597543373823014,0.07225124828349544,-0.06393288391866381,-0.10293038036052458,0.010120797979146792,0.10627005494081877,0.02417543348758896,0.04241395923406443,0.03949803652612046,-0.012470864190894116,-0.044699528822702325,-0.007909080260589502,0.004366343949612299,0.07005339390363116,0.001871916624373648
119,-0.11580729652811272,0.029225699328875664,-0.010830364589315567,0.008107667406822698,0.0021688548609456303,0.027788893623562846,-0.019186254300616382,-0.05937099143705343,0.055833755544953886,-0.02612185942085966,-0.031141373400569623,0.024966561062930298,-0.012775458789846516,0.03762689317340902,0.04701854587474519,-0.027880128685416197,-0.01947283014979721,0.007517126837772912,-0.04595513493000429,-0.0007101695180688086,-0.018122457172061734,-0.03393921939292671,-0.045557975969074724,0.0319148333585537,0.00024793155348380003,0.05582601929587171,-0.010061533062025257,-0.019116358754622562,-0.053231797024413156,0.06095369160449143,-0.03401144669789786,0.03138484608441318,-0.02105600233019381,-0.027474922024872034,0.04437160308852554,-0.01253095938901676,-0.03729561032058514,0.007963957325728877,-0.010615119195034387,0.055309075959181976,-0.026482516749204203,0.024530484941611478,-0.06194899716809879,-0.010771681328821855,-0.049958417917871235,0.10432360769743718,0.00859535509228341,0.019360795201303377,0.002754946715144212,-0.07563020004956526,0.03319560200581242,0.008652458186669019,-0.01903067855111284,-0.0697608039079662,-0.00342685181592332,0.03598465671530242,-0.02370343413860654,0.0903545723244209,0.046730722564580926,-0.01362074800938754
120,-0.011492138988623966,-0.00042729662257386147,0.057823018315555495,0.04423204887174313,0.06994465413131384,0.02803855422536502,0.056157154734554945,0.05979474689311774,0.07070988313910415,-0.06328856896876284,0.091692495745443,0.014982549850524246,-0.02397244485162996,-0.07755985214058368,-0.030514544212240192,-0.017730456739139398,0.05914871896515121,-0.065651030293848,0.056496695043995515,0.03423985921097864,0.03375308639104865,-0.14470786203818348,-0.11682953220921741,-0.05368065267340562,-0.010582471707874257,-0.04515875330013815,-0.06929354290580299,-0.012260684991099103,0.024653234602188795,-0.02420507064354801,0.01589559928481425,-0.023246483245425855,-0.02885592702944634,0.016306477080240994,0.03203693642521458,0.018771537944035813,-0.006454958104622854,0.015282740313992958,0.04337685836833795,0.009105390146863573,-0.014346582297294751,-0.02835798789348497,-0.045315780090175124,-0.0005310650457579258,-0.04676572824571914,0.054233546928550765,-0.05552990142767861,0.039041048547573204,0.0011992669711468947,-0.06437053497606048,-0.015783032124735676,-0.003626893383928668,0.07937686955229704,0.007657698846515954,0.08753706020459164,-0.07154099981550648,0.0024546538967259437,-0.07329697481708092,-0.0846738103807909,0.05221946756611043
121,0.06890644174565287,0.07891032738427273,0.011352337541966184,-0.04308328376581117,-0.036450379333525885,0.03840465570004333,0.010977162006875835,-0.019153122471671162,-0.006010240513117031,0.09023083097996565,-0.0738707474142832,-0.006012889036117529,-0.03229097273893832,-0.0017571291379510508,0.027327235845888555,0.010290188502516586,-0.023055685406857065,0.13041946916505812,0.058301147634004666,-0.011734117736931041,0.06432657482622633,0.02675000747700839,-0.0002731305164126055,0.00717644742765076,0.04264073541736081,0.0488262243587002,0.0066611895118868295,0.011621186648395539,0.010886401151809387,0.042818763293813455,0.0746437754364768,-0.02995815456939286,0.02857420188162745,-0.0628423892934723,-0.0003493877127145925,-0.11690956108794988,-0.0651668235871494,-0.09699407812101994,0.005014179864812107,-0.04767372171256423,0.0512610992606159,0.061785901334753354,-0.04931173372331271,-0.0027274258405688705,-0.04119202110316809,-0.03647113143252979,-0.02460864062509807,0.014064965491563287,0.01839913859115119,0.018250220470493628,0.06557408369335317,-0.052037705842557416,0.002522357016640575,0.0027461319279984625,-0.07943693298306298,0.05424095794504341,-0.05033322721179237,0.006628713453651796,0.03744064089744088,-0.03517625545492454
122,0.002059029701625824,-0.004142876830266511,-0.02944656877332622,-0.08884366478680158,0.04896857790505608,0.11110245125039894,-0.006376849191360438,-0.06570606328956147,0.01554532125755069,0.03282142166335684,0.04457520250617591,-0.09316708601726345,0.0014691189821637214,-0.011639285891039642,0.06734165452078945,-0.046342623134629016,0.009189660875341763,-0.09621594211936325,-0.0009279401476770402,0.003476046780969725,-0.05057607445196616,0.038534878222340266,-0.07715891531153553,0.08356775030216118,0.056912816168206114,0.011856229978337664,-0.00962686439977474,-0.09589676261442498,0.052321664151515505,-0.0568254345464703,0.003856226902164764,0.03233820363287511,0.031240823252408574,0.0336271128298094,0.009689091459094044,-0.07064102223730027,-0.027160048742622154,-0.03474266530901405,0.009580646181504672,-0.011778540977363814,-0.006199169175929132,-0.0034452224410926303,-0.03857541115039536,-0.04182645848405133,0.09138803681360506,-0.09917152584763841,0.06566631538254884,0.07283388989728405,0.034375142821985616,-0.014493077096587467,-0.07331076818526255,0.06364919116072006,0.02181239192893073,0.03128911432379638,-0.037889155788498684,0.06853850408761361,0.049788428069861966,0.09904115192186477,-0.09414582585677725,-0.015998567545206194
123,-0.03792706953903692,-0.03182733742845037,0.03140873121393429,-0.006184146087276338,0.04687184420632033,-0.007482722191534612,0.00016268896891366317,0.05127354294697887,0.04820661638109807,-0.006406041472577366,0.022092295445112514,-0.031188588013258155,0.08017025072797053,0.19981866953981475,-0.009260726401125128,-0.05949854978314019,-0.06253888736327877,-0.03403945709497506,-0.01309747468956237,0.06696974729271388,0.08120252886148957,-0.030493616003518666,0.011142109925613286,-0.02527300666343537,-0.009382893542500548,-0.07780016138803658,-0.004385188843500121,0.011138090894361945,0.04009332329671814,-0.015068632266707497,0.10599083113265731,-0.030319843780965704,0.1188221723489648,-0.12353031666624192,-0.03422978173065491,-0.01183767361662606,-0.04011112791970129,0.026954932843558415,-0.08938072477883845,-0.04081294151734537,0.047891963973646895,-0.018812569911764537,-0.04016263393726097,-0.04108931725247793,-0.014835397008660066,0.07884122483909713,-0.033014267707282836,0.03022028036609592,0.02644941452299755,0.01819352225550432,0.048336682388692584,0.01712264236636263,-0.09852749141482492,-0.029621357061439937,-0.05853192483064834,-0.09119116866479862,-0.041908115350181824,-0.06105556686724664,0.023878692953669286,-0.0007943459685653938
124,-0.025750470047106448,0.008903071172580256,0.06480292579646685,-0.004093269350969346,-0.08032279249988777,-0.027146048026201956,0.03677854197472705,-0.05245348904242931,-0.024586021522750395,-0.025546038464112648,-0.09227216651091957,-0.00861859081936187,0.0016034662707408492,0.0699290144445123,-0.02953178622489139,0.06729107469421751,0.025083905431851183,-0.09831822453424331,-0.041117313223299,0.106261648625465,-0.011009142321951049,0.08770193296012452,0.08313438530412895,-0.023158680513171666,0.07342336196222525,-0.024845120987974322,0.02164635774730359,-0.04320430067018282,-0.025018945920384013,-0.03155508321213095,-0.047156735578556805,0.09251424073829366,-0.060531290576547665,-0.10167564204142623,-0.05238143448765745,0.12992424744464906,0.03669877511711359,-0.023404371371274806,-0.031525013826680215,-0.019261089013656942,0.038872445814005285,0.022518823983169286,0.05258144607736264,0.047862918522675636,-0.04278253650752246,-0.11935195858878152,0.047591448445342785,0.019290215247882582,0.1311257861502675,0.10158259897288695,-0.0038803866614049907,0.10716124805616391,0.017361035257831173,-0.11526448513861584,0.09953758288581424,-0.036551505496697036,-0.047749032286261754,0.01744378890506174,-0.1154986908714558,0.03563212906722831
125,-0.07395547047758781,0.04038399358857659,-0.02103219686773374,0.005893276086169951,-0.019037268023820397,0.03357978521758504,0.0662945028753442,0.11455827441125138,0.012416245950739964,0.00610456454525204,-0.09528001983397198,0.05794352249932614,-0.029057237879582306,0.018703472912070036,-0.01591152836398895,0.0023141395800372593,-0.05440704684762277,0.05665678947648731,-0.029583280143733466,-0.04950365840327682,0.009418518782972599,0.032236010806830244,-0.016356117690816897,-0.048749392769911526,-0.03133822069256404,0.023344193609546014,-0.021781000045218105,-0.10286273579870964,0.0023401297257921,-0.00019533308484722442,0.025264755495914646,0.027324130473304255,0.07386577196615521,0.010927854982982047,0.022098070349836386,0.047332279580559584,-0.00924372989932608,0.018567116066987386,0.061469546058324116,0.06357810904523209,-0.0860956134389907,0.073012104936253,0.012907329613576914,0.07335354500039115,0.060560296657848095,-0.02034295132726995,-0.013792045125089226,-0.05391020374812266,-0.001021671802700867,-0.11631717809523605,-0.01428062904989255,0.0545234732633318,0.027037862215257436,-0.02311903046281782,0.010819754679673086,-0.10148575137138317,-0.027256152794644307,0.06696988304854848,-0.03478961734274323,-0.014315069155968715
126,-0.00820882463144453,-0.016605832094993358,0.06701528866881425,-0.040877757789113026,-0.0037991229011657738,-0.1155280306286911,-0.04598204002732729,0.03602581428505512,0.009636068223916097,-0.040908843588624365,-0.03200289265627897,-0.06412812235750402,-0.0749917473428302,-0.061343443522500006,-0.10184308700987435,-0.010423014972378911,0.05986489870218085,0.0992163042002404,-0.05826800967449581,0.007877930907816522,-0.03820873466504941,0.016563805138689852,0.0366537391069382,-0.031699156236875636,0.030636373231309525,-0.0561308612081789,-0.07562093329599123,-0.08204241896157523,0.08269006812469944,-0.08181049451062981,0.04518238054952797,0.005281300458546261,8.751949059269312e-05,-0.006394863961918048,-0.0782177524348743,0.052313237294687766,-0.020474179719622163,-0.03545165866252213,0.008546489403791619,0.021488851327767514,0.04465623079678953,0.03108817812812739,0.002208879179072949,-0.010089225356904614,-0.04603012462376474,-0.07244073481225899,-0.06432308938413916,0.026282660381967197,-0.03942724341224088,0.06789713315973121,-0.023196774814111438,-0.09526369844494852,-0.013143762665834209,0.0519478583657483,-0.016886401345466536,-0.05670098290542984,-0.036863881436380266,-0.017674757137841956,0.06786734059538013,0.03510425313373655
127,0.04999459148484878,-0.04089896327618987,0.042158726722368874,-0.08465420131184476,0.0219253179776417,0.018245463497104052,-0.11248972292278611,-0.044957514555742935,0.04212037501966644,-0.04079271029675079,0.014879503719151262,0.02802918132879714,0.00713727117788339,0.02803023764557168,0.02429695239386344,0.02413047647883675,0.042014805952591744,0.005072174901415132,-0.05381849557685486,0.13264444993570823,-0.0038422085067277047,0.055914549177496865,0.048430923591317517,0.055468580242309544,0.03998489482353663,0.034600386022848824,-0.06740910377332988,0.0008929823758898601,0.02413717019811693,-0.04956099113630417,0.009090592035271915,-0.007941486529010939,-0.05192446069179845,0.02745088519733645,-0.0015396845478366462,-0.013187635609031396,-0.05682693043153629,-0.004037946161713002,0.06608103376435129,-0.07058734516722832,0.07335261229107219,0.015530318377384542,0.04435768868330984,-0.04272101953146612,-0.023470567999513123,0.01091721155788214,0.04180546741146475,0.046795957037836435,0.022962973025149987,-0.07759743355875351,0.0450064042537586,0.0546257230186077,0.006722979003247721,0.08066590912238948,-0.05355923144216027,0.06701764332930119,-0.005899614085889533,0.02816605943301064,-0.10244598693006893,-0.09535800096824427
128,0.03928664725947959,-0.02023792394388095,0.049175557168542404,-0.09584463817316971,-0.0055692304758971165,0.02379648713839421,-0.0010593872231532309,0.11235830392847503,0.018026857819972885,0.10668963988547765,-0.06389109537039733,0.05966655386837671,-0.05108850404534642,-0.039776521268922616,-0.022261436836173445,0.013500094626465719,-0.05652754970201471,-0.014345674924191957,0.0579619174799575,-0.014357779608584408,0.02166227498504749,-0.02506156299457432,0.06142311294206705,0.01595208957186922,0.03551913136326516,-0.005263801184852752,0.012937696058337512,-0.01616066763160778,0.06044793608661728,-0.0006947490717322508,-0.07427610074102117,0.04316788595093948,0.021436779630638926,-0.022400088924734197,0.050351192373058844,-0.009711417936354362,-0.0303945584433151,0.018199103267006772,0.01237627021559125,-0.018783118863735102,-0.06728042113873875,0.0986881683835501,0.02890662699446138,0.08326087441224762,-0.006919566652997517,0.009118170405421223,-0.012675119531878757,0.02490592376844802,-0.04260112515471867,-0.0737380086394352,-0.010462386171207929,-0.011944535353278956,0.021328009103536296,-0.027212879224073436,-0.02449200056995621,0.029775078082733396,0.026833449160684773,0.02712144622423198,0.09108675907366838,0.07359213072498733
129,0.01907717736831166,0.06045423916461611,-0.02909808980761262,0.07175136502366665,0.08566442918755048,0.00970255553926169,-0.05359547796459073,0.028280987223145038,0.02385651136673859,0.10380978608017422,0.05968273599069495,-0.06952284421467742,-0.03037942834528355,-0.03621325801206406,0.006693477192550912,0.06650209613400891,0.04290815062067404,-0.01996730703296223,0.11404893233517173,-0.035734127325329004,0.0010495656992400597,0.006395621746500462,0.055765707609231316,0.021604895951963115,-0.06252429425866081,0.020855147323380646,0.007657996975909986,0.07463125578858397,-0.024929136629005696,0.0845021156465622,-0.0019882808629099703,-0.01966707468748709,-0.017206582412231945,-0.016220122901969006,0.03491984532686598,-0.003521883404134766,-0.02696796906202066,0.09501020130804366,0.015260688052608802,0.013899540456840028,0.04040987033657781,-0.08562883533175315,0.011435798231677705,0.026671761725437417,0.010937666099884771,-0.017174526452971507,-0.015399276824844496,-0.002612878781582593,0.05098990764766754,-0.030116701890220168,-0.004752668580813958,0.01906114527637284,-0.02928168788663113,0.09425295483115487,0.013861910992178868,-0.007293509232044859,0.005966882429475901,0.024904564583592637,0.046635468088443384,0.0563874530507111
130,-0.052836115854720055,-0.07716730331447401,0.00832738687032215,0.015036401728470651,0.04701056284698199,0.09854641300728889,0.031079451388049583,-0.016142882753863132,-0.04407114226737002,0.021479584620941104,0.023731002374099648,-0.054359595382930524,-0.06752530506944698,-0.042529348806460095,-0.012797213643211637,0.012763480008589777,-0.04282619205933054,0.012827063911543495,-0.07501064274210749,0.012681366836095168,0.013527276932624158,0.0013598193005566455,0.08046230285183376,0.06929614827250107,0.03318921926467899,0.028518917870447053,-0.05661049148875248,0.08813104929109268,0.030307694890819737,0.03993040797853005,-0.00918248038511179,-0.05131751054288646,-0.02281127795554832,-0.04707326100654347,-0.05959632302934359,-0.09536283508712817,0.028053791159288452,0.10382656310297975,0.030033713258725985,-0.079999217701653,-0.14108557367615654,0.04148362872003705,0.011904953791364768,0.10152700874859148,0.01055796044133981,0.08607424970503615,0.058191887021662086,0.07690065959733422,-0.08579730582752285,0.02577667365512928,-0.03766836872115452,0.024971465146863738,-0.01593592436667025,0.006142755261544746,0.07304018475939007,0.015206539595435442,0.015961738727383323,0.02577886780845838,-0.04442045140626756,0.042984266243775486
131,0.0033364419655438743,-0.007484618816996013,0.027648845594656395,0.04174955589046477,-0.08513624256106539,0.07079791609904666,0.08028563104025736,-0.06414070728452484,-0.0018056056932680676,-0.01550581335096576,-0.0014757765229938455,-0.03552100981706104,-0.12292811345675196,0.0884452113234407,-0.05374356366657761,0.03668793788224832,-0.04062951189672192,0.06448472125425454,0.008499749182580648,0.015663107001042127,-0.028271169518024736,-0.012477172785531374,0.012174809069763991,0.06822317492960768,0.04473364980014277,0.04228792756441938,-0.031116881542930592,0.052544083804861655,-0.03948310863682674,0.10084538685254328,-0.03530061042727028,-0.029315158798591482,-0.13117979813782443,0.05365306847496924,0.023690176814555163,-0.06798826020300017,-0.04635948158993645,0.0507431541855325,0.07063171712803838,-0.0017247854516449985,-0.016243528870582634,0.031142914126927254,-0.019545338461525924,-0.020015656456394547,-0.06855244750410798,0.07116505450579444,-0.080938996379611,-0.16464065742960618,0.04277775377561048,-0.013298117737897167,0.018071677062781906,0.022138017682829608,0.05360933973320826,-0.020614118122715026,-0.11389082710760871,0.00977323385841132,0.05491686340468997,-0.0048340514178629645,-0.01217912610571039,0.023617892515605702
132,0.0472529816679387,-0.019356091358270443,0.015059968849666708,0.05136204343869537,-0.01405378968597703,-0.029351104975501523,0.11886730806267432,-0.047706598252921416,0.01949707835157496,0.0013662397941394152,0.05218275824084672,-0.0764440359464558,0.02608287381858078,-0.0066939933738471916,0.03262450592983676,-0.03198913318232598,-0.04762363475413718,-0.051300620615873066,0.05063836776684294,-0.08188671598959185,0.048952380798588116,-0.04588487589255587,0.05348444056933874,0.009001253404477166,-0.007830939330453333,-0.033862902414184694,0.07065741672583102,0.013176761550034024,0.04145423249909241,0.16373281120194005,0.07856577195229322,0.090486892844203,0.009062771512897248,0.015364153499864393,0.05229416673011937,0.16852573100975213,0.02464568188769931,-0.0035760789767632336,0.043597672803867595,-0.11670327269034217,-0.015033086707120558,-0.08481211983605062,-0.05377357206779885,-0.014986195955446485,0.035689447996859275,-0.017630618733228066,0.014862441677862515,0.08839377231060729,0.01692244846725003,0.06541140597119284,-0.030543497717973118,-0.04192108124432062,0.08501904661170624,0.022091586633887567,-0.030003933048657623,-0.035764823490773055,-0.089532271489207,0.11008018016407504,-0.05783194221099655,0.01585588472772786
133,0.05731949825271007,-0.009449841246794672,-0.044793075866259156,-0.03836551726171745,0.057149772757140525,0.07289387866529311,-0.057727441520826865,-0.05294785315023289,0.06923132150335254,0.024794497160497253,-0.0827368997469435,-0.026923554427837858,0.08651027903790057,-0.06473437154846416,0.026202341031966538,-0.04173500021344519,-0.010571017319302777,0.031961984220311636,0.019712896571971124,-0.03447528407333691,-0.006309963059557468,-0.05916944510482104,0.01689124053289933,0.03569475481233731,-0.009619417595774522,-0.056003859794006544,0.04208333184436067,0.05885187182873122,-0.06533751929274968,0.07048911383320479,-0.03501134441454357,0.0395933406021785,0.10464810831354954,-0.042308606215275664,-0.02145796102494808,-0.10020294604469417,0.004907214718019728,-0.07027024761675546,-0.03529515031506246,0.026818525355291476,-0.07849927298532897,-0.010487468691126848,0.024975144261144538,-0.012382905660711633,0.008090272839194603,0.05813786510532318,0.02393042494474563,-0.003861588866360778,-0.00499901939919075,0.09527035282824943,-0.017494629860044554,0.03335331484990597,-0.04133425821911802,0.010954599022007395,0.053387064533092644,0.06928572729421412,0.062392423454319855,0.03721184128399555,0.03245315137283654,-0.01946342459681064
134,0.051210169005306644,0.0008953290562930088,-0.06893754984018388,-0.01427464700815734,0.007467221070534262,-0.011330964971983305,-0.02948723298635849,0.02119850732454928,-0.01094549414548972,-0.13377133715309755,-0.0055140100195520325,0.023311033680529274,-0.07489444119663388,0.026028168150665904,0.06679307763739442,-0.026271677043872635,0.03571276740653853,-0.011078547512583857,0.06553633273756974,-0.0031560203443888432,0.1101121560594794,-0.03328875896317156,-0.11148632113132359,0.11974418798718921,0.0883833515907978,0.047906327534503676,-0.03474765173781712,-0.04102018474534941,-0.01965769541930935,0.02098649490289577,0.06633039762508737,-0.014031436452613351,-0.034083121584843966,0.06085955240280614,-0.014137132965732222,0.026952374940520732,-0.029120977747344037,-0.00348521068147056,-0.07145766534545278,0.023673780074155503,-0.0900773165435085,0.009881625308081012,0.019837419072694984,0.015849152729919127,-0.0022872965545350883,-0.030516065195300257,-0.06557764565380338,0.012372537841229055,0.10800948091264997,0.007847977528796431,-0.04675424231366877,0.09113908285035419,-0.030334774921258825,-0.011357573382678664,0.10821801539740032,-0.01627052140756583,0.03017238487267609,0.17657678638632524,-0.048900544944244145,0.003426747041251858
135,-0.008668130804386238,-0.07712135164917452,-0.022453480574226043,-0.025451721979889808,0.05804566031177658,-0.09222870933344207,-0.001036568478434701,-0.010740585376957315,-0.011265529708383626,0.130208184158142,0.056682089103823434,-0.05534167712962457,0.07812964347059763,0.01621276671640043,0.0025031718822809074,-0.039004754887657395,0.018193682456008616,0.006435523695522922,0.06782367693589111,0.00871164368280088,-0.0018707861039837937,0.029928249382375722,-0.05667431254747491,0.040946898661084224,-0.033032040493642986,0.0433297024078038,-0.007870047170117902,-0.06849206290564046,0.06395774941629738,-0.020035622017086724,0.08177553297822629,-0.060077956059612525,-0.026579267291614788,0.019133357615785298,0.07216725914827465,0.038075729644061924,-0.03779459303730219,0.09478134521248117,-0.05313038643637107,-0.033914255370631745,0.02753220074713552,0.049344332519989,0.033346668217176356,0.033970714857943105,0.010310864161827651,0.10500605489671185,0.07360904292443426,0.02918390896662446,-0.07654964615908354,0.06479159898902474,-0.062190392017786596,0.05551022640440908,0.035278560899683745,0.04534254215288959,0.06526329472730194,-0.011161564465823535,0.04558542077222276,0.030207878580725534,-0.013428806110580173,0.01776731009346536
136,0.030618853635480434,-0.06309569491210998,-0.07550340597724771,0.02515020518379545,0.050705436495559496,0.016591443339804914,0.0914336709719514,0.0482066793805848,0.058786688009398215,0.06550089007329866,0.035531951186164895,0.08194034167323601,0.0025730792873167314,0.0059062193374777115,-0.12233743072356762,0.0336440527111443,0.022136137052090585,0.00882422722622923,-0.023230173360666954,0.03901288090735647,-0.004350877536120238,-0.0057971001955971066,-0.0012260399962331825,-0.0017180331163444394,-0.05433943138661065,-0.009418623895825097,-0.0029086592276920216,-0.00025637146717324153,-0.05404883711474004,-0.03865431597147678,-0.057737445439622836,-0.028026006747025767,-0.04250209104741328,0.007495510709130821,0.08631773413020985,-0.03414402665351444,0.012996667382297185,-0.05741959423565311,-0.007630261171539924,0.024164588338306234,-0.018174773010533177,-0.04937114305315429,0.038636541541075,-0.07554824168507268,-0.022993534506178463,-0.06831091846191885,0.021801916783001484,-0.005682633608344503,0.041200653072602345,0.03779273336141516,-0.059862670536841106,0.024196868353167804,0.04622450545245704,-0.0802195408662435,0.056888481455302654,0.07483416893317847,0.0126407457584922,0.055472868298309407,0.014896234003923177,0.012727127064320885
137,0.03894258381825228,0.034326973955682544,-0.08189229232360534,0.002929204490991705,0.07538706616592364,0.051621538373180766,0.04015464053122511,0.01691131501322811,0.01562869208272827,-0.08390252777635045,0.11258794885381339,-0.04203881167874917,0.03434170273242798,-0.01963074878292966,-0.05182333878236104,0.004542057688488804,-0.02213962278254911,0.007880166519239997,-0.03690296220537985,0.029878060669324576,0.08518863320379956,-0.05204023829283801,0.005446942942599944,-0.07684131195795088,0.07477690865091387,0.0568013261463692,-0.019158776512546487,-0.032034403676011756,-0.11438418328570264,-0.013095549305995548,0.015783346928571234,-0.02793551367524477,0.06030301318536195,0.061276361237510756,-0.023611161038069078,0.0011659102598696098,0.0027669637193991127,-0.029534899061731217,0.00951523600677208,0.0115818999095618,-0.014794089000267097,0.046219693469217185,-0.05295436115866595,0.03343643495587428,-0.026994608500699336,-0.041282224526249474,-0.03782746295620214,-0.0026659484384528773,0.043263150217419354,-0.027979303794438533,-0.019511138507565768,0.01871893809376842,-0.008325904027009803,-0.00370841073773876,0.06187674604647334,0.02163596574413938,-0.08763719138455092,-0.05998925295655715,0.031720091539910976,-0.06566465388469613
138,0.09403519558371459,0.0348140236540405,-0.0032152104866212884,-0.069653812848221,0.04811269518073975,-0.013216929961460445,0.07190349959982209,0.02341870691886502,-0.009225648868497086,-0.04576138066703844,0.0011013747948019185,0.020282199235815434,0.0039813738918469885,-0.025101457706232264,0.054275340505787834,0.06871900839895285,0.024798095945206464,0.04926161615192232,0.010770886992407672,-0.06142874169599113,0.013104412929726719,0.024327894309151086,-0.00899144925110768,0.01184048707193444,0.034387684494503294,0.012961270122930144,0.02350246464153394,0.01893914230569192,-0.07938802310516799,-0.05458606851651321,-0.09688942688711978,-0.04736096085441598,-0.01567546470810841,0.031931438440618284,-0.033276578004465034,-0.05143126377603966,-0.04114907235200721,0.07288636578500242,-0.02463354606444792,0.016498629839147478,0.029253108051018287,0.06447298169060156,-0.06167664529831229,-0.07890953093614993,-0.0035627016172450877,-0.0869046979354312,-0.04322190232183566,-0.014412299104209532,0.024008787455275543,0.031112993863779546,0.04311136429293393,0.051520297373085694,0.005477581349148685,-0.03129731153509564,-0.09788845448674267,0.008597782386826916,0.03525728978880929,0.002727151825276698,0.08782799491601073,-0.047582469626929295
139,-0.029533538864463787,-0.024260016994505227,-0.02847924388325923,-0.0881929503391417,0.04141486891116522,0.04002423361018795,0.02889351714384089,-0.013768341798958495,-0.03523521285876998,-0.021121875667338537,0.06358721321017814,-0.12776861202408957,0.004897174697516635,0.06828169445186809,0.043675365280117784,0.06306469832805317,0.07382711175602383,0.07448093482979298,0.0015748729846766407,0.10400862114367632,0.014284154274386372,0.03613357387988337,0.0018724347845011987,-0.04204242514317734,-0.0047043882312833565,-0.11492427546542933,-0.05889234561771297,0.07179103618055624,-0.026933266245652687,-0.0111572584551965,-0.053249572141931566,0.08084292624067087,0.026748458858921107,0.024915100007198692,0.04953648203057704,0.07139020387839798,-0.04771082977589071,0.06761840643657265,-0.07723574637132864,-0.039716243394147546,-0.02357120266766328,0.014064853699304073,-0.03109739362177001,0.06679971183680386,0.05656786187897444,-0.01602580804578328,-0.04489988288050292,0.01413482165622037,0.09268249348589216,0.00823106067389364,0.015108457641717768,-0.030748076394406253,-0.06179954839311415,-0.07045335726185696,0.05982229065550594,-0.010862843522327064,-0.03067035948709057,-0.0007711113048116626,0.12621663932858082,0.05048837091530341
140,-0.1079400224739646,-0.004644671607284982,-0.03187230133315131,-0.06949260483061506,0.03043375448194832,-0.0016028160346345018,-0.01190921053139053,0.04944008248498506,-0.015808331988033733,-0.013945655723040124,0.04100429302212229,0.022486353954777556,-0.02453019789956324,9.537525862751754e-05,0.014484942288470647,-0.03245491794461863,0.023229659298576975,-0.020812619697560823,-0.032362377835969,0.06519437542900791,-0.049515898777672186,-0.09348384105997766,-0.010039768748033927,0.03667960318732278,-0.04064189973048783,-0.04399504692698709,0.0003378877127563953,-0.03577433152519489,-0.00041595519672833227,0.0429127399481922,0.041643328992266256,0.0392668109793257,-0.05995523518316765,0.05271186845708527,0.026207381007556825,-0.0029682090875083928,-0.08502180265902864,0.013037370537948395,-0.05548718630931061,-0.0621711355317879,0.011068702248228339,-0.002146078634168196,-0.02217602917096788,0.0380363746099623,0.053896761026870736,-0.042397895049213395,-0.03284170895345469,0.032126408039523456,0.008173508874892174,-0.0010970266646193624,-0.02307782409108889,0.014466089000379927,-0.011380798108677898,-0.029406282864209626,-0.018602591430571386,-0.0639620119666686,0.07715728092896315,0.024925207824770684,-0.07484681025163863,-0.046077522638433656
141,-0.053147454858361226,-0.026916211331694393,-0.10299996901362637,0.06846452908531238,-0.09505532743042436,0.03456576287527445,0.010078989412302893,0.03534379911723958,-0.05683901066726373,-0.029380581892231215,0.014046884736995915,0.027852629876254954,0.041114300598012944,-0.021176817673422044,-0.05032557009448508,-0.0230739369347554,0.0406049091049633,-0.03255659332236431,0.024710424207812515,0.001101726003391846,-0.023391110595045724,-0.022975354783332857,0.05168069098184686,0.007891727631631167,-0.004240070433461107,-0.02543242599481603,0.043248135427127396,0.05389358599156978,0.02023799028893541,-0.02580268501297335,-0.06556217043084481,0.04391466379569861,0.047074806283478356,-0.021080551943936432,0.020470390121293317,-0.041060705554866135,-0.01107221423382988,-0.03491067959967721,0.052723500278083785,-0.04861432413026493,-0.02249435554523619,-0.01773799315091072,0.011791145077939349,0.01627211444143763,-0.0004465280321499472,-0.0056817734373591465,0.009474042944139774,-0.014313518544204974,-0.046355402255869996,-0.04900503796028722,0.032892061700171116,0.02004935684167606,-0.06549207102034686,0.030622482835595603,0.07005208633483329,0.007323321199865875,0.06241269671724677,0.007798368325684076,-0.0095157472522023,0.013188717823127865
142,-0.05354559054655715,0.05835118974762182,-0.05381692546462802,-0.04724821282527511,-0.04257557913680763,0.03224426469550341,-0.0314641196710928,-0.06402783409274768,-0.08827956522217204,0.08245078486448942,0.03731332197411279,0.06938172315594836,-0.01210535709028223,-0.0015260402531454866,0.005713507156475832,-0.03901157712318537,-0.015207439344651238,-0.12467701367888584,-0.010046236323746408,-0.007948007055546899,-0.011427268398408248,-0.06038357082411524,0.06822023418912239,0.006586983023904043,-0.007074428922496121,-0.05096787845512991,0.018680962103219772,-0.03652998672016055,-0.05215559043570475,0.008877237760814113,0.043009716188688846,-0.023232953007173904,-0.06136066351227535,-0.0032552441158026093,-0.031628133266802014,-0.03707611534092609,0.004007121823678298,0.050762548308478074,-0.033042026010276185,-0.04070872485205863,-0.019825628000717882,0.034653658676188935,0.015576223642017583,-0.02025883047001993,-0.019206181688082066,-0.013723299654724649,0.009081673138932971,0.04079763322962127,-0.0011299324501457776,0.00797338219822968,0.0544486796828021,0.054889932002207695,0.03942381782595018,-0.021263731664939788,0.004535316523288804,-0.06984093481258416,-0.0320459314089242,0.026618040169725337,-0.0330411195746529,0.04547692259731127
143,-0.06927616666502573,-0.01376490829148509,0.05499055871367642,-0.10321070046397224,0.023850643050316603,-0.08002172282804608,-0.02834540947172039,0.020977531815051756,-0.06467389793263198,-0.06113216078323292,-0.008219496418514983,0.030348436382146737,-0.0019367371568658977,0.03163648908771415,0.02284254270113324,-0.0708811617819979,0.007892676620726149,-0.013208519919711347,-0.06864899493751948,0.0024095961280167525,0.021729886277761724,-0.022089387491590055,-0.029828620944013035,-0.043443476316522976,0.0334926862468659,0.05653394622544255,0.02239551066540797,-0.069830882913527,-0.024994598346757317,0.03433886662872083,0.0046532370927066975,-0.03380642589273428,0.00030561124731090224,-0.05510366080957109,0.0619852107931376,0.032173341908785076,0.01480634020298079,0.000639879091579724,0.014369667374333402,-0.01935413039955652,-0.0037759873072945914,-0.05231953122026555,0.0011573506588589677,0.011400092039535546,0.04938600318874568,0.031682275079562026,-0.01638438330845235,0.04356489778207421,-0.014870658296745696,-0.019248652239293243,-0.07158805606641921,0.013035576514797824,0.007153997678993456,0.0064706383999284115,-0.03883112085518312,-0.11276388182570757,-0.0554953922905103,-0.044229444575736264,-0.01513389948739986,0.07205307870176025
144,-0.024242137467111097,-0.06822005505186063,-0.027755883553793603,-0.022092696928460998,0.06539279507591833,-0.042639393450573944,-0.059286515257283734,0.021257519093567732,-0.13076517622009348,0.0766216337115339,0.05154365364748717,-0.01695191486807264,-0.06518140073999465,0.056580179172511985,0.04619219772381835,-0.029856747760588834,-0.055176547382352774,-0.06253828188616341,0.007216116129621288,0.003222049471149815,-0.0015162483662016948,-0.032787560066363707,0.03563543551216673,0.03080090321729918,0.019608425347794254,-0.010833934197739207,-0.01281023427219624,0.005848309014738133,-0.05317073804794265,0.0102865362123014,0.024399395429914695,0.07731853008058906,0.04697734229156402,-0.03590853843484442,-0.0006822560543358464,-0.022183726858219212,-0.07231776458922506,-0.0740735950318444,0.08192423815729231,-0.016124915058559633,0.011290308895113134,0.015495447991482428,0.006983618134587907,0.0052029908803620534,0.023546976881190715,-0.0836146172477075,0.02574215298007619,0.1094178146455984,0.025918537568391128,0.005023904308043782,0.03308226366029722,-0.03200133840980296,-0.044623775571817924,-0.09756679976056598,0.01824514954388395,0.030994733209989685,0.04158454066392893,0.04592703193414869,-0.002628655810730421,0.09461587624751884
145,0.07976447303996513,-0.06655685446660517,0.02623772607578605,-0.020256127013764016,-0.007929911347779909,0.08668818570451584,0.02855843917083218,0.03281850699739946,0.04600466446423564,0.024538853071037446,0.007585892111222314,0.09486913226884486,-0.06925749866460171,0.041722902607455634,0.0035291927364043047,-0.00737227048546381,-0.010415653582406113,-0.010249757459717356,-0.038983078845275805,-0.03695715132461343,-0.03684821257050822,0.04617878502343808,-0.07118772435887959,-0.03619378248535068,-0.07013590719345168,0.003812702705128196,-0.008701315419393353,-0.003630531630647139,0.07088758799694285,-0.011268941987955621,-0.040816786724151496,0.022628689262973307,0.018613398080873967,-0.043349359962206555,0.06848414438743734,-0.003269512799180689,0.053888967707254806,0.02599394895208403,0.01732958848789697,-0.06876587274092963,-0.032667051151700904,0.014370523181131578,0.05524328186700892,0.01623973068250689,-0.0009758604287609337,-0.011027175739004327,0.09835083800659403,0.06333306954882852,-0.02924918445678708,0.078776934075184,0.020016411091494078,-0.05554844839612469,0.030693638125424316,0.013782031692437177,0.04997890898050993,-0.009356089844375224,0.0470069539736991,0.0008146257690877161,-0.008501775738091669,0.036457172905113945
146,-0.0401891123802071,-0.029137648495242828,-0.11489870555640216,-0.03496817299576816,0.014272569218502958,-0.09044249897793176,0.016285875572503685,0.036740807300376835,-0.0569178451257905,0.00764884655887304,-0.029573758926742265,-0.07807721053430461,0.02536570171463028,0.040838362281040846,-0.03951948836023006,-0.047173905277353434,0.021157050372932872,-0.014964256733101129,0.02165111031832039,-0.0009732190592195427,0.058768184491491716,-0.0228427429072544,0.01278435363555568,-0.0182978282425233,-0.01963399801514968,-0.044467294324235775,0.04571822149888495,0.0045467256968052885,-0.08201328120314784,0.029513593469756082,0.017830014337762844,-0.04468335509894469,0.019644863140834443,0.02672479778529608,-0.06274546378289794,-0.0011341532929542188,0.007209823663063963,0.021728640378778447,0.043814272981949516,0.02470955926820626,0.09813315321781982,0.11451004136629488,0.008471093287091502,-0.06786925596539362,0.06842385656018873,-0.05624578581076657,-0.11141511923635032,-0.09036360347761917,-0.031243703876628705,0.02940961859845223,0.05140514095001148,0.011080960508565777,0.02268565013758862,0.021253893900302148,-0.019899458665633148,-0.021330461756647528,0.02823268633970237,-0.04734137489829155,-0.08062909968967834,-0.006118418915075882
147,-0.0693795863868978,-0.05508908288450062,0.07742769446448865,0.046360811397135465,0.04116888842088654,0.011536745074030078,-0.02106839950330006,0.0008796918744398019,-0.07637075684084536,-0.00046434280847092526,0.03034029433618124,-0.004265861930910905,-0.0005166671592427906,0.06905545153870465,-0.06171025384802736,0.06916113467584498,-0.021272748508316126,-0.03224190996382529,-0.05864433170918527,0.0485097888172681,-0.003082036339275643,0.0300071531012636,-0.002535442490734196,0.014907273565430385,-0.02742889619561019,-0.05148896132200644,0.048425596627704764,0.08054099861675142,0.05295087944583929,0.03326881397483762,-0.044259364887498806,-0.01984447678666564,-0.024951173901123273,-0.054043626364231885,0.12116377733322867,0.0003662092464513615,-0.0068154990944406715,0.030944542705264463,-0.045214672962095956,0.06220623327341761,-0.009748109076958824,0.05091191164447593,0.0651977258986132,-0.00620436328778408,0.027079356532706645,0.16865350594901973,0.002922957768853765,0.004683727229240059,0.0553313792379138,-0.05599665969364736,-0.0710809266463891,0.03242931221066974,0.02697472816721972,0.06944126431871103,-0.049044427868546264,0.0030068923165764926,0.02925183891771176,-0.03785339234003341,-0.023997005077588684,-0.0371590979921691
148,0.058703730311000915,-0.061247285123813056,0.0712041449641505,0.04256593141176093,-0.019385233155316674,-0.052397345085955935,0.011872451963658227,-0.07417440212658684,-0.007825774207121626,0.03985913650962614,-0.044810612656650685,0.015058016235393356,-0.08492697118210493,-0.0203389694362983,0.06871818801299323,-0.0003805246278895415,-0.008505445369407706,0.028802433539995193,0.03104107508047271,-0.04987981778366736,-0.06375252307120427,-0.021804803035660472,-0.06694374139140538,0.014163365754713372,0.012622769852868566,-0.052803926849628195,-0.028756903156455824,0.08193718679911315,0.09187020044035428,-0.07325779405840029,-0.0014395166146209705,-0.0812522130191245,-0.04052293855145413,-0.03464474107053735,-0.09904187098087464,-0.04223137668727562,-0.0230777436595393,-0.07284596679310107,-0.008141507170542255,0.020250330459265067,0.0030887297695357026,0.014176070559830136,-0.02849739530745347,0.012730659476527927,0.08947406297883591,0.03235351349084199,-0.025654013135404243,-0.022518039443985435,0.046005517305419054,-0.04589906003717047,-0.021236610201073213,-0.07454570264687864,0.11211793426871447,0.0563632090656369,-0.02399556948258568,-0.03262463031834479,-0.06649452005544773,0.036879926775035946,0.0697940820185969,0.03950731816870235
149,0.044496525102535864,-0.005501449952318788,0.055015878176975785,-0.007331738525266648,-0.0616311658284889,-0.12700949549365684,-0.060291958932418316,0.02112104813483528,0.004491021144361166,-0.022311849187032,0.07283833415937739,-0.007068987279569398,-0.0637529353262906,-0.011060889965794959,0.014009394587196787,4.0111144082844874e-05,-0.04697717489533534,-0.052181952582101655,-0.006795316409306842,-0.04303454598847223,-0.006087944229239772,0.12107618123872244,0.04359761724623536,-0.056762798030256814,0.06635306985680198,0.044503056048300585,-0.06914303290777776,-0.004486937135494951,0.014763145165333674,-0.0028075173801839688,-0.031014584543107303,-0.03514662169351599,0.01875637840454663,0.015568634128432979,0.0800431602838771,-0.010843397324130649,-0.010792071561335163,0.0036792074304099797,-0.09580049620261324,-0.014640148003441678,0.032089732492916176,-0.005923909162533926,0.030134237171466835,0.09071730535887579,0.020992389334452962,0.07332883743771226,0.09634465787383946,0.06552194006257213,-0.06586653502714308,-0.025617006421154685,0.07893880734885192,-0.011962497630402111,0.10504187033411362,0.051805315016130345,-0.055071245877531164,0.05621255956392227,0.0344335058910173,0.017179441521447604,-0.07766577973702188,-0.08353025074933504
150,0.07523151906852195,-0.01851545715504368,-0.006500131082029673,0.08358651736372673,-0.029020213373603145,0.07124948043214435,-0.05138143624639003,0.016484005316928327,-0.051861427072492805,0.012205371558010778,-0.00921595459615559,0.03892493083355528,0.0801882511852884,-0.04681164148521776,0.03353197575192772,0.012062813651724768,0.05943657540452923,-0.023928752962612206,0.0498796559026031,-0.045910510642107875,-0.032155073858626176,-0.10135030409175688,0.003188230919750379,-0.07038306824861493,-0.010515467356545845,0.045492474579539484,0.047130687967450624,0.02809016166347496,-0.03732227282738996,-0.04213978359407303,0.03391102810754095,0.0034485292496654924,0.012499508190497919,-0.0012203066800479698,-0.07549044675072376,0.10905985566653906,-0.01854437332954479,-0.06505480791341478,-0.042385747128199994,0.006826338948790775,0.02168122521434053,-0.04299322510417114,-0.03303964156743051,-0.009522549237094488,0.02178999439949119,0.08944131481194584,-0.0822027499587364,-0.05631749539345036,-0.00281831810203413,0.10600418668149056,-0.010576386774564631,-0.027449081246117262,-0.004767430663165704,-0.13418358861516055,0.043950278415594415,0.009303949206992925,-0.04042904423757334,-0.004946927371655397,-0.04885796929645452,0.0012205276100563706
151,0.02304927564619867,-0.04415398313351285,-0.014898802265150637,-0.03660900300265896,0.029110419849242276,-0.061813230604883695,-0.04249842537734924,0.030035076985377128,0.014804616675715188,0.037279876638687266,0.04535176522205332,-0.08546396582595914,0.01483434443534914,-0.10453653946437705,0.016051239044265878,0.056798589898454745,-0.011230848020168207,0.12758330906379697,0.07028825202856447,0.03337618337859245,0.0751140991025447,0.09763318260092464,0.02252075451128244,0.010892461391906746,0.0720613016861343,0.028195498726931178,0.07741845405492674,-0.11027244665548268,-0.043726805972395,0.026372963107331483,0.04385075728159918,0.1665546107763959,-0.12194794128430558,-0.028522533733345328,-0.025174996455841484,0.005899895167039759,0.03935345589024863,-0.03514555598751986,0.016890170192765088,-0.08920699376753523,0.020738396858935026,-0.08131794820558287,-0.026260203094928703,-0.017931976275604618,0.00018699441556430438,0.11635543077427617,-0.05570463145723432,0.006300273311949185,0.04516568751510453,-0.05194920253628911,0.042009758371863534,0.072083564018188,0.07957672800924331,0.007889698855967244,0.04829318750158983,-0.014728903810072823,0.03335569564070876,0.012237472968977611,-0.07765090804014393,-0.024295962007822844
152,-0.047094671219474436,0.040021027483389815,-0.11054946736801566,-0.02699810859956016,-0.018563245628173058,0.03486929214908264,0.03716971940287629,0.014901322035630379,0.0043555002328932255,-0.061835384548328265,0.010343756194687952,-0.046256896977930916,0.04277378242481634,-0.04092082888083079,0.08217140982798632,0.09034725339204765,-0.021078896777225384,-0.0008817696550326657,0.03110637018910539,0.06663794541931682,0.015324629130690826,0.02093739320479107,-0.06171178368765908,-0.05693833324354039,0.04761614747106461,-0.047726709409186704,0.02529034568448916,-0.03371947634351946,0.030276466503579656,0.09794513857552993,-0.08574058087483412,-0.018470990571411446,-0.0035640890155155406,-0.028795618700411866,0.009060650754007778,0.053087466149393796,-0.08022565924663148,-0.03537626260858796,-0.023937559461328767,-0.023650145325797314,-0.04767708907326645,0.012137281337216848,0.11420928386603117,0.06521251757543714,-0.021887869143371246,0.011795138943336283,0.05831425493752223,-0.006924629912941021,-0.021544453129502237,-0.028228305509987468,0.06454546492749251,-0.015324593728234805,-0.0918874124739112,0.01439452336990781,-0.08674896676877689,0.021827192865249364,0.0281777047458703,0.006037391329538124,0.02961345407536133,-0.04542951729982994
153,-0.021124572285745505,-0.00458181491081274,0.0002560928337802453,-0.15332288332103508,0.07110188210003737,-0.0175819220621599,0.02538712175161777,0.06925659641245091,0.08230265950250949,-0.01441737867952139,0.037752490299959564,-0.029071375361635593,0.033986906217726036,-0.01930719676601871,-0.033413622339882786,-0.0023489329293327208,-0.0004441108026837249,0.009939190134234045,-0.01804367842622809,0.025772961344773047,0.07642971885118773,0.021048308951827313,0.03701563036900784,-0.006130471304668408,0.024201906836290605,0.02068322179138931,-0.0011494357736382607,-0.020207670704573823,-0.016988871457875872,0.02290052497848563,0.05159546982406594,0.04120559881742141,0.022882261990630818,0.04243546528672676,0.07561917793284503,-0.07320736372419571,0.07859488301093318,0.017581115902896637,-0.0792407834485776,0.03162480444768163,0.007843670021618818,-0.009565233473359039,-0.05268301735256748,-0.026116371594286685,-0.02166998122308322,0.008093493118649247,-0.03697991945592051,0.034830813758446724,-0.009064189603355814,-0.018848170696461594,0.06164272100018379,0.01294975306460175,0.02163300284665391,-0.053122965465432395,-0.0020471201649215924,-0.022396630662723044,0.05311125279475987,-0.013867694376468526,-0.013994845962197622,0.06389980408601083
154,0.06649863136201475,0.05445620516543771,0.024115810410448107,0.004854071218103658,0.0016744628939513522,-0.011060062476194898,0.04712080072842703,-0.06814693889496252,0.07797110656788678,0.09099620115801003,-0.05601514541534034,0.062115339288838486,-0.002251328599587087,-0.05488573640421365,-0.058841654239960385,0.09219400449854404,-0.026791086097696353,-0.07689858234418909,-0.02427660440632517,-0.037040528081662444,0.05007285054875334,-0.044627742758482324,-0.015783785938232448,-0.03564462521223562,0.011962264564393846,0.02382323347213137,-0.04143493803387224,-0.021117713677981088,0.07847261324477854,0.07704086227223436,-0.0013697856170625828,0.03995210963505245,-0.014759520410857688,0.0033287186045933537,0.028186480544569178,-0.004395769082875209,-0.017372121503447305,0.03412313221924418,0.01621561384481602,-0.0535403992678156,0.023114036751223643,0.015576424637963979,-0.01834517565394638,0.005557342184338068,0.0030824283030380403,-0.10017509527736182,-0.016119421464836726,-0.05843368657650797,0.03895036727767945,-0.0912319292398471,0.05724413710480041,-0.015911210676197572,-0.015563458012501924,0.07890167597108845,-0.006783969123039743,-0.01705592054003557,0.018310403387917243,0.043395996165237545,0.0505084298322516,-0.04774922632285423
155,0.002401462915876489,-0.08819428484301087,0.021330812708191944,-0.014264968610310904,-0.06912537181708062,-0.019778506976980564,-0.06499172321054535,0.026708771952082735,-0.03725967985376122,0.0387746794601341,-0.07653724664812125,0.0021726715501834346,0.015845358354064237,0.07473807165554322,-0.043619614854158065,-0.07592820196925226,-0.03450142124590739,-0.01390856086413312,-0.029086408734351938,-0.020949641736720107,0.11880945997554329,-0.03934321320917455,-0.02981847032096698,0.09004571922945738,0.12488465244756765,0.025505668067563596,-0.06133985323081553,0.009809965642887252,-0.012353329574695681,0.054267752508858604,0.07258969961132258,-0.030959440398809997,0.03435902440823628,0.008588335312881041,0.037687172788952894,0.08602069840835612,-0.009934244141307511,-0.05010460191174419,-0.05047442409855872,-0.054814665418764695,-0.16331156284634898,-0.009048506025167083,-0.02842522752564681,-0.019143125969583234,-0.0011837845302531812,0.04010802500366535,-0.017513055608393533,-0.004735512746248017,0.052963665266915254,-0.026639057610298108,-0.06489367344470372,-0.06436895378878883,-0.051343893468540625,0.0530621633942345,-0.05175016775286923,-0.08384792667107671,0.048048053528295206,0.013184494911624389,-0.014888512688448026,-0.020866233763603498
156,0.05120867773170506,0.0690926241902501,-0.032225632952914064,0.01983359183017004,0.021266284351471175,0.04173084175119607,0.07379166564960199,0.007143517194906588,-0.03793588184852763,0.0035802052467406283,-0.030851407472160277,-0.10710713733025408,0.04570099777456154,0.07565690583632477,-0.0470613111013399,-0.07847237518704431,-0.00975653631646674,-0.005279119944529312,0.04234542701263913,-0.05090096383382419,0.10109858174724748,0.026229810352000706,-0.04484441302703785,0.011999981546478446,0.017233256034374415,0.05023526394584238,-0.019122362816819657,-0.04528729240402228,0.07361213737732634,-0.02803520926233287,-0.0254051003238392,-0.013977775192631948,-0.01594466238442649,-0.18998770326248093,-0.08729629965579334,0.002528874899491613,0.014917237018032003,0.01633164969156834,0.014477163568901972,0.001023071522639252,0.021892565353546504,0.03713060814996934,0.0259072947493006,0.043383771347330596,-0.10878098433177706,-0.020419574957585524,0.03590652751509765,0.02542704761681155,0.04349975220951346,0.052001261072935,-0.01575346920510449,0.08971089618754312,0.07059781535071448,0.05530514105462985,-0.012225457012013672,0.020359722289180458,0.043941414345958406,-0.06948412111009811,0.010483206441262098,-0.02229079145866134
157,0.04409864928246867,0.009192292885879525,0.0386241788514329,-0.05394894089670999,-0.12489553377335581,0.0387563997539772,0.019397633784565743,0.037494607791041266,-0.006133180815590388,-0.034071763102230056,0.034600050565840645,-0.08210961456608572,0.0028112482870997785,-0.054183038462207386,-0.04122084415667638,0.01192171992245264,0.06169537735839407,0.042070188642899915,-0.01705803664995149,-0.010993782156998196,0.007277477429386067,0.008650088596028878,-0.019318333468763948,0.04496209589133406,0.0801459047329604,-0.05702942059089064,-0.00861157016873814,-0.0027540637119326957,0.07386912954110955,0.030731789966554904,-0.08019297447061924,0.11985031210305461,0.08133981639430443,0.04984816108211205,0.076815841603933,-0.1461666572379107,-0.03917873711899954,0.04130411444917526,0.03546824444094236,-0.06698612404010391,-0.026573351373840925,-0.030648419351697005,0.013800859508431964,0.03434896384179842,0.032454836289826657,0.0020817612332015537,-0.048853606929798274,0.04408601493435046,0.0011769737866983967,-0.05323602469668975,-0.09333939665368873,0.025209919749270206,0.06486625543080664,-0.017003410070218182,0.015407980787305136,0.0703693986179386,0.03966191726173614,0.00047561899391886504,-0.015448933423901948,-0.0023973541559112388
158,0.09678042095864528,-0.00014028009089475522,0.05992368373056937,0.0067538743524968034,0.027868964522575774,-0.021012783352557796,-0.004903141034575286,0.0904182520416004,-0.028657012595645185,0.043452008446656434,-0.02667899902000815,-0.008442036303782032,-0.018818778825904485,0.05626041669808605,0.1010525710986709,-0.03329645325290495,-0.026834189777833476,0.03954405683782492,-0.04758775189787564,-0.00026118744572662533,-0.018741595290123494,-0.0770610749755914,0.03823608744214932,-0.05056835936343847,-0.012744223616599173,0.006354448224337923,0.03681829889966443,-0.006545002752331323,-0.023523249950790488,-0.05698891141054801,0.033157129070754236,-0.01671673391178448,0.04349655579651241,-0.022089291510622344,0.004384005663863534,-0.02699065273862241,0.013140243239160071,-0.030942813300488804,0.014943754931201847,-0.0012468483604158851,0.008833760202176622,-0.037261752977237814,-0.017544647863811432,-0.020401313168353672,0.006062574248493393,0.06833802986712402,-0.03386980651454453,-0.008756680391410409,0.03894531618139642,-0.021659398327719452,0.021901166451633664,-0.07137649109608153,0.0287653520907812,-0.027756164264281503,0.0240885013317866,0.02835055365286559,0.02200599260935122,-0.005054024676281885,-0.034750751726425506,0.06165584544262153
159,0.070615376666526,0.07246549200231289,0.08057913999239774,-0.07654658688084952,0.02416030502055251,0.0006025707083671735,0.044735530413304705,-0.007148593443285024,0.0009091827396025724,-0.02454397173981283,0.04525372781422447,0.0049383422728404925,0.06875064535280165,-0.04706081533294967,-0.015375412242582862,-0.015135134673912878,0.02166449120815336,0.047428158355399694,-0.009045854220772047,0.006428510252292561,-0.02201466454152141,0.008727534408321818,-0.018686646520391134,0.06587171225263604,-0.06839041495351943,-0.0408224986888104,0.059398489960260675,-0.04366131800144444,0.06804586041581068,-0.04358918145743696,0.06779227181353899,0.049381020953110755,0.01674641444244846,0.009866004336120648,-0.061669588366988486,-0.01569856152682161,0.06147320403272249,-0.0205812138256518,-0.0009334162925782062,0.011749523363268656,-0.0016015363211417135,0.055993626417241725,0.008044502491362187,-0.006755646118770796,0.03242737644863737,0.030069726312418388,-0.04122521334690543,0.010908207588930578,0.03236634548874974,-0.07409210749663125,-0.023777946561388395,-0.05211051848446643,-0.0028116949863662265,0.038715046291967106,-0.015367168891081952,0.04047885786546108,0.020059089039774155,-0.013939744115661483,0.00030000632379554177,0.00763494272718894
160,-0.09837769031781955,-0.0003231958070591557,0.02156053680469101,0.0934565951632664,0.0326358040685429,0.04298411667376482,-0.007284923212109577,0.013641942487559011,-0.006964671742637955,-0.012599302754134248,0.03957402698035226,-0.03558843730832379,0.0738042250196022,-0.043800405224485424,-0.0033485958901428923,-0.003207372675716792,-0.017360545407057136,-0.0030336768592355884,0.018463533286061026,-0.00866959245042099,-0.019866474380026235,0.06351223502014078,0.018314987645610823,0.11359221034799842,0.059614562224865005,0.010934963263621507,-0.05114041104220263,-0.013712624013318346,-0.02648190021105857,-0.022150701270203767,0.004441588565291864,-0.021500216178851846,-0.029488878277001054,-0.019132031268418875,0.0074106030252498204,-0.02427586889877397,-0.048572226628747356,0.023259411266709586,-0.06553685641449956,-0.019909062858233857,-0.01330503694229778,-0.048540392568262904,-0.0011923206409571855,-0.03239646650820433,-0.014897550986176608,-0.026816856564204645,0.022477208763733377,-0.032269975643639114,-0.09244599621534755,0.07565639428159306,0.014720912516080048,-0.047573213404469475,-0.048136061129707614,0.08717511188518766,0.01669266335098568,0.022966661474801406,0.06429243029192702,-0.03938777217584236,0.013047298665611974,-0.0017983025378908867
161,0.0667757160696603,0.03636172790981127,0.02885513424739343,0.11693908815487261,0.009709942881152414,0.07086084044491589,-0.01530955175790421,-0.03328387197927543,-0.08240573177781096,-0.06479599319466241,-0.034505318214674695,-0.025661904836802023,-0.006674920506025087,0.0024444030612834297,-0.0283502045618935,0.02858540737339936,0.00968200600536068,-0.011985516662008314,0.0767698311785364,0.03367731157962557,0.03163872375476195,-0.06522488937831186,-0.009004863232133823,0.022947763485614964,0.000897625185400202,-0.031114379872592645,-0.0446865005309635,-0.003911662401979736,0.0402962814191224,0.03542644689488916,-0.022729606239728473,0.023752452498648335,-0.005312866398673962,0.043734265677381985,0.03757497092764152,-0.008132512139191962,0.01199087975110344,-0.042552280732446185,-0.011785647056796598,-0.07118058030088054,0.04804315140151637,-0.044593863062343836,0.016757905292009594,-0.0030103800963861334,-0.004208206863421092,-0.05933010280957607,0.047401949342386555,-0.0022332320469198616,-0.015255545403511586,0.02879047813119805,-0.01970064458013483,0.021189462345831994,-0.04752070296927267,-0.015331248925884224,-0.01621540985336247,-0.008064810162505799,0.007030965636186299,-0.034131074451721574,0.01854231627840352,0.026518925159478155
162,0.01930227509722326,-0.0012046925791661888,0.04088948261061996,0.021562132763186435,0.03942067918508243,0.0255281979270977,-0.03140303497354818,0.05673082704878807,-0.03685154221530541,0.00984850206579773,0.06678525814199149,0.05162000006847512,0.1178064374629573,-0.005807988910734781,-0.07081387104186843,-0.03874997846188192,0.10808533314118435,0.0381722174741553,0.03775254982787158,-0.08583611579831535,-0.07862780307812833,-0.040191981318617905,-0.031763212053002435,-0.05114526465692603,-0.07424699101722688,0.21876040545992828,0.04290657632992848,0.06988525430585736,-0.05013955572620695,0.046445838825000856,0.02491309437564821,-0.013180198471419356,0.0038939807843395313,0.0003050412796693422,0.06736384584162225,0.030360820015447123,0.029252233221710278,0.009837268412062174,0.033452221327779974,-0.09964780618343377,-0.029340298001270443,-0.0392564409699591,0.040058522789624254,0.06217001345126502,0.021010167795306577,-0.01306132822293519,0.06365638645320348,0.05334131644556398,0.026887518673882657,-0.009399561592438498,0.048016513528069064,-0.012146347649013406,0.09753649662864987,-0.029369780857822096,-0.01598830164196995,-0.028577591931306077,-0.08584818382069632,0.04093381768126073,0.1349215159224015,0.15900957084509715
163,0.03129314655835902,-0.020894961543836573,0.08162118800760033,-0.07874284582969225,-0.05589872739823475,-0.06229180679644852,-0.09353520441728459,0.02372753712069502,-0.026096663493397104,-0.021731130588420623,0.06791105582289374,0.053275552613842404,-0.009185436842376465,0.002156192205192205,-0.037833231654605816,-0.06847169332804057,-0.01136461908302752,0.020609273016433328,0.027353028286687998,-0.01611000389869484,-0.007064098759011165,0.002871873759265323,0.05404655011593143,-0.07722964576957388,-0.056516269647414845,0.03603967299335203,-0.08078246779713216,0.010494988385840726,0.03486929265775866,0.10553470374936916,0.0436166518156756,0.01990478736164745,0.009196940224708506,0.018259180967287323,-0.04462748935233669,0.06916062348250956,-0.055684887663098065,-0.025250126923032877,-0.013337213238756723,-0.055150789389308015,-0.0011701641599651186,-0.04880601232476512,-0.006620724964690617,-0.02464879244081532,-0.08801457632435783,0.015114029954848555,0.03849468489337645,0.025519641109185996,-0.07455500640576408,0.009257822153365552,-0.06829859968051208,-0.004805388018354738,-0.019627876913483014,-0.042110950242497024,0.045046358504115536,0.02818217912710253,0.061389618873520506,-0.053382175740042115,0.09611324311773745,-0.08359624773068963
164,0.013191524043742882,-0.03714775868488387,-0.06375869888148425,0.0010593159875470406,0.0811205146481763,-0.02472001407096925,0.015071474600262919,0.10086498092924918,-0.048204345519843074,-0.0017298644684768266,-0.01673307080501276,0.027948892805628452,-0.05563958952792116,0.007529293859809675,-0.07458501555110204,-0.09925836590588163,-0.0002466553924444504,0.021709734781008367,-0.004557366232061445,-0.08039321633985529,0.12877071219680847,-0.018686550558683093,0.0526947294891885,-0.052891808829658785,0.12214650815074124,-0.05571889186481849,0.029454915882000693,-0.05071673584065654,-0.0032531243239390124,-0.01667453394144381,-0.02695920362680972,0.07915726482296001,0.010599839647973829,0.010913817015106662,0.041912093535011984,0.02518146220904469,0.01435430853010338,-0.08997828839261562,-0.07644330022493287,-0.0022636029253512283,-0.07575445885298776,-0.09748806039386339,0.014004706013893966,0.001379657666034662,0.001367375889595252,-0.046368532538183384,-0.026430901298744033,-0.0292794396463916,-0.04373413195509424,0.05423302589913416,0.100614961148019,-0.013497124724622552,-0.028589564826681846,0.04895112898680425,0.027781410548591855,0.0847533227225452,0.06711586995107219,-0.06321076616265077,0.07533861039868153,-0.024525430798832192
165,0.03776407827837281,0.07503092511116112,-0.05412929920502804,0.007755168466079519,0.005563854502005853,-0.07704378848366485,0.05348013197659288,-0.005591414842060821,-0.011997768952315758,-0.014894200232764427,-0.0032349672729558216,-0.09802379804222881,-0.05556163674832938,0.01835447876967948,-0.047309284698264766,0.03964796784669201,0.07832440784474326,-0.1317778609082204,0.011532069174929641,0.028726499531878794,-0.05554673201619218,-0.10606962325759933,0.01126901680207319,0.06820501010270495,-0.0534738111090822,-0.07081568094055958,-0.060144677058611484,0.019693150578672866,0.046838314909317384,0.022680025926127615,0.021912190140606528,0.0019150822158696603,0.026885551808038373,0.05661481632458447,-0.029927689131557477,-0.00470219409584164,0.0451137759852494,0.06492182367544005,-0.0008467815350282394,0.018572064602906273,0.06429167405453991,0.003199128804771425,-0.05520080981346687,0.02897881622171281,-0.0922025101992932,0.024442949526406,-0.004620708836906523,0.053906029270687876,0.02110058738473241,0.0430852243562182,0.036936198104007695,0.0016063905887668177,0.01533454857617175,-0.059207999808936825,0.008829219411728201,0.016210517310937762,-0.04011715912667938,0.04475976883878933,0.0625636682042721,0.01946405869468384
166,-0.03540290085656065,0.026086869151524104,0.08654368548314713,0.00805425629562847,-0.04800394175006054,-0.04997302116276007,-0.015587496777418216,0.010792437807536453,0.09839473686601057,0.09254923744422411,-0.014390508511798522,-0.05137497153537392,0.06532943982332898,-0.040739141839744954,-0.01231004136793598,0.025213625137399342,-0.011913814059906401,-0.020438254749484117,-0.11292180040490442,0.038119502820433235,0.0717673508490912,0.036270799932877774,0.002488926078017205,-0.05345911901354793,0.0391249926461725,0.03219312567538136,0.06702082447817077,0.05184819928652832,-0.0014457384077525214,-0.06695244862929968,0.05003108221402244,-0.039170140399526855,-0.11494535574629541,0.03196522980183348,0.013887872710330509,0.043548879798741745,0.011112797453410364,0.0030814583535303166,0.013378622800493135,0.04678800822231535,0.09078180872046746,0.016288506186183833,-0.06062789601775314,0.01892841667790582,-0.027027916744544384,-0.03452783333483309,0.06574681941326706,-0.02652749086250117,-0.08689044028014507,0.027831364078421933,-0.013578160440509038,0.035537485111135116,0.013599834428263135,0.007834185212871658,-0.018068671007670057,-0.11004951203323358,-0.008490337111558399,-0.022951143835515126,6.698167947856483e-05,-0.022737361613030343
167,0.036102850940056865,0.07562817393354983,-0.05723866838784666,-0.006010260456141544,-0.07152783531977959,0.025855279618740387,-0.0962148933148194,-0.022710138790540742,0.005855514314622599,0.06296102719537554,0.04974583339735839,0.058176115970901617,7.96387262181328e-05,-0.009882056586211345,0.04339135465357734,-0.05439976998280569,-0.08420192160065484,0.012947236262041457,0.031315311394820765,-0.06719681990108381,0.04077732246321126,-0.043816105212216114,-0.08280126382264591,0.05534086191509658,-0.014068218360406892,0.0005179099140965973,0.07495584423070838,-0.03331631591109234,-0.03853906667061897,0.04158279777169608,0.04576658174281112,0.03322287604547606,0.009401207090331659,0.03650080724437274,0.01935263448682514,-0.050547853468693116,-0.06523603152120627,-0.06557758038401577,0.045395886930485164,-0.006307571405358123,0.05497751130377573,0.03923211719323411,-0.022148318095814083,0.038839260556744075,-0.00356111883407773,0.03716411764767094,0.059546662390004335,0.024980359330009545,-0.04114642161488147,-0.04912566758567044,0.02555267669873306,-0.029205414541241224,0.036114575765479585,0.025884380158232,-0.012749443175435882,0.019442534240743877,-0.02131730070394453,-0.0708105061736211,-0.00026578662036513796,0.10680443584005608
168,0.039884293286587214,-0.03958894693166329,0.01887987627888992,0.03146705010149776,-0.12940386219762973,0.037941915659713416,-0.02628403795388425,-0.035000988201255384,0.01051948230391174,0.013357506127217658,-0.08196580797026445,0.03202287450138223,0.08290591099018553,-0.024114868931300968,0.05603937944743697,-0.049782041724917896,-0.0334937904265723,-0.08518096175459744,0.05974882955245169,-0.05356626086750136,0.0046171759838460145,0.04577820011869149,0.05527779534666009,-0.032604583651916846,0.011937271044249463,0.021488317375053103,0.09301782058318804,-0.0510654558698155,0.047293094812862556,0.06477734408697411,-0.05908901933105598,-0.014529264115102514,-0.025259331087145637,0.055019758285044816,-0.009596001179888963,-0.023327705279615692,-0.01628120372365477,0.02969369708411545,0.027420020923213426,-0.004470290302379895,-0.02580558085530499,0.030731769930306505,-0.009822348252195476,-0.011679788445358134,0.04158282298366001,-0.00923767510327193,-0.09731428107987679,0.0024299640698021902,0.04273393471275377,0.05016499790767702,0.014994054594796144,-0.03255839212700722,-0.059107008987158816,0.02496871325716925,-0.022456287967520784,-0.05729824272083254,-0.0343837474148152,0.08094060069235526,-0.07418663520165046,0.011630340935964347
169,0.048322203879484486,0.06839526298024777,-0.040296937395454556,0.027209844842388482,-0.025367080890652434,-0.12828024031097746,0.0012201315282740206,-0.06187721113584939,-0.07703491512175646,-0.013469257487792227,-0.024688196220603142,0.04959790910471968,0.005632424057827088,-0.0553545890777507,-0.06254486335880535,-0.011451374329998598,-0.02755523763505633,-0.024953421236963685,-0.018796235215627625,-0.032045496493199266,-0.015964006682090214,-0.03542324445782433,0.047932194584182644,0.0030694932187657798,0.045947511091104405,0.008322321234691078,-0.055005175606102436,0.060601784527772685,0.012262930698073082,0.06995347755147859,-0.038671499614965826,-0.03502774666162469,0.005395661501509815,-0.006116040852407473,-0.02040891926704194,0.013166841913595975,0.009145054958232417,-0.021981105370515844,-0.0771514152593814,0.02778272937306338,0.04216681181500327,-0.047722956356958154,-0.0030527444600801294,-0.05080052759868554,0.05262338086936511,0.004236213934319213,-0.030567386478258997,-0.0812835263253513,0.048738777779368865,-0.0350180917305563,-0.014427924201829024,-0.0062574195438548285,-0.019288665819997435,0.019919875121039522,0.07605360418737352,-0.11999320330522997,-0.029222622077089967,0.0008040393112956795,-0.03590516769659536,-0.00743001209350737
170,0.0342661420633466,0.01007898613197716,0.01079583976506359,0.05880943229683315,-0.010248641229528075,0.004997691347109346,-0.039211008504928827,-0.027114307934910667,0.05469606827108971,0.0042705429315737856,0.09413106968166436,0.001691255139222561,-0.03311422611415744,0.047477676784573875,-0.19560488381790406,-0.00511250388012906,0.02147558624970833,-0.06690230871063176,0.0485057170273003,-0.021164134793341505,0.06418728288770713,-0.030736342555290837,0.11050341102165795,0.09953325995460764,-0.010062374671497011,-0.023959033025459518,-0.07853260886276489,0.08082862748047664,-0.05842404052903446,-0.1108765113173963,-0.014011985506070903,-0.06397113513349184,0.024972950748657723,-0.022802441965803007,-0.05712572853009012,-0.04183805823808874,0.026598121432714495,-0.002114245827740507,-0.000766171232666447,-0.03152697983571731,-0.06295177861143847,0.03490150604059634,0.024820260195707038,0.022276356765511894,0.08544544247366022,-0.07884907494423384,0.027513300702928227,0.02011922968151139,0.012708217443458427,0.015021039601588128,0.02531056605433688,0.05900585950181253,0.025697354018578564,-0.0840426325306952,-0.025049349140668118,0.018793000985454153,-0.11289607036766115,0.05627369398385659,-0.0017146478034710973,0.009259279543618269
171,0.059645472993697005,-0.09560331468437772,0.0042051523076136405,0.009417714737491211,-0.029420665710343984,0.012697256239058098,0.03778956067075375,0.05429196741256882,-0.01264012454544173,0.021484205572447925,0.11029054743935392,-0.008243151414820555,-0.016015002213516833,0.10918206217122878,-0.03291440696884676,0.032916110972310814,0.03459734456927413,0.014266425350262317,-0.007096913838154485,-0.014162790826544347,-0.04999955159540263,0.040070474489004,0.07042211126030938,-0.01749633714864424,-0.0271645126608594,-0.06497688057735967,-0.038703258727537326,-0.10038527136893718,-0.02560906905034658,-0.0068176917038465365,0.04149651258120911,-0.05746792238156487,-0.034402621018282724,0.012269668840554894,0.0450783185603238,-0.0392559236219979,0.01693089490126524,-0.012388973773746488,-1.5835328051681624e-05,0.007457714038424431,0.035359776729990404,0.03472371943537212,-0.0533448927185679,0.07056787270029899,-0.0180333674490039,-0.036926189695620205,-0.04287250113286087,0.01336941398082135,-0.020889961756457128,-0.07593407739312616,0.049703359263735265,-0.06021365627300857,-0.054848038005620735,0.03376103394346434,-0.0910744107861926,0.060024591412555055,-0.0944453381560515,0.09794012417339756,0.01588418756816669,0.06919427576777593
172,-0.020865148145226383,-0.022620236036195965,-0.06556568108048585,-0.07434653111531278,0.06113649572902682,-0.03165403446079327,0.040340383594835945,-0.05995109114703443,-0.028519248914147033,-0.07653618305434533,0.04944033455758995,0.02486194273110304,-0.07883383712567908,-0.04126880442455455,0.02733527591662214,-0.07122468549717101,0.09909292022324148,-0.021223204125459486,-0.068376736533803,0.03140223692073058,-0.03259769961886408,0.04479869984783657,0.10145022798941584,-0.017766370267771957,0.10800836735325661,0.04701861676965899,0.029695714902809204,0.003326577856648294,-0.02387275227754351,-0.014492048342181716,0.014868195051043157,0.06413102521486237,-0.013055315495629802,-0.0655502956553919,-0.02710713926362349,-0.028994429798775288,0.020744245187744724,-0.04954638177571228,-0.02898644212009431,0.06197796905028632,-0.003510076491785404,-0.014997605439208535,0.005310993509380925,0.05789318597302673,0.020902306543221907,0.009090042859168703,-0.09156245648628573,0.02374924479393494,0.13564198338564462,0.047136555504660074,-0.012289532473439712,0.04683333620181007,0.03538362631254711,0.005426165804791537,-0.04715454070199526,0.06054028883487313,0.07492184079248702,0.011836989242200712,0.06311968188725971,0.005303030631802838
173,-0.05942414271384534,0.037884049508293986,0.06230957260459451,-0.029198216522191945,0.056379321967559966,0.015637286352034797,-0.04970219160860546,-0.030397882660732088,0.031578110659928486,-0.05319691310212756,0.0654125425820159,0.0763509362459869,-0.0065455965534000566,-0.037858992386319096,0.018721794823322348,0.14401388524532818,-0.04362361696229964,-0.021616821464797435,0.03497167633074687,0.08570792052418141,-0.05917053549606146,0.042408670494508756,0.016635258963447787,0.06514602677063086,0.017635309879470623,0.06160471574312668,0.04120586880718956,-0.003551500887812096,0.006845181722669932,-0.04017056143421698,0.007943092192625364,0.037742043002187586,0.08722749157446759,-0.010561838217275767,-0.0011600596402563145,-0.023103641720722202,0.010053673702026075,-0.010999346349128842,-0.0162424696790052,0.006636343061084118,-0.0957766961999677,0.05268707327753614,0.02120811989010819,0.026990837254634418,0.01015737846224082,-0.02169589879975871,0.013310165985517469,-0.03761128273743432,-0.07956397390824485,0.05373780607084242,0.08980086327271472,-0.04754222987339166,0.009529037678991492,0.0035947635426215184,0.006762016780680679,-0.06218440847560954,-0.0252004848322541,-0.07615946870344707,0.012586019759745597,-0.034381954179913236
174,0.0630907045889409,-0.05061396108761656,-0.02402472955621716,0.04607008386773964,-0.025027037297597053,0.0625083749782645,-0.0632858947694125,-0.04657072395156503,0.03391947168835776,0.04663178100887377,-0.014818983163568148,-0.0515687852669746,-0.04394706436812301,-0.13027955414479603,0.07601060762257902,0.06330711063863048,-0.05719902781661774,-0.03149074977760018,-0.061203143966397505,0.022488481448134683,-0.026099690619098847,0.02897447387255371,-0.005655981190892703,-0.03960824299592163,-0.01994090166702112,-0.002472991493199005,-0.06735335284476933,0.012991411547800185,0.03992121041681278,-0.04316528220729612,0.00838449068568493,-0.019136356375329962,-0.07299653521002232,-0.05962719299856369,-0.014028811487402733,-0.012912538701027914,0.008604696826260864,-0.013735417833871826,0.0621317442292362,0.0003851863389508138,-0.04644669732455722,0.010881622191637795,0.03999662663292029,-0.00667372859042194,-0.012444965937117075,0.04751524130437118,-0.02838186835594237,0.03048762397709477,0.02741569520509173,0.03101588389664499,-0.020578463334833836,0.010122548968287166,0.019837864312532844,-0.12437426363231725,-0.10974053113080982,0.015491403211632466,-0.00783263290779909,0.015572048043070911,0.052989279211542076,-0.04857236436786837
175,-0.025089815110610314,0.006740256568815958,0.015285288891627393,-0.03214930892140681,-0.04055750126004135,-0.006174797922299846,0.05151603307685192,-0.09715344985400608,0.06773808338123648,-0.025626659597451015,0.01669372063172235,0.045283841402432155,-0.09863237860349844,0.07762924501923338,-0.0698764831182613,0.016410994348942512,-0.0007615649579920105,-0.08687821435134953,-0.019924319104587588,-0.018147217400422924,0.06418896435352092,0.03887121111749259,-0.11208407791192933,-0.035630587997493204,0.11194360152986393,-0.028142015382480016,0.06491213054910376,-0.0056064870267553,-0.08433291317240073,0.08135693246599505,0.016203414662148453,-0.060394538688511294,0.06418026902218964,-0.06094151561164998,0.039005008412207026,-0.0234260022120045,-0.1681905257734615,0.051770948947582086,-0.10695192367766158,0.0670100879818144,-0.00013364070645473738,0.0655295558406973,-0.11710851174402023,0.0007854341539796908,0.014516460021449755,0.013229658312159696,-0.06707314666712631,0.07099157355027372,-0.06782708272720428,-0.023565757528007734,-0.04575387364466773,-0.008249229854257644,0.054856057270607064,0.06334348392728188,0.0920260033435567,-0.0177549887817676,0.027065496412869636,0.036832746192714504,0.03277184791189262,-0.0777438863555021
176,0.0061677092712067935,-0.008430606825190517,-0.04448656431535515,-0.015529011628594925,0.016604641139436428,0.07419932962854112,-0.018950441035327392,-0.12505213153118117,0.08715401770551347,0.017563311505746894,0.07792194724941424,0.01969504242835993,0.07221499243254104,-0.05558549743686764,-0.10705708847922027,0.009748250966208984,-0.0358746745936567,-0.02834708300496124,0.042161607523221754,0.026296423437995584,-0.06332211705839723,0.02353726510796923,-0.002914370202512118,-0.0009067571256982824,-0.024792278405260233,-0.007420065874117636,-0.06051649494489559,-0.012923098937913356,0.025071890562746574,-0.016000836555002913,-0.04549026890126452,0.14224242642211057,-0.03159103654087256,0.03802351456868952,0.01616052743253224,0.004061811516660572,0.04013102040666579,0.08012181121139016,-0.038642870988915216,0.11731408835966453,0.0056424003318159355,-0.10319008527495147,0.0724077064159083,-0.00939242775030025,-0.047734188228784,-0.07619164320019599,-0.01587701557090612,0.0070526981268644,0.0514246450987987,-0.034145042758724875,0.06826707720716159,-0.04149375495808865,0.025930386697407992,0.1165022862272397,-0.0769547106360747,-0.027131841439553425,-0.02449773710168677,-0.02812524387689779,-0.06918235429088747,0.08447018764725811
177,0.07465058086697252,-0.044281589715190355,-0.0026620804843173586,0.0424856390810659,-0.07966527766742292,0.049082280585351495,0.08313964043995041,-0.055438787001179296,0.055981658477897725,0.06064102435946348,-0.02905112845721692,-0.0539810742639917,0.018091490298172017,-0.01509308431707756,0.009443027010119665,0.022104501709476004,0.011784350620238356,0.06124558026695295,0.012761637711887434,0.02765265867496131,0.010479838807534624,0.003462896770084513,0.030694661920293628,0.04021842654428657,-0.03780405237777503,-0.023471810323841706,0.055473813914156754,0.06649132551887448,0.07455714980227315,0.015425499694176061,0.027759653022051838,0.018310441120330048,0.0027879725400498305,0.010583097940859734,0.02336464659186124,3.793250519648807e-05,-0.03484448814287678,-0.08256814610543403,-0.04225177769375051,0.06665805625758353,-0.06698679675664831,-0.012906426376121466,-0.01891591733429867,-0.013438153567088995,0.028475461581947647,0.013768975435216255,-0.0299502868635988,-0.054622723442236135,0.002557248848690064,0.05258254828825581,0.08389570086762621,-0.0661564976078913,0.031040193049218765,0.015313581878798692,-0.02352713656739358,-0.06565930623447394,-0.01729206355264739,-0.05096933096906532,-0.011881082257345382,-0.0023606161003001183
178,-0.008413665219333769,-0.038978183904817526,0.05605580574503276,-0.029822182373551852,0.028899664288320713,0.017633864502442368,-0.027907608183454842,-0.011986896702353417,-0.053697230201234486,0.028218387295238994,0.14297388348685258,0.06427070735898747,0.019068300950052876,0.04453756114489141,0.09942653917148081,0.16073334233432862,-0.03832378921055946,0.021011645328844163,0.013660826943450655,0.004554267891451279,-0.04076327001117159,-0.08635931529990187,0.027580311597354166,-0.02073364902213379,0.03590737195910901,0.04771571922109186,0.014028423822974699,-0.0021899411085417415,-0.04760992288267081,0.020177534933592377,0.0009888169488214416,0.018789017085556324,0.005834707188623143,0.11708781379473145,0.06740012292753922,-0.030924692485718247,-0.0248833503505833,-0.05292874783826534,0.025553223088830516,0.026125194792891587,0.08301522024002915,-0.007847729737628152,0.07990273817182016,-0.002282433243154698,0.019904220660939567,-0.06653822480755757,0.026814979317301674,0.03268065134731473,0.03957087892092856,0.03316015006392719,-0.06864974228268207,0.05430552869306704,-0.03163625506157235,0.1144587384585765,-0.057387027214742765,0.08362641168981295,0.027079770238245832,-0.07946138089278908,0.03916810810411925,-0.054967794664258274
179,-0.025262470156848543,0.10072688976456053,-0.0018794181124313686,0.044995656966819696,-0.000421576291172931,0.015102213911881029,0.027608791583092603,0.01886937777475594,-0.10915947961078323,0.08768530765451694,0.016864407887346805,0.015895869204420404,0.05489139143504621,0.01909551012316891,-0.03189836098884376,0.019178009690074375,-0.015513474542122907,-0.059077195655926076,-0.019261818517526026,-0.1037768247517847,0.008306339494136379,-0.0028837089182574445,-0.10113063010540733,-0.054102234913179253,-0.01755053744703445,-0.003032418115957873,0.046947452144319425,-0.049694483383351216,-0.09905077400276328,0.04128313674138068,-0.023318424332012123,-0.033134677057860634,-0.07295582279366153,0.04356072426675026,-0.06682594423941812,-0.006058470761631286,-0.058330251111295896,0.0050048477638840174,0.005595383422424131,0.012424675711747173,0.013931425159538604,0.0226890683444975,-0.046667689972173014,-0.05352015348987732,0.04306690809679229,0.00791480112743212,0.021091126426848916,-0.07554606728974533,-0.00584653092037879,-0.1036882366329649,-0.010365008990387224,-0.1007362822060305,0.09043825127957314,0.00973021478226451,0.06962473643967255,0.06456603359284707,-0.006324017039057566,-0.015246783442263288,-0.022177699599119423,-0.03303202294637913
180,0.03471864098064461,0.0437620260155795,-0.011755970474646714,-0.01600278361383599,0.09076496550328479,-0.07688879747888276,0.0011440615731569798,0.022294463945403378,-0.035281856769115036,0.055719066229318624,-0.07272812171996465,0.06376753243008838,-0.016725486674612006,-0.013440380900586272,-0.026549350681836198,0.02881857206041451,0.005524552066305497,0.11255542233331464,0.041556505008969305,-0.0007412004091463823,-0.10136465943955278,0.033253174581495605,-0.05617177983142271,0.06821112732439298,-0.1473572889651705,0.03730215836356493,-0.053226228779162485,-0.011013827236084872,-0.036327016798513766,0.04907248010986824,-0.019048578271928417,-0.035579318688568715,-0.04398092837963445,-0.12698403470926803,0.036038872319535745,0.07013586225471491,-0.04631943913082389,0.009046387248272772,0.01685109426238664,-0.06814287792697217,-0.01617135799244416,-0.06602414569579396,0.01855202112278186,-0.019916775898285687,-0.02583990201584638,-0.00672213434867526,-0.03048346178221823,0.0049709035745586026,0.11459512089062822,-0.021770227174795955,0.004962617699521373,0.06867490238111404,-0.10644641843783999,-0.05478373307565785,-0.040145091817471744,0.02456816400195461,0.050024305796539874,-0.07869682159223076,-0.00889826158133994,0.020533188089992726
181,-0.03883101075318017,0.11471391096647733,-0.07722161063979123,0.017093531951483103,-0.07407586778198681,-0.04138118790924784,-0.005539350980697467,-0.06110180643670291,0.05696384520729798,0.02510605095857349,0.006391978286203657,-0.0003203999631853458,0.025346276948813848,0.004530347457910827,0.016963520308705644,0.03259458220306101,0.0043141008625284675,0.003490925177880033,0.019813461207528797,-0.0033489174112145614,-0.03149552193717743,-0.06647992616669378,-0.011727195215348546,-0.0283138500947468,-0.012752225233855524,-0.036336246649821186,-0.04137020768816026,-0.033192180198572716,0.0149820299487542,-0.07350718430874309,-0.005320590205986363,-0.0025998237489651727,-0.021989348573476866,-0.032844661253178926,0.0075190780865922215,0.030668251881189355,-0.03308913044749201,0.01837473426763848,0.03703970800671713,0.06784986442380983,-0.02091185806678545,0.014992574140100735,0.05070715331823347,0.021947237910072966,-0.027896917554520485,-0.0020526715414483595,0.001169873674441903,-0.07689831188418338,0.04207453690977957,-0.047194410800671334,0.026239270440976764,0.009599617884988601,-0.0065351545861722735,-0.015309257284751713,-0.02864679811995179,0.019103866001505137,-0.031618068683112975,0.00529967437431942,-0.023079956299259997,-0.028201373718014247
182,0.047733388684552076,-0.025651957850440207,0.040507913771389126,-0.016469466833372817,-0.07906516767354346,0.030411508218312684,-0.03331979331959469,0.01571733757236284,0.09395049099730875,-0.10175827990255491,0.027659677960476074,-0.03772331628611717,-0.052345699757299996,-0.025909341143399017,0.08858977957071922,0.03170853883700958,0.0043347441777046155,-0.00024287865864498052,-0.04001477556663783,-0.018561027342265723,0.00042388654573382375,-0.0319577128631838,-0.023711054306400452,0.05458275300630987,-0.028410206701196344,0.04645105519326255,0.11188917613296381,-0.07405988438073974,-0.061354638320159804,-0.10465460719258633,0.030207974936114275,-0.007572498953440559,-0.08010597973696022,0.008100791130302426,-0.08081167677460781,0.04097729154262198,0.05838303283250436,-0.028271861404168173,-0.018585845276985032,-0.004141945946061525,0.05767289092738934,0.05298344709496057,0.053975704119294414,-0.06519605932777342,-0.002987463789763453,0.033947380000217,-0.003473146236177632,-0.010472635489791672,0.05535874854250478,0.052892770360411304,0.022545316820032038,-0.05867961398843295,0.015790512478481896,-0.008454639701843021,0.09810147855990717,0.08415356717291586,0.09744366343095759,0.13923065474497895,0.14357830213745176,-0.040557766688313346
183,0.05726680637754458,0.0601601080012347,-0.024845027666895874,0.015430375885596391,-0.0765642115471012,-0.0051158279272332935,-0.06838551362523826,0.036271528455237886,0.07803659746632027,0.06412496200592041,0.022033329271421247,0.008216637139919835,0.033907515222764445,-0.02540793467027426,-0.056224231416345735,-0.0035551499662467927,0.046898027931498096,0.06338233668550752,-0.05828682056600865,-0.05944188005317001,0.018420833447762314,-0.02858193365704249,0.02234577898620519,-0.04363601505360966,0.006222401524087035,-0.000605331328121833,0.04326563746681112,-0.13771724415865988,-0.045868446967699476,-0.08251776422675418,0.040334623402285066,-0.06502891146288338,-0.018578962120029397,0.05755686645781483,-0.03562073315519529,0.02334455330628515,0.020219961071616756,-0.05758928623030675,-0.05168816026802364,-0.009515740974477983,-0.12601118365090447,0.07471764851304202,-0.06157035785729309,0.04866753167193238,0.01048462455953785,-0.01793873822018095,-0.0035293968602544894,-0.002555304306860191,0.07180303867347991,-0.0783006735122944,-0.00890787441873669,0.004290743708742396,0.050725983882353255,-0.0696595766665734,-0.09714164175008007,-0.01416823661993188,0.055263552155081795,-0.012909385350042702,-0.014648955916460359,-0.08219612874805847
184,0.06699558865101006,-0.05624122478074425,0.029721747448589745,0.05413893780676536,0.04676237403406971,-0.049079028351081376,-0.0671190848600278,0.07930333527125748,-0.003477204812339859,-0.016842843456703126,0.0017336541657406131,-0.05053747671609645,0.02446151544036492,0.044639776467954334,-0.003531620837763036,-0.037882940585833524,0.006870477839302886,-0.03926149463502691,-0.10319191959257809,-0.0292667960612385,0.06633972767783479,0.05873392022055231,-0.0863658195691934,-0.026922875764086848,0.00030780589367414675,-0.09019627305739143,0.037755639330079284,0.002845510919754989,0.022243440489605106,-0.002321527540209959,0.0003973995313102287,0.029910624895801517,-0.08469358210361355,-0.009896977049598207,-0.02202897136527147,0.06499541066719881,0.05252894856614601,-0.07762427511739656,0.02688721301428047,0.04814946817237149,-0.04195677901013607,-0.0013811227057477181,0.0073861702221895715,-0.03157289559561441,0.04931966571980538,-0.05483594221408704,0.0013960578001672704,-0.03588667300259599,0.04086811640042398,-0.059276557527403774,0.004942478222689541,0.05530343981550718,-0.085122303890754,-0.016107117165961873,0.00245987645620827,0.026413462686651935,-0.05235208823687634,-0.03184889524436959,0.08948462697806486,0.08543411669145998
185,0.04240558863795004,0.05778812168008329,-0.01228898123609026,-0.08069136476917829,0.012478445075628633,-0.12214451655501578,0.057203625893345086,-0.03636909106793303,0.0289496880834783,-0.032097515206764335,0.011691069810107564,-0.017242557286897556,0.023962970714168887,-0.023422956851587563,0.04398434159560105,0.008551713053080797,-0.07948424955608155,0.008446771182930753,0.001293692420546212,-0.055626731094216994,-0.025583940050042667,0.0021850061965164387,-0.031312808710158624,-0.02587199718179146,-0.03080277842219679,-0.025615093090254178,-0.09389516502264941,0.055366002308445114,-0.09036229382870417,-0.08086617047946337,0.07195083772207496,-0.07332815650451492,-0.01024135408902594,-0.04826696088678482,-0.002274755333790528,-0.01922578565193557,0.005489046905937152,-0.07251343223489903,0.06730642545426266,-0.06981311213109204,-0.1018006170243262,0.026537535587908098,-0.02576694724838239,0.007090082112839423,-0.03774314965332211,0.013816751356069806,0.08653817084371014,0.013523118930098043,0.012332220006119866,0.021815563538720103,-0.06453093657524837,0.06017357169642187,-0.03876783598067898,0.0938469834816069,-0.011478578694145737,0.04377176925459749,-0.04111630672765952,-0.06755517578495798,0.06871604304408621,-0.017844555414630432
186,0.042064113200226655,0.04740085401699122,0.02413342865009532,0.06850852037450605,0.0033441252559158656,0.07528450829106674,0.0437618700191237,0.07544318566987723,-0.03789278253114185,0.0705586729051641,0.010142650003629728,-0.026849245244668765,0.01156466639554003,-0.01578412212115348,-0.0034681166336200547,0.008776262250301507,0.07646124617021935,0.013121570686114676,-0.018109305314992476,0.10196163904895426,0.03215184954612101,0.029727224106848797,0.0534621694143334,0.08283783089204849,0.07676179765371303,0.008958630547590678,0.045312622788888125,-0.02562980951977649,0.1059669752219927,-0.05997076257899311,-0.036407547825695774,-0.04837933731801805,-0.0063705243184997516,-0.009915988052152316,-0.013789987718872479,-0.10015446040410124,-0.1197509094908274,-0.12845880220964462,0.09030051854998564,0.05772480142333056,-0.032898332339877705,-0.04553619228379481,0.09668683856501657,-0.03894091618909497,0.015523350440312337,0.0705936950408863,0.018779536676217602,0.001140689183897612,-0.15455452477481443,-0.11131072109516182,-0.045495379608586344,-0.0012833781093454111,0.0574063045696198,-0.07342153365866695,0.05118663275103146,-0.04678370555072328,-0.01836963480157749,-0.003494263732292737,0.07112364847765348,0.0027105145003352826
187,0.06585146094628808,-0.06892380051081747,-0.06030033446306676,-0.03589605780721332,0.03104860152831768,-0.028494941618488617,-0.06534556634966232,0.04212216746677953,0.031456905077444385,0.07071815308265487,-0.018661723217205172,-0.06009512794727632,0.013638565083926992,0.004253221701563798,0.032090701084580286,-0.042729464981106705,0.04011165514530062,-0.034079446962140006,0.10050686268759994,-0.05210299806770896,-0.0024679877169283726,-0.039518967112397115,0.013146632892271236,-0.011518612736339228,0.0601257690613105,0.026386089426835336,0.04418947641970777,0.02539416346476863,-0.040567720004763434,0.058273537047832516,-0.003210403278505302,-0.04172889828555404,-0.02510177531831195,-0.001646222164839337,-0.1348748507735831,0.00384924577586685,-0.0056949049880053795,-0.009981545231598247,-0.021320768467047883,0.0013974530168432615,-0.06680767255235816,0.07325422866462909,0.04322409154392847,-0.054461529826292564,-0.01322706709244846,-0.0030661063381641593,-0.09723540134732714,0.013445585718329819,-0.0816364789472959,-0.014692090571667177,-0.01633775535312791,-0.04197154576435873,-0.06123099576019355,-0.0792255118239905,-0.00045810748621507175,-0.00021894751415156205,-0.07386754247425541,0.003297138894208651,0.007380895575499904,0.09022366778522088
188,0.025475975059391396,-0.01465907645522697,-0.023695532367934292,-0.034022263014868985,0.05001553351137666,0.028374061179965094,-0.03878141835896265,0.020501541253762114,0.059846126033174955,0.10284730986049591,-0.11976452720509376,0.03252680436251082,-0.06853499204190826,-0.02961373381664906,-0.008805901571842072,-0.025416505237372822,0.0012643695353898507,-0.04075889004236391,0.05963404859975879,0.14086156641637243,0.0032217065145293653,-0.0249455732635362,-0.0948097463400032,-0.02656748607245301,-0.05649098953602664,0.020326929961448317,-0.01762564292756377,-0.17945881132044605,0.003419141970597837,0.027237538384450397,-0.04334426429155631,0.01670922834833557,0.05877505215389182,0.012781085673587442,0.019160968096704426,-0.02925273095354509,0.08462097228214951,-0.052662444618106104,-0.04039893884197619,0.004775951169454058,0.041335694102435615,0.026564483421307607,0.11889015955894865,-0.02380652159641568,0.018251548611775838,-0.01630058942146496,-0.05753013584038704,-0.013140773624268087,-0.021662497771637573,-0.003777804131384403,0.016571911750868227,-0.007805117677313096,-0.026425193929206524,0.04327850330074376,-0.05997833106600216,0.02039640871471503,-0.0727980542631559,-0.033001695613362886,-0.0582419618190085,0.06320716634790007
189,0.033798227858416505,-0.0902363650985821,0.029574194404718066,-0.09168473642470842,0.03210121260526907,0.05867628429968182,0.011965598723026723,0.06661278308637412,0.059682940120852665,-0.04207850237264262,0.00872648643755277,-0.013935432893072627,0.05742676310533398,-0.014156725259116059,-0.0638725994075259,-0.015512630591550341,-0.023390974975140564,-0.02062330815552221,0.008052193640613317,0.03672421258214912,0.03605095893423031,-0.018347409922553373,-0.029671064122711054,0.01855038086123625,-0.05182401990613101,0.024498830640203438,0.03559025614374352,0.009925165172571497,0.07826966132704127,0.02679046084834077,0.03049855804621679,0.08363631827957257,0.011130436905768912,-0.060120529537347034,-0.011319541647276289,-0.06564510254334177,0.043086012742624843,-0.04397130047805551,-0.04022957743123622,0.03347852283295313,-0.13754035994771321,-0.05739453476783604,0.0027878495350267514,0.008476809651218838,-0.10786149959483234,-0.068061761270045,0.013130936492142165,-0.09541022506345673,0.04810140923611351,0.0025387092035689335,0.10933675946770524,9.580375909511782e-05,-0.008373025680990102,0.10335631803481282,0.010839436454494093,0.038499952086396345,0.0768079704271025,-0.04579478417076942,-0.017031950925047067,0.024940073992294833
190,0.0097739117388488,-0.005196278310551047,-0.10091940787566549,-0.014445086257912012,0.025432400040595226,-0.049901298329376655,-0.1283596059741068,-0.033034500258664445,0.0533653424342832,0.004721417842256959,0.053799232166972424,0.036362843135267636,0.02465354719405485,-0.02372531423764484,0.022395240418877898,0.009724292250350161,-0.04636221386362632,0.07391200204421806,-0.03787835256294298,-0.006369348208410263,-0.056589290827479266,-0.07528722481690775,0.0017788139353867912,0.049274182407687134,-0.0022590645501694762,0.07028391257338511,0.02521315026726814,0.04978920002254726,0.11086313501349555,0.06981260715990636,0.014834496537789423,0.03773233189385,-0.016779580061434422,-0.01466206707106766,0.07831792813512033,0.010849516941666847,0.05322848152754346,0.04025004030559656,0.009672297774648122,-0.005584186074476526,0.023395159590305335,0.08737232680167209,-0.05025498253417144,-0.05678633596763821,-0.01972889603184284,-0.008355972960616704,-0.026486642761124304,-0.04760375710412851,-0.07705015154736276,-0.013820645721123301,-0.06803999689700053,-0.018246525146563653,0.05639183312006576,-0.006219127137639651,0.009648199932730918,-0.029384260760254518,-0.06052122969587666,-0.02616807211907429,0.009166703967837309,-0.08105693283149555
191,0.027940897379142144,0.08676883243618816,0.028730194117006242,0.061807708920604616,-0.07626384237016856,0.02229789758740618,-0.0785409094751152,0.05514988295433549,-0.014132875190749922,-0.02231214303464345,-0.02208181523941734,-0.023323671863709688,0.02642086343326774,-0.06031608738089347,0.011619807532715588,0.02329535586954018,0.07645674468324147,0.0033176206704666673,-0.08537176317898294,0.08755129248206939,-0.014017217653179797,-0.01789513976616184,-0.0006076822062267019,0.047809150065482205,0.012670724906658075,0.09970287014873659,-0.06690580042284038,0.016785653430299658,-0.015052178435388362,0.052090716415113446,-0.04507029820921801,0.004607151268635298,-0.033609052246844164,0.08826601055804877,0.08355428008043876,-0.02000827966024783,-0.042339568911500834,0.019153637400956904,0.005564745695832757,-0.03741432697422375,0.04312495206889157,-0.011353770156778024,-0.02369865941604685,-0.02344342466673293,-0.09723089026065988,-0.055499038440443516,-0.044059954153406786,0.02859059891842282,0.09489199978409214,-0.002560908297328357,0.05006523341092455,0.06170769764814402,-0.06672906363968027,-0.03258891310745885,-0.018591593967351355,-0.0902312192852671,-0.0551203667425623,0.021231541479896855,0.0028758810161285927,0.029537980740033006
192,-0.013881380953190435,0.01253448874978834,-0.036375325863945616,0.05692703494902179,-0.04424279417985527,-0.05665841614025006,0.02278881087041136,0.054830631233833915,-0.08604762303028245,0.12535622647546207,0.09504209772292589,0.025398227038541,-0.05212058312561938,0.02623755896600137,-0.00548820760803288,0.015984046153361967,0.06478660552608602,0.014139692278201664,-0.004900057517131367,0.015013806002277641,-0.012784513922412262,-0.1148586166315217,0.03597243928210969,-0.04718760738454199,0.010060499356534552,-0.009530189313782288,0.039699765314923245,-0.006208089493392817,0.0737462778487742,-0.0009752767696974842,-0.00017472153741946662,0.04487781389009037,0.003278776419860174,0.07222450416232347,0.022766920764662146,0.04192128760836365,0.026256086456717627,0.12167451997226018,0.01248022591671159,0.03773399851423639,-0.17824852306286232,0.004497338075831135,0.032755712117267875,-0.06775446085644614,0.045271953365463184,-0.04884570768262664,0.01055363341224892,0.04840636664954425,-0.07471876201689526,0.009860656983776727,0.01421545688432984,-0.030183529401087237,0.027132195211286268,0.03572603665736034,0.06411919388296244,-0.07059895394270344,-0.03048205947233293,0.036749297701620644,-0.018819816547583305,-0.1099041589235219
193,-0.014303729058101929,-0.02295916491758371,0.05608068556133679,-0.02932769381878263,-0.004279942463541884,0.055816978182317734,-0.006915462728341919,0.11056015480170137,0.03534600837649299,-0.06320093996538609,0.1214319485747129,0.05819640982867413,-0.0464598315454315,0.06351794868810014,-0.05599031480551872,-0.02769175059201733,-0.025832158237992477,-0.0404160934963559,-0.02413901765774968,-0.10440985609912674,0.07715045528801426,0.0532383613275464,-0.03598742184643135,0.020525576358365903,0.035429819192663824,0.05240131516939173,-0.04111988706440776,-0.02412560535866535,0.030234845785701785,-0.006645134793541559,-0.016417351153654742,0.06778799283849823,-0.10813236362693934,-0.057876528544484426,-0.03366185148362755,0.021303651156746678,0.0004003025622452215,0.050186393018315935,0.06864934705025474,0.0690333255815449,0.04648333911194311,-0.06643620592346862,-0.02576423904162257,0.010872481460597182,0.008791543289350357,0.03819756174551851,-0.048110523790658645,-0.07539291067308475,-0.010920271405466375,0.021873024441331778,0.015381777890150671,-0.012006816081915238,-0.009993269290066532,0.03676513074567737,0.07196013607165352,-0.060278354213726786,-0.04368409196809349,-0.02701618096023126,-0.016442706266601114,-0.005503338465242783
194,-0.01742597361657709,-0.021987709680475826,-0.04339114363228026,0.04727693520565154,0.0326927507642074,-0.022958053773717436,-0.06607160609217151,-0.09131891414779936,0.08638744904288925,0.008560967677084278,0.0919135953320975,-0.0015525837103407573,-0.0642168548736655,0.03291033754361849,0.06624157499130835,-0.019666673143621808,-0.05872089166756569,0.045797363145228136,-0.07067499222135364,0.0016063643789725175,-0.04358729966632936,-0.0360011421613768,0.015539029940342777,-0.06768263483000317,-0.008172742638809672,0.0874731205158654,-0.04470114944363508,0.018833217065110052,-0.12205239726129219,0.10322865317213965,-0.019220652283244464,-0.05624502490780395,-0.1015381018384268,-0.07014169603720537,-0.011478478710238113,0.02886717073213066,0.05631279137298072,-0.05546568281871614,-0.042852906482427136,-0.004536005828404872,0.025998921031777776,0.08438808380867047,0.09853287939374615,-0.06505893819978636,0.11732453921839202,-0.007807385051516254,0.03184370580278605,-0.039629828069902985,0.004387964806538851,-0.04084488224608357,0.03194706110787542,0.03653628653943168,-0.007991649401890075,-0.09303208820856887,-0.06979235673798366,-0.06441622237624905,0.10117698431907653,-0.026179439468772384,0.013990272718705973,-0.03178369983424381
195,0.026339319591262803,-0.03671507443685295,0.10705052922969346,0.01079928439375282,-0.0808423737231607,-0.017903887807302336,0.04686827300816418,-0.031602175948429595,-0.06961355752077646,-0.06186952652216995,-0.03236922773001114,0.036976567245734566,-0.03645290120127323,-0.0691134654468717,-0.02514254021918749,0.0017175244834565773,-0.03361321487964628,0.0351968687403974,0.03992335381232773,-0.0022749009836745574,0.07723347709856442,-0.08274070199943713,-0.07635973466942009,-0.033460957709299896,0.00913183734741573,-0.02974253435827368,0.0010408340060235484,-0.04999088927881157,-0.004851018477957668,-0.02514759562674986,-0.019096050909377417,0.05829888693389671,-0.07049196729461069,-0.029638051536552554,-0.009590633329408228,-0.03844262794271911,0.05875579441417108,0.014331294374097206,-0.10963140505984809,-0.01660177357022415,-0.03342278401683612,-0.02333835624517982,0.00316151201754162,-0.07858130221681164,-0.010286598789297784,0.009275056732462603,0.042201117281176224,-0.006924136355740193,-0.06550049250868599,-0.00554323698579021,-0.015684678987584556,-0.0059820617296889615,-0.08261775574766818,0.041652629671524465,-0.023844621086978834,0.02758078976660445,0.06876147127337616,0.006776121461277424,0.06597910397852051,0.0626305611150288
196,-0.044543697489066406,0.07723984001037364,0.101604129993445,-0.013504159951732708,0.061076382825397284,-0.0403908887590861,0.025422365294684227,-0.04526501912009627,-0.05830923006193715,-0.008099015159761908,-0.019701667385334614,0.011810361354967826,0.04787544950424447,0.003342684489651371,0.036268077506950595,-0.0025333240336469715,-0.027759705781565714,0.048704025409915266,-0.06046173266555211,-0.006428384638174617,-0.026463419694491865,-0.01743929437869305,-0.07414100659482561,-0.05679631686181311,-0.03410352411361468,-0.05912217908087809,-0.0266509050027677,0.0537952114900083,-0.037051564233565114,-0.0022938771409225017,0.013234577151056451,0.07693689082517606,-0.01148266884376067,-0.020958886151331783,-0.032088493769725966,-0.03375382904869679,0.019184329797471984,-0.009634230328664818,0.07988409346109088,0.006520501568791753,-0.11374748600906658,0.01041755158310567,0.08394452201133024,0.007949201462947572,0.06837326584567395,0.010876340582556493,0.06092625086330308,0.025766558442188284,0.007501621990509941,-0.03846799528754062,-0.021869558736082772,-0.09337170041187927,-0.05308002232633274,-0.017098792306365886,0.047330718848356844,0.062389536642706925,0.03625334716093424,-0.06564675035425828,-0.07096966713095014,-0.0281522358179205
197,-0.02837950870870738,-0.0747250696521879,-0.037226692227660514,-0.03384133458594285,-0.0012324650201793743,0.02242252141707063,-0.12173244559326087,-0.0011629527940114255,0.025954178397447795,0.10426988088901522,0.05644242675087585,-0.0008979621394072435,-0.04655470525425788,-0.011300715803970084,0.047805467929533586,0.044220685365161085,0.004048419403540771,0.062432338120353655,-0.03964321049469248,-0.026489241004562014,-0.04156394463351506,-0.07784930161722724,0.02581129179264264,-0.053725472220172515,-0.03812631941124497,0.11333421282444542,-0.002649039712814165,0.07658914421727638,0.05883176316344359,-0.010719984137776091,0.0013420453325390322,0.04226875180626625,0.0058554504400143365,0.029962634270363966,-0.02990216415715843,-0.053625439824323134,-0.01520417677434462,-0.0001614209537840901,-0.04450209736197339,0.05340783665408836,0.01585125059095947,0.0190710372127664,-0.024372251511098484,-0.04045104268006727,-0.04636039317541008,0.008173486562093263,0.085960925982993,-0.04016585949469005,0.03712809491361808,0.012939389342807434,-0.1006751256529528,0.03569431330887209,0.05006975024678793,-0.033000246191599865,0.06410296279567732,0.07197723143911386,-0.0920800478539872,-0.013486634945187922,0.028693654997659506,0.018670607042806688
198,-0.043872283528804706,0.012588677129759293,0.10231000615915221,0.06968499115953683,-0.013518990357444782,-0.042599181767592,-0.019680608586357902,-0.0811100045291113,-0.018918624381831103,0.04686551343235081,-0.05847341657829259,0.03869665421748839,0.056535525414190005,0.03748031250793265,-0.01146275345287827,0.03276822774625808,-0.004399456823583195,-0.016967660450389326,-0.05944816493541068,-0.007463775747259325,0.041307466463694396,-0.06666225050663835,-0.035348943926958365,-0.030010137978399524,-0.027890893319450282,-0.07768737870803935,-0.055338114160104784,-0.016764315607549735,-0.07867415377153142,-0.044069159140246825,-0.004241400505830166,0.03723814316001946,-0.08157409143154074,-0.022506980007819016,0.11957572080568032,-0.030110107027518228,0.015856829021231606,0.10381461889560759,-0.024687374444084812,0.003947871222885001,0.043768085111547256,-0.006051611618409635,0.06120158327654797,-0.009673167983740991,-0.04210252055842863,-0.00759061855292704,-0.08935366481336145,-0.03196353146898835,0.020746494053019492,0.06424139359065169,0.008138441011232891,-0.04076811446346739,-0.009336475515105743,0.023770515473600144,0.02888728197830528,0.04400443264576444,0.0648317025117434,-0.02479529553043801,0.08964485953089996,0.04301555069538652
199,-0.04901431489104039,-0.04104628297632375,0.0966483723188449,-0.08739344340962613,-0.05611200305332618,0.05854430652286971,0.03194952157585616,0.011000265297475506,-0.034618757655798915,-0.007010920960112029,0.051197743241706804,-0.020398070951878185,0.020853523313627744,-0.0774724578292637,-0.06176414887083132,-0.00523034270167665,0.03252261518639353,0.014110170451007546,-0.0020805338801090445,0.06486694178455422,0.014685004389886399,-0.04357771097318315,0.049053651331725345,-0.023751377095958207,-0.017006471215401314,0.0036154650730082878,0.029586186399766467,-0.013018747401719806,0.04668884826485224,-0.025667793511618957,-0.028872258222517027,0.027497035841244844,0.021903095028156922,0.015013577128237308,-0.09227204332669757,0.007873313381325216,-0.03337965467935656,0.006040202099802069,0.0013590289821334323,-0.016265232917429123,0.010460171127579633,0.10871108838491826,0.05086387895527732,-0.08307724017873691,-0.019602266142306795,-0.0034629240594897357,0.010807344563809846,-0.0007189056539985059,-0.03009071024176178,-0.00480812229570827,-0.056279285968238855,-0.059957502521344117,-0.05000632426267104,-0.0227905712249367,0.007327816760583906,0.032802876889380536,0.06276220312651386,-0.06613800085647698,0.03936793552217605,-0.009056304311134336
200,-0.026353801992151822,-0.014842871555662312,-0.021106055941960567,0.13323550148385763,-0.026016739629300577,0.016937667753054324,-0.028058098772800286,-0.06212364841094799,0.01906935330202313,-0.05309192315672858,-0.08376092543658628,-0.048590800142885235,-0.01988665169554041,-0.02423610132035002,0.02651001929880231,-0.06981148266790327,-0.023028452759578915,-0.025385706154537793,0.0011738158252444057,-0.06261670881688955,0.06505203788865212,-0.016157406675668805,-0.0011867814080253735,-0.033167954926198374,-0.11277858358005106,0.0208584306524685,-0.01807150511138329,-0.010279318621904506,0.07974720557475974,-0.14453442556069404,-0.009646393426058006,0.006735401843209416,0.0103784555358336,0.02471997612245977,-0.023784422937312717,-0.003877297305739189,-0.03574353775778019,-0.06444218057781516,0.037976193343604824,-0.023006435730314124,-0.12435449897391597,-0.05275161932787657,0.003482772796765364,0.020053884299232105,-0.004254638608008242,-0.016829986191225426,0.08129540561338608,0.013936780854381615,0.004244352688884544,-0.03862168714164403,-0.02687510863904616,-0.05293395975405401,-0.042883360601032226,-0.0478054329183945,-0.062418162697768925,0.07859874049213249,-0.06922687027383644,-0.06001623840292606,-0.0015614046189941612,-0.024634890897871485
201,0.05386466749428859,-0.04820126783880704,-0.0038255647213369924,0.05197404728755627,-0.009366881416193218,0.02997198018043988,0.1203606297264091,-0.06988728190851905,0.0364201227665358,0.04532586502000392,-0.050808201027337616,0.04823563233718782,-0.0473737823325251,-0.019783222822591054,0.03909678736495807,-0.03808988387004247,-0.0782197336396816,-0.037345161854519665,-0.07327855281911329,-0.014971687926035114,0.011234194863896062,0.09720532698344742,0.02190499811830336,0.0091726243813477,-0.02918999162937955,-0.027836819114277333,0.042731737199994776,0.005443694878911063,-0.04363853532056741,0.09877743726861375,-0.031934184307726474,0.032600211596618585,0.08878830170872855,-0.023074387562319523,0.017480384929430718,0.01557066438223086,0.0186543185733397,0.02633700069589981,0.02551278725409384,0.003965042535483387,-0.021710066426669145,-0.049413737719922385,-0.036123580249788755,5.9663734951876045e-05,-0.06241405795723092,-0.037485072937407146,0.06155825371056278,-0.020330535240879005,0.09411752587247312,-0.03203502224238726,0.008385783675691294,-0.01879903312781785,-0.03223222061036131,0.0022245261842881014,0.03781550034495234,-0.057826711934253996,0.0055089497302742915,-0.048512773252797216,0.037294159069552676,-0.06999414036881497
202,-0.05600191933156498,-0.06286857035938001,-0.03811462003031665,0.05000216123171704,-0.09838631783664567,0.07215743886627732,-0.034985824833140916,0.004062223342144591,-0.012841785388366118,0.015128138187068079,-0.041209393118643294,-0.04140241337397911,0.004996653063921669,-0.008423186867359825,-0.004401900515989139,0.08887516360819167,0.043972595572645344,-0.014982865654671391,-0.05211778812516872,0.006787588835496234,-0.06877128982917236,0.046616938560453666,-0.01958271694924967,0.012662127587962962,0.0533098506126303,-0.013351883470076658,0.009024651484820536,0.046706465738678704,0.04133560217906393,0.022059648642400197,0.04174522130275954,-0.040506784118299256,0.0210949401548078,-0.09194006847295841,0.09245344075393315,0.051269020895111,0.05219025879212439,-0.10421143061336917,0.029644650351388507,0.07152929921871164,0.041962587892708604,0.0060703547910515784,-0.0017029914641556068,-0.11043167902112933,0.03799292601733159,-0.027285738014933628,-0.0020542952919915375,0.057988997976056465,-0.11486454389548963,-0.0007964124533794451,0.0292644299808158,-0.0009437891355141985,0.032985600200294354,-0.02692296084229996,0.011114246516757381,-0.011577082929292763,-0.01934742124014175,0.009364445144733865,0.008660672479379539,0.06037945092039705
203,-0.04440396139323273,-0.029129221948237586,0.11373179766481883,-0.0035413615203153644,-0.01100893719129096,0.02727970403927111,-0.033996553711681365,-0.09044741877853646,-0.003986731949938375,0.023137416036033864,0.047112106815170064,-0.04394456961101622,0.05783830850076636,-0.005450507962534528,-0.03454494692673683,-0.029785947003770987,-0.016133912095676547,0.01026799981155347,-0.01323781316186086,0.06401264368338692,0.01906514963425762,0.061443175633018515,-0.019309798399453085,-0.07965728258894864,-0.09614088414147536,-0.07836851042005183,0.015344196259919052,-0.0016636730768527885,0.05225116555736323,-0.011218364121355115,-0.02336944078101017,-0.07394662654987719,0.1221457522689361,-0.019656881726855754,0.01066460171526458,-0.045239231930385135,0.04391547932591811,0.08276126543803407,0.04734588868413269,-0.05730250255000108,0.022596019658470065,0.00208360525459604,0.01939273599064643,0.025675308058001514,-0.011567857921527792,-0.04533835789666594,-0.04995601445397524,-0.05046168773592103,0.08152482847177318,0.02990662081702547,-0.007666224689718005,0.11875698079048348,0.011243156800499372,-0.04496252226273625,-0.07654636553682577,0.11112364450078582,0.031151154912855576,0.019195869767776128,-0.004330651845066004,-0.008808919783571338
204,0.03958112144886127,-0.08167828806450331,-0.059586501058566006,0.05277190231390755,-0.011072478608671858,0.003917286597211806,-0.012082547911589182,-0.061202725008542715,0.05621688878791884,0.05491445064439234,-0.0914149927849233,-0.026512776601953548,0.03797356084458273,0.005146858455458159,0.07578220682916234,-0.08840633467336047,-0.04271353322081909,0.07825296997672151,-0.009216083916479897,0.0701122827489827,0.05344165585792807,-0.018304210052902368,0.016521406855564663,-0.01978301078559295,-0.018372625569165177,0.05694811414081657,0.014370920447912954,-0.029823217296428513,0.00789219553028718,0.0254425423480536,-0.021888267142742147,-0.024464541819857095,0.04834335031744191,-0.010625089970310555,0.02636083441707232,0.010431811962785016,-0.08438888915253875,0.021206825442382875,-0.06563823403417657,0.0922479813718499,0.046318968967071925,-0.0069668210599685984,0.01983827409077916,-0.020250178475804192,0.10108152808839858,0.035620176105776634,0.0008072741368302552,0.06237963928719401,0.011455704468026755,0.02416650222466701,-0.010886513933493297,-0.11390874685440776,-0.02448659701105157,0.012976161895617419,-0.02557835601720919,-0.021343467032018084,0.02339839087947504,0.025635910610945587,0.08156559615809471,0.0577051139897408
205,0.0021071730337497907,0.011451355641512914,0.1000285371513303,0.06408168187703422,-0.09441205727987288,0.010443391467803721,-0.009184535727347025,0.0015361877554947098,0.05135644205326395,-0.10316323114277384,0.041184015425631035,-0.00323352148488361,0.017401444312182986,-0.005239282052708112,0.005367671775006466,-0.006068470000405181,0.006792638757412528,-0.040388682584738156,-0.060529585611054745,0.025150659367367413,0.006621095286794695,0.005440654959962759,-0.03234608940096586,0.06365233424286089,-0.07942541621057357,0.03685898415496572,-0.002489175996558105,-0.0008550367069313043,0.0012623841069239082,0.03279240422754951,0.08880434545257418,0.035813780035455656,-0.007499936933844111,-0.005857454095078165,-0.0704420860180953,-0.060592158411094485,0.11575906051299353,0.05727153346074506,-0.014103402857558957,-0.04214786557138095,-0.05450419374431155,0.04327974571412841,0.006771791206811716,0.010891521972826662,0.2088305607579171,0.05772389979662028,-0.0851909052141055,-0.04446643526912782,-0.04149114180101223,0.03435025217917746,-0.0034969780878782728,0.0691862581780305,0.07075824324045597,0.09432008879966378,0.03327026794528664,-0.043796365921113446,-0.009767495510269137,-0.05086680482512563,-0.00666978104050859,-0.018720279799885043
206,-0.06947822117831731,-0.015254291580657867,-0.03548062074721871,-0.07092303618687755,0.001050697769146401,0.04777294322945275,0.0747723930327899,-0.06703389698282844,-0.05968223712426692,-0.03124711686161585,-0.0724579956252766,0.07638852510050606,0.011266449321806838,0.059320643011779355,-0.04718695448188293,-0.02034844240387586,0.04013820856150383,-0.03646943531014627,0.03201523452170133,0.004642029916252447,-0.0008930038838484455,0.04883272748433184,-0.013724322714324682,0.06431059592865807,0.04490576468410415,0.04150377174803893,0.03855667911780204,0.053872563746426703,0.063139782861561,-0.04737619023426614,-0.00997180040349685,-0.06366377939370946,0.03830936255471308,0.05933618428584516,0.024886418668491297,-0.0219946592252519,0.019761477081349423,0.0493969341033272,0.012370750229374484,-0.05554896451232235,0.03166646771557364,-0.09772083791403374,-0.004435532171983685,-0.05560908641224208,-0.01684865557725771,-0.03179634234289077,-0.07966576796528799,0.02655012401198959,-0.008038144499934773,0.016806780840922405,-0.027704055800744195,-0.01977525207498446,-0.055448637457881624,0.010422750802464728,-0.0325997329112268,0.009643649226035368,-0.006136350624066285,-0.042207000973664775,0.04831321339089276,-0.012281258201993224
207,-0.09903908887998186,0.04230231847340099,0.04246651335358641,0.030796094631652327,-0.024931645054579954,-0.02181630863140604,-0.019745051925447586,-0.012871033371794021,-0.05852979641562003,-0.07997295567608306,0.00039897523922496496,0.032341220836522806,0.001495046040925631,0.05770497201652458,0.011279645722257266,0.015611037021525168,-0.03489808047835386,0.04517699164225162,-0.04317005364891428,-0.006923695088320757,-0.0236434663280711,0.03348623788491823,-0.011317968962686487,0.018041421260450035,0.016820323243748464,0.11057881992208851,0.007501711598567152,-0.03546312201066863,0.04514246776942634,0.04673484853077128,-0.04701305573443012,-0.01328994883971638,-0.04109232393715482,-0.07831631213504106,-0.04597180456943346,-0.038070212561924166,0.051105006360557974,-0.027179247925540717,0.036821166742245004,0.02544885500977585,-0.03898055985174374,0.056368284883871904,0.005850492012489851,0.03092607461434197,0.019441901850477682,0.014530426215387327,-0.020287316302515266,0.052272820676961165,0.04970122183197014,0.10183070553808565,0.0713029214468811,-0.04462703451979604,0.0805865425079841,-0.07348888334115658,0.03754118677279887,-0.0026169180295089224,0.07355083998664318,-0.025646723821185234,-0.03623266839015868,-0.11906763283957934
208,-0.027465073178801206,-0.02076921477975181,-0.0741163877809242,-0.05185226130661501,0.007847805215638133,0.08305631429504265,-0.1192569514057141,-0.03986628038525895,-0.034101501113627405,0.051606683618476014,-0.0518759830179077,0.01852621023043243,0.06508350932777626,-0.0418209842595885,0.007847772797252807,-0.05236457216233885,-0.0021831083555523185,0.0038214787863717122,0.030894180489837,0.013504317633196022,0.009979200652710669,0.033788049568171524,-0.02437801320665216,0.044740957825887544,0.11365392396317237,-0.047965234195494776,0.04390145730588389,0.07296069919562759,-0.017752704602477038,-0.0409788427663864,-0.014572487197971093,0.033741816163179776,0.0674156636312482,0.050769203105676605,-0.0666106745746735,0.0459858703233293,-0.03152734502479285,-0.033012771247264455,-0.009591907352554566,-0.0013227704257968576,-0.019597167609629065,0.03743104562877225,-0.03941033774190967,0.024778067592800355,-0.03204625907504785,-0.04395191344490708,0.03864108144258015,-0.056896833246412516,0.08183970708846469,0.09575204820757131,-0.04723197817838598,-0.03026171993878935,0.06518252340834445,0.05508406519294814,0.034067263034058236,-0.05522633543693179,-0.07466900151922225,0.0371972585351357,0.03888790811648013,-0.01819962037088657
209,0.01658415755343719,-0.021778286218253447,-0.0002741224823305405,-0.03398300493323855,-0.04946483983269041,-0.06407410582156427,0.11125141686533865,-0.07837779585227637,0.07881520101907834,0.0005151970643340106,0.06646105694511188,-0.07728733233944754,0.03070828626782862,0.0369600552731921,0.05285404388320016,-0.027854859593647575,0.030142358920417327,-0.09071869972739295,0.0706657746183951,0.011989552003420192,0.07573967332664706,0.008696682936472808,0.0014770666472401078,-0.03189352303212928,0.0700715541564365,-0.03364571696681983,-0.005742859274021453,-0.003892912572196791,-0.031552372219277126,-0.05769279193114949,0.0375759195776801,-0.020911540088327133,0.0034862554721372023,0.1365542255929671,-0.04229156868691125,0.06895735131175397,0.018575554204054656,0.01974097092861235,0.10169744733690625,-0.010552587354281854,-0.005154739874272987,-0.04021742512449126,0.04959100172301866,0.00404534415506207,0.007413126895563689,0.08367216196034971,0.04046307210294343,-0.05926155546457789,-0.010812478444960581,-0.029568242191471944,0.05866579813687897,0.004454681801691727,0.01347783515555467,-0.03151964190441147,-0.00622041339560595,0.024504457559359146,0.03640416973592935,0.04212002032734372,0.060604884339999804,-0.006338902794688534
210,0.03284539643379162,-0.04738019347199331,-0.059715204731493665,-0.0392987253916019,-0.018713087513854476,0.04563880647621965,-0.06071869235029089,-0.02478544113008908,-0.09049921064756386,0.10771406074842584,0.050216561876053646,0.004690049816861012,0.018976012050124627,0.11062189010335223,0.056012591614987464,0.057982657615967506,0.005657059727110828,-0.03929361658959162,-0.06101124378428455,0.03198370503716465,0.0042522005481714,-0.014959251151719621,0.03411585494558335,-5.2568692832589235e-05,-0.003205813910037172,-0.0413688235894127,-0.040362141119383514,0.0026626470268504765,0.10305947001091074,-0.008392334375526868,-0.08253510951655281,0.05430259334215381,-0.03163802924969588,0.03218991293436924,0.023160216438289683,-0.04859695800664107,0.007714437714944412,0.05468845428762347,0.05017229259336273,0.014426513113234986,0.0342629778435402,-0.06893193674158452,-0.010399145482248939,0.004647211538971981,0.010232441877829986,0.034580000994702396,0.01418130923836204,-0.041983887436567606,-0.0466307991504285,0.11695170484183444,-0.08786980793650187,0.004522998473498805,-0.044360236902814786,0.018145301290699002,0.005335789615532967,-0.02000160422086984,0.0321455804273373,-0.03728155274021337,0.07000269816848241,0.04865512825797292
211,-0.0036451056475153053,-0.03434730783809288,-0.07481617051976903,0.055059836829725345,0.04840589563237173,0.006844281183660672,0.09203643237670994,0.0507664650806614,0.05665037562440536,-0.08273517117238079,-0.02236782379497923,-0.061767785480865055,0.0566820164661135,-0.023761535141596957,-0.004366162922191554,0.04469278247718225,-0.08477016845468875,-0.04173863681934661,0.03514115284013636,0.011769247942392494,-0.058138617449669576,0.015569253809423823,-0.02128068151474886,-0.06736728120385681,0.0028111068233579043,-0.0271075675890763,-0.08299623014025921,-0.033936814993935666,0.013035349415738192,-0.03689263526857943,-0.1403015971674929,-0.019310290233543317,0.016736439185751968,-0.023315784013829843,0.03204946860260353,0.00959441815090168,-0.0192197073572176,-0.07610582006043955,-0.0961277802061157,0.07496380182402694,0.004706880446418734,0.0010949584414518306,-0.12153055767371822,0.023945667149522416,0.018973018172782248,0.025363039441548732,0.006116249464650075,0.04278517699820844,-0.06529031306571811,-0.002615263010880461,-0.09024828652714821,-0.03555614014156349,-0.0018181762014158026,-0.0038280134717869406,-0.061969993836328,0.023124882895800215,-0.05256859992503167,0.04022610123056853,-0.11541540378944042,-0.03524402067792557
212,-0.05768944649503889,-0.011960273073750732,0.002360823093435312,0.059745745608668854,0.007418857978587823,-0.05570550192635155,-0.004126509469119051,0.042944560954827786,-0.06337509482013043,-0.04692164902826011,-0.09669405512847448,-0.07965799773938942,0.04746000585350946,-0.018708351988580906,0.10390599958682643,0.003014541775906387,0.012200775884928705,0.04911022662388466,-0.0982581604829706,0.04159664345570183,0.12112972737162392,0.008615793177058144,-0.012649394934930924,0.040189790359670796,0.06359046125164479,0.015825221970668966,-0.009234119246339772,0.04549010492026514,0.04335364907756247,0.016267977526737424,0.00996199377186681,-0.029758300073618644,0.08260987932151481,-0.0062825164310542445,0.05736504957189374,-0.009390960284376188,0.06970347924264007,0.02141229640224239,-0.06412375346784502,0.05086918311573744,-0.011632964286517803,0.0310561339796359,0.0511897921952413,0.029983844536636755,-0.08277433145852667,0.02972301241150654,-0.10519859838633476,0.09313120489000871,0.03837712487600109,-0.021922929186353454,-0.060480227181036975,-0.009391014834960064,-0.02288335635324154,0.03205755526136267,-0.10651775133898835,-0.009516109754431071,-0.05605732542293955,-0.06387670086609412,-0.03118100589449765,0.0914813505722495
213,0.0036734412032662514,0.09718560012448459,0.042068552523370224,0.018104891904732016,0.049902156628661584,-0.027227019452274636,0.03493065732235471,-0.07102532221970322,0.06773114962926155,-0.026923419133567474,-0.06085750144849439,-0.10139499893267219,-0.05052010794964945,-0.010882676101627619,0.05073338091729671,0.04923305134924452,0.006736590913823032,0.03683612651548402,0.06173073139031217,0.05085620482551064,0.06127933259972727,-0.03491026740187752,0.07585124901513517,-0.003269269808965374,0.013802709651934862,-0.05759069843061102,-0.0383764157903299,0.05217366519438347,0.027200321816450622,-0.027047022165394077,-0.09392052127558478,-0.013601380765486538,0.07710404248486694,-0.0336365813653835,0.043863593439487654,0.009233577689644239,0.016568369000634853,0.037422756436641585,-0.02398113235539774,-0.003159722469299757,-0.01963370337981381,-0.029329579826474286,-0.022303442366763272,0.04506039161202627,-0.013991315843723923,0.003044401627385942,0.02310208064205273,0.030010895180527398,-0.07787379537569682,-0.09695160788717236,-0.033871509616645895,-0.04812045172101701,0.04221113048435523,0.05622188125403604,-0.07247416956681484,0.013308193278262498,0.04700453369114931,-0.07763076034539074,0.04791135892615163,0.02527793867187876
214,0.02082222613486598,0.020284643631656597,-0.018186676274935646,0.04933826570137928,0.07456209874899271,0.028911537419692854,0.00610632812418398,-0.018345573688395265,-0.039594386985707414,-0.006587242561404815,0.05505345095697141,-0.0326014385995998,0.10150650165824952,-0.10239518508516604,-0.026970744554559625,-0.08085919661991586,0.005885360134911903,-0.0599787283879233,0.024040648619299665,0.06979462382526128,-0.03487206986289235,-0.10941633768493492,0.07470347344653808,-0.10262734092147914,-0.0002463343708248493,-0.0900467444305802,0.11898780382124152,-0.042602894099001185,0.04478513619088647,-0.033109004268951324,-0.06316476165165325,-0.061325078123171825,0.0418449156288192,-0.005183715562588244,-0.06773086145252563,-0.09716439555898518,0.05113631887707259,-0.04971409205101575,-0.12837314854110776,0.043071897245500035,0.023690747284601483,0.025117011987972483,0.13210904251563668,-0.013093843386715669,0.05464265380700876,-0.13212273366274627,-0.013012784444738286,0.053381019938846655,0.03725581200102492,-0.02523030212748949,0.03295719360789743,-0.00650541276570208,0.12556699843795183,-0.028157476081308554,0.04153947391701668,-0.052389249813567115,-0.07057319954394731,-0.01669981716786939,0.040815089730441206,-0.09849113587898499
215,0.019826224492628528,0.005604332815778119,-0.03337230802411383,-0.09521942883340508,0.07072654509679767,-0.0204183720278581,0.05264544215631813,-0.10413113577843465,-0.071448588328209,-0.02136151815602615,0.03119036169010654,0.05864602781333031,-0.05496414843420452,0.05229519707537653,0.039644207058026314,0.014982114278350554,0.004467733438140201,-0.05410900611871397,-0.04158577259012729,0.0633513370176349,0.007874813291710919,-0.0025561142159072478,0.061488851890517976,-0.08243100560744931,-0.014559049413186191,0.056267724831515716,0.008084722114157885,-0.007540944945952642,-0.001371598294085014,0.025696936398323603,0.0956892522675956,-0.020594053027213642,0.0010538229661765188,-0.08360507039136207,-0.011089539547097993,0.10913084950453997,-0.017655590159366245,-0.03714550332625926,0.004111393876927172,-0.0905663109659766,0.06406058784462992,-0.06582894532635705,0.030274210342135354,0.021528306190075928,-0.02045669370800056,0.046731575256153374,-0.05555219860525392,-0.0015906631815538182,-0.007000637494797454,0.08440850621996933,-0.007932846909307135,0.02130422838111964,-0.04684912390289342,-0.023435289699272426,0.001245268929238294,0.04168568475840996,0.1035632380498083,0.045171491106368325,-0.05812248949044074,-0.003346179852780339
216,-0.042547130870104914,-0.05928599586457906,-0.05621503999379535,-0.07470938819385704,-0.003592230106883102,-0.00643600603645396,0.06988634956246222,-0.0050332630018880605,-0.04584270535345547,0.02199001478246079,0.02023659641903231,0.024615113857378378,0.0939224698816869,-0.02027626893223134,-0.07951741360495675,0.010317068126256929,-0.0110024879046356,-0.07712549817415307,0.01621138075167539,-0.0017629362378111513,-0.0033735841093368584,0.09678816041710452,-0.11761419235976207,-0.02442984944973024,0.008099142306124381,-0.010907586198060874,0.013616397118681976,0.0023451829200553517,0.04666551741166987,0.03377538720666479,0.16896902634052502,-0.0815419280879616,-0.07370667931070614,0.01266944988310217,-0.03568118436179737,-0.02653951131914259,0.05095956738051403,-0.06581410075820189,0.013273563379244993,0.02112554840152244,0.010959294177411025,0.051775046556478375,0.07063148757146563,0.09100050629502769,0.06376577959066311,0.08814625953620008,-0.0009467534513101446,0.018881420465648217,-0.06379250692446636,-0.0028247046409434536,-0.027890985951296236,0.019783610832789112,-0.05112351550728057,-0.05906081124268759,-0.016377493843228126,0.04451716464766048,-0.008187273728868303,0.013404128400205082,-0.031641670425057104,-0.05409071071203183
217,0.05175819242440266,-0.0016941206926727795,0.03696654232230731,-0.008295909871660371,-0.034671851276515016,0.01775910741620941,0.03702616830999308,-0.0849494709118939,-0.04735595021984343,0.006599905901652514,0.0497580964056553,0.06458109087095347,-0.04458156956153375,0.08153681138383537,0.0020886592354488467,0.07614376501674087,0.01643705198206829,0.04419063201657719,0.13010617507653544,0.027869502753975702,-0.10167410193326815,0.11727205037417857,0.030264259600422297,-0.03734923957023303,0.08517356388193831,0.03981280656352676,-0.016746418748075212,-0.09948984698564078,-0.03644814679498856,-0.06683880747327008,0.07497038691859692,-0.014711733030355638,0.03972680335349327,0.048707866328952784,-0.07618722798540806,-0.0494301073844319,0.00294553791881162,0.024994787313288788,-0.0412558516306719,0.09639773294268981,-0.022395851750564813,-0.010071049909649667,-0.01838905904927352,0.027941975112479818,0.03441541309348493,0.039847033300884946,0.03265059316431111,-0.020697009734102774,0.054132434315153154,-0.017086579363874126,0.020816995936335302,-0.07437217802736046,-0.07020200834558185,0.018314541492568205,-0.04110700989325805,-0.06549673198359554,0.02530159723617202,-0.06444852561925765,-0.02564217324384546,0.022950501693176417
218,-0.09766555788465575,0.05028382016376423,-0.0281058783161937,0.0027555665308020747,-0.007491286240719348,-0.03194879282150963,0.015777910784626793,0.053711307167780956,0.010054536917669,-0.025562615852595227,-0.013049193441360454,-0.03152373897745847,0.018311452212691717,0.02679587237894175,0.09594027401105121,0.049713694527298,-0.004604500665388353,-0.048980895264734786,0.017756665684881743,-0.005226221533312109,-0.07254252193573926,-0.019455779213131456,0.03181854043486914,-0.0355681425015864,-0.10009718476729984,0.07150645750939558,-0.026527814935116432,0.07828740136961483,-0.0229892645045935,-0.01859115688772082,-0.029113906105764798,-0.062451501089637665,0.022757662655864676,0.012186741098025875,-0.004360917475983326,0.08305522600164887,0.010165932178986307,-0.026912090661082046,0.06402855209778156,-0.0750812361262616,-0.07265011042367453,0.10065949599745903,-0.07685582139178114,0.08095680662696453,0.0752107896036544,-0.024490364427224517,-0.033272676137861945,-0.02944711824231479,0.013269863165645707,-0.003340677688774525,0.020172584288688646,-0.012392680989221203,-0.036670708694019484,0.05051892185347132,-0.0019960398550583672,-0.029096072184756246,0.03323570675745397,0.07513904794890144,0.09880908811648155,0.027199206149694108
219,0.0006906551721800173,-0.12015774971129928,0.03694327675734769,0.04737182055369398,-0.015679628229414044,-0.01526345093981945,-0.021752246265061347,0.01367310740695965,-0.024418967588605633,-0.030266178765116804,0.0540849957235089,-0.0051311112629875595,-0.07595644389910247,0.029281381461114968,0.07850751379692072,-0.05994094069976911,-0.06379597438960206,-0.0008207164990577326,0.047446001619103416,-0.07767365963518315,-0.048937565412772006,-0.010305823711206327,0.0022578946608036985,-0.03131751970088701,0.08567043143860062,-0.03987535313467912,0.006150606035889122,-0.07285177475434297,0.045652138690893726,-0.03240586067961685,0.10518498460738776,0.003676234315932658,0.05691688068793131,0.03725264649144319,-0.05692868635431027,-0.02150495445615896,0.022752007351432686,-0.0816181774880864,0.02341483879404206,-0.05556821393956863,0.04944813266009326,0.012647583376275867,-0.1424192546125967,-0.03309030532425667,-0.07770401468163113,0.03899711473506748,-0.015233577286989571,-0.06458430109503324,0.002855515233928009,-0.0490809884315551,-0.026622388706029013,0.04817955682421939,-0.039376127380818665,-0.0715431188480854,0.04531484247108985,0.011641182135278323,-0.014351289724645985,0.017744269407849043,-0.05240134371295493,0.06430778695122727
220,0.0036844851115939237,0.025619614607887472,0.038977535368963194,-0.04827169361261832,-0.0004881809926923465,-0.03313675030521246,-0.04787113600001966,0.04412421497327074,0.06648694831619266,-0.06606973786848803,0.04330028648313179,-0.053013738119116284,0.004165057101021628,0.06967373605998751,-0.004262216650131363,0.022249579667792497,-0.05948621246227644,0.10232647263206465,-0.11117593061678892,0.03403987768901563,0.012809132186473553,-0.1323746790921917,-0.07580430785607974,0.07430755711534133,0.00791625217752551,0.016155029856718343,-0.03951133818887751,0.050442633147941104,-0.013221023449945603,0.11421200564045235,-0.13383154829456106,-0.06478939587657377,0.03945273835954205,0.0859237134386326,0.0015476130660581357,0.10272707891819984,-0.09210394498050443,-0.07268317564451769,-0.05274173590550923,-0.0006731301216934737,0.09043438194738286,0.05806333097564786,0.1079945851983687,0.013425958820191422,-0.07872085609283726,0.045713973387251486,-0.04778427884750838,0.08306200383705817,-0.008316363871641627,0.053607061032473244,0.08883338095961844,0.005273487168141723,-0.072176856588212,-0.007595025237892124,0.048016461445316315,-0.05952209297248728,-0.10799384506899082,-0.007696416181155467,0.06662553151034115,-0.07544544567080362
221,0.012763344748640182,0.011656158171987726,0.04746048677758354,-0.02080879676491438,0.11229423184848326,0.06659348323666849,0.03562700449776055,-0.06800838036450466,0.05970301313382211,0.012677273191590073,-0.08392164337443872,-0.049769788013752404,0.027829619955532216,0.09471154740745165,0.031827817438012225,-0.06194958599197813,0.027023520797468722,-0.04665689526874088,0.06189136078210393,0.015059411922546074,0.03566663522536485,0.05195512176131616,-0.025673025947815294,-0.020318174225608835,0.02450077459616249,0.054468606064359756,-0.05337035159783503,0.0630004551853886,-0.007775294076618212,-0.0009695759101250711,0.05226863943321022,0.02824392804919169,-0.03082228015885776,-0.014624000957391307,0.006662295070650135,0.05726368720837766,0.07520157638485044,0.021907496700404597,0.10427852599834665,0.05224192677564253,0.0470394918100314,0.025298366519516387,0.07760085333237404,-0.06847613818933376,-0.02965131815225838,0.1260215371873936,-0.05395918411960233,-0.030487283349464732,0.02354918817634467,0.01808328234501721,0.006018055685494249,-0.08399941764895379,-0.02970088699191797,-0.027176176162489744,0.015241221067572787,0.03179800297756499,0.01420125805304187,0.025065407698514716,0.04433945678802578,-0.01313849846440973
222,-0.059333001522148265,0.08825151897626958,-0.033807696936619905,-0.036499224707664125,-0.08511439586926173,-0.027155224462754743,0.026421144756585222,-0.020026887483506384,0.00264859587235217,0.046155474154227,-0.03255096604682373,0.0931927256171316,-0.06789619414284603,0.01580673459350168,-0.03343660737325637,-0.051053203918520494,-0.007512790184466112,0.05022102187377489,0.04103913271758897,-0.018613679044532955,-0.030325922644087892,0.0027427644594310084,0.06594531342207705,-0.06672909057386217,0.007838523668353773,0.04086422866353173,-0.026977911730194735,-0.00226574617353042,-0.032762181342583234,0.018209437295029975,-0.0033083925371498717,0.026996644667456063,0.055066750598586275,-0.04288714224113297,-0.01935283356924602,-0.013496858450845342,-0.08272334502160919,0.025544091097457904,-0.07249478875098603,0.03130719920053901,0.004206045397417028,-0.027254686938111485,0.07042924989656055,-0.012663441862384365,-0.017840077712629014,0.01210353204881694,0.029387444121529206,-0.002829018706821095,-0.06265559749142172,-0.050144671001635964,-0.03465803722948679,-0.0458674075563305,-0.012443715392471168,-0.08197159925154356,-0.0013618190634733301,0.00205285640004893,0.11466048436391928,0.012719657410992331,0.08195927003644204,0.020067858376345213
223,-0.005922109718940063,0.04782751734516433,-0.10465595828195737,-0.027938698365665277,-0.039479577367071576,0.024993230357478264,0.06846491402427102,0.005217307071624996,-0.0162766948304109,-0.059241914230217844,0.03873837466789812,0.06361682681000552,-0.02154340222472086,0.02453696047064742,0.04620374681479372,0.09604831335946729,-0.06134812406778592,0.04669509070935121,0.001854487853526166,0.08820765456169272,0.04147518892737256,-0.008274657114853833,-0.10708054648109926,0.04712762917081533,-0.10620202644719592,0.044463965796765384,0.032029976569547036,-0.023451221157203626,0.053973548736520736,-0.004730676012033006,-0.04927939107055769,-0.030567632112307744,-0.017695006909758507,-0.06450108714565438,-0.01694590848990571,0.04117261527026839,-0.018701979283691654,0.015267192009900012,-0.03094395684221076,0.07033319421479917,0.04199814577855072,-0.008339820999794158,-0.03922415320450053,-0.05522462613091161,0.0006051230961708682,0.0373194068984485,0.006083781318970924,0.01061322011174291,-0.08013607166302535,0.06890652266175028,-0.014509133892635025,-0.07943969323549105,0.03556017760949058,0.004607190692328249,-0.05124786102883633,0.00479091836549497,-0.02729191311204332,0.009149737214630544,-0.026686331442498497,-0.025543564511086914
224,-0.07396359763046538,-0.05076864910179147,0.060618728293665936,0.07388142438044006,0.008724986059487749,-0.054871401070627907,-0.06365146069411474,-0.03143085136179759,-0.037856048985445985,-0.013455132616116893,-0.044334296403202376,0.004637882999777485,-0.04079513395842894,-0.0312028524381456,-0.08203826015178801,-0.017043632313665884,0.07256176627364082,0.05241150082705546,-0.0346474367401864,0.019822391338591844,-0.03296007746013562,0.016873388264421516,-0.07306293276430416,-0.019081963125477018,-0.026258857216910608,-0.058637778311724696,0.07359266815290988,-0.01799208011016535,0.020429080835007583,0.006341581382262454,-0.05692056973495042,-0.0520670400000446,-0.006989297181809619,0.0006805094474693332,0.0015411115959670044,0.026614188048234934,-0.014037401967182596,-0.016824437280558116,0.03362783797806749,0.05609682528840167,0.03355308111121563,-0.04298639245271039,-0.024226011943899946,-0.0045889179928264865,-0.027175710407223653,0.06689087888180122,0.05920589627290622,0.02173892130833916,0.002293399228450357,-0.010130512281329444,-0.028692944664798898,-0.033255941338718654,-0.04100583988778025,-0.002460815329692889,0.043078991876226304,-0.025711784461053835,0.05695428669289116,0.03695901132311473,-0.07005574784314453,-0.04179551688035691
225,0.07692286537184362,-0.034465125140211744,0.10651319350873079,0.011912497036315915,0.010013377831871234,0.028703976119202352,-0.010773750400707674,0.0002335343931561054,0.028153226870749264,-0.011809997009625345,-0.027338053370976223,0.0045452196085850475,0.05588881930048994,0.046739192161300416,0.1016278311857951,0.10143392097578952,0.025536140537377097,-0.02004110274944092,-0.005624728901413184,0.024830454358359344,0.0484771852856725,0.017106307123644023,-0.02189023317233107,-0.023835307387643268,0.008932707527101024,0.01819822584574885,0.020208080954929476,0.07531860685424455,-0.016733719430218407,-0.01932333005557204,0.03593278420637475,-0.011110452375329366,0.041842068063305274,-0.06428654156732239,-0.013619572640066508,-0.0243366759619698,-0.00954484575784465,0.08588455409932194,-0.004637330217533962,0.04612783016495806,-0.02111220388206468,0.03821240974518972,0.030280217224905048,-0.04039568311327146,-0.0010645352115603184,0.029587122330060785,0.12570773458387807,0.03213431034213739,-0.002365148233234174,-0.019431684382239748,-0.03083729023336425,0.07365841730716263,0.030332107656313976,0.05487893347490362,0.058664759215397745,0.0068933337254717,-0.07114954838351642,-0.045906476901207575,0.021236023445898054,0.030964379000242136
226,0.05673940202582063,0.03504856987469462,-0.03169767066291279,-0.01755343064575892,-0.04811494745219672,-0.014299644765981827,-0.08578324233505645,-0.03945017564475569,0.008608132355562263,-0.059839808604389276,0.017795858634924604,0.061685281976850435,0.0006602898268841738,-0.05638677085871304,-0.019410646623291228,0.1140860741606272,-0.05527184444124411,0.03683202520436771,0.03870225082211326,0.004636012307681823,0.0946414310831879,0.051878333046820935,-0.01670851682264443,-0.0060214351314804085,-0.05206301138178316,0.06396348796460416,-0.03762960082615142,0.02606507166857943,0.04310831963988579,-0.09420462909856783,0.024545800078410767,-0.12010084590748331,0.12542133669508368,0.002791314377771073,0.07039496827828141,0.05646754917149376,-0.082809382453975,-0.014460992317697341,0.08927454292108934,0.10795170078898267,0.056426225342143976,-0.034386994023605635,-0.04082096356347101,0.034911167087417753,0.016344345016532525,-0.11417998544632406,-0.11049754800224619,0.013103797652090658,0.009557860181071423,-0.026639177892991764,-0.033332822193250095,-0.03923310355470044,0.05792296177241784,0.0008854861768293635,0.05728519074592754,0.05384565245341807,-0.0176332412365925,-0.04274913287744985,-0.04150877431329907,-0.014373388941638237
227,-0.014684176637939464,-0.05537809738577012,0.03609363249119457,-0.009149469859958034,0.04225192261133891,-0.0746423756395882,-0.028924422498487503,0.019879482970475537,-0.0907261762446657,-0.0582947533664952,-0.07670549925459169,-0.023071275555890544,-0.005829864536901045,-0.03412696042672436,0.05334955605858749,-0.0586552376132944,-0.0624198438593824,-0.11286131938625488,0.011682786537102863,0.03131637178643358,-0.07221685255753033,-0.03512608323083699,0.05982056032495934,0.1047521044261534,0.07081888869810227,0.0032721870212278157,0.12261891064102202,-0.05777815528901513,-0.06875865882268585,-0.058741013116424746,-0.07026615959008492,-0.005258599233410063,0.06333259180751488,-0.004477802519477978,-0.0092762655367125,-0.028171566850113253,-0.06073447117808309,0.02389334225939832,-0.004617686380557407,-0.052955239294272226,-0.006699420876499163,-0.10563558512305603,-0.043497062436174995,-0.020565392289658917,-0.081099551777274,-0.04309913017039658,0.07454351190458261,0.025428460073617907,-0.04324324399473839,-0.01630556409432374,-0.01694580052039746,0.019800415596722732,0.035110467316657824,0.0049618032457166995,-0.11671427782634475,-0.0173140816639308,0.013527293339460695,-0.0217079244604029,0.031274844481978224,-0.030256725530916257
228,0.06493750641947821,0.03555471933172815,-0.05981893948952493,-0.07354192316842838,-0.0004783516805530533,-0.028667664794335843,-0.07053410247174396,0.01715666406202504,0.008800617211841194,-0.028431004435098727,0.013522300636979357,-0.08173360315763792,0.017970280752082464,-0.0012762517990034788,-0.0063463923711883,0.0016492861291408148,0.03842233284577257,-0.04988743079191263,0.1160650238067913,0.010344943852312704,-0.00422034240048382,0.09509505993641879,-0.013054328602702319,0.07362167891879956,-0.0052064051444642495,-0.048663516788385174,-0.042834842669267695,-0.08491583170211717,-0.037169228777194536,-0.02877370122834919,0.08983988843123629,-0.01700254124256386,-0.0831966580963322,0.00903149827565113,0.05140297826577477,-0.011034635676669988,-0.0016714656451574678,0.07917629666487935,-0.029881667812586898,-0.06519385253405352,-0.016680114151834246,0.024992550920406854,0.05523636731049619,-0.002175680390994059,0.06300199385834564,-0.009800452103783068,0.09694264443042454,-0.03112797654313651,0.040655071184750875,0.005678815242750045,-0.10003640268693999,-0.1061627289526541,0.07068839388825549,0.08132797522337448,0.01836374679377553,-0.041802998250950935,-0.021371305319368226,-0.04812248781964052,0.02931319406669504,0.06124886460115602
229,-0.04367711560782413,-0.06300452392374956,-0.03105162581868147,-0.015642791971637676,-0.040422498193829266,-0.026582094115513752,0.06047279925606475,0.03356273451317374,0.011058958091763717,0.012739240895803836,0.0004853770636216974,-0.13503675878100457,0.01542623486927136,0.09253775497754568,-0.09121680571386027,-0.04737434316919086,-0.008489259614666674,0.11682596009980042,0.07099275416132751,0.006191585020545158,-0.04057442025647351,0.015859864549652825,-0.043469859881439525,0.024098084690805786,0.009929193524080246,-0.05977949270486528,0.01757486364601464,0.04588780340881078,-0.0054413859325503425,-0.008144806310711164,-0.02145131215195272,-0.02108341645095671,-0.009790267036929158,0.11575230099972733,0.03512596393355641,-0.06947567373927684,0.052962608535249624,0.12022403875405407,-0.03782303605060186,-0.03390341611994674,0.0593298307801073,0.05814439581541745,0.03206210074746132,0.015032537888720861,0.03964716697837947,0.0386802319623972,0.025179665483065574,0.015500358156758768,-0.006339052805908341,-0.013547919636841725,-0.03934498742680453,-0.03756417533549922,0.008094838736801328,0.0035905925267233616,-0.05519603912735978,-0.05318595606211308,-0.07932646821630236,0.005151207417462151,-0.010470909969796532,-0.0801776495374171
230,-0.046345142776284584,0.08949123615279693,-0.044390324625804264,-0.030145335583707668,0.025392028256994704,0.05466419424988636,0.007902649408125602,0.019263825910437102,0.05981352833959976,-0.11985971840105325,-0.009845428230881444,-0.024491214593093714,-0.07033124457795999,-0.028991292140037414,0.011186001090612838,-0.010608362890831252,0.04519215725384027,-0.06133581871717313,-0.06229136188348394,-0.03162168207824704,0.03167186461098191,0.06989857468902189,0.007815143453044847,-0.052854526415768086,0.020750446007706265,0.02334657263848823,-0.013733433042797335,0.01501944959025314,0.035784218660166116,0.08601500172310403,0.02504900155989339,0.053067280159634786,-0.002043605590517279,0.05701143465353004,-0.04137468813980724,0.03981997517125538,0.016684115214933532,0.06894695011325745,0.058567813380946694,0.0442992433204753,0.04746922940402603,-0.05567301995878404,0.02415543734015565,0.05433194670103146,0.07416055830307121,0.032210027808326776,0.06854815779192015,-0.025100823486436455,0.00604832178605319,0.028889005959292124,0.03515918444568382,-0.09533814067938612,0.025503399231710168,-0.00383383697961983,0.04914360197787593,0.01228214933881612,-0.021379501775671158,-0.003917582596603652,0.030282830747152868,0.02462972421161178
231,-0.09810664522585498,-0.024097024266485922,-0.07340566976985637,-0.019663927665736637,0.015536872844439154,0.01986142751099122,0.020274118931997077,-0.04749132504492673,0.012376965194088782,-0.011461571823926982,-0.0298557888266211,-0.007459650317612802,-0.08266383181060952,0.06684239867452862,0.01934604973279876,0.04882453416240154,-0.05520226450344926,-0.025354123311956835,-0.019760028189328812,-0.00795451811375742,-0.023750407474029362,-0.013219312649481733,0.04768941249340508,0.04405148178199791,-0.04016341623332023,4.892072099154391e-05,0.04610304652097926,0.01997305124289364,0.09095803292209906,0.04281158550516894,0.02960914664676705,-0.06687293777630342,0.07744919109255718,0.008245404611803682,-0.02730924881194389,-0.03346391394385794,0.001663591071814558,0.04802110972353742,0.040021656259570916,-8.974013684478674e-06,0.07159809869156884,0.05327040861415361,0.03026043446574304,-0.018591192777048956,0.017677593744834404,-0.05892411581955523,0.0007984695841581417,0.004544628581523963,-0.017890548790452855,0.04935411878213888,0.0031658379738297095,-0.03623322030123504,0.028520080624633782,-0.007840490816165712,-0.05557503612888752,0.09269698680385256,0.033975021904258475,0.03942179592379168,0.019484733864337616,0.0005432404718502468
232,0.03774978519865286,0.0677318089965882,0.07559083873006532,-0.05344228303635319,0.07293210048051156,0.03584810751538449,-0.03693921926128846,0.0007744485050007693,0.09742038784044953,-0.0018280096725864724,-0.046680156064595524,0.021072403177311464,-0.007312063956713884,-0.04100782794280824,-0.01897994219189498,-0.013620753582337308,-0.08758122486363704,0.0013809929330883014,-0.0008374733965307898,-0.04654117989607856,0.08648442612583472,0.021604456456372715,0.029543218031511675,-0.003717640003388661,-0.030241925185660525,-0.08638146307913178,-0.020859272086255175,0.004804342060844333,0.029460962463277732,0.053585702280806766,0.08881403429709366,-0.014827447083233747,-0.048054838881380575,-0.02273206790837733,0.09267053661541153,-0.012933770800531383,-0.02010218976591453,-0.06150662846838453,-0.011164934692970974,0.06892693795928438,0.016565468200371896,0.02871999786964803,-0.0009498473970004412,0.0521628040321977,0.036392772795019165,-0.010118848735800493,0.02414986262380469,0.049220543272523,-0.015438075251546564,-0.01467240140911384,0.00023871093798762106,-0.024652548538370924,-0.06401854030623437,-0.07135886863492795,0.0003314215838829763,-0.04115756912325069,0.039719242499905556,0.034526227885672306,-0.008273818180443294,-0.026315610454058225
233,0.060245980936743514,-0.06310641868446051,-0.01670290490003942,0.03136624656589594,-0.04234458026429308,-0.03060509590328312,-0.007070660254548259,-0.01309345032983162,-0.020986361168640843,0.004080072022974185,0.060872227634026686,-0.09028436338286991,-0.07363142289844397,-0.12868305051058693,0.013905907354812449,-0.03565883497795635,-0.007413412449583209,0.011820209738534326,-0.006867219821196926,-0.08680608834332738,0.06202353328590013,0.0795993701343753,0.033367370749444424,-0.004975185310229101,-0.041606260817437096,0.021616928049826883,-0.04508956112669972,-0.12504402785754606,-0.011259960863889558,0.002934890032098419,-0.07387218614730544,-0.053242027765481655,0.007527167926314409,-0.0676583699040562,-0.010866008595533947,-0.0008616596454226749,-0.007939655587420104,-0.011208899482389895,-0.05130023878589032,0.03828987031009313,0.05693265383983839,0.005232346259646904,-0.006609416932889764,0.11063561980497445,-0.01169116503143161,-0.04263104921811372,-0.039968175794985156,-0.024675545519280154,-0.09339949520262202,-0.03533195371533597,-0.027045242017268097,0.11050453002100356,-0.11855254102819064,-0.006753233887812314,-0.09869873232128909,0.03862402869397872,0.01625655015710344,-0.07720360115534719,-0.00649467440571342,-0.06622037846261808
234,-0.08256324574421935,0.008193591769904423,0.10259811030442127,0.03919655001487846,0.018614822255656353,0.046564256487148126,-0.008588175815701008,0.04382002188303468,0.06447481278731224,-0.01727746592530809,-0.03321593543816607,-0.002456549943891947,-0.003349867060148944,-0.008636838876228252,-0.008916489719760194,0.05502781741576149,0.030611716895974993,0.03689558782713881,0.06581946366227244,-0.000764267245481298,0.008489365148089257,-0.03494053251969829,-0.02261131718448622,0.016163496884450658,-0.06408881348738027,0.02575903840784007,-0.06458580357907344,0.017639747557773842,-0.025443285106419935,-0.03462737246368046,0.030356450261997847,0.005661075553960647,-0.0318186945645217,-0.03214227267663847,0.10452197253242165,-0.023892613007730847,0.04920584445314959,0.06545382773161543,0.06794766830819647,-0.0027238475318702954,-0.0019554829133450946,0.00416508051680579,0.03390302576560568,0.0056873340404863205,-0.06297652512562259,-0.007501685806815555,0.08939570021934178,-0.005746288782301369,-0.02596105475785403,0.03327975012545517,0.040556304982816455,-0.05080843619252987,-7.457164108012207e-05,-0.03996265894333034,-0.028009704405742235,-0.08109171434191909,0.018428025948551422,0.07012060053457476,0.012472322477364307,-0.025559435277883593
235,0.07921336017936512,-0.019453302270227357,0.02966869712455811,0.01784514384867867,0.006223839099095875,0.00598984985891394,-0.00640869692497934,-0.08699164745901646,0.032279116318649825,0.04105983236226049,-0.11547348068372398,-0.07846487219499311,-0.049630192708566126,-0.0721485211471158,-0.01117358854561287,0.06808976812421609,0.03871992328947896,-0.0317140142079533,0.011473869809130286,0.04248689797868046,-0.03934516582932723,0.007737045336848256,-0.05676549033072,-0.07458200808928578,0.09381178068812132,-0.042659957495388354,-0.003442464409351261,-0.0024485637797710034,0.06648926822993038,0.007171760299366124,0.027453386627612025,-0.0344669642764676,-0.01147655779714587,0.039593837551324375,0.006728845180711933,0.015317542690278352,-0.05968709416493867,-0.015103598964995154,0.053727507442354674,0.011290708501846039,0.06141918540744428,0.026731097989147013,0.03837243793463701,0.006240141502317623,-0.02249268783523442,0.051217434720259324,0.024653260264675604,0.014442975892108523,0.041906396387706456,-0.002149010880191453,-0.021729984512130148,0.027957330440573892,-0.0645217900149306,-0.041251983466295446,-0.07140925855963182,-0.008203922133053598,-0.010902806781101424,-0.01442599547048415,-0.040111896714589944,-0.010685374950508416
236,0.010127780026015835,-0.005839035700191145,-0.004163383490036997,-0.012127181556573611,0.15106130335847637,0.02694647867833588,0.03297981204893328,0.02199539068443016,0.024285355529998477,0.03499202530229795,-0.009983124373190688,0.10523955088666051,0.0011231258808360432,-0.03324307996641622,-0.03778136969365802,-0.04063816638047071,0.06217091343331436,0.07217751547538044,-0.0412772445291844,0.01152465862755426,0.07182033386833567,0.04060852008329199,0.09240658270125042,0.046388611749883596,0.10108664350215718,-0.02769113510886722,0.03176392804751677,-0.019323370521140713,-0.049485583018261906,-0.002689981218769051,-0.04605462901440575,-0.0288622094402257,0.06538472623000344,0.07538524726304363,0.05413502260155291,-0.020552163388964134,-0.01323092017927637,0.03759742167263416,0.005238761937682691,0.028412040552898966,-0.024130408281260292,0.03282264780284974,0.03767298329928065,-0.023651147193773186,-0.02843303566918502,-0.006395349149328979,0.07384163389379879,0.02128199704245814,0.07522458097036583,0.04408932243481224,-0.05741979578464229,-0.03610178747128115,-0.017894317494448392,-0.08753304026233553,-0.059121909192314095,0.031929810782792674,0.03621201573395778,-0.048442871076504385,-0.11772735205480381,0.0036888297999017983
237,-0.07820953619522655,-0.05025958849286654,0.07488566894332481,0.027666910822012118,-0.02065432170771949,0.010930170746560502,0.008991524045716848,0.09308664658574421,-0.0793868490959038,0.006599258676589639,0.0210233466459622,0.012815675899151792,0.019778074687607346,0.01723740994431197,-0.007431129018376005,0.028381902884602475,0.060946781044520046,0.00043570633272210877,0.05138143466677444,-0.026651812249247384,0.028605449108968117,-0.06692449978828935,0.030158266899282485,0.039992841410154814,0.006242335488014648,0.04001548070579999,-0.06888187167660348,-0.04780949109719315,0.09390634878167788,0.020091915320979595,0.0038493494172017217,0.004435255644017192,0.017867430412704954,0.052867366733975095,-0.032019761189824816,-0.03493407620442642,0.10904185945167122,0.05155597706978958,-0.02347488223941501,-0.002067004005623464,0.003707657538451451,0.008551143953109195,-0.019645271709511924,-0.07041074548926256,-0.004492429968672906,0.030316326725633478,-0.038049836784476,0.009636525928731527,-0.020074843247384004,0.029381594095116752,0.012653651411658438,0.03424321073573701,-0.06380549609694584,0.05798566653577253,0.0031496259310259457,-0.006739191959584019,0.011608905127686244,0.06902987318080965,0.036711225752712635,-0.017325202317386827
238,-0.04084323770480071,0.04371190877833163,0.034379900092672756,-0.0003866129978624772,0.010423520781629312,-0.015232107525423512,0.06094690495377393,0.058710374390540186,-0.026948467148408442,0.05648003473078853,-0.018377060623615785,0.0254122128433727,0.013771919980233565,-0.030570361534957322,0.1463892606966992,-0.01740315793055243,-0.09553924851701528,0.07598838035997448,-0.13149576065416188,-0.016394089823072486,0.08305579932819436,0.043044702384615455,-0.07350870548664339,-0.030954531131385167,-0.08060302913376086,0.012261557133936582,0.003787547755370234,0.0933980991093609,-0.007521967141154875,-0.014770648994980923,-0.008958634687339172,0.08782108198332254,-0.008454348706648851,-0.009967087400862572,-0.12976334136925505,-0.033301308821822036,0.02894349831218496,0.005802767691547596,-0.0034600258613573056,-0.08008048064061017,0.1190640332398747,-0.03613995601424169,-0.02243110580814353,0.0644703392801956,0.008701333623637732,-0.0440874274080343,0.024435340224527292,-0.05831967341002966,-0.03249550406438458,-0.041223989292445126,-0.029747240896886733,-0.05625501430011587,0.0515007411265833,0.04155515980512901,-0.028737257180576455,0.017543150967874285,0.06657111749392823,0.03602568697467218,0.01475475197287402,-0.01951452836476333
239,0.050604122740577344,-0.02239739497615805,-0.10089685885269717,0.008086554242413977,-0.06526746803844286,-0.014119686996892792,0.009008437892060614,0.036788658849963844,-0.07530715815654034,-0.05819038438596606,0.020085702000842434,0.02793362350714631,0.09833773860410706,-0.0028930868795028655,0.01761376367910971,0.031119399582650482,0.006992507037943495,-0.047538632322830066,-0.04346377786754463,0.002538891423704504,-0.038983589797934454,0.014349621627830243,0.021841465538027873,0.05102756538136257,0.02630755190966386,0.055192907376425696,0.0038314487341072193,-0.015321203801757404,-0.07398626757698636,-0.0498437878541747,-0.01673575878668719,-0.07410926813888583,0.07252571443052008,-0.006720634393081046,-0.024569157367267676,-0.057774876442654576,0.12306880033520963,0.08810443820279598,0.01678451259592246,0.05049090196488539,-0.017805834743527243,0.03651059281687723,0.021172590666891852,-0.09772607660060047,-0.11698321891423834,0.019690184318560292,-0.007055245044475984,0.010166655725894402,0.05283822249807695,-0.06714651002752924,0.09393853956481245,-0.12122012864428793,0.011985022546999876,-0.05028324161392392,-0.07682754249642357,-0.039348471640087306,-0.004730290735047589,-0.053152360945198145,0.03671523120680181,0.07672447654971587
240,0.0388362733970157,-0.08888619061436535,0.00907490587429825,-0.04390965530445024,0.02443480559096586,-0.04460913416957103,0.08280889867579247,0.010672835967871198,-0.035875359026075276,0.056102998013534404,-0.03193829869739097,0.004174986348440291,0.038047945937643254,-0.12380768492616064,-0.002739843905307698,0.07230269668809478,-0.04534446654216359,0.0019094942581830442,-0.009663924174404438,0.015837002559595855,0.012136772764487666,0.022608816102359857,-0.07588802352529073,0.10540311226299924,0.035349608413924226,0.007515135181833165,-0.06253928665494503,0.011595418226447626,-0.0008205167562433135,-0.006696274919301807,0.01303344014194167,-0.07361148347259772,-0.03457387074558679,0.08820199088339699,0.05586304444522385,-0.06907857509929852,-0.018705702197309194,-0.016103659140100278,-0.05679452801103317,-0.04234486097508617,-0.041951247617581636,0.02893057998695956,-0.04422751888528484,0.07480330139782851,-0.06876875890616814,-0.05410176507760985,-0.03742874659021256,-0.035428396387659634,0.10047171679753826,-0.03303419825774084,-0.06801409444370805,-0.05898386210969081,-0.034235357174964655,-0.06994963647384957,0.05880216428413121,-0.11121516738535692,-0.078704794452109,0.06447965415816401,-0.006487369781521634,0.040220667605157495
241,0.05529137899370338,-0.020373615377566903,0.0962344999652566,-0.06485760325002708,-0.008145145839167783,0.04710328694221023,0.014775622002038706,0.02389911209836101,-0.010056244366887717,-0.0671445136514813,0.031006454083981165,-0.0689528491901206,-0.04216877914448378,0.004185893525428021,0.04044397788121833,-0.033857478334593655,0.0784877891070874,0.07468227516353225,0.030330267054276938,0.00332470034339584,-0.018183166145863152,-0.03812989701947775,-0.061913087065339455,0.09676784127507508,-0.0021598188851856214,0.0356397157318135,0.004065952956513304,0.014046517978374935,-0.07033471595641756,0.03377337221692843,0.08932207269357902,0.02812372437067867,0.006208440754962206,-0.0935405649656662,-0.0468452322192638,0.044257809440329886,0.048034477554782136,0.042596051897584905,0.014447425569803132,0.036480760693000984,-0.00016769697228875241,0.026162511648546632,-0.039024701241493924,0.033838473881013985,0.07686664331342795,-0.06859767097558801,0.039115156711469486,0.03037748455985993,0.014249028107579718,0.1466345634566758,0.0665281844493772,0.07152811654254834,0.0554857542063006,-0.019348488049820405,-0.021452081290892537,-0.01588704250691049,0.03388193255058866,-0.016729771835870884,0.02324803400002566,-0.025554584840165366
242,-0.006762982375536776,0.12272884986317217,-0.05205960000873053,-0.04888313856027144,-0.012152204532053236,0.024640535234458378,0.0012645544976872857,0.07073136998279166,0.02888468469360112,-0.009464577634936673,0.04384500477338718,0.06201300416070548,-0.049463933310184886,-0.060836572389430375,0.008521094505959101,0.012577240543996076,-0.07355466131257152,-0.03909686932570487,0.010044123578704019,0.020956723986355456,0.03562329181116709,-0.04443132980970019,-0.04198378213187258,0.013333327576252293,-0.002427273725856897,-0.07224851009198525,-0.031212581394066727,-0.025322093758478173,0.10833669386120938,0.08969413629773902,0.01771216549310385,-0.04882078213684924,0.01168112831276299,-0.06372643835012003,-0.019237270937254615,-0.0012584201314740605,0.024834137721875982,0.038392502474756666,0.05477458092222894,0.003242102448089698,-0.04869395458085004,-0.057107491271402605,0.030299975370279605,0.0395205029367196,0.03238039871409948,-0.01135312572091713,0.028092157858640634,-0.002873549496417084,0.021068813791908066,0.044920517387538085,-0.0028168946005170115,0.05007257318525772,0.0036228069404106774,-0.05401120685714994,-0.0030715812743926135,0.016386936045287667,0.021097789650123225,-0.0803372869182067,-0.05739584266799623,0.018146865583654533
243,-0.03363790127177395,0.061438827504135665,0.042267871875079285,0.05176630520560576,0.012816714562078618,0.02451822261395008,0.019893198039672256,0.07499499877042541,0.11516889462653492,0.022502373312272457,0.04006483491661335,-0.11045018474974078,0.02223477690397108,0.05439931414121543,0.023935992648018375,0.0012334017360980459,-0.02187379295509759,0.0295345833131173,-0.065681084300996,0.03277743493154057,-0.039420775447788436,-0.012425479262820073,-0.019888227288242237,0.05548030934683144,-0.0007714926978869527,0.024759937058498122,0.004509700646235879,-0.08222920852577933,0.07920691686069711,-0.054316335956554516,0.051622109046195346,-0.05580076068201636,-0.07478175107265002,-0.00479410751694828,0.09490808116215961,0.12435247155481542,-0.015708388128605876,-0.012883716544870038,-0.018559229200552405,0.054943396046666745,0.03147888525024816,-0.06725337780452458,-0.07413636108403587,-0.015972728820881875,0.02176076147964893,0.00012347064873856868,-0.017442209928213798,-0.03205073328594031,0.023645554402733047,0.028162169802930476,-0.04315165348161991,0.011758605421749398,0.04343976226721124,0.049583532964603536,-0.055478665209796704,0.08295070560872467,0.009944895106336947,0.03482851019322128,-0.007717607227288909,0.05121912572833584
244,0.053407729736419364,-0.07075265377733435,-0.03753610515282052,0.001796406048171374,-0.0050472694472647114,0.11914833025022652,0.009947366285327226,0.015238388355197903,0.07363770945143716,-0.0038349414398600457,0.012072938756728626,0.07924628526975983,0.014441210094903033,0.0038147329627885814,0.05821205380190416,0.006868708996679742,0.08420387106037718,0.03351699855845504,-0.04847782601488929,0.08291680924553882,0.05864784528444295,-0.038296951725787926,-0.02345221184758269,0.07501122402639103,-0.05516573361475,0.002937321332666293,0.008478120349629636,-0.02483917018353163,-0.010594821460475402,-0.020417327562242522,-0.02339604134971105,-0.09862440386986086,0.031013690684713883,0.004949252049696557,-0.029532841088174083,-0.032251490566673695,-0.00431032526031123,-0.026970796421866106,0.018285426404072345,-0.04615387967252729,-0.008387130227717117,0.015405969828368855,0.02300944159528746,-0.042955932682380446,0.046722686286618645,0.0003111238192186991,-0.030036116650726363,-0.09279049171086177,0.07601896046204104,-0.034643194727529705,-0.010624655936382565,0.030674356884977223,-0.015029035891547355,-0.016977208735243696,0.025791576742153748,-0.01804066618367591,-0.0332826740229905,-0.015511482321624198,-0.000950925302825307,0.002484870660036907
245,-0.007955310440127724,0.0892332171576391,-0.08364534530279363,-0.04030547713735572,0.011306964301603842,0.05721423135862975,0.033219244977734964,0.0029098385194465796,0.036572049188841216,-0.0022213587214328723,-0.0356869057476273,0.00810941134226273,0.0598545283247438,0.050864620835152675,-0.09631203952888186,-0.03067164400158764,-0.05964301371321875,-0.023136565742129512,0.03851813807062577,0.03925731611220958,-0.1103398215031581,-0.021493549927526057,-0.02818197456050033,0.0805050028283956,-0.008306297042111868,0.010710808035406532,-0.09251099747026256,0.015286577287438445,0.036013202192053555,-0.03678188828666098,0.0234173384035868,-0.10180621426367709,-0.014029858316800505,-0.03763021935975499,-0.02832098319324761,-0.06275861912038942,-0.12389556076536021,-0.02229698968602823,0.00044213226802009367,-0.08501244068710026,0.020178521863199114,-0.05118728001284933,0.0027557947733897765,-0.042834819137848285,-0.013113188596691685,0.055692860113522445,-0.009658472592222064,0.06000968948324667,0.05089167072974724,0.046555018798673437,0.01856508686436183,-0.032719764832814906,-0.0005097466354288685,0.023817421355758216,0.008848961903334526,-0.03055789019792905,0.0738119684416908,0.023028808897462522,0.0384910256419908,0.0521128600583002
246,-0.09015028387255719,0.04891337656006985,0.024191103507051004,0.017277039167462285,-0.02519587676868101,0.05809659811043927,-0.03921845595477451,-0.02249479915911677,0.0009015119534457981,0.05347185653996594,-0.0025363709230198693,0.052980032872056416,-0.10301402754985974,0.021624997722310878,-0.011203172154321725,0.007480734288211468,-0.06630528499410035,-0.023999832579288134,0.04275790625466077,0.03467565657520796,-0.028016884484108506,0.03508473477772215,0.05047428494167389,-0.030873313183090844,-0.07723862744789045,0.008375176032316314,0.056919965866418835,-0.04112009675142396,-0.012986546224786627,-0.03488247856509186,0.017619913964054542,0.06318667678092338,-0.039886613379008874,0.0045684882483385866,-0.03318720893401091,-0.02747288155903929,-0.03155072502558152,0.0072458782017125155,-0.10172689623374824,0.02572354507838134,-0.0674044209548556,0.0315202684372604,-0.0051428267435360475,0.08793051093109133,0.0625743010710355,-0.049366404155861084,-0.06039984623214272,-0.07477318392306098,-0.0731728525847914,-0.06638684148011618,-0.038635931878550724,-0.049263703228681545,-0.11645845596884899,-0.06816373820102617,-0.011656900188810887,-0.00783900254372781,0.06330711659597833,0.01317731273382843,-0.02979288919670401,0.022892372204090915
247,0.03635068347306955,-0.07166966365403937,-0.0054241166748482585,-0.002522664180874142,-0.03528337024046457,-0.01020684194136065,-0.041176846961513656,0.07768738823271111,0.03442329822880601,0.023443268657994207,-0.12478845673377927,0.005125231450655779,-0.0030125685642526587,0.050984976183690016,0.011508260567165775,-0.03987463769805479,-0.07559694289208557,-0.052187456432510555,-0.02985178946378724,-0.012378242433649699,-0.13668301289462043,-0.013087469940388698,0.030566492939221944,-0.018982161794683327,-0.07251013371913868,-0.130142201762878,0.05851430300704177,0.02513808526077794,-0.011380579645655442,-0.0811316283760135,-0.00780383827328422,0.009334749916811755,-0.09500428417314673,-0.029494911684527128,0.045029324547670134,-0.07012879913938669,-0.03657090487715276,0.02337734902829933,0.07043582709362384,0.05573634526437488,0.031225711028599744,-0.10912467291963202,0.060853658458925416,-0.05837767364691174,-0.05063214257206108,-0.05176575735774331,0.02080703690495367,0.061231298299750145,0.0007644969721604735,0.014223984360271716,-0.04191956298207898,-0.016078712624911874,-0.056618390519525746,-0.011094190482000714,0.027601449790850895,-0.03765391147620449,-0.10714103217546934,-0.04173758603363625,0.04123714018378189,-0.011773101270926812
248,0.08104402314126365,0.04949332158660908,0.003948339260309816,-0.06464019302187823,-0.015984579724466284,0.02674911850627089,0.026241252270829015,-0.010228253940488131,-0.03010909785459697,0.03065337983774542,-0.050526220038045605,-0.0178914044096739,-0.08739694289608521,-0.06660936434925799,-0.045329860789825815,-0.049232687126671844,-0.018341079497084422,0.03162347372630644,-0.05336228207536293,0.0443307993567872,-0.01329326326119165,-0.014729125845428768,0.1566250783909343,0.03103819309541863,0.059090876282045936,0.01890643606994646,0.01589052083836165,-0.01587957540603471,-0.029820993342573012,-0.07397573960119308,-0.02993076378474008,0.03815773135672117,-0.01911886016160362,-0.07803276995118212,0.020855867256760377,0.09576970492756526,-0.046476832146188966,-0.02972747787968741,0.034433394340264475,0.06501688154444257,0.009490892650127926,0.0569470469391408,0.0138462729920954,-0.017299306595715422,0.0016148648758120038,0.08454949866304176,-0.005172596078831958,-0.01312243647861832,0.026373956006264652,-0.003609446940317491,0.06598315274385945,-0.004140788747431556,0.0342480796084634,0.06790242459497102,0.10724541343436533,0.021613673891935744,-0.07111278101733814,-0.024950372388982164,0.04305717775804752,0.03555630995707615
249,-0.016434261988883585,-0.038180903664102844,-0.02348101091974912,0.052476295163551186,0.002496485765641154,-0.04173922983463841,-0.026036712681268892,0.01413621134166073,0.10925537793413725,0.07490672841517429,0.03967414656847761,0.08795879713671807,-0.026076878867687038,0.06856550823636029,-0.020581270856348057,0.0632357692150285,0.024120572365100214,0.0021352822780681432,0.012110310321226263,-0.042878557709523424,0.09090200886390731,-0.06666419726024037,-0.06925867603604592,-0.075921309249933,-0.002910681463795781,-0.02978604417140573,-0.0034358900693417438,-0.08904514546110502,-0.11554241441794341,0.024026695639319185,-0.009425468714100323,-0.10015215440551492,0.15441464975408078,-0.08160082892617161,0.031843744459356824,-0.0021666680033485463,0.06638508883079798,-0.004250629662009012,0.02246501876581649,-0.004104363284314893,-0.0640382737313803,-0.0735305109625752,-0.016948501112473716,-0.009877348330393897,-0.06817475452351131,0.06492113865188687,-0.071749698529664,0.009996651007544568,-0.09392940276417794,0.10310061241281028,0.052346043079331224,0.04812190185340431,0.15101158909745374,-0.04756086341291265,0.06945176963186869,0.028967992087093396,-0.04555281809765022,0.031283895114565155,0.06554362832669039,0.02972170118115982
250,0.08101016910773265,-0.019319923359364808,0.03325028829830004,-0.050409574146023955,0.058186856364504505,0.0582006629192701,-0.015694385373158436,-0.054461999986490026,0.003551821351417816,0.04102332434618168,0.026381411940634467,0.02708254467294529,-0.041271535804530385,0.09729640608231273,-0.04636331610718113,-0.078429503047526,-0.015297100872609338,0.007145438443698461,0.011160204657288593,-0.0047435887022686495,0.01607008153311621,0.03148246332200887,0.1124386247307039,0.007419082206233167,-0.0027943098977181316,-0.043004694025310104,-0.06184309137493796,-0.010816122577188182,-0.07209231033414593,0.06305793070399102,-0.039630684115342055,-0.008390585766802674,-0.02296715793773758,-0.012984841861294548,-0.05911043310619701,0.07428044174549338,0.018268543442302082,0.03232088677853162,-0.03366439697266989,-0.030685283195514237,0.005208799421148651,0.029148265989365197,-0.027172848049122223,0.11713583271939303,0.004725969613414736,-0.11963193327868683,0.023610561479658752,0.03672740125728332,-0.011759093503751409,-0.08921575896780314,-0.09845661004502124,0.029808572436221842,-0.029312694902027755,0.03785028545244283,0.03224572977167529,-0.011574582961306052,-0.0031260479084783705,-0.0376923791489113,-0.03126732089547208,-0.0025453396362983623
251,-0.03241255126420637,0.022345688411368157,0.014174138876715767,0.03233243284935769,-0.005040104063907825,-0.0023688187002695103,-0.008977334957825007,-0.09959906162914697,-0.006981049611602326,0.10878618219675973,-0.018842283277290272,0.02289988698544003,-0.012881515429834364,-0.08313125888929312,0.03519713964707629,0.035255439449853404,0.04273323518815437,-0.09326137030672417,-0.10661561562707865,-0.1757331768943315,0.04545848855873985,0.010237751819076229,0.013660575001357643,0.022618013444306154,-0.05400751387628114,0.04725067149778734,-0.06383674593459117,-0.028918751445229048,-0.03171724539985848,-0.03354846507207748,-0.030125184129985993,-0.06176224418912026,0.005698145006203106,-0.018050041328607352,-0.027929134019670863,-0.032013671321779534,0.016044752917766476,-0.1021468450960502,-0.08560647057328159,0.053086179271813375,0.03815765280775262,-0.15239324202492568,0.10032466332163872,-0.002437814859382061,8.043464816275719e-05,-0.08687218638349957,-0.0014889375422644255,-0.041126262725589315,0.0017702134921117026,0.003949120856154106,0.11196642374902473,0.013168492323490428,-0.0304498647799795,-0.06523491288775397,-0.0420104616599308,0.006225957450845146,-0.06397694253622395,0.05058832561289508,-0.02680378093504372,-0.06837901263959492
252,0.08424398330248055,0.013389802114375238,0.02675447908803692,-0.0415748439744817,0.0033639789311860234,0.008522741028142206,-0.0028190015209661186,0.06320598791695678,-0.028945422267432623,0.02594611429820749,-0.02813288768344532,0.03177667912504355,0.05660030522835077,0.07872768466298607,-0.03955493447691816,0.06694309348450489,0.03734851774990711,-0.001012627816565041,-0.02540957721705993,0.0997357324040585,-0.001267281821704055,0.1101788925639504,-0.037726321275923624,-0.07193707531092376,0.013970203442575586,-0.0799791147215202,0.005060828693906481,0.04984485365701525,0.009520330712079863,0.049993531724286916,-0.17034790124835583,-0.06826498372657284,0.0057833319819642695,-0.009431411914347662,-0.03043934277127153,0.04378546670025936,0.025801428532130338,0.013567738582917542,0.01699769382270625,0.0664880018798546,-0.04394264825275324,0.04019697400082542,-0.030333128798134386,-0.02750224134744816,-0.048428471004596636,0.08694063160485582,0.03043488407511258,-0.028131278404733614,-0.08609462892538579,0.06804372510831011,0.04150122303142489,-0.01903149635500806,-0.0032846969400300943,-0.06405970661866761,0.024208490676181426,0.006535665109624999,-0.06498644565966802,0.10480699228989543,-0.019846110886061825,0.05172986401936479
253,-0.04310926660115743,0.03568667952824431,-0.06726611519649753,0.08138381737359864,0.02082881999198404,0.05710527406196819,-0.01593625178969892,-0.06711635791843154,-0.09379700229318312,0.04018740413794605,-0.06175055747133748,-0.07928896526885983,0.009588278022934339,0.03722456866071291,-0.030261554649060256,-0.028458300424207782,-0.09632375579603306,0.05537427050315001,-0.013634481313032265,-0.008331960170022024,-0.005633729556492552,0.05446002004683923,0.0007827223097431467,-0.06818590271801314,0.028133911649104767,0.025785004085513586,0.07920967734408339,0.00865001268920167,-0.030594727977793695,-0.0042471610070683044,-0.04424374838465742,-0.023772432317297244,0.03599763185576907,0.018626837109671675,0.027574025930273735,0.014479118169163537,-0.013280388375790137,0.008006858243585768,0.007787604971517585,-0.02506776928311536,-0.016742014788094155,0.014799009601269633,0.007792866549691377,-0.013465479062293962,-0.040666260263865724,0.022929201693696152,0.05251054253665829,-0.06346161412491169,0.0620371467402834,-0.004318414175333749,0.028271493058900723,-0.013091750688797896,0.026291267602523986,0.0036843687861887542,0.011290515485767968,-3.063460557222064e-05,-0.04333474964401915,0.012928974866665041,-0.06083372019257583,0.025968156781418898
254,0.06947372462605006,-0.07862640545033782,-0.017542198926590136,-0.07101774331986631,0.008560982079325225,-0.07003234013352791,-0.01082955907395857,-0.0785400475040162,0.004588060064327193,-0.04634005571785984,-0.028151482880173495,0.02104999960139607,-0.05591563258020369,-0.06817118779190592,-0.030324829631314845,0.0038948837412906114,0.037627772034948485,-0.010258053452611793,-0.07858950268511888,0.034302632273061656,0.033464617619836046,0.0075307271567396335,-0.003507375048560264,-0.03897728868445202,0.006704507334784379,0.030656083128013184,-0.020926624757456175,-0.02970389397941872,0.0676329210606102,0.0044315188156313755,-0.07303399425647837,0.05069835217019389,-0.024345235727942185,0.012222666049130993,0.04778217118441454,-0.03897604916903883,0.011221594688191871,0.053138060722491186,0.02713225081996966,-0.0022291255967573013,-0.014153970669391523,-0.0326824263147977,-0.06154286630413724,-0.013879473522931679,0.055485213247498485,-0.024028837711997722,0.029532829766718616,0.01172803997022247,0.06412094918372355,0.006468291128569086,-0.13278404409563382,0.010399456655360627,-0.015477536933000125,-0.07959887409095126,0.08511739419343362,0.07046628011518424,-0.010712848969197062,-0.043810335748866405,0.0185738733876591,-0.030455352224118756
255,0.06814640045414742,0.03341213979060393,-0.045301535741937835,-0.04995942832358563,-0.0949524988614056,0.052971119806858286,-0.05923662763799226,0.04388274030583419,-7.780659217982382e-05,-0.059121590265246736,0.008636469535012412,0.005802264758763895,-0.006944951669098608,0.01708929415803527,-0.04876388398633938,0.03621542726712375,-0.058898525759864526,0.0015288935534599672,0.07387060952512396,0.019743846147819825,0.06219137745010203,0.008031658614304013,0.03562042603178661,0.008122036306844714,0.029192955848127998,-0.08652927507121194,0.037549770646953376,0.05448769118877964,0.038714028802427934,-0.04428170273594451,0.020283439338102352,0.05294760014107725,0.047326764137582245,-0.06179565873230373,0.038260491202010145,-0.04742422337895358,-0.09092507295709004,-0.05939957347251127,0.011910644475377097,0.05753015475394537,0.03145943765829917,-0.06518687442346313,0.05515467920497229,0.04775299238586173,-0.012911056562563264,0.04301584085416101,0.02045777164706842,-0.06479141998506453,0.04033852023739968,0.001325932153425814,0.002099594124623767,-0.040425989652806374,0.06220748250852316,-0.03294270945802857,0.0044125743362854585,0.02395347813352605,0.013265099817151151,0.007136643225665205,0.005672646729108766,-0.06292004423477228
256,-0.021454254281398,0.06997528480602652,0.006617083432157486,0.07784122799699811,0.044278133061244083,0.01215205544387486,-0.049794828469245156,0.08728934488688955,0.02895285529213883,-0.13012917963510856,-0.0368859467981115,-0.015313749813486578,-0.007986528787255401,-0.05306132848659769,-0.019732191855248122,0.007529811734495489,0.070429444813362,-0.02263771195233311,-0.00346354008621242,-0.006463241899129576,0.04494681892018498,0.02824994824272343,0.08260109747016699,0.016004652098703304,0.02137442181753177,-0.095332967055007,-0.03342393008099892,-0.001429428194599542,-0.009571092905028207,0.03759091392794052,0.04008252343011891,0.05864257227979603,0.042279476799392625,0.0029625211861706953,-0.1199174115068597,0.005178317691658819,-0.03588164820403967,0.0038439936749914924,-0.07638045281005469,-0.08096072003267214,0.004241946120094803,-0.003650177986179892,0.009577012401442944,-0.028537817754278758,0.03517482264022326,0.008089812510460433,0.055326482161245076,-0.02705404680041377,0.002665909684251025,0.0831997570577779,-0.017969195235814986,-0.04423508686250127,0.07526794958535166,-0.015727778520557976,-0.017963940760709795,0.002430865250257012,-0.02985253636561414,0.06982798568748778,-0.05495950700071244,0.028262840101738455
257,0.06922872973476289,0.023907523827448315,0.09446078764717497,-0.05894124869203311,0.04167467160629011,-0.04665665307585843,0.03351938776827628,-0.020167306868662513,0.0474669132007873,0.03982557014801666,0.027685064743498695,0.02806675508178812,0.03478547309428444,-0.09389337494635358,0.007313317273507498,0.03383130836616431,0.01406964272124465,0.00992309810541656,-0.014746940348660708,0.03912742774017739,-0.03512080409737222,-0.019512207370740598,-0.03285890127991449,-0.06515696580019434,-0.02273315205408703,0.06737948262288518,0.025093164490274177,-0.012569704065605125,-0.07278330044422697,-0.0234126788287692,0.08728514296752084,-0.031075903418660993,0.011382092212964141,-0.012847254178456379,0.023136890424941412,0.03737722280559392,-0.05916707899376247,0.09527165305663853,-0.0034806480703454203,0.05983204355811797,0.0003962907572678153,0.009257709012945701,-0.026669806082527857,0.10261298539425232,0.021918675075502592,0.02452337214081266,-0.006153307097117084,0.05052584039579857,-0.003623599162636117,0.022025406474969478,-0.010908350616481991,0.032934230468012374,0.0011020187985129614,0.10606552902583367,-0.003729709974588123,-0.0134251281053621,0.09776178433637484,-0.007798998239883874,-0.032286048103044446,0.006220177524871828
258,0.08261026245061759,0.020028077958511855,0.005528179968644586,0.03575215976185885,0.11781544724317278,-0.054407667117319036,0.01717047002620256,-0.0461042086283681,0.008733509153604737,-0.015116071839277285,-0.015809793014181357,0.01868843658473341,0.011244740085377007,0.014659544335246676,0.011714224860233241,-0.008345313670138146,0.038116274888502596,-0.07433192470022185,-0.044964673292933834,0.024770946815771647,0.03305285872638305,-0.06462559523310347,0.0154477789479705,-0.0269490318237817,0.028707518809389217,0.05503192952808298,0.06987555244884947,0.025707324316973507,0.03953081359542307,-0.06586705746651057,-0.0608043584862084,0.00012960196613573475,-0.025538460321256704,-0.01301005975077707,0.034405987616139624,-0.06469536532012393,0.041136372843635076,-0.033436911193793196,0.024947254092724074,-0.01717269663781651,0.050725228753269,0.01612619203563141,-0.0987231205658677,-0.039063399034802423,0.04882000163783226,0.025894592927896747,-0.059593824135862616,0.0252775116143241,-0.015975108971784873,-0.04382762840817248,-0.11811355487125445,-0.05068672555081959,-0.0847605045715992,-0.02651393139351297,-0.09780919227832215,-0.01619968282525258,0.03817005479343655,-0.0012131989527699731,-0.05698232384590134,0.08593851406283795
259,-0.051034011770118654,-0.07504902833609578,0.009923162022330926,0.007632233241858398,0.029477698910671934,0.009921460753129054,-0.010916076676896296,0.011792532591856843,0.0702971914087301,0.006637920643017727,-0.09508040454056098,-0.048213001035387615,0.008092363238148296,-0.05576668272337206,-0.06889975051903816,0.01693886748498385,-0.12228897742135209,0.011530052819981583,-0.04537289848170704,0.016283272911832142,-0.034919760795931384,-0.055332912626137445,0.039191429129306045,-0.03245172951405836,-0.02835079076594369,0.13052624956575407,-0.00479352823315709,-0.08624260692648823,-0.06097548903136292,0.08357178849923334,0.10215468892784539,0.0502019181454226,0.048809933328597656,0.13702178480880714,0.015258599020753114,-0.03432391586075921,0.015337387905117456,-0.059743159615903846,0.023419324968159867,-0.009725408591035307,0.020716164416166156,-0.021493603768845217,0.08287317677093034,0.018155061626470122,-0.017586023086497895,0.0627702180504306,0.008634008300419943,-0.08293393820429928,-0.04673815955865918,0.07527182171793691,-0.014940805973420597,0.012720734008132152,0.0036936771386750725,-0.016078366395908726,0.1033313239296285,-0.028765670595727856,0.009608994176399864,-0.007098564598544171,-0.03900788281034703,0.08715296979456551
260,-0.07917810822779349,0.02972157281483004,0.03581826807269363,-0.033281727440658965,-0.014033087809807028,-0.05949268546222407,-0.11020175331782345,-0.005030494910034939,0.036017281371839446,-0.03937421367137994,0.014788003487342247,0.01431485498184464,-0.0033248783307357455,-0.045119060367150146,-0.011599335478776045,0.007994891422408586,0.024848312432276896,-0.013880897619017766,0.10416640958238159,0.012190885611884495,0.038465391042869945,-0.0035066068934747237,-0.03678785965528062,0.01836686716678219,-0.029187370715581924,-0.03088597229908315,-0.02530729096028152,-0.053822714018248626,-0.071806953268948,0.07273193453107966,-0.03583862578173457,-0.01608331507603666,-0.07202962406566105,-0.014610051182334948,-0.14246575030276376,-0.11522010576794746,0.010905747938315022,-0.0706975649501732,0.027653656778141255,-0.022281110570815776,0.004064450947601381,-0.10168991353803548,0.004664680590897514,0.0029702001458010575,-0.07478078722319563,-0.02060661076385375,-0.05244239644227333,0.052973538932524745,-0.003243526635515803,0.01852479454027458,0.02294581388779962,-0.053834097189388405,-0.015711675436566777,-0.030686378378472153,-0.08957455098726136,0.009990194911724004,0.023216935499457695,0.07275234267235745,-0.04084349003002929,-0.04812709068936034
261,0.0722274465582353,0.001158328975831108,-0.02909294130771232,0.0009791749810694034,0.0877470631280719,-0.016691440104770517,-0.09801177762137558,0.003134921565358329,0.043914055018709125,0.04499435265342291,0.08252446984104213,0.03981923978732091,-0.008528604600480594,0.008240622677731155,-0.0037987433429223657,0.00897409055441156,-0.016489516032310022,0.06689990059049133,-0.06929226000589657,0.03759722184713539,0.026926945145575195,0.10979065012524307,-0.015726418276992518,0.051450670948753705,0.029178107649010125,0.016729089225279877,0.027319081940246667,-0.004516873959247454,0.04575747540152107,0.0318149879431099,-0.04821654648879028,-0.027716232284082622,-0.03194355895451099,0.012842232901454293,-0.09949134495742544,-0.052198136415969265,0.024951266351831328,-0.06216234003108688,-0.0692221370603083,-0.022417235819163196,0.0373209654546722,-0.02144255890143107,-0.020683307442383683,0.015880468429566683,-0.09776061431872012,0.03764508928334658,-0.04213347645950726,0.011992551834192925,-0.005333644188999522,-0.027572321561691635,-0.07276221546773669,-0.0014557402763865296,-0.04745138068717443,0.07784325940956756,0.053183872154186046,0.01969781392189642,-0.04414727627371202,-0.026209213302938746,0.05095273236597312,-0.059032203786512145
262,-0.021520269403770605,-0.03481487350700923,-0.023532480752689103,0.00270190427894021,-0.02545501946964992,-0.02381156475953618,0.10287459825958448,0.05530427183209288,-0.13279489352517712,-0.0793673588491933,-0.040894468292734965,-0.02006243665615887,-0.03621679599124884,-0.01444683355082568,-0.0669206653245715,-0.00871743407616069,-0.037270833047459866,0.0014869744350466208,0.1189532816863709,0.0626609804771069,-0.034838686366905285,-0.06408035992931675,0.03397188524712022,-0.03888065580301744,0.015180064847952713,0.055917003044703005,-0.0046551766731935135,-0.006336464586934344,-0.02241109155043212,-0.06335807537740454,-0.0021640195594290297,0.004081633528068436,-0.05494405357811358,0.02358450108936535,-0.038936478618338106,0.10047098488813391,0.03040782959192412,-0.007220190568296633,0.007816338407338742,-0.016968325996414037,0.03620026934468645,0.004153114965654416,-0.016360976376536517,0.08699257075802384,-0.018605203655917592,0.032938017508568215,0.09174023701077691,-0.04262857043429688,-0.08509092690215357,0.06739173531029166,0.039451185957288436,0.11196155475547039,0.04409193514761037,-0.029409657474144948,0.010777035618947748,-0.04926631064873833,-0.0223040079786169,-0.07919683292370686,-0.04621420870993264,0.033012680974602866
263,0.05870027739803496,-0.02473104902760983,-0.035142286826906545,0.05659063314068573,-0.06971968402327065,-0.07583615496492455,0.0034199036631660422,-0.014496828605364201,0.018371883356405723,0.09024697489723955,0.02608880259339463,0.0013421895026844751,-0.047532898531680245,0.06710194800902988,-0.015089776958750438,0.010557122107720869,-0.04506931820146825,0.08330090326275683,0.043901075958890534,-0.04117047780707319,-0.08432698768523299,-0.09724664446763441,0.01360078424895617,-0.06129246270640491,-0.040139491681324954,-0.07467498999437537,0.01857868704351413,-0.0021558211799288874,0.08907344000954776,-0.006032589409625704,0.0258234516284094,0.08089064747157892,-0.04494409237116579,-0.04110765600305718,0.07037065458646448,0.02381243582453654,-0.03988649710809249,-0.023031228133500403,-0.005493055796183329,3.112229386872278e-06,0.04576819499688123,-0.02958179466662881,0.09812933757788701,-0.04232169618083609,0.03355211477398496,-0.02586015518375098,-0.031323845232764186,-0.05481571185202869,3.082379192357908e-05,0.07084365887778146,0.03666823181263391,0.0321602025071226,0.03055186024268039,0.03684603058417889,-0.06524120463436796,0.05144946386846792,0.02405751779415126,0.008079067415996597,-0.04096136636184789,-0.011728453619510913
264,-0.07296155045278079,0.013486205050322775,-0.0351699785951912,-0.027231805845035387,-0.10550452206702314,-0.04096877725421957,0.010320992671299462,-0.009046467548150545,-0.02128143851674559,-0.00507317540405979,0.007479913680862699,0.018429363431293408,-0.060456601687886975,0.03941454208410388,0.09802730277906299,-0.08670333099949729,0.06041568924687977,0.05579012003981889,0.015171465962612228,0.01843994103239994,0.07626803930409418,0.0685320543450678,-0.024503489399494687,0.015445089240370611,-0.014447298096303025,0.028877350846078998,-0.05383969862011625,0.0620618614018255,0.05002475291033162,-0.03860720197202302,-0.061313145320330165,-0.021961010972196108,0.01130929293319281,-0.030611490367887774,0.0668297212236099,-0.007556184965893975,0.06976842823556996,-0.025680045388279452,-0.0399395248444629,0.06159698459018886,-0.0406263682094503,0.06381960611125582,0.09549687792396702,0.034847184388766946,-0.007878469730838908,-0.05042265126258401,0.031241007775197043,0.045560872130274065,-0.047789019033371655,-0.009925010563903706,-0.020680300232466326,0.0017862929904830438,-0.05126167476951376,0.02732082666111879,0.03964272190384443,-0.017086328629922997,-0.06767496910074533,0.04452423818102791,-0.04299240798347926,0.02684740278013826
265,0.055473472933657966,0.02211787935776433,-0.056293198433794975,-0.021477580370776815,-0.09818449235832605,0.019560598376020494,-0.015568973915051347,0.05824187002037857,0.04957571387928672,-0.01334085448271149,0.06692547107345777,0.03900898531736957,-0.00011771367690188718,-0.09281579070494017,0.0056884810715425805,-0.0009295670162993583,0.006870511816250247,0.04638922233276281,-0.07052770558143953,0.027185711470669425,0.022823494332724164,0.10067182748466928,-0.016276635846240374,-0.0667640761993388,0.08928594410431223,-0.033926604887099976,-0.032027750719784184,0.03969111299179024,-0.10842658469325779,0.020827061741596722,0.011185564537842913,-0.009698222342269547,-0.029576660549786308,-0.07687500013635949,0.012135814067223527,0.02879594883819495,-0.0022688830010978477,-0.06933446748605751,-0.06358804537355658,-0.0646959815665942,-0.03839283563278297,-0.02749007641375321,0.07728641897171078,-0.010228861861146377,0.036118701572985336,-0.06152427594681955,0.04973681427901503,0.06377181617683104,0.09888075512649837,0.09151510279349694,0.013030986482801675,-0.019728159898747724,-0.0609842512695676,0.029084283976806707,-0.06906871330870157,0.013841499700077276,-0.035738058344100786,0.00010961106590988408,-0.003132084845459539,0.04595355017515919
266,-0.06175659233531304,-0.05506066890497459,-0.05611349288899982,0.04995212062835508,0.09999945182627552,0.017391956397449653,0.006757249886130948,0.037246016888958206,0.016458228921844235,0.004491262490235437,-0.07512210397634676,0.03772250904269247,-0.03864669930936792,-0.01880297924040292,0.0022115356749050786,0.040203963875149705,-0.010004962094428587,-0.012880107324917714,-0.022846526427766377,-0.022696191666571584,0.03084380540291033,-0.024143573418225824,-0.039380855262729705,-0.07188839223081753,0.027402356179131136,-0.024584460792120722,-0.11050717486978548,0.06197611023286381,0.0049975952846618155,-0.05197514336486513,0.05075319085880967,0.03177115671572672,-0.053944177352067385,0.06330774289312713,0.1067603352164254,0.024783093593260513,0.0021302683896102536,0.005475420936410768,-0.06848036781277363,-0.03201816151665273,0.04392541602589373,0.01213628593916387,-0.10975003974605818,-0.08915526287482098,-0.01931023270864263,-0.11230825346353342,0.05115081325118215,0.03150083137449169,-0.02071226030252037,0.017641448543594063,0.04359747683421497,0.050909448225381966,0.03561352990605842,0.0593127143107876,-0.03378259494251596,-0.003608389512793478,0.021036454170783196,-0.05299456407787652,-0.019165400232786463,-0.014868310161774206
267,-0.006245160225784751,0.03438482630212973,-0.04206209655090362,-0.04461560192057149,-0.00981663394919789,0.014344182381386949,0.04220760314691621,0.0524515081280972,0.13863595048405236,0.013804057747933009,-0.017086764375584956,-0.022985318940991366,0.02882981749227048,0.006280510747521645,0.01315504848688201,-0.11112001772139929,-0.08927296846881792,0.01350069824062,4.501285106788868e-05,-0.08240698971341641,-0.038938933803369685,-0.04590764901611382,0.04874683420080575,0.02274206417468577,0.03603889880259217,-0.11637363443596091,0.04847578202182259,-0.014013617577841461,0.057516472967907344,-0.07468287283373037,-0.029641215022968837,-0.1256411074711815,-0.04977687754985557,0.010331200651819313,0.09845755060738068,0.10429665407164919,0.04438031996573039,0.00240902019337338,0.12816952259654418,-0.06690661880075954,0.03329752170342995,0.029521085470894683,-0.06446660937096896,-0.037885939813492586,0.0059807081139277565,-0.08198311931778349,-0.06470601071290646,0.057821383673731866,-0.04335995289930338,0.037961176956571814,-0.021935324062156217,-0.03657179345326683,-0.013860752027877102,-0.009386930806848319,0.035140639229742185,0.08984175515293663,0.10998951009679588,0.028956439272186565,0.11732297076551465,-0.10212452947079936
268,0.05977720277168479,0.048199911137887304,-0.06568871305661604,-0.021430793588960686,-0.0007106907262001359,0.04961018458157033,0.015779259921412114,-0.015737124677123737,0.005992296914120848,-0.028758677064289036,-0.07922261831910296,0.06680867899999075,0.11090398194120109,-0.031693927873437985,0.015910531201440578,0.04491209699055178,0.06367802788814063,0.03760120484493911,-0.03243915240970516,-0.048902372070260054,-0.02809630811103838,-0.05497510874044849,0.09659111800686826,-0.050018582919855545,-0.015483768051558638,-0.017083467451816825,-0.05648987422321945,-0.07083896064623635,-0.011598869550014983,0.025374134693738035,0.09318244034384289,0.06156330549480439,-0.028374254936728033,0.08232188800349187,0.07634909723369235,0.09227221203173776,0.03245705853058156,0.02476456185560406,-0.09985455802625198,-0.0034881909874617386,0.01843651297679015,0.046347379412010184,0.03306867274244797,-0.08088357062140156,0.0748086605451576,0.040525876881332544,-0.006855838394092267,-0.01802379151148877,-0.016297662161854833,-0.01627284665310946,0.01675002122630853,-0.00016261148204240597,-0.11814217337058847,-0.003977808765182745,-0.049958447375256634,-0.009679343721715897,-0.05423298363739831,0.017361815488623353,0.032444317137653604,-0.05116981431874512
269,-0.06126603691916065,-0.07434292885691685,0.02734974895313889,0.04181031954442988,-0.03312328574139563,0.017522223191685615,0.07782634127395016,0.00599269060828544,0.04444286809047098,-0.001847836893834703,-0.04633252848930054,-0.049993818970442735,-0.008693671786268255,-0.007845019750162302,-0.02387115443379048,-0.007971131094330806,-0.11520238847252792,-0.10207100342016748,0.012900140421477016,0.07316734852296926,0.026435847312735843,0.04428523980356345,0.011091803667025118,0.019804671939774542,0.006325766253383247,0.1344961575949748,0.0554679874303198,-0.04235523164472461,-0.020336037583072706,0.05915875144267259,0.02303514884945912,0.015000913705159368,-0.035792904040620535,-0.006948877649369327,0.025135539587231095,-0.05323595319215641,-0.038263558598820704,0.052314857627159685,-0.0047411417257150115,0.11061598055319975,0.034975136809445785,0.023664755541224637,0.031004066590600916,0.009710612560684562,-0.0008512893548446481,-0.050257225126650346,0.034391770001616494,0.023046398617500116,0.0672765398773505,0.06631461383519643,-0.08464654153724706,0.029622698414250692,-0.06418586737852873,-0.02643142128250852,0.05573924823929579,0.07588986799885884,-0.08243266747683899,0.06531833638571354,-0.03260444440788748,0.0760269115096618
270,-0.04600857190945123,0.04790877698912496,0.11057338694205514,0.02206678708817938,-0.025694620036526793,-0.07819080209142794,-0.03309986173676221,0.06323326959915715,0.04498419335012873,-0.009312521813952642,-0.00340571183957977,0.03226135675200255,-0.04466134717987801,-0.05342388251793613,0.024848841069273934,-0.008906514032872929,0.00829055954165525,0.02372544750173688,-0.014221486957221334,-0.054554786499495515,-0.07626793531691926,-0.02253437397667104,-0.056856581651906664,0.02018659518344804,0.0655736429937607,-0.06234789625042573,-0.008821790596336391,0.014981669668134884,-0.03746308810788235,0.06606054388849794,0.059550755366036864,-0.09991423944927778,-0.016387210511846904,-0.01882367222556978,-0.048622803684374535,-0.04024866996172493,-0.00851992293889879,-0.06339309682147137,0.039000299031556995,0.0011956829270082328,0.008180033582018464,0.0674290326269827,0.019712524514522146,0.05779215814004855,-0.010725725396054321,-0.00648111638450472,0.012137843761857463,-0.007033041548151806,0.03351239727792956,0.026774390865741925,0.04804791943534587,-0.019901754867566596,0.016215764566772997,-0.01485535955120991,0.0025973810490944682,0.006758656989310607,-0.027576271512273303,-0.05225060676762823,-0.03831522661344968,-0.054408549941202304
271,-0.027486015332537733,0.034389083692998035,0.06476555514870473,0.1023423043662423,0.04162127697422666,-0.05423547230801939,0.054697972424515275,0.05484443379085709,0.001360508490310436,0.03703917398771668,-0.06641043579003154,0.02578288812335129,-0.07056194065353927,0.00666711944824859,-0.019943619956115096,-0.08591070399105045,-0.055909378136095186,0.06340647472672353,-0.004345507633524855,-0.06808188142967286,-0.07095658863067933,0.021979950742282102,-0.01014960079893482,-0.048698507058306854,-0.030080854837253233,0.05586719337744032,-0.023031211448066125,0.02027151451156509,0.03408395610468513,-0.04085745760118714,-0.0008526814137583183,-0.013450813374201207,0.025813512836393812,0.07357004077412031,-0.061231627412121424,-0.059245324761689935,-0.07023833583321701,-0.04812643086205318,-0.0902699928928725,0.0514190975589875,0.03166970600849752,0.03710680511949278,0.026975625460540116,-0.0260431782646717,-0.02388046249370955,0.032146730953069594,0.07027527766760552,0.011908007423860731,0.010959852338595394,0.06784473972853175,0.0554592828183613,0.11868061566645165,0.03379436024270557,-0.041876152529015984,-0.027155014455715235,0.007177851235928456,0.047106703043310924,0.0025311774792581,-0.017354462314045024,0.031635632066795843
272,-0.009107565380490797,0.0416496628387268,0.027235450979318506,0.0008817574129555926,-0.04946116772383138,0.0011289377781159467,-0.07180434924220266,-0.012930359542011305,0.05127472363825976,0.12952139917314393,-0.030668256906961077,-0.08101452961847196,0.12718360203306178,0.0472559711494269,-0.03705618851224818,-0.01047130558190716,0.07383549201610695,0.020516774682442195,-0.030396551397730627,-0.0504551395118642,0.014908375964729643,0.031246126190811255,0.01784780265345264,-0.0005135850016460367,0.051330691633266375,-0.04949315020821611,-0.016375052090221557,-0.1507096166837697,0.06305535467925213,0.06133158280866918,-0.015347899280675733,-0.01335265681628612,0.05234418981628155,0.008066979883066322,-0.014762563108363567,-0.044642987802364226,0.009183187721484801,-0.027030934408411655,-0.029687966819474124,-0.06572536196768852,-0.031865107717313865,-0.039575651203938626,-0.02825325191781251,-0.04181111448382321,-0.026537862956239673,-0.006278198905480329,0.09075751205601361,-0.0934375871899398,0.06296993277246005,0.0264483374088956,0.02102601037738062,-0.0008593799359593694,-0.07558498170274708,-0.023193851855051174,0.11005847491074736,0.06908987337386706,-0.0017182424376708146,-0.10922716378948505,-0.022066307849340015,0.08467045699336259
273,0.0706135680299164,0.016129468895903276,-0.0006725576636433836,0.14884382307186145,-0.01252572819526732,-0.051613261050442026,-0.00828112206889242,-0.05583968981873431,-0.0023934792223929513,0.019268305302565694,-0.012958197602021711,-0.02153686878725822,-0.0486448302621925,0.004867882158148799,0.011752032743799566,-0.039939118584453294,0.03717897694852451,-0.002741823118028357,0.051213470099721034,0.03378240255650658,0.014190140300937536,-0.05423091568418943,0.007976085586517734,-0.02027970362893856,0.0017235949535418038,-0.04023712506035197,-0.051720030307672166,-0.014762147899070092,0.04377953535180436,-0.006181034490196464,0.04056202280570747,-0.022372300724922873,-0.0271186072796044,0.005584935229046196,0.0685192335731492,-0.04994924974945102,-0.05553191495469413,-0.02441797549096169,-0.016610538693766618,0.052059463448409525,0.02325051253433995,0.06002598396775935,-0.03625347453596007,-0.01698999166242885,0.010708335703651164,-0.001069862210905527,-0.07315340310866109,-0.0009609152645781137,0.03102392228816761,-0.0036204282404233485,-0.020715454787907178,-0.019981491491469,-0.003294515160920033,0.057760096863684954,0.03633747356522513,0.04327267775418181,0.03357109729256567,0.06529350087946433,-0.033737731835173625,-0.042822039422831186
274,-0.06564516081070508,-0.03198700767941696,-0.005720266998942056,0.002496845974858784,0.03781160754857191,-0.02483413749720924,0.08228760169974539,-0.0217181432925437,0.020166918712714366,0.07938393565893494,0.04219194033065791,-0.046223494915281334,0.024002998964616093,-0.020139649949824305,0.04439987442368204,-0.010983846596824998,0.11211957427685909,-0.07338908857618043,-0.04380609349301263,0.06465664577850266,-0.049480095809336974,0.09281708386809066,0.03433927195169605,-0.06333830460031308,-0.09175242540464258,-0.0370587991428719,-0.05692170489735917,0.03531886494127332,0.09019934476354033,0.05330034165263097,0.025083633897973762,-0.014095998080863885,-0.02519543424530532,-0.08246164368953494,-0.05862461439388202,0.0612494274005333,-0.08805800822786392,0.06348570398710274,-0.014861109532377723,0.0035668865843041116,-0.07245305951863372,0.03247307073221952,0.004596791495407544,-0.005232249985544374,-0.12098942092624089,0.04566187897143761,-0.11117646692215892,-0.005462416649449431,-7.331722774291498e-05,-0.10101299168257102,-0.03327459375684066,-0.057402004472345995,0.05651188717898669,0.014674697797869304,0.047592649168578846,-0.02672298502017762,-0.01287124584335822,0.027894888269198097,0.07315726765890779,0.01895510320557496
275,0.06140439499009704,0.002023973697057239,-0.031708935220028864,0.03885059871506103,-0.006328147915660457,-0.051528726247854616,0.04731921354807595,0.03985401442549104,0.05420975766314069,-0.12189389111979385,0.08204128252043,-0.0030329437208577214,-0.008209728291576748,-0.1273292250184003,-0.06806490316086562,-0.018806246423077606,-0.0047359225050365925,0.018176976112412785,-0.06275880248519737,-0.027829319971215176,0.049719075902568556,0.02759385833996729,0.01813783202818935,0.029575768785612248,0.05350372009631041,0.0009578320802480263,0.028699183100891076,0.015598958065804913,-0.008142626362653595,0.06376162311691154,0.02379569652076829,-0.010662990840930843,0.07431662124234077,-0.050499582398841225,0.06762349654006242,0.02122722092213229,0.010241656559318593,0.030190489057491058,0.05019490133182562,0.006353842512540262,-0.003876704508193363,-0.06210229020235924,0.043373811593086335,-0.013595685049780216,-0.01789370162610494,0.051980010990885415,0.05067045234127021,-0.0011045798446317966,0.06118218745056064,-0.01813717363683734,-0.056413513525855316,0.02777635731069903,0.025289280332849173,-0.06906542994089433,-0.04689470050675931,-0.11756603696625255,-0.01892206789361835,-0.04877696063135728,-0.05969384843924218,0.0746340563844926
276,0.003973666934698731,0.009564546604104312,0.034576344494854756,0.1084757230428085,0.05157304502932139,-0.04863645755026658,0.06092397335753453,0.05583423833834895,-0.025764778590282127,-0.03544233157722469,-0.010995478772691698,0.04645673951777363,0.11268986146598833,-0.027620692328573324,0.11848626865526517,0.07853048775611064,-0.042915193849250736,0.018904814888466036,-0.0015632162540527973,0.06355534303354579,-0.01722222157633397,0.01585035503032826,-0.020933931040302778,0.010653590176934302,-0.004851565231756872,-0.048809847306355694,-0.008328377541625428,-0.08998582244213939,0.01573885251360749,-0.013731093654059038,0.011923859888480718,0.04732959912605113,-0.03497875967841999,0.007839803299487812,0.022398004963476686,-0.00010630690510951966,-0.04401403839294417,0.017433664669383012,0.09506274065578885,-0.029710677428427028,0.033059821242502736,0.02113529660273662,-0.08555450965553989,-0.006562179267841543,-0.13447886276508744,0.013993538010029111,0.07233086169308678,0.14138953684940184,0.04168709696370537,-0.002197870987626467,-0.001080412205994015,-0.05876999838826334,0.03503773746727254,0.0007432359283022174,0.018160602165755754,-0.01263569126546398,0.06486361697834696,0.03718408565859538,0.026144776712032417,0.03525315685782289
277,0.0015015400362886559,-0.03701195674087699,-0.032044135136341356,0.02908458514326057,-0.0472511481327275,0.08346954324624375,0.016052018929887835,-0.0838159035954439,-0.06586126094358376,0.014952833098842164,0.03856664413577007,0.08117092441835909,-0.06005778314422917,0.0034970025896327393,0.02021505512392172,0.10852718068861346,0.12631998905198388,0.03793516535797926,0.028122161381515645,-0.011088217329472193,0.05245642915611131,-0.017775816682899463,-0.0627028225216156,0.03760036071628203,0.0702044739840198,-0.08722263913006474,-0.0068097938478785085,-0.04881820886895611,0.008705895096859153,0.00417664679254439,-0.06088523477286165,0.02052497149150897,-0.006777367394922271,-0.036425228623184876,0.010155888163134742,0.07513945239780967,0.04512184459404433,-0.1094646036226272,-0.024192862824441805,0.012353696085983372,0.1536335532715917,0.10716775750830906,0.009442706187236262,0.013765266365682831,0.05907233952255328,-0.011641347239444856,0.01127457040585198,-0.00414443860794603,0.006862697866244417,-0.047036099242114555,-0.03685465471421573,0.07087417647807664,0.0227586931403545,0.07272348175211947,0.12218429814438617,-0.02887096681172287,0.0231424137748962,-0.004671834501779833,0.012842975123723234,0.13454609348159416
278,-0.008099564005514872,-0.012322444049724187,0.06512404766874323,0.08784993971128034,0.02556844644921561,-0.029797123373641193,0.0707121311510492,0.046856130825250496,0.06872846337648328,-0.08733399107951477,0.011156301224567884,-0.011478495989278085,-0.03318979588929348,0.007533306359221083,0.014346661066121775,-0.08381504393735774,-0.11116380645957076,-0.015695237612815233,0.0628997968094783,-0.06403521614824692,0.0008984671121210816,0.052664014058361394,0.062184527457979234,-0.05646163455995184,0.029911734155724026,0.0013026144234964635,0.04891707209612435,0.0356203450014522,0.023275773870539876,-0.04982481799752421,-0.04404615210029152,-0.030474693647819105,-0.04584090873173189,0.10020202217311927,-0.003548855675274013,-0.04729997270350868,-0.10221127217996509,0.0065862924692776555,-0.044946109888323246,0.017858500440386057,0.05772872357186988,0.04306669865680071,0.07633401387055078,0.023048313925206988,-0.11396744254444768,-0.08958920539353103,-0.06671835148493709,0.050282274043496604,-0.07205845140813058,-0.013312965910010894,-0.04211593173833907,-0.04850181851858007,-0.0036446300023412004,-0.06484805964003676,0.05427354847216889,0.04930288786609348,-0.045322865861721705,-0.007744683368583345,-0.04391306652643417,0.09679635586489577
279,-0.030790419293996965,-0.022176427527302478,0.0964185445734245,0.016477358298753148,-0.02693465222035993,0.042933718019075744,0.04757317186262303,-0.08729694727087631,0.021757043505098377,0.07431692521755753,-0.016556669460579168,0.057596914020669084,0.020141668547951623,0.07336397608557382,-0.016275305197197373,0.01104633666808666,-0.09361926772231892,0.06475143066089506,0.03674969040752318,-0.042458943668335115,-0.011833788284022189,0.10808960741983042,0.0033079983988812344,0.07851348756614128,0.03333288414592704,0.01255934456178411,0.0018548659642246724,0.03837101910454792,-0.04160144286793361,-0.029688998189315727,-0.004784662571972949,-0.0010116336559156504,0.053700211543404215,-0.03232196976615751,-0.060803062434155675,-0.015428465866589542,0.0021814331768182198,-0.06375503562639882,0.14777159200049175,-0.028947560932913008,0.021191103132139708,0.004931780243314712,-0.037929519136109584,0.03875648474549639,0.026090388888708817,0.08779877748985349,0.025404321700703673,-0.061218517375874054,-0.0010555416721031781,0.004693109469240093,-0.017836036307349395,-0.013099802337456614,-0.04480789089646504,0.040527454681453384,-0.00047420594042307254,-0.015101255802157947,-0.13952372496599522,-0.06785809591116101,0.04704362998610601,-0.053082082667450084
280,0.0461619230022468,0.044543240611034186,0.009665687330162159,-0.10105933894211952,-0.002464186068773076,-0.020308393881758504,0.08538132929872465,0.041425005109944374,-0.06188606516048409,0.008169565866368363,-0.04549354834583396,0.005871634035842627,-0.020620844996286945,0.014699314131790387,-0.02240641615816308,0.08453765481147567,-0.0660665327480081,0.011563161934651156,0.04238287658988104,-0.11848604789713611,0.0825587373430061,0.043024012737508444,0.04007955354956352,0.028743807717713774,-0.08334160075425892,0.03530347472486386,0.04335133787713952,0.025120415505309687,0.01789336496709403,0.0322289553727767,-0.010954214150023294,0.06991436929831477,-0.0810636889583408,0.005873676648254851,-0.049542951172375,0.0036779453850015456,-0.028073466543141454,-0.010739886952515139,-0.028779908874257396,-0.06574218914901729,-0.0201983966327012,0.05654164036333204,0.0576277879155884,-0.1094586001138069,0.02320090730027707,-0.005917360518944938,0.033367987310677034,0.01676597724499939,-0.011207258223301462,-0.0002600605134167805,0.003686352755591262,-0.0032980188955299603,-0.09304332384551948,0.12692867967858298,-0.023951957500759662,-0.06463980995923103,0.04868153565247086,0.019114138896634932,-0.026505045030078982,0.030115127451047625
281,0.06102347845588732,0.07808953108888197,0.0094731739907502,-0.04475765924448236,0.02111724983385754,-0.006829442571033056,-0.07625373597118305,-0.01757551208748642,-0.016208201785633734,0.03241011669198062,-0.03798225305851614,-0.03403373297308259,-0.05686964557986856,0.06323040721188813,0.019920062135263414,-0.05143477564582609,-0.015873486651670557,0.07368119748108846,-0.0389987198652816,0.023313951884264487,-0.13654031180611492,0.05499726068551899,-0.06530042542808191,0.03955365199706949,0.0649565342997453,0.0007354938696583402,0.007479666371270922,0.018066851023577635,-0.0933773486953652,-0.07283018431990929,-0.08495241563121608,0.07759273440309514,0.039084605441628964,-3.1658686584852015e-05,0.03792871989378585,0.008550411242298184,-0.004967389402957715,-0.05419602091423237,-0.06362963371292239,0.0057926322116755805,-0.016711019712971054,-0.0550943064894291,-0.08927755155113005,0.038771867639899295,0.032778985549081374,0.02442566806248334,-0.06689056554432632,0.018607930517422825,-0.07331277179670231,0.0285699780842346,-0.08755667093096071,0.025923171821536174,-0.010916192923753475,0.009929528211937275,-0.00016480730775878875,-0.06674908710345218,-0.07093788217532909,0.10865033854129627,-0.02302944357350591,-0.00093280113389545
282,-0.058540952979195024,-0.10322130591428962,-0.013499416038476321,0.03615621601085482,0.035237274283873944,-0.04510830595698857,-0.02205946192661071,-0.02232418454471755,-0.04762637905139387,-0.022310065084781356,0.010050946158393055,0.027539045796249915,-0.013048885493304622,-0.03706183509759274,0.046037752027851014,-0.018652493236567386,0.057244404380595915,0.11136282302724258,0.08593715212446153,-0.014983938611953282,0.01297825961375779,0.041731062525867196,-0.001086922761277833,-0.030296918655395074,-0.07516121324500448,-0.03287613094949505,0.03363990052399444,-0.0224953442673144,-0.013918310867841807,-0.04986348915434061,-0.023156416328605375,-0.11446349155728557,0.06750689220052922,-0.0033909526968639568,-0.007530654226832852,0.059683982340027676,0.09896329531134623,-0.0718030195759129,0.019494566228600105,-0.04911246752807388,-0.023295393621142177,0.02348618451690464,0.007932620211066017,0.042673913185097244,0.06954754503184583,0.05981648075860007,0.07975050574950052,0.027616438610113522,0.0375585910180494,0.08240859662042518,3.1448987155350506e-05,-0.05016203342378852,-0.07929427813467593,0.01668530328821664,0.03777547239553535,0.022100107460846154,0.01398282048527088,0.0433413891712521,-0.0989931760841763,0.029968407164407053
283,0.08959639479585105,-0.04391382661327841,-0.04475010526224198,0.024898838920246344,0.042972632331312335,0.0045804380417996515,-0.025755790760699688,-0.04750640243803429,-0.07122410262480337,-0.03483694641810258,-0.02617806201322015,-0.031898322298607826,-0.06756334478436657,0.023556197399874405,-0.04348133318963482,-0.04723506805861491,-0.033713463562936564,-0.09477302436557167,-0.09359732389908636,0.04226295652996497,0.002881052439381394,-0.020234000169890097,-0.01505883842944355,0.0016747741946425616,-0.03369071796746529,0.05271506067498047,0.006503332143673158,-0.009487967029050838,0.06148692069034465,0.03339131739060363,-0.01981997797468091,0.02262638767351063,0.012774876703952984,0.005426523724083841,-0.03757144356307341,0.03293429850198706,-0.01751190218870998,0.005459421283107721,-0.018827734792568,0.03791545344883671,0.024262426070274675,-0.07459052769130756,-0.05905286351764793,-0.018671330230587705,0.06329406661093179,0.016753796631220345,0.02237687679015299,-0.10939112305137111,-0.003339705723702829,0.016367640991022347,0.013351843249881097,-0.0021033595619376908,0.0447743533581904,-0.01154291938267946,-0.0070417633576633325,0.06739726260100103,-0.040758632118411034,0.05146806403355215,-0.014587492723643332,0.053308857402721475
284,-0.07943750116876616,-0.05376194922220539,-0.03855553211109381,0.029204374802220344,0.03143554739206274,-0.01375382265727761,-0.019454136765499487,-0.10217776653408642,0.020365990954926527,-0.08142373112859827,0.028628637049371148,-0.047378407712073946,0.009563062639342614,0.057230720376931464,-0.03914120763888348,0.02598758884710459,0.01787837121957827,0.02061082697684803,0.004645041522573831,-0.02718964726875385,-0.012304180231986879,-0.07124318142177201,-0.048611757024609174,0.010452937244519999,0.009333970085629148,0.04085814445949123,0.06174028152830376,-0.050826696015023945,0.012859021614148447,-0.09111826238249156,-0.013342656289544359,-0.0971037921901292,0.01700983468898636,0.06174113702008129,-0.006821201824956309,0.04574698338250742,-0.01455641381050455,-0.012690995813689676,0.008024057645072932,-0.007547938509862801,-0.045708007611074866,0.008132532363519917,-0.04623695615687451,0.02118436709694868,0.06917824766135798,-0.009001742205704419,0.007791572882328369,-0.028514919908792288,0.07077286517426415,0.03613216764252704,0.07309625681460666,-0.041707589969263235,-0.056476870213505136,-0.038361406876312336,0.12539428757915191,-0.06758623007249447,0.07855948725662953,-0.048789603036909206,-0.0026092366221555515,0.05556312833361823
285,-0.010458238874209724,-0.026433537076563453,-0.05197178520565253,-0.1092570169980271,0.02212203225506979,0.025994083882536774,0.058257091313857826,0.11682279633531215,-0.031210003573422324,0.0009208974663662375,-0.0029288480978955336,0.07000684093288297,-0.021547439655976254,0.0899592063231389,0.027646907094864514,-0.002884378973560594,0.011304159221772829,-0.08235108386387491,0.021172669600667715,0.04563644148463289,-0.00370990178096573,-0.04386745716899108,-0.057967313168929335,0.030175423873791348,0.02869245267871145,0.0310818857126113,0.027245304509714338,-0.03388177078737707,0.001612531590251109,0.03507180367101552,0.004199856017892718,-0.026667054442832357,-0.05116564909071795,-0.061945641506348466,-0.018844517980333587,0.09560310625493576,0.020210496186794814,-0.10257235637882084,-0.019550966177945505,-0.01165324559733774,0.08129625854858433,0.010837462550366044,-0.03542407523275961,0.10439162938128801,-0.0056971239287048545,-0.01605046776597228,0.09179410683525323,-0.04501231290254886,0.02935161324807091,-0.026920269024068518,0.011473412532046959,-0.023002567763394762,0.07337563879221909,-0.030190087185772044,-0.024446494055083718,-0.04493429620649279,0.02196192978485379,0.014462169325938471,0.02244166226851852,0.035843710987991356
286,0.04994641829988753,0.024257394450909082,-0.0272036266666312,0.036574774776150384,0.027742001469226684,0.11166459958110027,0.01853765407184676,-0.07168004821116704,-0.07235568512664416,-0.04278519942431898,0.04131578422197421,0.010084790098728449,-0.022280635442077007,-0.13372578217924835,-0.044762113282033125,-0.03441564133627867,0.02765337273488184,0.07367433849237666,0.05449859000094324,0.017325543209846715,-0.04760769132814461,0.009788382282744734,-0.03456520817987881,0.03347090830317956,-0.03882617753163696,-0.03280392411740602,-0.03734073430658823,-0.03943461492185925,0.020958244692467338,-0.07610161868760229,-0.019980261159365815,0.056024997062123494,-0.020096106534576164,0.013842458119593793,0.04696232757227938,0.010463411462341528,0.03707101616200431,-0.009386421204748217,0.008754004791497226,0.06701455577863333,0.018833463589181424,-0.005330412239407582,-0.08335035306045079,0.05035961706086366,-0.01747598992364716,0.00754131453816556,-0.02492253022023115,0.015312086543291135,-0.011282257969304585,0.11392211385209362,0.02026961795481675,0.002773267594566965,0.0265113943576956,0.035655312251308496,-0.046676166669042,-0.07518659783699985,0.008152971744580604,-0.041980013480936315,0.05967356187858209,0.04125636491932545
287,-0.03962937612554472,0.016277686129879978,-0.03632437615553186,-0.01522021647689189,-0.015046629616135922,0.0047953746640226405,0.0884172766643973,-0.05560042528215353,0.01024507090972787,0.1667034998660877,0.01932131675227259,-0.07104571274570147,-0.026704161142671053,0.001167010439111145,-0.03636744753817973,-0.07810248687522267,0.021888995789364377,-0.00816048578645703,0.04818882196617452,0.08461280624182108,-0.035859957998969405,-0.022171907145701688,0.021135023788264293,0.05112527836168007,0.001469024689362281,0.04055149396817884,0.07279312885413028,0.002121300985332255,-0.028427152348703067,0.04233935284467929,0.004184242995731446,-0.028361754227512723,0.09458154341990403,-0.019083400810327927,0.030184767827190578,-0.10609341277731486,0.034497518740107945,-0.03327872529123577,0.061165081022642696,-0.061079205211974345,-0.021298241562668505,0.06379830838435169,-0.059694317423459195,-0.01145156593354118,0.017273744356296392,0.03381258012624356,-0.049597523977820725,-0.03270521109774793,-0.0006735816103288901,0.09333761497204095,0.015601174313570856,0.01608610888522191,0.06254240956380569,0.03618502927954306,-0.06513542296426376,-0.03462147201361485,0.06115794451637335,0.04973188937778262,0.016240136703299737,0.0030860640726380825
288,-0.1151187296410162,-0.03322740224960292,0.03986556319620817,0.015778480179528317,-0.011703242261031862,0.05446463732894003,0.006556292697775228,0.005024056055054823,-0.05131686009219045,0.038893658773866364,0.03037540998380517,0.028905715297878287,0.05535505135657385,-0.0029616472900957464,-0.034503021258456106,-0.0478862894231786,0.012443110724533364,0.017127280925169557,0.010808546970089889,-0.02455075780770407,0.00345125100529093,0.007216351272993777,-0.05029513344016165,0.03479444628955996,0.01673331927724091,-0.03242383606451431,0.011115739968589484,-0.05841249690677659,-0.015729571666936837,0.019719239863808316,0.03532227792143268,0.03375130853585128,-0.0071886190246103505,0.0009003679636538012,0.0415348918999839,-0.019725760580743608,-0.04728379198347366,0.009038907240617842,0.03412667693193664,0.0010377075878043771,-0.0006442324961168263,0.05298391217736741,0.023882669465430564,-0.05750221571681722,-0.04570274841058697,-0.015136342897606616,-0.005014304965973763,0.029175585638896787,0.04733293186230266,0.007162683308257067,0.04917566303228199,-0.020330471439449254,0.022549953158652946,0.018889745765585424,-0.0674979083505122,0.01729840198885897,-0.03793804178236921,-0.02511684873169239,-0.048555366039118586,0.009544835185869434
289,-0.029468558052931196,0.03449614585564222,-0.01917874991825389,-0.10392802304336508,0.0355002907960596,0.0030255756622241644,-0.05833930430039557,-0.024329243709342124,0.07141929846823401,-0.09493762179923719,0.010019738856592665,0.029417240178898046,0.022276115086099627,-0.04973918541654109,0.09867761116664477,0.008045865749522289,-0.005060900548930026,-0.1137725254172568,0.04064902887776673,-0.03160091271298359,-0.08682740699790875,-0.016272768130251188,-0.01936023525927472,-0.07857959218122997,-0.045824154189445354,-0.04009229223325174,-0.013264917632192704,-0.01622509503915465,0.013228509750620258,0.03065082806734578,-0.10801341416513444,0.008013581394090901,0.019157239893469177,-0.0712780628348443,-0.004802508377321557,-0.033430274533662256,-0.06389732505160675,0.004043110754506761,0.0893028456232912,0.005584305688874985,0.008543532611489735,0.07431497295057797,0.016817666851803723,-0.02748376586133291,0.0029619862899759332,0.02707715414650687,0.07497880978996195,0.030002522757494147,-0.06685979053542768,-0.030965901997593328,0.057478900068022455,0.022048337909575357,0.040174430248009534,-0.017065601019573846,0.08971858097105555,0.016135482700738387,-0.031521550000393236,0.06483231727565536,-0.00048801296209350666,-0.06936373027866352
290,0.05572198008182629,0.010599414549491284,-0.07990861587052485,0.010540976100151565,0.019873498310288066,0.056237352602398594,-0.0009529106977008243,0.08161548980667124,0.03166586628822361,-0.0017182613296202354,-0.062119043723149296,-0.03576493741878419,0.03357502272222239,-0.01135016570598511,-0.07899774783222509,0.049988399784643964,-0.051638999156381545,0.009124393617328305,-0.015163752203896355,-0.024488886317736845,0.0818475021815574,0.029351650951651376,0.0813903794776447,-0.10735015061128345,-0.11277168649052449,0.042135939301102494,-0.0019809390086614944,-0.04205141768174541,0.05509887952528235,-0.03465293127666239,-0.060858222802257916,0.004888554342617903,0.03946517839941663,0.12723358727943362,-0.04453450483394062,-0.055922577405212434,-0.0532598402072209,-0.030166063880795627,-0.03388604933136446,0.019061797902568185,0.011675026410459217,-0.0013042956263998916,-0.04025383772820036,0.13022623548773932,0.07633248709129989,0.01559319935008994,-0.09328064283839073,-0.03382528326088169,0.051513248751740626,0.05470646437400665,0.09409798265532779,0.008214479684520458,-0.030066547624245602,0.03894583031334466,0.03265670430623793,-0.00023057891351228575,-0.050699548261319734,0.028252141655828185,-0.08864771214866567,-0.03113584384190574
291,0.0803794023891191,0.05192920820458545,-0.04732606442156394,0.06359165937181699,0.0009222394034451086,0.0394376619838573,-0.04549690955930005,-0.03864005680881357,0.02893947161268637,-0.00038375911058928383,0.03715385176599642,-0.03147495569001738,-0.10843433115169164,0.002647832121562868,0.023036237173740693,0.020533920674750794,-0.052213161591563834,-0.020244602015470438,-0.04659138626744554,0.02152304418151794,-0.0662825653381957,-0.009435673962829155,0.02462995645541989,0.057845481065035856,-0.04640021385800419,-0.04363576682176767,0.04774109593680875,-0.004521024238701928,-0.01307616658266665,0.02222954387952084,-0.023722027483492916,-0.04263227260286354,0.0160571515986056,0.06780154465648344,0.04829916598161739,-0.02811771513850623,-0.04092284681061055,0.016620481718929787,-0.10077416128434177,-0.02049450780597183,-0.024026689103599678,0.07799727425287561,0.06093952373991622,0.09463987151097007,-0.06141147839289932,0.1326130534470767,0.014282064852608654,-0.01896624987157217,-0.08924782192411256,0.083782564651848,0.03130960034250447,0.02185948953159783,-0.022597764213005047,0.03793799915995807,0.010152447421902954,-0.03416202512550842,0.015271143006789657,-0.06782108221626834,-0.05557156429751734,0.027984601255045954
292,-0.0582757882797422,-0.02487232974337665,-0.029094696786673698,-0.053375703392814215,0.00965884902024399,0.03724823929383136,-0.04175135484502697,0.053741613422263385,-0.02749492817326766,0.03383826452292835,-0.05277282803892497,0.059396896868407434,-0.04857172186444772,0.10692011236593373,-0.09299344631464809,0.006450119542832094,-0.02545969999239726,-0.050915592226073954,-0.09287289126161764,0.0028870158714729096,0.06559998473112037,-0.09474832373539419,0.0028260523002678036,0.086022760086539,-0.02558020616187237,-0.0391585833465541,-0.02779232089374841,0.03604933294480843,0.010653494062929826,-0.09796534948779331,0.05980955124085375,0.017786819140462155,0.08715851719994772,-0.07633911370661384,-0.09267454825447403,-0.03153374748257561,-0.07809711453004668,0.04743042464018455,-0.0005323800190206417,-0.018523364576740534,-0.02293298263641484,-0.0055102004240349944,-0.007991243494462374,0.15355986195058666,-0.03548333785239876,0.032344080610366116,-0.02361148771688885,-0.037059924026475885,0.028680022716428617,-0.03333205031082155,0.007280722329157284,0.0018282328198569468,0.02183931728140189,-0.022017649406997034,-0.01456083133905384,-0.0881594979016028,-0.00486584356915562,-0.016686814655802823,0.02640959851294973,-0.08487278402566698
293,-0.009656676662502436,0.046960780944038945,-0.11998380745435408,-0.061026275584099586,0.018366001906656708,0.013202039999635791,0.03460583967001264,0.06571313162916048,0.01839193147139131,-0.05171256322306089,-0.008617534508976421,-0.02059651565370247,0.04126632717526166,-0.06907276705222981,0.023034804284722425,-0.031055161826833586,-0.08607899960757746,-0.051492183704120946,-0.05777951205489573,-0.010122348355074721,-0.05779385460357019,0.0842863116927155,-0.04015729870896054,-0.06883871792566817,-0.02577603142977178,-0.00332972534450229,0.043985281167722975,0.015206392137333734,0.012267207845370057,-0.07033695128148117,-0.0009415569448071426,-0.03848590711139286,0.043804362565408664,-0.015531801723788886,-0.028770240883715863,0.02326384781977382,-0.028724469662614636,0.06278364517123111,0.023187101845026044,0.04246374496983895,-0.053196519332251044,0.012645539702755657,0.021459002646170712,0.04688741725051804,0.030110599607371977,-0.08348487523992702,-0.04348062988642773,-0.02029534850044783,0.0264069258898165,0.03594302165218219,-0.008413194319246498,0.043917991547867546,-0.0026901996243757164,0.10724332916557604,-0.014941691997067576,0.06516246726848322,0.05988562522192312,-0.027272738062747843,0.0009794065769196142,0.10718990499116109
294,-0.058693197155548375,0.06252346375037592,-0.027468757745378842,0.06991966722664456,0.017545554742980113,-0.023227064732871425,0.04656735448892166,-0.019136279889337342,0.024490577385426884,0.008905000419784806,-0.06533220803012615,0.02361628210340575,0.036423634282217635,-0.0166785943621691,-0.03017267488508422,0.11137283162540834,-0.029056405725141413,-0.04228944898738309,-0.048730011823725335,-0.016918966670966592,0.011152082101857875,-0.050610567041054724,0.051535577494613356,-0.05553496756870309,-0.030278544517740508,-0.04216558437142335,0.10595321187795498,-0.13188534181963232,0.08452199132099872,0.09156922364888657,0.13665360052067724,-0.03342170185879497,0.003096634467389919,0.019447959971959368,0.026610149950680374,0.035219944284615876,-0.059575816604946076,0.0010601667252162956,-0.0936774121488266,-0.06710113392423545,-0.014501736782969968,0.007043350676686372,-0.030832246610927653,-0.013261669935442318,0.014478976260391815,-0.013661345097791634,0.06315972225462829,0.034913236742948904,0.049829562098488024,-0.00893417041145618,-0.05106614787548362,0.012724692025892728,-0.007572759194144097,0.015616764916526416,0.05529533173786762,0.07015382755199377,0.05646356535330688,-0.05211302722669781,0.04637607856289872,-0.11578592956703593
295,0.029922332980472796,0.002104058368180472,-0.08887361727314129,0.008771558760080164,-0.017628644276464853,-0.060224094098479175,-0.004368838301664425,0.0031694526178004125,-0.041755253279182156,-0.06029459848051698,-0.0684292542062719,0.04605724832057837,0.04834254392338467,0.023870522157281113,-0.06718315149077246,0.07537481220957412,0.09406180193121354,0.05866128258649058,-0.030388624232051492,-0.05555236344531745,-0.0013948706350383892,-0.1033044037581709,-0.016545048469627205,-0.05137135374328971,0.1663359905363076,4.9179083800225824e-05,-0.001853544981014151,0.03828414988752131,0.07675715161776535,0.07241413696866991,0.06865569989175475,-0.04681792228782662,0.007299462764682058,-0.02087373946196107,-0.023032311867447728,-0.05691059138180995,0.07061369282666734,0.02759460527943968,0.033814541536487365,-0.01587438926431846,-0.018454477153431285,0.09141462656521016,0.02700539640841934,-0.01482181450262006,0.08342381253830754,0.04792142149564377,0.07985480547315306,0.043084861723874254,-0.056692319144418635,-0.10322765379325513,0.02557054564370482,0.04679093325290727,-0.022291037921690775,0.06508549730097625,0.03919218418399032,0.0380356986978517,-0.0008386437937259309,-0.04888043623653819,-0.02829623827881158,0.019437773808555485
296,0.0960443571769457,-0.0015471324249108675,-0.06764475388857208,-0.07726805536197086,0.01432663272419341,-0.01555738675478201,-0.03002908484651711,-0.042497949866095786,0.014208969260796468,0.03715226435112169,-0.015206003085285618,0.011580813588001379,0.06926022938786515,0.02416378308519871,0.06367348077474227,0.009150962678741515,-0.043817950040064384,0.03487018192382255,0.004621058281709966,-0.03649795457352265,-0.027195131722207538,-0.0052143049012663735,-0.01352348226498764,0.018849520141545305,-0.05795954925096234,0.0029508287331682257,-0.031527332538416296,0.014625820533039145,-0.011681149087658922,-0.07664652007458485,-0.031311489074634345,0.030308130790933554,-0.054784277849907165,-0.04547600629488952,0.013216589244932426,-0.010501072833674319,-0.02564080425067727,0.039379910159277436,-0.027886018780585563,-0.019232488575330355,-0.09969493653687883,-0.07773995753806683,-0.06141049082054172,0.019323489641877648,0.021410405901207002,0.055486114624319446,0.062164753903479586,-0.0004132644798959704,0.0018027057313536935,0.047248343822650224,0.01566332780012354,0.013384405504076897,-0.04896664587333412,-0.016053195204887488,0.01879929710381564,-0.08191202522026102,0.012367990388969368,-0.07428331675324105,0.00967380168319268,-0.007642836921913056
297,-0.0364879728109488,-0.07064558572794837,-0.03183813548402122,-0.04625762705327267,-0.004556855743049107,0.03304941540997372,0.030573357843470695,0.0920857845438116,0.053890326047159993,0.06235200690433694,0.008615954638768755,0.07567361659939142,-0.016087599307118238,0.04968999839040291,-0.02583196936846479,0.056607245098632325,-0.005279831716627387,0.011248643928762491,-0.06759335936075525,0.04961716083522749,-0.07360225117383778,0.037803639550194744,0.1495641536047876,0.0066240770487802055,-0.003840535931223684,0.007185534880859761,-0.040613610777036,-0.1055978843271044,-0.026041993447510632,0.02735715521537168,0.07615655836801923,-0.010994995937372498,0.07589775582770934,0.05649675870145828,0.024538498863539773,-0.09642482792170243,-0.011025584402970927,0.07839580861714639,0.019981802581781255,0.02939353993648362,0.05029032277600454,-0.11617583441030313,0.021405892493474712,0.022184317905301218,0.03038796436221754,0.05403193016972218,0.02376915965334365,-0.01300325985381817,0.002557268111131554,-0.031401164762521944,0.041125971314501866,-0.014001521652355619,-0.03787334338905034,-0.008188369749146164,-0.009234016978829323,0.015414667109933118,-0.02515031911909622,0.02652006392698236,0.009755812770554815,-0.08402719068805058
298,0.07308463156360369,-0.03230104081826567,-0.001100869765913479,-0.018184760572062312,0.0028116143629207443,-0.0763203333522853,-0.06331498059005186,-0.013506056846837913,0.025801020235509432,0.010648987094767566,-0.14803660029456037,-0.09902245052098806,0.031194747493181525,0.00558078933555027,0.03471842641123972,-0.007934645663722687,0.035020700015651926,-0.010670275219557839,0.023398389317046006,-0.007397468800316309,-0.03752691405794659,-0.054498104211135115,0.06662843714942,-0.01488507027350945,0.027506403150885827,0.029505162849211054,-0.06166281367147273,0.03091346998365985,-0.02481741915382348,0.05935888771867796,-0.02763048040166819,-0.02829987483259035,-0.013568507355807703,0.0007441144315476641,-0.023412017431236005,-0.022321197922988072,0.05650308130368087,0.07392189663857553,0.022563407256443915,0.07153593409685764,-0.021035754992849213,-0.0352749782615306,0.03163864767175187,-0.007606734581472381,0.03895994926783354,-0.0484283132363927,0.023936080996253876,0.03386527662557048,0.011455406911800263,-0.004240078080552617,-0.06537591940721663,0.06257119575819949,-0.04525740223890016,-0.0003342920741302191,0.00035210246034742015,0.018049668895207132,0.02975295411485996,0.016635086451580097,0.06646234804247826,-0.055495521407704265
299,0.013223096203302654,0.015011493022084451,-0.04788450169399733,0.15618825326257937,0.052266172083770115,0.06570080978173844,0.04022199888325411,-0.05319347153126819,0.004159136866567346,0.044640906173926506,-0.02990634501548162,-0.05834721461122814,0.011384510690007305,0.013247616402242061,0.026114904410495406,0.0057496648026954785,-0.04341442345277708,0.037325085979776663,0.034847015674036835,0.013353211237741473,0.0036200767085049278,0.028595065246159356,0.026819243602504178,0.018495963263634743,-0.034502848215278735,-0.0016994024888135307,0.035179890842593646,-0.00528760170029189,-0.03505326272304218,0.0040691044348985135,0.01923490942158794,-0.029132235825241878,0.05413156181752527,0.01878038849327486,-0.05684850965903232,0.03724214614224151,0.00800131288569115,-0.014487708546180497,0.012326730703049878,0.04225507662910716,0.015313729888054258,0.02288589540011041,-0.030565589494724234,0.07472971442482973,-0.0017646380728070655,-0.0058083516426074185,0.07941309925451735,-0.00986966279793616,-0.02341770812125564,-0.1150992539308928,0.0015702018568682073,-0.07256234297549478,0.09216955986731185,-0.030311463788048956,-0.005235157988114548,0.0022730570180558097,-0.0021681459755839433,0.01566425209097214,0.020012464472419847,-0.05855065662874575
300,0.003943876921081024,-0.03901039191458318,-0.01796807457108694,0.04166571403213618,0.03782093272444478,0.05084487543183506,-0.024847926865830962,0.14564169879545993,0.015531708837101327,0.11186718076369802,0.05211496974326746,0.029529057432932514,0.01141619969396998,-0.033560000428653015,0.0008959736430425935,0.055291922658567895,0.04183211607566865,-0.07418639184933429,-0.06033466681955016,0.05268118214970272,0.06086771581090306,-0.00910554591760335,-0.07059724517870297,-0.024395052056035094,0.02234740234723097,-0.014199472942197214,0.018283667358595688,-0.006000771070980809,-0.07538634081639596,-0.0547730334723303,-0.015694055621448374,0.02607481045808252,0.0015298652233972703,-0.00894244991005489,0.01511643333246523,-0.015965431662802686,-0.030337549574450253,0.10418717598202062,-0.005499485614784811,-0.10332528461420638,-0.0035555566588483093,0.11888384795942676,-0.030697890201869023,0.06963914934609296,0.0390676314539124,-0.028342658739072716,0.008617490281161155,-0.08265322559837875,0.0029838866067101698,0.02254870206128111,0.031836896107252106,-0.0292841877406769,-0.03667411340076481,-0.07817367882139153,-0.010359293912588947,0.07646813836937259,0.0037390089434088834,-0.027949716990592764,-0.028758321119436034,-0.037671443785573265
301,-0.08223719937679479,-0.025782742198661522,-0.02762231537574001,0.006445436810837727,0.03543535656446769,0.06489245756776175,-0.017842976466845337,-0.12436388129802432,0.03747229536729733,-0.0359433925237651,0.041127878526020595,0.023444789427144196,0.009810477038360365,0.04854711772896182,0.005256242221743217,-0.015570067690332676,-0.008267051432493063,0.05403497351059686,-0.022893504084362123,-0.03636645688988458,-0.0849090741883831,0.04426108033169375,-0.02570193848893116,0.012842714026126377,-0.02915978328985251,-0.045502007854901584,-0.04430757038745534,-0.04034752603031151,0.047212191426125504,0.05581573368315424,0.007439696907169246,-0.018788744899398024,-0.06250504641300948,-0.02278811954659089,0.08130725887793373,0.013118680756820702,0.024764567022059446,0.04658202611197194,-0.0052584030729983045,-0.0020865345181947967,-0.0829836210872872,-0.01038446490715708,-0.05000234815121433,-0.04233919134450599,0.030243644803406574,-0.0044313136282405656,-0.08336650323135464,-0.017313110236024006,0.016154583250565534,0.057431866200236145,0.027782377235875618,-0.04776606857965181,-0.0801885484609104,-0.032382957314522426,0.059317921720268715,0.059153402130713566,-0.07709044642163498,0.0221240875690116,0.019867321521947715,0.01764404842650432
302,0.007888097747611839,0.035120645410112596,0.050195371511055846,-0.015934146255216802,0.02502712633826354,0.019998927220550203,-0.041272368832935925,-0.10087324454493404,-0.10504034390793503,0.022445643980845992,0.09247984429931756,0.04201049476457055,-0.04939867595199188,-0.05088515849807604,-0.035429771541218576,0.030555460028252053,-0.09702547563702073,-0.01924213171738154,0.04036845904272039,-0.07182348858057946,0.02447830230913926,-0.037784739705769885,-0.02226818096365799,-0.08333429537535865,0.04590961283511713,0.036790609087176955,0.02749816705017485,-0.03829064368227131,0.11014092608790274,-0.03362198362456138,-0.04905477208421434,0.06907845817783032,0.03395138236925807,0.08775850446641269,0.018253589622049194,-0.0029184594587254023,0.031000990097809503,-0.027612981888813882,0.08992729836790199,0.010931903975511201,-0.013203581558632282,0.056294461519981,-0.08694654118364424,-0.024924046247446555,-0.05807040615328645,0.019650268063583984,-0.10152694612769486,0.1463075297161026,-0.024660867421266275,0.09906262807381626,0.0348218643692937,0.04107722259493069,-0.02878563650903132,-0.00793817788172712,-0.06391397187157269,-0.03967150585424792,0.016761982122573106,0.09932298061278469,0.02654850615324333,-0.023079544923516642
303,-0.03178518212678984,0.009843535294733101,0.021604081861435854,0.035544620103787485,-0.11507279668182661,0.08074195142346986,0.026182882934740224,0.059911861788535206,-0.014647998281677555,-0.007975452065372389,-0.05771209755760281,0.054165090458893825,-0.06732329511327403,0.004841907797535419,0.008004297768952827,-0.009497946908489504,-0.06894346064092674,-0.043137425436454435,0.022665848688598257,-0.08138295087801874,0.021763094782960565,0.024999787861022898,0.024509238338541368,-0.047617298759501075,0.07104113928004417,-0.04824940296439481,-0.07810932018983337,0.07151797286762485,-0.01924044101549308,-0.006099204912058888,-0.0654825546311808,-0.09060548358482377,0.025002438732251824,-0.01700162543979952,-0.011932797362446412,0.02556208681714597,0.12965203104632783,0.010495387561439732,-0.1400969755620149,0.03274289649939768,0.07487339158225012,0.07497522368592295,-0.024004281249722644,0.027665723000503593,0.03738031624919301,0.11749407018992256,0.05960368908536248,-0.01089934384487528,0.04184817105754489,0.0020464346746402315,-0.02140455144435259,-0.012888597624359255,-0.05868719121557496,0.12595227714669122,0.00023417754437304926,0.06161206754783093,0.014192685285065211,0.05188655437591869,-0.004880809621879916,-0.031575196308400846
304,-0.02898858362329981,-0.08662458058424649,-0.0573963317214464,-0.007077104886183411,0.0451745657922405,-0.06706894949421613,-0.051236464367901025,-0.04248470983240682,-0.048609588705788305,-0.006243980976876986,-0.06648237083562639,0.06891666868162494,-0.0006957277213878995,-0.04207215476941962,0.06539601225784744,-0.06922094985764657,-0.054097277411084554,0.04549777995652813,0.03757398585323551,-0.08267015447007971,0.08703024617549932,-0.026315580190859948,0.007961242607402828,-0.010458076570238775,-0.011415287339658079,0.0052828925649103745,-0.020243017618109125,-0.05098954011877626,0.04868813698518796,-0.042570363866012956,0.03584070717256386,-0.0066375209035010995,-0.017029022868209127,-0.0018747312687785232,-0.007027003158655384,0.034371805892517385,0.020711471181783608,0.0572188781502486,0.09610809050015652,0.0410517275604813,0.07081080996067025,0.010371079589806275,0.03049574674512092,-0.01444008988551281,-0.050612422395768616,0.053169687358459575,0.02075907161412069,-0.12484400255375908,-0.01984646764735419,-0.03852787035715164,-0.08674186356165742,-0.043143630035961035,0.025329078350166127,0.07219896687765497,-0.009615246750324548,-0.005156931595024404,0.00337578603672583,0.0046018908392056425,-0.08490633730864168,-0.06824147011800337
305,-0.07492520511818171,-0.0010317765221461992,-0.0785491936476067,-0.010364945265207674,0.05228895399044107,0.016300018623826504,-0.03481904832972628,-0.0030496846476236175,-0.03110257136111815,-0.06302076318192966,-0.04543495684873562,-0.02154404574676139,-0.0044497593878231835,0.07210572403555816,-0.08725205830145495,0.08413929767918703,0.06067688539918095,0.005708167935755786,0.052605384805195894,-0.08464151944335342,0.01704479693160033,0.06519351615679647,-0.015638427265486317,-0.0522741642929764,-0.06421101576324335,-0.023212469955926598,0.04001318021622193,0.02996193744108049,0.0692673932314041,-0.012592698134796267,-0.052748848173175496,0.07809399212407929,-0.023299343636377513,-0.03200455882730098,-0.033854473420492914,-0.046842968359684024,0.00845008611582866,-0.04137732869737124,-0.05210847499649199,0.009499596105579107,-0.03976956412634412,0.03688615671068409,0.01999384658119214,0.030497378090996882,0.05261580822652425,-0.005626863142362002,-0.06213816531435913,0.030012684052048884,0.01786067642932667,0.03814502612484994,-0.009260012470328979,0.04734000581635984,-0.015203334671948461,0.02766856201962276,0.036637901353366094,0.016605289905503296,-0.000334638947048107,-0.007699063985725801,-0.029225592675222612,0.008379734732593335
306,-0.00384999378174201,-0.053600392109732733,0.021583792922168485,-0.010576151676884991,-0.03334025007500974,-0.0784410655476973,-0.020715349967068322,0.08361515024413416,-0.002123635684595289,-0.029978490494812972,-0.06519741506157568,-0.03033548808928179,-0.19601590853616888,-0.039754882658563924,-0.021965771872959203,0.011853679852155304,-0.053480934504199364,0.07784430449693441,-0.028922280753270246,0.011256230833222636,0.013266057423652361,-0.06073270767369386,-0.021574941092235123,0.03961329361403334,-0.09154919843126015,0.02592391038894171,-0.005593066458910605,-0.045784162025920595,-0.023803886376247613,-0.02746609569092207,-0.02889720826660821,-0.018531890193072963,0.0010358565808268776,0.030454954127920833,0.025745423187812762,-0.01895052145976952,0.05603050119620339,0.020736514864323652,0.03993034292038008,-0.02124731027431097,-0.07410275577660153,0.04556579467242111,0.03335869829022133,-0.13925094588453538,-0.0002621374158533658,-0.05111893937436912,0.003078387808450264,-0.0406208394438338,0.0030745457861400113,-0.05348184154467634,-0.01834680684284478,0.049738717796225566,-0.02215482394018277,0.014297527906076551,0.020849815646551122,0.028788451979314792,-0.035233360545644105,0.0762865176640039,0.02619873455826718,0.045303347964227116
307,-0.0014950967847123197,0.06151737746796348,-0.0587984445602004,0.04460409288600483,0.061443937360587134,-0.026241517393963118,0.08914396267829615,-0.055305162555510906,0.02160017335242227,-0.02702272221838442,0.04868937558746454,0.04260943887146376,0.06205553666962208,-0.008305907781295927,-0.061443739498628254,0.012723209683434052,-0.12430363065287528,0.06434960352476704,0.013012393769195147,-0.04448358567691242,-0.02806227169598162,-0.01611557996482752,-0.07870219009214492,-0.025645762357948156,0.0681779941313123,0.030738285594548328,-0.02333004110195265,-0.07342715594767991,-0.10698892334242774,0.004203146993490261,-0.09789032509365267,0.05212968206959562,0.045793054752780143,0.008513706362230356,-0.001115938309070583,0.0379460529798076,-0.0057587659182969705,0.06291306065151715,0.0072273610320043894,-0.019342563926100124,-0.0017088017627936614,0.02932484229957666,0.08555558343898634,-0.019631566491962713,0.0793395058501049,0.049921999215485596,0.02192604156806603,0.06923238306939883,0.005341197684276691,-0.07976801075672342,-0.04946077789159701,0.028884793825237277,0.04337204344432834,-0.006002799263099905,-0.019555851531166398,0.027922597009615725,0.024724587900198058,0.0787666076883196,0.030876756079737167,0.07146595134390804
308,-0.03055724375501081,0.006240180023986174,-0.012396616664577585,0.034823782589075765,0.033921900122543196,-0.084443123951166,0.10632174044976006,-0.07110999645753775,-0.05713954560536,0.06538449930902879,0.0213817588807801,0.00727810870846941,0.10205249041867345,0.06395783735172565,-0.08083373589049035,0.06032262101956108,0.06211241247702082,0.05727918805262761,-0.004049377700203983,0.004462944769713612,-0.0040054311244041565,-0.015914320458855522,0.01346843289441987,0.030155942511629105,0.04006617669858625,0.08268370272780749,0.017964993322356994,0.02906166898487771,-0.006328721405096629,0.03716324659131372,-0.052074005699428785,0.0661817589661239,0.009319321006345499,-0.041168156996443175,-0.007314359828673034,-0.0449947303818333,-0.07092581394011066,-0.012870795855700503,-0.09098817686620805,-0.015913204068814392,-0.014263188698681655,-0.08085275226124722,-0.02489869936158646,-0.025286715900755322,-0.035075489392644134,-1.998613282061917e-05,0.04955642147663116,-0.1049483238533393,-0.054666610841968395,0.029890872997795203,0.004076640183115253,0.03069988963587945,-0.023520669429828753,-0.017099935587778663,-0.031463659817180765,0.06679311639137549,0.06745074722579113,-0.009298023305303356,-0.047744471193883815,0.09443694878567534
309,0.03610588059607345,-0.07172678452564464,-0.02126363193869542,0.0188707887551087,0.0900382228395882,0.06098387429897833,-0.09764083554304459,0.04230598254151108,-0.010174852239318218,-0.005446312833998943,0.033689637062811806,0.03100559600336054,-0.026009261150922953,0.026054545709142108,0.07104542247280896,-0.00799194038500868,-0.0807324959301411,-0.026694922063314405,0.05772478346440739,-0.0670389453039039,0.036510069234435054,-0.022552066889008196,0.1044702686778762,0.04878638892030994,0.02091957980583373,-0.02213360341479843,-0.007591807546764988,-0.016316637985067887,0.07228535782942053,0.04541835622711857,-0.03452033601189737,0.018665597461090398,-0.08558984818079532,0.028691543996210298,0.028319725021478663,-0.009946452589458036,0.04913556606304307,-0.047511340217253145,-0.010433425491065535,0.11449796781565624,0.007926003908884411,0.04980447683032074,-0.012980137088461524,0.02073736262458509,0.012691094628808179,-0.0062123561460538925,-0.04277501897047507,-0.06122392454691582,-0.07074708918607317,0.005356486080835011,0.03762342578157145,-0.04172390265710292,0.028978970163905857,-0.0025099327639603363,-0.038047098510783285,-0.04209352477378077,0.03799733651683759,-0.03135120130310011,-0.0044714353095107184,-0.01132946056059383
310,-0.04407919598137654,0.0590221454774583,-0.006092435264419083,-0.06243927492543036,-0.03774348676174726,-0.06499504982485765,-0.08307256834533673,-0.02594488215678724,0.05730037533166435,0.02832434849778619,-0.054300401845648945,0.006783549606485412,-0.05692141334566591,0.0828784954518379,0.024055457389222254,0.07313634346476172,0.05120583072257717,-0.057950789894749964,0.042264674150642466,0.010087992388939437,0.09333199026247517,-0.07158402526512178,-0.09045540065107947,0.006454442300855595,-0.03747737703715054,0.013883255042341475,-0.056642096937765965,-0.045732383479385526,-0.019606637964471225,-0.023052513963859662,-0.052480232866329905,0.010130359345996612,-0.01740270748250918,0.07065612182220198,0.014432463908394883,-0.04624155874955818,0.05573180181712981,0.010831911844805033,-0.03607005226558572,-0.0022350296695804483,-0.019473650576848925,-0.05552523128185624,-0.014063744302426752,-0.05101663178247603,-0.013135976199829294,-0.034888545230373484,0.0923681497759847,0.01981694002352952,-0.05115871891672148,-0.007753586091542327,-0.025655706157832126,0.049388691563625256,0.0399405735712213,-0.08157704647211059,-0.01413528197184733,8.535014779305724e-05,0.04177362733730568,-0.0818039053432236,0.030815256304774684,0.0529341679368192
311,0.00017154044678812467,-0.021737879900303406,-0.0759203494578261,0.04662811233022914,-0.006770038200217302,0.0005468511796419035,0.03178043708518573,0.11379360150916443,-0.01301817281568759,-0.023323251401511237,0.01914490638281215,-0.04964583106780087,-0.11652422851614798,-0.049538341666012904,-0.02836172846985174,-0.07100317532424193,0.01651843115834873,-0.0032755220961265324,-0.02460445255034108,-0.036938768016412986,-0.05840850770846238,0.03173846563232262,-0.11255803965350518,-0.04490108762811472,-0.041730440286429374,-0.007259057965739762,0.1004514539496072,0.1249652128957663,0.08641313953143573,0.08050492805499547,-0.005448046274154639,0.030020660927052564,0.03944318908303862,-0.009302415748718061,-0.04759704360237662,0.023924527259246108,0.006037171771090474,-0.01115236806623573,0.03626556273469858,-0.10463153066633174,0.04228977287877706,-0.06432497507156058,0.035410460548930184,0.015611610163068909,-0.029248145977895997,0.03264709796431804,-0.06372932929151104,0.11313171171312546,0.07972973016830158,0.05575117794784711,-0.05761366388954416,-0.007669148025077418,-0.08401942958948874,0.024788364231092635,0.05261347124628625,0.05247826569431691,0.009226635646650895,0.03605418177385255,-0.017810030906833602,-0.024786183047282383
312,0.029241604471462547,0.030460342208347275,-0.0034284231814627844,-0.028373544882231344,-0.06294659681182008,0.04655879937904407,0.06167520997494938,0.04827363746837418,0.018277963506120837,0.0727320116449731,-0.0038774579975481816,-0.04444715222111504,-0.009766367714767708,-0.04326250344037226,0.021783540140952087,0.06901728966497397,0.0971856287249707,-0.10499044397632389,-0.010369447503136231,-0.150038878190506,0.0011029390748525864,0.028583316797284545,-0.034856869327174016,-0.01737558201102868,-0.04436890190628721,-0.0906601294162447,0.12667058021138225,0.02428250095764168,-0.09912786940057795,0.07218195297331281,-0.03621795704150588,-0.046832755112814047,0.006599997004877273,-0.009426474631010524,0.029883137776615068,-0.0533014534986777,0.011056996173378608,0.032987869035693236,0.015826091368611805,-0.0680413818344819,0.18765218155486282,-0.07919594551323354,-0.024063721694368777,0.023140211701516564,-0.025053621178924304,0.006722972649794531,-0.011911595906958767,0.010154073120847467,0.051592999932969806,-0.04967694021643259,-0.01904222947576011,-0.06547419373218259,-0.014379273813227364,-0.09981042176215327,0.053895760691295196,-0.027209014812453386,0.035528172320160714,-0.1262188355627877,-0.012981345098567042,0.05051486159179602
313,-0.012473673182544654,-0.03129732699624756,0.05244450127149214,-0.07384356947134811,-0.06005512905805087,0.04763929792801136,0.09757984759134948,-0.00893897519975788,-0.015325161836265132,0.057046381589578,0.12846753730779084,-0.037539207891864865,-0.017542154238813213,-0.017144964720764044,0.07685233642588739,-0.02957851705367583,-0.030435907161799024,0.019786476694322156,0.012872018611451241,0.05489919595649461,-0.01922321676849353,0.0306028458480289,-0.053045921805597265,0.04964366807135546,-0.019963857720438138,-0.0159882612241764,0.026903248883507182,0.01979557953670594,-0.03832747865344581,-0.028433778636561033,-0.042891922911503594,0.0562515454187552,0.09052471524742886,0.011974039732471744,0.05243104261845922,0.039155776058281654,0.0012926315186767062,-0.14396089239080534,0.006307411920439765,0.031212939493856284,0.11474101703630334,0.020669163848185405,0.04584526553186204,0.04596676723222786,-0.012186487973413273,-0.0652377847235053,0.017942160802009072,0.004815036100616684,-0.060641463872262484,-0.01115024860383329,-0.0004035614383799996,-0.03193498724898062,0.004321262420105734,-0.03624513439918232,0.06096465038510363,-0.00832566016122353,0.07569001261144255,-0.022791349750821387,-0.05871998530854746,-0.03125672336698079
314,-0.015170947754079544,0.021583930847370987,-0.03868127554504546,0.06502935363085162,0.047156078604181036,0.10427132118141953,-0.02965986994646021,-0.0338063203409316,-0.013276909686118584,-0.022113361991335102,0.06317748171410788,0.050709554946069726,0.034510730991700087,-0.027728717404700166,0.018461977418035003,0.012981536958188886,0.062192422424576066,0.0329892214246224,0.11475014173529444,0.05801922292662205,0.022150051728248573,-0.08281517380408503,-0.046952035849635636,-0.01629895976179828,-0.056577008753928675,0.033028376391451994,-0.048683751911328045,-0.13962444899588322,-0.052868663807554395,0.04132316463444439,-0.15471204290465254,-0.049987055954180785,-0.034355073142716214,-0.06420008190169434,-0.11424950165743795,0.017340881651905657,-0.0347617033908723,0.034094716802723614,0.07963700943784095,-0.04590580770446612,0.06840199457977712,0.015477070263376712,0.017033973725692188,-0.03196577314332558,0.060272537928682826,0.03918546169521578,-0.08241348159105855,0.010011982119108169,-0.0028166702055559497,-0.03980507655290549,-0.061760601947272085,0.09271005463614865,0.020850809036019134,0.02143759764190508,-0.08527376691406525,-0.021076210572664764,0.0468584450665072,0.008049360217192483,-0.0999830874867177,0.020805570678274016
315,0.05704151920932878,-0.004545168620978878,0.032842943604452626,-0.08627379339764206,-0.06330085812899919,0.012138335835863094,0.0049331583443388075,0.04321868880708384,-0.03626807327588812,-0.012121114792616893,0.02085502047997231,0.026799157490390062,0.042198400925691916,-0.02143306296335228,0.06582011086469189,0.029447285284697373,0.008962725769988926,0.0955712854323664,-0.012611625619041791,-0.022608917345306095,-0.051888089972516364,-0.12941140093804876,0.16015251777450598,-0.04996681613993975,-0.04514902747556247,0.0048986051479485496,0.02306269429471089,0.053454953569721284,-0.1029736106562879,0.019024516593601642,0.008518963674748447,-0.02566163100029055,-0.06581118885050535,-0.06014788098306522,0.05653482635005049,-0.026578331311110807,-0.05087426331554617,0.031990440638031005,0.061906479578930106,-0.012459208133601515,-0.024192428773284418,-0.054487737091122285,0.01922728819609982,0.11229632580577294,0.017765313702305413,-0.05132110012039942,-0.02392827776340175,-0.07624588435305235,-0.01226698720891346,0.04334338962668873,-0.023595962265260367,-0.052561060087325744,0.048630247017165666,-0.04341829371982217,-0.010084585099605753,0.08919667117708678,-0.020262877174155872,0.04696850789598232,-0.061917299089103296,-0.024322978056849996
316,0.030900595120114328,-0.036635142245138426,0.006261062249504476,-0.11552241539342567,-0.01909168105197235,0.06704128030709057,0.06319262657651689,-0.008462971556173338,-0.06993546404484642,-0.032526629182473454,-0.04187444702264561,-0.0252533253996344,-0.017222333905242745,-0.03716915299050725,0.08853202541775078,-0.07796040234324456,-0.06615531084481913,-0.006005544948532487,-0.08677267906929995,0.03791891668300269,-0.0025991151599810097,0.006724406712850665,0.059320040348457004,0.015072992632638135,-0.04984851244852563,-0.028412360170171267,-0.09807151955456704,0.0013320440833170788,-0.0005077979915168671,-0.03992478447568009,-0.04422852038000067,-0.013730308511375848,-0.021766175762944016,-0.015650890112247465,-0.058152588868261426,0.06769061775549617,-0.04698288621885456,-0.10467992493571747,0.004685729929721571,-0.006969479775298053,0.03914599790463996,0.05486623251760027,0.033044167442765914,-0.0792133878473824,-0.00041046551803225635,-0.0040632425972509725,0.022238472436176233,0.0016973223700691193,-0.009848075598679626,-0.07969833966874051,0.008582790016227389,0.0414672144057781,0.056110676807337154,0.059793944197716574,-0.013700820991971311,-0.04709289264180452,-0.02850287632358261,0.059001503602125416,0.01737860188032361,0.08280699414055613
317,0.1125612369198791,-0.0214912766998706,-0.01008762125239509,0.02391319446662271,0.0193833570149211,-0.02678128848816807,-0.03189098847729961,-0.0052164382177665725,-0.0017895416745491997,0.034786204508354894,-0.07040883842846911,-0.012979846815587006,-0.00032634725150300364,0.019663571742899566,0.06626557513474135,0.01158867089570973,-0.04316122006957883,-0.007598166952934444,-0.03725705929019244,0.04825586980689713,-0.049199828341922464,-0.03234085997496592,-0.017925246977151865,0.011965717986580724,-0.04491509315357666,0.03942991747128689,0.065905213144063,-0.026084405762585212,0.01589960744156608,-0.07626832810402816,0.045258560351953345,-0.022288594622692646,-0.006233795683697344,-0.08652922775016897,-0.004396440911681975,-0.08238267771411081,0.05846847221823489,0.06368152636708646,0.011366528627828413,0.04738473602396069,-0.07090359740880839,-0.041719530972402136,-0.002088944530084461,0.058378096124763246,0.02822283428824513,0.024787164882399793,0.004774571931806768,-0.06969995046225677,-0.07746698117202529,-0.03717924792184247,0.10876412351977731,-0.0061226939120069025,0.013547569484431494,0.022016645552460367,0.024312504310398712,0.04315358456107844,-0.0001750145597500744,0.058776232884978304,0.024979815651682096,-0.021091947413981658
318,-0.005816393965353605,-0.014011136776427551,0.018200432728089078,-0.06877000407406147,0.02608579229260767,-0.03319281816524335,-0.01329779094250902,-0.04627052945268553,0.10416770447994649,-0.01325235347469814,0.03842305388238854,-0.06033277721335123,0.1012090817853219,-0.08390303148134676,-0.030038975794500936,0.0708811117451793,-0.06682678647332123,-0.06111397986120253,-0.05939723590870635,0.04827152233474906,-0.009015687215778636,-0.08121373034991056,-0.041346795448083576,-0.07416100672646235,0.04714635861635899,-0.10125784370015962,-0.03751588193838909,-0.017935667040578904,-0.07739288227268391,-0.012614834967739746,-0.07586578325763887,0.03957994489017456,-0.06785169105331697,-0.10065189414739995,-0.01969838846026994,-0.057706605139623626,0.10713511392306996,0.113343096716137,0.07538353487360563,-0.04187824631769132,0.03308454971975728,0.023509719463423093,-0.021477636815739665,0.0012577708338496602,0.0077387593268424424,0.02360435448651339,0.05810574038741348,-0.03898963761441023,-0.09566128346267125,0.07697164453315199,-0.061891011202096384,0.10076028047897836,-0.0830746182610783,0.059994772915579996,0.020010530566709418,0.0024712469508321013,-0.034902703163736205,-0.06404996827826939,-0.07278933461677933,-0.0006280964036946073
319,-0.03920700401584855,0.06743971432392425,-0.016413911009272676,0.007573623071711006,0.10504991813706374,0.07583596331653705,0.04103881913279452,0.07717797512190287,0.03137507203352143,0.0011020450919413261,0.012469722447937232,-0.0531519528235523,-0.01644956314900933,0.02346852118125297,0.06883854604376102,-0.04954429939884854,0.061127430944223946,0.06072375612730501,-0.02178464006705197,-0.029731816732409617,-0.06150281410813896,-0.002873509613046967,-0.01696142298017529,0.022268320598260175,0.014975726886650984,0.011339616173592856,0.07066754160907711,-0.02373438528196602,-0.03138623705966738,-0.1233756636677743,0.03143105286472082,0.027563400919759312,-0.04198001542979888,-0.008844861026382465,0.022406185289112746,0.009742439312765248,0.009119174327640854,0.024488439751580226,0.07334879839785093,0.010898322656854436,0.09353234981973142,0.04888274206675146,-0.061724538726503915,0.026391775471981144,0.03076357230531571,0.023085443585126614,0.052218390903690085,-0.01897131756684077,0.05844617828003273,0.033420831750096566,0.003208539983496284,-0.03671971010389386,-0.052060441828547285,-0.08765817428976545,-0.0707085333435547,-0.035122346178178734,0.016229018521260068,0.015921843634422714,-0.052528302450609084,-0.07763811183673308
320,-0.030234115805194597,-0.051360624728604094,0.006274629549532165,0.036839315248532525,-0.040280776032190324,-0.11361409725899256,-0.06628284279584146,-0.009880247089612663,-0.1086944748426287,-0.02796894868503759,0.009795468650514188,-0.011758737312225981,-0.06327880799230018,0.0036663929215958436,-0.0940480486728381,-0.05553312761689126,0.03229532004823816,-0.010270744543715548,-0.05282262637972776,0.05317422211465254,-0.01693096333207431,0.03112802429882318,-0.07325057957176223,0.03212245837358804,-0.01609417684095499,0.0007896951298522956,0.07043107381431346,0.0056860728396594855,-0.0073918223406585475,-0.06214807608806776,-0.07890445394066983,-0.02810224553745758,0.027396662794819917,0.03634148469259667,-0.05094423813464858,0.015729707525847365,-0.095919154627386,0.020515671323948357,0.0635901537088531,-0.035198958326184526,-0.0006508817236335111,-0.06785458590627008,-0.020556869834430058,-0.06210155394836204,-0.027542459412054056,-0.010397763569545658,0.017937315641488222,-0.057456279631597204,0.04772501535825238,0.011673713462832016,0.03795057505902494,-0.01666183596615033,-0.09818649402889915,0.005899735873747122,0.008933244049035543,-0.034868178012884915,0.07396206270607106,0.07784726676548064,-0.0015433807330166617,-0.030240588642716563
321,-0.019899350692347422,0.13721369755874993,0.0028226396026417005,0.04523578467348045,0.04240777408619819,0.030913269303064348,-0.017592262608966444,-0.010566159121119504,-0.05792998371147528,0.03546092669262073,0.08295961188813918,-0.012144665519297913,-0.04608657513924864,-0.021061063451929755,0.027756726533449752,-0.019483215429920122,-0.0431961519349141,0.036242179894382866,0.002655882765176385,0.004705942840041278,-0.06679928658502084,0.03892937070855946,0.017705172139190366,0.014559841381902241,-0.016464360149494425,-0.05521601802897343,-0.026492373784339964,-0.03519311584602219,0.041221100865940254,0.04802180340095085,0.03278258165365986,-0.02557180697314119,0.052752630502614875,-0.029497123741875544,0.006283931531158705,0.005479348953361243,0.013646442472559826,-0.004721169109204866,-0.07624947966582613,0.0518707065368425,0.05800971779571603,-0.016052859587864347,0.04623559802886266,-0.016028828630563145,0.06474088576058258,-0.005031293081830304,-0.006396569790828588,0.053397383240453754,-0.00640318869756892,-0.11122917522508585,-0.041711542548140204,0.010777389778295612,-0.049114497647951734,-0.05603091179466899,0.02367000057852302,-0.07065001106957315,0.03144762373200789,0.04370103520735158,0.04290121164388139,0.03945491471292139
322,-0.0538779693699314,-0.03436422554621848,0.07935801864016939,-0.002194459300642708,0.037183652494369106,-0.048850866803491315,-0.09367302476116436,0.07161969428393868,0.015457065386177886,0.02109220166052639,0.017800354543150106,0.057312748575476025,0.015014909130802693,0.06225701911495134,0.025691895632709096,0.06915796534067137,-0.01894902364135197,0.05215812721008078,-0.12033467231790497,-0.003042558041627838,-0.05156319850742318,-0.0221773904030487,0.003744426990160402,0.03524570494183845,-0.039024929335212774,-0.03869756409170325,0.033339688160044574,-0.057112722066158535,0.01154847552527703,0.015944744138624196,-0.0561711809023055,0.005316632010225333,-0.02087536359710436,-0.034624012299717725,0.02983835521921458,-0.014148773721354327,-0.01509441858939094,0.012206349986400727,-0.12534933865462866,-0.024536340391028838,-0.022413458907719282,-0.000623468821931205,-0.08373452267645022,0.003766251965390106,0.06422273917521765,-0.028141447922364234,0.0377824225862089,0.05084619322038321,0.059250985507659976,-0.02461755546876363,0.04372143990263845,-0.030427298812597186,0.003655377144426418,-0.005376923760061509,-0.03282135662230284,0.03455527704239432,-0.07225870776113778,-0.06996179056369227,-0.07768354077264385,0.05903283103234962
323,-0.05587695473083916,0.03326770607487125,-0.0733958817091351,-0.03622565064324285,0.029533888689465968,-0.11664364789770622,-0.0587301744849073,-0.018891396245035233,-0.04639252809251977,0.026451693479314357,-0.00856530815682627,0.016422820614435913,0.05102100567039052,0.0025470185570320523,0.04065596753532109,-0.001928441520910739,-0.0009582506846450127,0.006092153998278394,-0.08517613372978246,0.03085015716041005,-0.010371905936186615,-0.05702381830650799,0.033766168263169555,0.060645688336729967,0.0220266168456631,-0.014261374119782582,0.10206521097246013,-0.014645854214865495,-0.02203834207424327,0.004602089414586546,-0.0063622760859895445,0.08691819325573631,-0.0032475931292233143,-0.004954608366290576,0.044180600931871,0.09870640624598315,0.05433003962207897,0.030669169894908827,-0.08234408028116708,0.025893571831344338,0.07459270129105057,0.022371675393364456,-0.013459371440336489,0.04733123670628218,-0.13422962420771875,0.015838279784517982,-0.04087618637314534,-0.03645206526224118,-0.0031810506960923833,-0.06808687632411405,0.02385745588205376,0.032992341007566366,0.03114325330114686,-0.0885983066589189,-0.02914090566039026,0.03709232864027649,0.042406558177146045,0.04885109013163607,-0.013799280760364067,0.05320139571647318
324,-0.09535605832992895,0.05817390032321465,-0.029992495770963683,-0.008727019572493996,0.012045418629494339,-0.02053107452687777,0.0048809827983103665,-0.00546860047998837,-0.021764919166360655,0.03263215623752261,0.09442773344041419,-0.07395909530001278,-0.010706090242357798,-0.03944169839392591,-0.02379069196629943,-0.045296709802191824,0.04200331977364151,-0.07982982086941716,-0.025000875750389954,-0.022764811890998455,0.017907206610964524,0.04921289152869245,0.05527044013592073,-0.03472534169522944,-0.03546890303708521,-0.009843428325619874,-0.029588390639955088,-0.012385259804401234,0.04585268964345631,-0.07180336613793246,0.03625640591896151,-0.05107275076651605,-0.026600027698355,-0.06600805475820914,-0.010900471555288456,0.05965425281664752,0.09125975876867448,0.02365694385538703,-0.06524273971891674,-0.008347464818314936,-0.021692804202283162,-0.01275058496600462,0.011119131176262613,-0.03486805355504002,-0.10867782996148728,0.06263593475687808,0.009525027172508393,-0.017164272920797714,-0.02927036443262268,-0.0028101374420473886,-0.08053494995457203,-0.00819613703037408,-0.024949578906443486,0.006548817293503248,0.013782375151160972,-0.017122631194976097,-0.018643441892449056,0.00999857419993987,-0.08622922230483472,0.06141288088265812
325,0.030748953030343824,0.09140696436680062,0.048621273889975995,0.0014128328630266648,-0.022880166908479167,-0.011485781396614715,0.07191890367827425,0.023902560332441855,-0.05047420905357307,-0.008394206852635583,0.05133220972045025,-0.04221422130185761,0.00944757363747055,-0.008164532139458966,0.10404833487225079,0.03697010553240624,0.06820634594624302,-0.10709977108703415,-0.055988415653329945,-0.05237339305253497,-0.015863517754114046,-0.009167656574735936,-0.07460263133202086,0.04434088497197515,-0.02798859999363854,0.007989791462341925,-0.09199674062963725,-0.0025005032788177925,0.008863325480305802,-0.007756897096322018,-0.01838419997065603,-0.08645311754407471,0.046884665452594045,0.023566260670950107,0.029082872365900805,0.017390218661271953,-0.0269794154691069,-0.044734453517973706,-0.021065216153036786,-0.01652597690380015,0.028826332186998982,-0.14325850630732825,0.1588616956898383,0.023728352453165853,-0.03646258840603733,0.08291771041740345,-0.11370512509859643,-0.10397330099221143,-0.0009652862093430343,0.02546375835201596,-0.1137880448395052,-0.04978085422316304,-0.03558797200181333,-0.048970107973028,-0.003967271261230812,-0.0007353358761150072,-0.005017620922864873,-0.10323698613631925,0.005178522109020187,0.02499929162723784
326,-0.007457800756355493,0.07677059357183645,0.016198102873757347,0.08103535439018068,-0.005053004914959542,-0.0338975937264053,-0.03878587298056464,0.03775556995143208,-0.041446992781504245,0.02630436320609435,0.027902594010998334,0.06046000945466631,0.007836360725710733,-0.113501646805882,0.020192734316707452,-0.02916489573101374,-0.03973986127337506,-0.046449783550347866,-0.033541664126172654,0.052476255853968104,-0.026843102058520946,0.09905755227247143,0.07184637215313333,0.06646413521348511,-0.0072124221276040085,-0.1413572240571168,-0.04287863755434412,0.030486349405823454,0.009648945999429214,0.05723067232148775,0.014007989532339019,0.08633847574236148,0.07091386243661177,-0.07948314230630846,0.09737604304530686,0.03423147003134344,0.09063229747486591,-0.0034795436656401835,0.013818936911094308,-0.04949440438016921,-0.02047396488438309,-0.10925386101830808,-0.11168236426025187,-0.007204200934173557,0.12666998811980412,0.042274326027856,-0.008504866093016736,-0.04378283061752721,-0.025433251105070002,0.02643380946013516,0.10542238696429021,-0.02773620271043566,0.038738193596840796,-0.00945499256137706,-0.062182497303517804,0.022322566393324278,-0.013525085609312718,-0.020707934729294802,-0.010584519619039336,-0.08125217390046002
327,-0.000469959691057726,-0.05574630460522104,0.09123821847856825,-0.014811314429114684,0.06655544127231411,0.05102146118198084,-0.02486503233327538,0.0382881934645775,-0.013398107869951388,0.0010337305459615217,0.021928716791042094,-0.02334133898790997,0.09745455048557401,-0.052688837644036694,-0.12004010748411756,0.024928763070424305,-0.047896275819165925,-0.027884587968681613,0.04765540067465137,0.03068298783568738,0.07760706561704785,-0.026996498220492625,0.06498011568596825,-0.0012661152454784038,0.021342948124492594,-0.019869823225833683,0.013634131865624594,0.011904172181498305,-0.06970979726386785,-0.01921346922502075,-0.09655748982397003,-0.07028625994404789,-0.05113056214964302,-0.030269939044996304,0.06297213399248502,0.14020485659885348,-0.04113096079743416,-0.020291395999343327,-0.004340809039997492,-0.0792214662539391,0.04800736475197579,0.10767416411119525,0.07393465769240863,0.05160749945441761,0.059003099928004885,0.015295889246225087,0.02699807269011517,-0.04100076670468793,-0.007243119099665347,0.047287727240839454,-0.020022740636230288,-0.022298452217123788,-0.0008754758333073957,0.022423481190520976,-0.0762393178209993,0.057615920929033414,-0.03585075398839604,-0.023501103918915845,-0.003453527920892029,-0.02921224699369511
328,0.012387613012316378,0.009136548846045065,0.05345962558676286,0.03381691507975692,0.12113135526806729,-0.0887118184240521,0.006729240001701869,-0.0901458610447004,-0.010474445945076951,0.011336186868669093,0.041949427777236675,0.0052125041564184075,0.009068420797865543,0.002314197919678851,-0.05067046752551785,0.0352510978570772,0.0012937425462889135,-0.02503845125129385,0.0038963942040315205,-0.06431871375653916,-0.04261602844758231,0.03785575359854643,-0.0585862542762973,0.1393443615172507,0.019941274148581354,0.04865239897783806,0.07550437648376475,0.01329311414594036,-0.03372035564488067,0.018687028280857578,-0.002369665463802463,0.021610208143598392,0.03454015712235546,0.0012919483969913497,-0.04670189516554711,0.06530542478433976,0.03059986918422404,0.0637262416657813,-0.09402632022495178,-0.036892124731428,0.010224044270518783,0.03717243420094645,0.056891505452818084,-0.013384689156064677,-0.05049623309555528,-0.021398088972574298,-0.03188490597631085,-0.07831047403328355,0.0063960539205312125,-0.08494036117868081,-0.09780380569919153,-0.025273946140569076,0.010503328267730032,0.022252527726108372,-0.04373103325910585,0.016147923851047675,0.024750759040586386,0.008753532257860604,0.0627191666140381,-0.058192961443216874
329,0.08537061862114713,-0.00641785433047928,0.04448288443643984,-0.024377711062289056,-0.024688354223208572,-0.051936660666637005,0.039680691997373244,-0.012839303667891025,-0.022736548091175826,-0.014587928254815653,0.08802508973810506,0.07387524733493396,-0.06090913714478615,-0.005377754074406309,-0.06912802264276972,-0.007009822156622837,-0.026392633314287373,-0.013873173243943713,0.03622242937186339,-0.05021468387296516,-0.04537584350040706,0.04404416719448091,0.060220245415246974,-0.08526252482512117,-0.0347714676043441,0.023765904601193263,0.019472503761409833,-0.019488743666847275,0.09783169332957285,0.022503080594050717,0.005326547939668052,-0.025008722727781336,0.0540845412472731,-0.028914462197588735,0.012459019390065348,0.03435846269016411,0.09957004456089127,-0.03446698102879026,-0.05807759399534932,0.05252821105725801,-0.014095853181675009,0.04845792509212625,0.08723626516480484,-0.10990899825860082,-0.03117526241432995,0.026588059681903416,-0.02012912415560676,-0.09734532644246861,0.14145766702862259,0.05600903551183763,-0.044884830116043134,-0.011017236558224733,0.06467743725492911,0.04402952438766758,-0.02019383710324492,-0.046278232339619786,-0.07085888132422653,-0.07418503131313808,-0.03078000637278525,-0.03957478136094295
330,-0.053971933465860204,-0.07812250185369563,0.05545373409971351,-0.017368801385214967,-0.03246090398936869,0.021010372363730878,-0.05748762363844885,0.086176296247665,-0.06840580261264767,0.023568816561295954,0.04594276275235455,0.024068902903565358,-0.05161554852098337,-0.017903251756353485,0.06301159747502537,0.014479169330340722,0.004852413770409196,-0.07656499531724187,0.08394407794963687,0.017171108506794337,-0.02352169320509533,-0.05348306288674161,-0.07486427662796807,-0.03128052947354804,0.011386879502564909,-0.016931475696596983,0.00030106153995174427,0.05159863819882263,-0.06395564579659564,0.042584789772629715,0.025315297857483026,0.08654385637961,-0.01171183295162893,0.03477693142340386,0.052794688549506495,-0.027573346643807697,-0.030733892869758566,0.009938124245026676,0.015434398703078655,0.07092384647927948,0.016968106464168346,0.0030358029282982705,-0.03593908099283647,0.01570083938204864,-0.02783434013505182,-0.052240407297532515,0.017585461455733663,-0.02860938890713228,0.09227269954325427,0.02555327676188179,0.03836430825170196,-0.010067887868801527,0.015086131319498946,0.004320876386812647,-0.07301167142950608,-0.0184971213875501,0.05520973287524609,0.058462000103982635,0.045310752067555145,0.006342972174525417
331,0.01439863508133481,0.059445795072526335,0.01894346692991342,-0.0343946218814351,-0.02357354883057572,0.03357798179924117,0.00022789065046462017,0.007883418236677119,0.04787221524907596,-0.03475262538662932,-0.002010083804125476,-0.018174541537375122,-0.09915235342422991,0.04432206188196178,0.03779789766077286,0.014588247307037196,0.02220193444204913,0.07765686641591203,-0.029664122291274672,0.03622348833719057,-0.16495964530092033,0.029126187092388053,0.040259909172669146,-0.19655360955396117,-0.0010612804208450825,0.031295304375986696,0.07389170822089994,-0.03452138191657608,-0.18679321673941154,0.0461042948664524,0.053054313274506784,0.020796020420897874,-0.024269338736492257,-0.025047599170074472,0.006706441100653967,-0.05412114890557643,0.07745304130426546,0.040391918489773186,-0.04913178854490203,-0.028477408711269008,-0.014549579663606179,0.03893782799995851,0.007985980738275883,-0.19093137053935616,-0.015251875218431969,0.021712920248416524,-0.038727155443799545,0.08874418887080306,0.0535518779948615,-0.07036771832089127,-0.029803239670739418,-0.004938798178325101,0.039913296827696745,0.018884121944775706,0.02836274923998212,-0.030228058900632557,-0.04542453852066781,-0.08131684538106237,-0.05555883481495339,-0.027347844469049913
332,0.036578231064975514,0.06219081196526945,0.026240395698384402,0.09220017051310567,-0.007331443681413374,-0.043308832908835186,-0.006663104007308985,0.05070003558861077,-0.10292380162687617,-0.018121341806990883,0.07774945908491109,-0.017951812039465633,0.04527785292805835,0.023360697633018252,0.012710259855027047,-0.04850570702348541,-0.04823495444045375,-0.0438069592306341,-0.017980695252742845,0.07479713523588787,0.10478740282683442,-0.04953537794968518,0.04748606743632181,0.05028436472270976,0.0038177137583309093,0.05591060374987076,-0.023229201782065473,-0.03200912736975239,0.012469741808350752,0.010410095986575241,-0.008151663919549341,0.02673328617758937,-0.09817299602746381,-0.0557514661754479,-0.026369266832580004,0.05196053639264254,-0.0136780042043068,-0.033703827421319936,-0.03673794868107096,0.00894865325758847,0.05050950381535622,-0.04638485782404385,-0.11075338544029602,-0.038544483007321516,0.019924492811592972,0.04421374081936908,-0.0640126423733734,0.1087198933889811,-0.032779981236323974,0.01943311546419713,-0.000967708671681475,0.0327123317392427,-0.03987069130762996,-0.04013599497261875,-0.019257348694249332,0.02806549380892708,-0.020917001148262122,-0.06341490792722486,0.08663070941686563,-0.01488551782681417
333,-0.027552104940341278,-0.06808418818941221,-0.030004458610779633,-0.05301524438956405,-0.03795337803338174,0.04057209448442742,0.06519319547623427,-0.005325568695797784,0.04475123749152621,0.04330646130771748,-0.05837004967945455,-0.017080348391234575,0.015832049562745063,0.07542840281871768,-0.05753054802754091,-0.003709476616547338,0.06435034237104735,0.14425692798516115,0.007841765274307109,-0.04254478818309224,-0.08852920187778579,-0.08901918361084621,-0.06077334560494494,-0.03720216881841642,-0.0658312760366098,0.015271919304842235,0.002419333509755778,-0.03212104635122242,0.011570899410109877,0.10794068922040696,-0.0070189313814253244,0.03276443540018539,-0.013271077317707627,-0.0068261178003605335,-0.07539391828558396,0.07574370842592118,0.06266961054710761,-0.0142618429825487,-0.012537830116993772,0.015524176216321855,0.014360372725678798,-0.12423189560054755,-0.062084261350547856,0.02298347703310294,-0.06450786894243044,0.04299207563797386,0.012226096083354529,0.06266279810813301,-0.003122161448838885,-0.025123454926869366,-0.04566928770255648,-0.03075784326217393,0.01899198824385367,-0.007481536022727132,-0.18411308912546448,0.08898310678280252,-0.044123330890431196,0.036925722038117025,0.007264963682454768,-0.019908603969433482
334,0.005803392970106307,0.03588324776880799,-0.03467505684837245,0.007302784064369679,-0.07939244233172348,-0.03910874771723396,0.05583193344928308,0.016732826582177472,0.11928443037730777,-0.011335760684419606,-0.037071813543711744,-2.677910547696843e-06,0.04850246555209967,0.04899784625861547,-0.03896770509264679,0.02388290025244435,-0.03225098743700118,-7.668763624912361e-05,-0.014884169602360367,0.015079823023596515,0.037599633016698705,-0.11806554821993355,0.07389561429247168,0.1010553278508698,0.06360558938903564,-0.05556372149421407,-0.0031050976816394803,-0.12873213229877065,-0.06501943145861462,-0.061079791794985225,-0.11856901310594858,0.10330389552699043,0.019336832707534713,-0.10433425069714701,-0.0016154159771063653,0.034982862978344666,0.06367794612191144,0.015210650131659172,0.028326818257971557,0.057031835270855265,-0.06332702530843543,-0.04806916612051187,-0.04883481831093648,0.05311258984383032,0.023889517059351602,0.065960718512125,0.04705948656379807,0.020407216209230156,0.010038707326557792,0.043341595150392626,-0.0731564516887054,0.014379480822837166,-0.002740311165664268,-0.08030158701991624,0.06125362398356539,-0.09789514735207025,0.0417296822518172,0.04541477736908342,0.01949064222815757,-0.07985655372784928
335,0.009217590858895003,0.027043067059221833,0.035993340142807896,-0.10501074731356241,-0.025324389998194453,-0.049738403571796486,-0.024526644531271152,-0.017545819330420858,0.046087854859829275,-0.05377107189932989,-0.0015749763413534035,-0.11230970661190859,0.0293714842195709,0.04310955080354926,-0.09086484592836723,-0.06197405564635186,0.001966790276169849,-0.08518719433792447,-0.034022229885132926,-0.03421213186643584,-0.08573890008497848,-0.02376692223065836,-0.09364360102998086,0.050466539050860376,-0.055747107974266394,-0.017004384140846047,-0.05779621366249118,-0.027545332744022006,0.013337454701077415,0.060757435456498525,0.06986461090667771,0.05131010045350492,0.06532435403096956,0.11259715619108174,-0.043103971952797325,0.00096245608622726,-0.04962951631995173,0.010980611428436649,0.04227158552908723,-0.04603614552735856,-0.016656050116996855,0.028586050360943395,0.09669560706329579,0.06714800286101885,0.010891016080395739,0.04039900519471568,-0.0031999388145402554,-0.08200625556076696,0.0009343172652532939,0.007528870161871311,0.05969852383021039,-0.06491043826236735,0.03223337321383022,-0.008504268214215446,-0.07051044257653873,0.064107831896488,-0.026774210975373507,-0.014909695210877467,0.050629247286444516,0.06016958771582789
336,-0.020326778838739623,0.06770530798815745,-0.04392780106859647,-0.05668185018597764,0.05018373537393978,0.03845449559560558,-0.022046330221759093,-0.03830406765977703,0.05312476288950956,0.006658565778210814,-0.06578227576692183,0.06640954850606506,0.04886632699031904,-0.024637458223154,-0.002028962939482515,-0.02181746181803519,0.09179946972458863,-0.0446215641998345,-0.07890384874062967,-0.030041501585673147,0.11230624781473136,0.046600799818129514,-0.05309677407246338,0.029062780475709683,-0.059209058122551415,0.0942205317753539,0.10269555809106594,-0.0018712127095283542,0.014993262220508535,-0.0658724066657922,0.061052072551391494,-0.03634720431943681,0.0028778543267389753,0.018122497310550902,-0.009622299171599336,-0.01566556845450988,0.037456510229509896,0.05062005625183059,-0.09339470785443188,0.05977656769044992,0.15934306481599275,-0.10267774961463627,0.014388615370412177,0.013920379218383289,0.09715290264330403,-0.04505878692984962,0.03458690942383952,0.06967366825175579,-0.0789619235305321,0.10086703686124088,-0.028368944664237446,-0.0852389963400991,0.05880096425881559,-0.023789160940704705,-0.0041752145000809515,-0.042405950373806234,-0.056389530046754434,0.005175682804815929,-0.03188058722872595,0.040503083541721704
337,-0.04779720321645759,-0.050670235052355767,0.027792140225274826,-0.08876724910276994,0.021712984969278353,-0.10079934706427625,-0.032289530895400896,-0.0219998698928668,-0.028181294484883098,0.009215808139799225,0.004058475664600925,0.026479562157987517,0.01636697013358694,0.011817797422611543,0.05825985377821965,0.07042575529908275,0.045365859977462064,-0.0160681317981569,0.07214913810531522,0.002203119281182471,-0.05344301595512082,0.04460844116953934,0.025504711557709468,0.05782716086546679,0.04378931348063982,-0.1259041767987017,-0.0026576001875871992,-0.08161434048912736,6.689745751262228e-05,0.02343180431545036,-0.01739845800161256,-0.05479373696276969,0.029564039939551923,0.10388565056636025,-0.013235543848678581,0.09490447108944312,0.0029263154663553767,-0.04753465448762314,0.060096400964891286,0.09410549057710632,-0.03732919485587863,-0.0867758457166266,0.04565628782880425,-0.02058381739193797,0.04577582266578284,0.10174725026441644,0.06839006514513937,0.0074520956978669315,0.08292313772073082,0.03989272043133441,0.015728956926814325,0.06693086527196707,0.05157562992336155,0.0010869090202671485,-0.03343101490163302,0.011287611593639404,-0.01289506574932102,-0.04701738018302553,0.07359210484592031,0.01758285852836926
338,-0.013148576003178045,-0.045075776129776715,-0.0012338054039197012,-0.06332486721627809,-0.08462635034547372,-0.1052548745370456,0.08244185122310137,-0.005671789706710296,0.06159137416205925,0.060872412808865246,-0.015553389458221625,0.018860659446718976,-0.009874743515845013,-0.07456957496350043,-0.0037574898378212075,-0.004799456976572564,-0.02700801081886509,0.042990451478704284,-0.0005705203108909264,-0.016546100192521857,0.00889220677299233,-0.07288648466659908,0.03876344717977761,-0.04681187321711158,0.05303762272871177,0.033871455029254656,0.0731906970551165,0.06862679431004572,0.018917377222470354,-0.022577174926943448,0.04411009259569288,0.007208559141704331,-0.11752412540116712,-0.044547549938379755,-0.05428649415549038,0.05036878298810194,-0.042931755299531534,0.027299492388080254,-0.042278373110816135,0.06171661071080356,-0.02121364333888068,0.05106800677422243,-0.022161804942061315,0.03412797935834744,0.04787502585515679,0.059035700014539956,0.028830562949809544,-0.04477914475649156,-0.049701598643278624,0.03563459736974091,-0.03369820749934258,0.03094971529198794,0.04252997658872667,-0.009519501619010972,-0.10409930727010733,-0.002263250509926111,0.06457418564816401,0.005527748161003505,-0.06880074669609729,0.07142041324932406
339,-0.05355342708638625,0.050746228928533116,-0.026248453005509566,0.02526066858096364,0.05178747038004469,0.0365823756559035,-0.11762316566758711,-0.07535049767873253,-0.041175578127939955,-0.011295464171038518,0.013663962485228052,0.023921152540507078,0.01526572104469814,-0.02556357924678556,0.050165116210708155,-0.06664834017282757,0.005873723780525858,0.017125061545076828,0.0029346862446290997,-0.04379730567813178,-0.013986463598431054,-0.01976305740413968,-0.045607485954657585,0.026574822121496353,0.07115639224672494,-0.1362413115836078,0.10647978615075371,0.053625287260915415,0.019152355665306806,0.0030798020890063535,0.026383517340946013,-0.04170948769157442,-0.02935299618161429,0.03790459037751454,-0.030766533033392593,0.04049006965298327,-0.02043135949264316,0.09331393728550852,-0.047941205744744475,-0.051654488481110254,-0.0750837376783571,-0.005823731379001756,-0.03636308947831998,-0.04276403913941752,-0.04950981153187071,0.017702769219143606,-0.007300498980939488,-0.04382208110828871,-0.03855911133438718,-0.04487068394814293,0.03724766037920611,-0.020370469787691716,0.06072924224375711,-0.09104542250583651,0.058410619437865366,0.01068298585976127,0.03225099912689508,-0.0018606864203697475,-0.07070691571469878,-0.15728581652189288
340,-0.0971473258378553,-0.038346399438818866,-0.007663909451544165,-0.03242766931970131,-0.026785315571802876,-0.051182197863415824,0.00751030790636705,-0.019747957596651978,-0.08276236382672911,-0.027610547766342666,0.00958884159000894,0.04389851114916878,0.04935987747783312,-0.06819325939875627,0.044681563846465176,-0.033143643390373,-0.023988418966829895,0.04996179257456884,-0.006945655117418444,0.048060110759456647,0.04319100956975338,-0.04230002755527552,-0.029906603412282157,0.06572921304422438,-0.08491230507229652,0.01542111897127047,0.004866776373497672,-0.02825663158219117,0.0023589994157658368,-0.005349699338446785,0.011066092981626916,-0.06003228235346457,-0.08963077274829506,0.04798370313363281,-0.01611698269431991,-0.057894490573829636,-0.027047483533012354,-0.0014730229622098355,0.004502236475999908,0.01386288164225041,-0.0427353682912067,0.07433111613614186,0.03395493213507954,-0.017274670057024794,0.013701583389950103,-0.0002697301931790279,-0.025568300386756376,-0.021443466151222383,0.06555685851643511,0.04294994566466273,-0.017227917160065533,-0.014910970896498484,0.0047127430636705854,-0.05245224800066942,0.010637946924436077,0.10404035321914258,-0.021770311761872288,-0.008742214914350021,-0.06669606063365063,0.024552035375256347
341,-0.0954828212948992,-0.01910112440280017,-0.025584652457404978,-0.010882862365032699,0.0009680381115356521,-0.036828185234711916,-0.08068017251719205,0.008121035042936065,0.07044915105434245,0.04806933643356854,0.010160609286101,0.0037235706326128725,0.05016717529688144,0.02219018925618705,-0.03729229054417682,-0.023546920863341193,0.013359340363405862,-0.034835634518583874,-0.0681852601598699,0.06603240539093654,0.02163742919862112,-0.041731775837025135,-0.019285395648414968,-0.045721877580754175,0.01545715650341534,-0.012758711264223848,-0.0937282603994712,-0.038771921303434244,-0.058845896469387426,-0.03760793292224539,-0.047063013470779,0.019984050700966892,0.007921500095712358,0.005007947331298138,-0.06559762371538476,-0.0008882964368123327,-0.02902746789927156,-0.14414725403309056,0.0021273883003492286,-0.015361839280149142,-0.016675098455632493,-0.07133659684182488,-0.022871902207770307,-0.056638961636564275,0.07228687683281163,0.05716604972249918,-0.07762407376426345,0.02101582811398367,0.08801403111593901,-0.04304489754531297,0.00943792351039542,-0.030470520266306186,0.10036112151265586,0.10979319730722782,-0.02269923150660029,-0.0021411001568695425,-0.017568308011511168,-0.0014477754994599746,0.0008348438545009465,-0.0421629938029648
342,0.026242366166789217,0.0990250628840653,0.008208161994512925,-0.011201609617004855,0.07443329883963064,-0.030410256770367166,-0.043652237248114775,-0.04020885945106789,0.02615555512601928,-0.07105778585095766,0.017825056601188476,0.010895757937187618,0.0649134172842035,-0.04411896421715412,-0.008790181260079221,-0.02744693856852238,-0.08575985705149183,0.02424515554012479,-0.0657200265924188,-0.0062876592343141975,-0.009156264245243562,-0.08000735340852018,0.004207613733042935,0.1338576064116936,-0.053396307524815174,-0.056886996259028946,-0.00975566919278795,0.00559739551569869,-0.036774394105722974,0.09595882784903663,-0.05178266794064271,0.02107045078155247,-0.025749829184987975,0.07105948425752273,-0.10432204502292852,-0.045671002923415166,-0.033261249893926155,-0.04845457080459076,-0.02553497406305222,-0.07142147833284232,0.015495280110854687,0.050015795427315865,-0.05080446245555312,0.048755731238046794,-0.003954278650011806,0.03676167163750812,0.01467772737088484,-0.018063864975789618,0.045373896698646395,0.020082054967498063,-0.021592351309840295,-0.06442060646383219,0.02198990890665634,0.08202070647585509,0.007744667481580748,0.022731022242420386,0.02829842196727109,0.0023440457603698243,0.025034820007288062,0.1100878622759162
343,0.01210719249869899,0.0174223595280175,0.0020249177442154967,0.014723652736302542,0.09521865896803859,0.041868400449157184,0.08967742061788936,-0.017270186481524168,-0.04555415078101064,0.07522676027586121,-0.0521607383776394,-0.10818552338348991,-0.0750334863997651,-0.06061337924847788,-0.03571066292527914,-0.019033885645651075,0.07788263168988695,-0.07684878055873524,-0.08190437707334826,-0.059946153675202965,0.022786659096960045,-0.0224781375382263,-0.06983123921093973,0.03670332662165036,0.054354633670499516,-0.008032641463365827,0.029884282341939614,0.01639374966594189,-0.026005664140944604,-0.03286430201265521,0.03156863095529796,-0.005151960396467885,-0.013161961037324064,0.020701159206596407,0.0294262796325944,0.008212981707711833,-0.010616492852094286,-0.03007097665806347,-0.03827795736658108,0.09054530317202886,-0.05941764872312,-0.015515378527807192,-0.03655576363091454,-0.04739120335222565,-0.00447302995886119,0.09298634456237317,0.023305500891503753,0.03086679267142133,-0.02801093829124199,-0.05052729067776041,0.027879087604916176,-0.018114380301184625,-0.04008121248657547,-0.06520757141466335,-0.03279520761114235,0.023287743684100973,0.053547227621323676,-0.03897662223976537,0.058330683433899015,-0.05641743509817021
344,-0.10249688824573223,-0.0018095223989024474,-0.05641668904483846,-0.014321048424384161,0.0289804582382106,-0.0403407642046001,0.05372891535248475,0.03922511233076229,-0.03761206684129381,0.01760369159529933,0.004929819528398697,-0.04839924092145384,-0.013095237204597576,-0.04308056842725093,0.02857579576027009,0.00866555309321546,-0.041049962898665894,0.08221186116644018,0.000613791536555966,0.0065445010519961915,0.011923145225708002,-0.023409991932573097,-0.06299510313501662,-0.010265553660548125,-0.02449736302483546,-0.04221911291815138,0.012033337384635252,0.07602349151646035,-0.0027863635515330333,0.009120145389626388,0.013045444480750894,-0.045681302924826424,0.04789333551067582,0.06814495747149646,0.05407074299857749,-0.038845036645258735,0.02044237101598854,0.005153286979156534,0.005514002093600019,0.11110354551256957,-0.07936843983810568,-0.01842571657445551,0.012577311472346335,-0.003380106538627488,0.04196981582598816,-0.07586213714892724,0.04691439588026139,-0.035952872920467144,0.04339336944187679,-0.05891886902438839,0.027735380728456428,0.015888807272739867,-0.034594809491383084,-0.006939614836208613,0.027610604510915487,0.0038657896575908677,0.005568997269733344,0.10559162164176619,-0.02075701898458655,0.12151305666171529
345,-0.04646974790710401,-0.006786315520323417,0.005785341781870937,0.07014589432794635,0.09189852079351296,0.013312445460335578,-0.0023703235189897805,0.08460521404513288,0.06213781017636118,-0.04077134077839374,-0.023010214253457926,0.04519779553416114,-0.01536738859894274,0.06938247332897832,-0.07740181827876841,0.04587453466501693,-0.013810621936919194,0.01912914725268705,-0.01387017496286674,0.07076451043763704,-0.05759795495011633,-0.03514657333716216,0.05555163428088885,-0.03848341800129043,0.09854104090242122,0.0030226565406891092,0.06067176142922338,0.05101561912638398,-0.015522515504167705,0.06773037528026413,-0.009957283888767165,0.013267602567541219,-0.034540993854716144,0.030858432154647102,-0.10929161461305396,-0.014164782215317627,0.06315378833008614,0.015480857480509858,0.12431663229963787,0.0668338089659135,-0.026878109890635875,-0.04975693400352692,0.1326776067071332,0.00857980969040684,-0.0224239592185626,-0.038608007511121194,-0.010825515025615597,-0.039528167157658674,0.03228032017377392,-0.08454409383258227,0.05010502026489661,-0.04761743722812444,0.03506280614580102,0.040804798635498914,-0.008712781388606927,-0.11588838151355195,0.028143222975719515,0.059128752177442796,0.0374383130161191,-0.03338465732397937
346,0.05166181270856552,-0.021700120522840406,-0.03348402405139129,-0.01163700630921894,-0.00949961844191761,0.09549602730077618,-0.062149524887682606,-0.05944998555479409,-0.039686529288600794,-0.050350319204784034,0.02128441177446044,-0.0076976610910631715,-0.01213773298562306,0.15100772512723598,-0.010211021106081398,-0.04855623201277195,0.04053240246092409,-0.014547081952053849,0.012519673795056124,0.061248447833552044,0.029611808836812126,-0.03353927787934663,0.01940830594751417,-0.11747532113039498,-0.03166815377010256,-0.01816063517344633,0.07554732785184516,-0.06126392538582654,-0.04639012373673756,-0.021900864064515288,0.07362396124527103,0.010051624116999783,-0.04465259203226571,0.02965565021880269,0.02348329114176761,-0.022056850727515457,0.03310817772142073,-0.04065812529640191,0.08976232631744256,-0.0836487544454487,0.07011583343021532,-0.07514284954320613,-0.016874214481082978,0.11249104431457677,-0.02478834922754326,0.006695189294491006,0.0052817188863967315,0.002460320235844037,-0.01935400649549314,-0.025141723144556028,0.08544896766868702,0.04393111631908484,-0.05428189862979043,-0.007066024295195574,-0.035177476210189566,-0.03474707353134732,-0.074948986564021,0.019933411228376927,-0.022458605587291486,0.0022210606309859453
347,0.012461621051789804,0.009627271156967059,0.04614829685196492,-0.02325184421582737,-0.05853949700426348,-0.027421227071855042,-0.15168008540036296,-0.0007459283380119576,-0.012843845053060333,-0.06063986783678065,0.04210347777828856,0.016063124182179898,0.026185447931550337,0.005662528792231955,0.03424978601199779,0.018852371481684546,-0.048962433810866575,-0.019326214249280143,-0.01997912574876165,0.12877556821073527,0.041025469668258624,0.08864177590121063,0.027167535058311938,0.023397733399165666,-0.028436025714450922,-0.044389045060432786,0.025313337305545264,0.04403485009318573,0.05995692596200605,0.0839187765302935,0.026073028528496273,-0.06421380058565754,-0.011450247726437686,0.07876715563526697,-0.0022431951627721104,0.0424672157343227,0.022122560686457186,-0.010221281693916163,-0.08590341334567855,-0.09008863409413392,-0.03893722108678999,-0.014733842317524464,-0.07307904181904908,-0.07209641410103186,0.1339633111829361,-0.02832209688017326,-0.03753270284489228,-0.09335913579940029,-0.10405603926171755,-0.0015572381659867583,0.03839793955684635,0.021540484414119876,0.09398257938807394,-0.055500837454298894,-0.06318791324331495,0.13371474229574892,-0.07351155424272465,0.04765150482652616,0.05465724278669217,0.05523012540214651
348,0.075372323850845,0.037773496764273336,-0.11400680094947377,-0.02897707874895681,0.022099551934279513,-0.07253858430385805,0.0041687851853078155,-0.003982846273492666,0.02098303444921738,-0.0018555321588003704,-0.019375450235008907,-0.043840211418139846,0.006540660427176303,0.06089836296786251,-0.0014962474963360424,-0.0017399436318153874,-0.009427363114075804,-0.05934626892180505,-0.001650196938230163,0.033824956466718896,0.015188188866526724,-0.03339255817019707,-0.011892505589318763,0.021298204404287556,0.030759524291011555,0.001926482460640103,0.02922707687746587,0.036942469893664794,0.029730352098351964,0.06314928206403214,-0.00593588083670496,0.0005145898647651169,-0.019581432016529936,0.028878504000275407,0.04806641325916534,-0.08476440265172208,0.025357379489783862,-0.07583125475060808,0.010641913991988439,0.035510857968574894,-0.0005169551666736559,0.06840335597763925,0.05816223744423102,-0.10132876431537997,0.061817282919447394,0.03506347537221679,0.05544899454530219,0.056727428797654335,0.04441936382323287,0.0025308052285982876,0.0885714076215184,-0.0412621312544512,0.02786559660431745,-0.0015893189645896195,0.003464109205693971,0.06489416185570011,0.035697748792373876,-0.0023716533104364886,-0.015160989298925693,0.023046538790021193
349,0.026348443317764186,-0.03244359532267167,0.030526529117487596,-0.11521518458711111,0.032117211166403044,0.02492854012479302,0.029635055052409754,-0.09441879278123787,-0.026863609703107857,-0.016176255831818805,0.026662565125265957,0.04067085071538895,0.01577169200631338,0.05206550832008436,-0.0871932407065522,-0.05443194313890377,-0.06706940681239212,0.03708392945230103,-0.023389635690964704,-0.0029919873562849093,0.07660223389743105,-0.0005757241031037099,0.05141025410952585,-0.015185878113071169,0.007832834732789196,-0.08028123881879569,-0.0016879737935346186,-0.04593602998595541,-0.09766239098533279,0.05732013467476091,-0.06811410689829271,-0.09298322187010567,-0.09293831578018177,0.0425283499013736,0.01696068706240995,0.023416055072915075,-0.012932934729766752,-0.016344746639308794,0.048786402024309346,0.1073502796744346,-0.0636380432079871,-0.054526959352217734,-0.004818558267636714,-0.14074937128403847,0.015204442335258297,0.004254830490766437,0.04288628394140171,-0.0019181233973183521,-0.037550909820886755,0.017748380431251272,-0.043580100746668404,-0.017331385658220847,0.005702396253437983,0.00776460152242035,-0.014884812550834544,0.03677848500907199,0.07107791673110041,0.020972889741325912,-0.04517404865387283,0.010747801216991147
350,0.027190107220999026,0.07761356957077581,0.013519878392150811,0.01680499655711838,0.08420417821744994,0.006964839463219309,0.06984058450958276,0.0049269884124794605,-0.09036643966493393,0.060743279527481056,0.008090741034711007,-0.027145023948483404,-0.06107515504173982,0.04956709150446764,0.095500290967799,-0.0037748825853478087,-0.036471668695365944,-0.006726179314414208,-0.025462814214654704,-0.048700383968598555,0.018047359721040213,-0.03612864881947371,-0.018591631275013183,-0.042320179542706234,-0.09523292388846004,-0.049924982440180114,-0.11386706561425607,-0.0823255597998558,0.01894684456297838,-0.05085419700146606,-0.01774523134706116,-3.877397824497054e-05,0.02656459613728122,0.05357431384544139,-0.039982976691805054,-0.03804114710297756,-0.0017697857687290416,0.005917721015569315,0.042517879885471954,0.05841079502679578,-0.05615593306415173,0.06925801280718678,-0.1097836782398296,-0.02458794650567472,-0.02646157791285571,0.008321550148791077,-0.0034322301966245106,-0.018635167866794467,0.04536515389039197,0.06372727001655458,-0.037907873871103004,0.03250002278118467,0.017969329826168404,0.007482273107482101,-0.016723475687164497,-0.05816120426936323,0.0030590587304030257,-0.05711264856387901,-0.10814845980838059,0.010040540523035435
351,0.086560472469745,-0.031312517225035426,0.01572200510822388,0.02483585710859992,-0.06628788279237868,0.022599762857901846,-0.06797832987933004,-0.036329577110033255,-0.057112860981350475,0.05843696532243349,-0.010594607484577283,0.02685587424300389,-0.07077990655580348,-0.03051550867431439,-0.013840193971255781,-0.011820751859143693,-0.042972608256168145,-0.015202925338259699,-0.027676282986274777,-0.004954624235960144,0.032806091510573517,-0.01081175280343554,-0.11229525387739234,0.017828106523056296,-0.037652276387032356,-0.07856485013043496,0.028708813143516088,0.05845819419583266,-0.042520275307168814,0.006085710487194205,-0.028044589042397292,0.021511607091084444,-0.02508413209134039,-0.018486758872743335,-0.035896600356683996,0.047757987454493805,-0.004770276483500918,0.05266510967872706,0.011764577767150182,-0.06859434306157705,0.054223191721874536,0.0497962033944161,0.09563887002239016,0.06768852579854516,-0.08784107371515269,-0.010885630901843331,-0.02738525987090269,0.03953732516237401,0.0011467521907260552,0.11285323736326142,0.06904843976355778,0.007496851578746778,0.06292287548397273,-0.04060654614632249,0.0005788391949955105,-0.062046994913674415,-0.05406737317266341,-0.10388916826991387,0.006599911725809302,0.024415837726191318
352,0.0912286417135258,-0.03474690265060248,-0.018598513829529945,0.008616839940906966,-0.0681752706455007,0.017374566532155078,-0.008736162756472427,-0.05691202781115194,0.004377953825066192,-0.05467112962765237,0.040487251201365065,-0.0319657033276268,0.011471309015009494,0.019850558065621277,-0.030558378880254453,-0.036741665916607255,0.020163414719163213,0.08494554473297684,-0.07543201330516931,-0.04676536854206812,0.004829307777631355,-0.0651766037222014,0.009638130434779912,0.05526378323354191,-0.06983317552936805,-0.008834654414217326,-0.10814081743040344,0.11537207558645549,-0.0335041361871245,0.0012957493869815919,0.035304398163510595,-0.022082720232380202,0.02629262905447472,0.0060941348424038075,-0.04410544924235821,0.007116636317194527,-0.013713451878360521,0.013505092815665844,-0.021215466056335546,0.06990910854752183,-0.0216760969903897,-0.010658499383423637,-0.011933732814624133,-0.021419086825361207,-0.03680349941487599,-0.012335495304971456,0.05266789751911158,-0.04914135943643547,0.0001277467608139807,-0.0483642706414798,-0.006606893171396475,0.07586121733161422,0.033641618753568005,-0.10866857053214692,0.08383212847422494,0.01574864081577007,0.09859707738026709,-0.0009818433287907173,0.012736617817587522,0.041825276689169084
353,0.008274558855649278,-0.003995120276371889,-0.0038581477166703846,0.11895563915379748,-0.028545936002914045,-0.09719996010498655,0.0378647491518718,-0.016050452668541593,0.07222808040630632,-0.07598445597028836,0.019717029486011464,-0.0021917129951742787,0.05790155279531104,-0.035460181730343876,0.02670396610229591,0.057463120257314794,0.02057685888801493,-0.007056578938519181,0.009383974635827876,-0.004957636426798553,-0.03191355547924675,-0.06352677709872404,-0.0307795690579949,0.06311883103043608,0.07151123191518409,0.06221353851186464,0.0017226569138028157,0.006458034861871935,0.11366895454599733,-0.00807618893278393,0.05320135713776664,0.0006433490702016303,0.056936251262383865,-0.09839793071537745,0.01380435084902192,0.01347436620044382,-0.12590073755842582,-0.00655067657654278,-0.07321098976342044,0.0580878397495446,-0.03507063564688049,0.0031312830809104857,-0.04197029391579965,-0.009706224175763875,-0.06520124366955465,-0.049005282266678836,0.044600385565687295,-0.006831025458561033,-0.017116941079456355,0.006794737718126732,0.14738416466779178,0.01581888314662763,-0.07114351249327037,0.045645632134317125,0.008309557279262622,0.07560368540849477,-0.016633258775772177,-0.004111377074397218,-0.06115088177151075,0.02079155600935228
354,-0.0005739075330696751,-0.050736243783504664,-0.0020039822024055178,0.11166550203639568,0.0736284800526905,0.025943477345266714,0.003090890799784818,0.0369642898464866,-0.08267996797343308,-0.04564991384707448,0.05195806275104953,0.004349791741104824,-0.03172287750003897,0.053226360503204465,-0.013936568178264922,-0.0047114319784892205,0.020374661466921375,-0.041166390988626206,0.05208002769208218,0.09897935304114681,-0.04161053628800576,0.02225180289164494,0.018691570494374907,0.008709982794969932,-0.038313118252949564,0.0020280456539138237,0.018712231324145102,-0.04918145907729898,-0.042091113980309645,0.061353893345839634,0.0009804503264024549,0.011204413172480639,-0.05026601865746875,-0.05446485958736052,0.08533519888981886,0.14884552940966383,-0.10581834813536242,0.027537399549090305,-0.018343752900555014,0.13248335526044258,-0.09620000977878483,0.03636166476030322,-0.03578975121530248,-0.032943768091356754,0.028202771186120513,-0.05940260452788609,-0.039998511377630365,-0.02400883727559973,-0.045308152109562363,-0.048432903647775326,0.020172887010573206,-0.02976136355282922,0.01930966531622252,-0.07597632257285625,0.041022162177444484,0.1944737574850372,-0.05233723368232417,-0.10414043267548682,-0.044527273053550025,-0.018936849457763923
355,-0.05819073653624287,-0.008320962652489664,-0.08299833949437053,0.004250936967180418,-0.04688693320853864,-0.09001513732464794,0.09302879857416563,-0.05593750098614697,-0.006305466053904048,0.053425153864535044,0.002097587041969032,0.012033968526419074,-0.03369278749353121,-0.026360701093551802,-0.06339487587062888,-0.07230441852455685,0.008123694134452854,0.0236835180345186,-0.02746831609206132,0.05445330061339333,0.016254771136417698,-0.030907683954982598,-0.0027964956698033603,0.041949189025777406,0.04102217195668153,0.005712094836670683,0.031120845540368345,-0.01849627831232886,-0.029965503722368402,-0.04681069288940804,0.0312773861114499,0.019525532114933426,-0.03735557855875991,0.02771665603810608,-0.007406666355810046,-0.0451829941450031,-0.024879482106387598,-0.03881041292279505,0.016212004651586277,-0.09528200405926822,0.026044152378482066,-0.004911366067957785,-0.0599560506357314,-0.032270495495830026,0.05579927755883752,-0.11957728883416201,-0.023191295909003033,0.006847803605313778,-0.06168333306367019,0.010402064752102966,0.06820454110106104,-0.019961112185220654,-0.07907255488820122,-0.03698476711147397,0.014593334864389775,-0.06368611321808251,-0.02863911308510086,-0.09190690253908136,0.06282958373776258,-0.07230922647347286
356,0.031021181333070844,-0.06806622774896509,0.07936212499358322,0.015467871921052137,0.03790667210904655,-0.01485991403424659,0.06549545208555957,0.022692230008929462,0.09659946874818193,-0.07705458643535837,-0.022968549032985428,0.00843171954682286,-0.023250828308886435,0.03164489057332379,0.057948848148246294,0.0276778207319555,0.05791948920498751,-0.0263657370919377,-0.012050977727571424,-0.0699993802079719,-0.03148134033269806,0.023178152542777428,0.020963520344324926,-0.02905620292190665,-0.01743349641000241,0.01831625595412515,-0.022548115699886625,-0.16047993758209994,0.04299363528188075,-0.007450845431186901,0.006827097787903226,0.09141821650336442,-0.06430601645296921,0.01951403590506924,-0.0377330011069698,0.0027670096274874253,-0.055866668931623176,-0.06259095408423608,0.031578542188554166,-0.033401222295199894,0.04675397741562012,0.003390041165077997,0.03881784781872322,-0.022826205133229135,-0.03736413282255338,-0.009999352524327964,-0.03181811105207274,0.07934649746135564,-0.10048449512747405,-0.09627858318476085,0.012099191225105603,-0.07505417923088491,-0.03444759033241722,-0.045664213332900265,0.02888647461212164,-0.003952602800035349,-0.05914721120134166,-0.01720677210012485,-0.013809315680794855,-0.004772961213858342
357,0.056132299417926475,-0.08998093410706573,0.0465801041206992,0.044111238420368674,-0.006892979364249972,-0.03409967554541865,0.09431425410276029,-0.01756161376584583,0.035386459820380085,0.04954301592734995,-0.003903099748463174,0.00184498434171747,0.027936687049763365,0.033300023651769144,0.10524594095545928,0.045155384766023106,0.0031299187027046672,-0.03664997799120785,0.013176526013593525,0.028803640923361472,0.0018322384984508589,0.023905965239277682,0.05765839642775509,0.0037215489231862747,-0.014751391320997164,0.02735005878961364,0.022018363384776952,0.08185245656174592,-0.08271020153030433,0.01122104885761146,-0.05109486455981751,0.03517332228649938,-0.0014545801438914693,0.01137288999917547,-0.06330851697868606,-0.04262569700748238,-0.02248891708403999,-0.06097647194258957,-0.09304194611404318,-0.08657699099460486,0.0016177998448506467,-0.017805158995808357,0.015259751412537917,-0.028465424462331326,-0.051731783000540106,-0.0009315035035974856,0.01112534665810348,-0.005788456118929192,0.042404718374937304,-0.0420725734950299,0.017954000758124814,0.026138629919119534,0.011183808176560011,-0.044454519035040066,0.019837184854812947,-0.05180317661998857,0.01594805976088177,-0.09199653772231885,-0.0549993041474189,-0.14135875697350733
358,-0.024022932027439967,-0.02882598454654551,-0.02140023739402363,0.040143177031460295,-0.03409948239881376,0.047532017308840414,0.08379202867798945,0.0666266871828357,0.09815687425895457,0.013246317501497764,0.09919391288996153,-0.0635691884203535,0.01850079751110554,0.10175522737661534,0.008891478446915596,-0.06614660143197468,-0.06562254533624909,-0.028504563028090783,0.04324155115021857,-0.049748878343625555,0.03541451607990217,0.03422475110035285,-0.06828306606635003,-0.001723394478751978,0.05352462984794461,0.0850609288983419,-0.05683390525869971,0.004556020659067096,-0.012178965845670502,0.05702275826762793,-0.025080120913094566,-0.030393701977771748,-0.0156987668602173,-0.017107376292019,-0.011905041069927957,0.009385460588945845,-0.01932705891174541,0.00038310064954983806,-0.018230086574616347,-0.011488789586724167,-0.07751815229090177,-0.07317746495627338,0.06639193782218507,-0.11115002339497139,-0.09074819443896107,-0.039986809920852275,0.022874038082470047,-0.05638891075347182,-0.053548870711280956,0.05713221327109204,-0.013223703624904763,0.042358675580481925,0.06507850744358194,-0.016079792705079102,-0.005086534041737665,-0.013538668645383663,0.025501390352797602,0.011117094628639516,-0.03143481098309628,-0.07137558986960438
359,0.040437767801232566,0.1283404228722033,-0.003604468679047166,0.058200734696164394,0.044510732395784645,0.02081384789140196,0.013286827969978012,-0.030041738753208744,-0.012091795284818548,0.006211014154792263,0.0543890490668126,-0.0008816321674020521,0.03280378105957094,0.04633155783817391,0.04213938379497731,0.06275647659887214,-0.0061057711617242905,-0.029104189170315365,0.02016557060826118,-0.012374508814060997,0.0011778286768116479,0.07762102889805847,0.06498360752393187,-0.033947290855728486,-0.0468076482057178,0.07405045758719457,0.0020056089020177316,0.05878985985003233,0.03776466739105777,0.015386290573286955,0.06640322880422855,-0.010988285872712035,0.04271036922105708,0.036886909551531566,0.010182993967397958,0.05256046311376827,0.08351002554402122,-0.037992249017543,0.01771312417376741,-0.042680999569985334,0.07102175517167597,-0.030496522272533483,-0.01960281350069307,-0.010123725903678127,0.07729764980518485,-0.016576226473234812,0.05634587053901771,0.021567996042489643,0.024810475603538596,-0.047507107207618825,0.016970068835234175,0.030635464933462492,-0.07192588888318932,-0.09311269872215582,-0.013963720404958278,0.08775935235327134,0.04820780062683331,0.04634566340596844,0.02634968241897659,-0.012218308370621388
360,0.014497705276602052,-0.030675351543346767,-0.05422357487835127,0.06276662144325668,-0.08152348957913128,0.06354243509654132,-0.01127446070429452,-0.05326597879734057,0.017920239216023877,-0.03504839618143022,-0.04788623581009922,-0.013861077147380028,-0.049073321433097526,0.011707484757770255,-0.008228693657693728,-0.13726733135962627,-0.02381623018212799,0.028470574619079328,0.002966203536434173,0.024978737202835832,-0.03343676017310061,0.06238598757563471,-0.07149971661350993,0.053818759760006385,0.0004432728161268014,-0.005479053654417363,-0.12917340714077752,0.10136948057640328,-0.06384801715972549,-0.004782035980653676,0.09173942581867947,0.03547540737013465,-0.011184296174126487,0.03443536744590125,0.07487128913568929,0.06502444645752015,0.017749266862778935,0.00866279066545111,0.09934608691488782,0.08192712004192791,0.03822511173522278,0.05360678260175762,-0.0032483750641217578,0.09390963663982523,0.040705591590054206,-0.12522347245340681,-0.05976862450284217,0.01686154803868899,-0.04431593955745948,0.0011074127363916195,0.04398492550317046,0.006822242918086172,0.021026842386758702,-0.008946947900228668,-0.005568986632380856,0.012609122217164285,0.08661202188090392,-0.16061061550370836,-0.05827939702219053,0.02838962841989795
361,-0.0009251251290723659,0.1209545269611323,0.07648805892166274,0.021340600010121117,-0.0153646985674416,0.0788545665991321,-0.03554177769702612,0.05285196489407497,0.019526160478941585,-0.007538836595444967,-0.010207986589819336,-0.00644303834772343,0.0229837161695882,0.00752305775446466,0.01815554974940715,-0.009317047839502723,-0.027264764715034535,-0.02148520139429561,0.06557766013774366,-0.037704305542995836,0.01748898113636089,0.0157826244336809,0.0576769074687352,0.07682951739671036,0.016359453082433348,0.023192504632227925,0.08422671891435321,-0.003936328920851225,-0.05655488540782011,0.009528921677845555,0.07206229693463136,-0.01897022038755856,0.0003441640950662538,0.01887484957364975,0.05525335435027654,0.022451497736235927,0.024796799821027664,-0.058566177451433984,-0.005581409964965252,-0.05664398931789311,-0.03477633866117928,0.05804730493221102,-0.04579494465986172,-0.0653237545012151,-0.035318335399643165,0.05301274827897756,-0.06382668004429065,-0.02689571906642164,-0.022747718755960426,0.09162949140248022,-0.10518368796090015,0.02725188411227109,0.008116798604067279,0.036226822101377495,0.0994169497320553,-0.009479551237510285,0.02823006529074794,0.04180487598500945,-0.06658796577027722,0.0422951487550188
362,-0.04829379407712953,0.06519111829575022,0.02973609603081029,0.10681073042374045,-0.06928637885963808,0.044963135967135595,-0.01545082538201843,-0.01068522459521234,0.07736678979775552,-0.03468967853352638,0.01294596232784479,0.02635754543184033,0.00963220438266668,0.036483131836663914,-0.005521464854391964,-0.0032441514853497277,0.04266423536385007,0.06831469098822548,0.04321306779000184,0.03849651399948406,-0.04831051919180787,0.055062270231530014,-0.0030018696768941075,-0.02569740686975763,0.007099035129292565,0.049228582407024,0.024948239901278504,0.05268719411064285,-0.013639844291926764,-0.08664940847891327,-0.08227816812586432,0.0209623310388838,-0.011359404734351831,0.04022586098312714,0.01139831133597465,0.0642716644638849,-0.07819771685179071,-0.03315795732267707,0.00029508124917666394,-0.02015685965552966,0.040846557733237594,-0.021096869716385313,0.06164287957707995,0.08130515364673105,-0.014509545172465357,0.02460777227787444,-0.0018468543668949083,-0.005919275974323894,0.047372868976135414,-0.02874259438538321,-0.02712637579250383,0.13647057132416823,0.04714178220560705,0.037392857010935206,0.04997832846720039,0.020945829802424386,0.0508447706571258,0.11711717525174743,0.009239187932560218,0.01232055329604522
363,0.00696578142463426,0.05744176112968944,0.06021694692544108,-0.02288216033089702,0.03483556656267182,-0.029659645033648305,-0.028859517161925936,-0.049220892521677766,-0.04488533800654229,0.020024219162815386,-0.10339411446956148,0.12356050129203991,-0.05506426991921252,-0.029431580039648266,0.026351437299422593,-0.0221137136629401,0.08732993348779294,0.007285773603138482,0.012243654293785485,0.022207706906615086,0.039888527574027506,-0.06823571652808227,-0.08296321593321712,-0.045506657434978774,-0.06012874912037762,-0.09030553326061071,-0.08020239786760706,0.00961359054663251,-0.010810435197500915,-0.08848964316648428,-0.04953710463161038,0.055865202030775024,0.10280840449097008,0.05734267291389602,0.05144410527383165,0.0228463466989182,0.02828124825005696,0.008038950693537276,-0.05824795015595629,-0.02304042875325077,0.06029669670587244,0.03829234330482254,0.06521045439245987,0.027746169953553095,-0.054630539814005306,0.05186283169039693,-0.03619350928884915,-0.03631127774784937,-0.10622261268500602,-0.015602629515614619,0.04761742383319504,-0.050956382024343286,0.08090965505941282,-0.049173349826109186,0.01583389272510181,0.03899029324226174,0.07717726825692134,0.013479521402049612,-0.02100953338962001,-0.05641517520783697
364,-0.0025775158780035547,0.07872749303887364,-0.029729472908566174,-0.06748630288503704,0.01572333463422625,-0.018211878924149993,0.015562664601622356,-0.03147484167843989,-0.0070058601669010945,-0.02141404997422486,-0.010551031105711522,-0.12157539828284727,-0.0022455639515963958,0.11624545375725198,-0.05256165210604599,0.026118741367191344,-0.09529032149096112,-0.06331922384122256,0.01894845680054741,-0.021987267971362957,0.022103053183519666,-0.07400311748919257,-0.06582480980389727,-0.0339800513521116,-0.08160614795776407,0.05079239010808003,-0.05605284712231221,-0.0062014707981988245,-0.05125830852944116,-0.05497077459968458,0.007377632391076659,-0.02049302035221355,-0.08778926257244118,-0.03258058361046667,0.0679291169470851,-0.11411159020371954,0.07241125372924975,-0.1370656860595709,-0.014292491057102577,-0.023789898171578748,-0.006697769430955446,0.020884272759291386,0.04951704460743914,0.026871059183894305,0.03450890978469473,0.07870269788303932,-0.09990357971075403,0.05132039219944704,0.0044959828404265685,-0.04300782803873867,-0.026790743055522724,-0.026008696772979924,-0.040731231425826374,0.039028163329385565,0.012504898363988586,-0.015242799728676438,-0.09869479029022432,0.06017589550464131,-0.020465552890702038,-0.03613349891799053
365,0.01952865482700415,-0.10600888069759305,-0.031376217471121425,0.06224131089421654,-0.040855193543091264,0.031008097108190805,-0.054683951847688865,-0.024715375112190997,-0.014764192647361913,0.029768747057866765,0.027356727386454775,-0.0007319502450301331,0.06338526276644112,-0.013609272868898887,-0.0784027393110479,0.07981832403372759,-0.0737561373432017,0.06299670960614065,0.016126004344601305,0.013426492966003402,-0.07086548705138239,-0.0557828860467317,-0.006099772905524679,0.007091217828855042,0.08153598936682753,-0.005674141142156974,-0.04267988313022735,0.05891236645620018,-0.018912118956896918,-0.009416238421334792,0.05699453904444411,-0.017911228983624357,-0.08395062057213282,0.03653617337664919,-0.04280047292072255,-0.030625654077560426,0.10006773534947179,-0.016314028275680084,0.09968814230197598,0.023086068141090817,0.01811052088713403,-0.0567654489708768,-0.10387254984411183,0.0518206004782662,-0.04082518400981475,-0.024984896550127658,0.04128599127114379,0.11753734657355289,-0.042807595259640834,-0.04973612146441259,-0.006200017653534779,-0.09994074297624084,-0.014051658602629427,0.035906402807048356,0.02394605699232374,0.005554488774909348,0.010678128415632813,0.016858467471943063,0.023645869245766785,-0.005839059127202347
366,0.0033015532270581453,0.02414526747103672,-0.024077515798524685,0.03993534649403541,0.05200270906125195,-0.07834845913364577,0.02577349874376863,0.05918704781105802,-0.009517580467274526,-0.032313812886997716,-0.044368637112690165,0.11270060362325336,0.007707614597115514,-0.05228640893708772,-0.024475969492843325,0.0094013983789912,0.1402865656749983,-0.08871040887001756,0.06054015938160654,-0.014364981730333981,0.04042412890688396,0.10212910996339337,-0.016483798917972994,0.07297097994843633,-0.06423491785195708,0.023576773739174786,-0.06320531850504246,-0.015627065697240608,-0.0032215393327148273,-0.011114851263480163,-0.06253655281841985,0.09284697765179258,-0.08453763626277447,0.022448207893892378,-0.1321478508892896,-0.04113758089809559,-0.07144529108198068,0.020796259124266768,0.07248468318512681,0.07277079048127895,0.06667145259821797,0.02892491072147759,0.00240485380833122,-0.035315111435163186,0.10380333008386841,0.07088541371506048,0.01142784976974175,0.05455161429462626,-0.0003912678849222585,0.05878640140150097,-0.0005775021149930109,-0.03094227009603108,0.05796971289148509,-0.05659714764374053,-0.002383481909730451,0.04368627850393658,0.00020863586688751637,0.0031410198570817798,0.07775910649916913,-0.055857024931800045
367,-0.023081916979520552,-0.0005408840723976526,0.09810002486713468,-0.014323496443344883,0.03756789347302154,0.09214348454103101,-0.09099752916559109,-0.03300371547055113,0.012945694298241226,0.008838128414900035,-0.09918566731010865,0.011205015700457215,-0.04583691489187745,0.02132440379033371,0.05805677529547278,-0.020017835925815047,-0.005407517675805898,-0.07905783789085973,-0.01948850116831351,0.013046952555550826,0.025222991676364222,0.0012185239987767672,0.09465366548431609,-0.007170982218557979,0.0692098972770829,0.09075621341510505,-0.033160482058601615,0.007992012280232342,0.016044878204209186,-0.027077599851137172,0.020136735402289843,-0.023138324563376982,-0.015649680533075586,0.023918274842982947,-0.03490327383854015,0.05017820339153634,-0.0467329460633827,0.040812061966711784,0.09783643626739215,0.0089046671943603,-0.014550350239545411,0.027100400902695436,-0.03420122020565716,-0.01338674683836039,-0.007074107294016732,0.006460605578324945,0.06473177080689772,-0.028465720604560266,0.07158779745429045,0.019202873573073154,-0.0028431631174532647,-0.02224847963093172,0.0555543951990576,-0.020996398768465464,0.07520896216726461,-0.022431588777496018,0.07995921598131743,-0.01198787446204714,-0.019235993027713956,0.06749526999168821
368,0.02038751121841839,0.08530764787928184,0.025673522719481055,0.016127576283339582,0.029778318992368807,0.018919310641946817,-0.002519883598443556,-0.030934914439227284,-0.019022988241898013,-0.03404476331839713,-0.04777931306951365,-0.0270741461963793,0.07476685725962592,0.004518224497383285,-0.06916996459296572,0.014311787801788926,0.16098381324974934,-0.040318513156740135,0.07026414858102739,0.14403917617966405,-0.08026263966670921,0.005965144508704239,-0.027014331428458813,-0.03821570638368473,0.042366036910868286,0.07369961452480372,0.05548646084210823,0.054717112569821945,-0.01433887721555431,-0.008962558179802047,0.06201880167407237,0.1078934066286124,-0.005092765413697767,0.04246438226831859,0.005457068983318129,0.0325228278208163,-0.02455814022125907,-0.09907263597341624,0.0136220334139933,-0.003919458164679122,-0.09264678640050457,0.08261451926902863,-0.02228817121334042,0.017795807238843817,-0.06567967259017621,-0.0038388847714826433,-0.00996795743814756,-0.09042534453202845,-0.07545000127615688,0.09286511796036355,-0.020072348528805024,0.016242515889352938,-0.08637919472858353,0.03263568410776443,-0.09611965041422948,0.06982792940594161,0.004435888964378574,0.04243512305647402,-0.005478255054283944,-0.04522371805281268
369,-0.03316955669947878,-0.0024749057615536803,-0.06321140742261029,0.09519589707489719,-0.06585761138792157,0.01460874606079396,0.03015167245434465,0.04641159582770249,0.06828572499467714,-0.0360410292257925,0.010468786191599777,0.011064795157224598,0.02396016799447463,-0.0207451873358257,0.05924154249262822,0.02783142595197118,-0.0694020407893717,0.0031306149156120847,-0.09853328150392457,0.004367209485039112,-0.03879849228594914,0.00341593227933876,0.10882348236426415,0.07163180038275337,-0.013488140315511866,-0.0884551108163167,0.08236491344296853,-0.05871459097917143,-0.008162594595545216,-0.008747574845321864,-0.043761502837696045,0.010083999907415769,0.025204033519244665,0.02154727696683541,-0.1322822566990877,0.04397974804082282,-0.05431060783807191,-0.02651911179423778,0.11223132147677589,0.04798499858910277,-0.002226722212683368,0.0352134572245669,0.051832609970042035,-0.0046016759598466565,-0.021900721816237225,-0.004542828116768281,-0.08798865422127737,0.0051628333249800285,-0.0802072720280542,0.09473431546278195,-0.026858858015358568,0.08097345523138678,-0.0016623869862649225,0.06335988379697347,-0.07807030013897857,-0.0019587914197893097,0.004808512103280673,-0.050927429203972134,0.11492958879611034,0.052512067388556516
370,0.06994341534155907,0.06646691530286837,0.027876771035389096,-0.03612759149110002,-0.02132565303244376,0.037426885234761516,-0.0557199982676485,0.011581088752719612,0.01955805849195809,-0.015405303719011828,-0.0943791295127105,-0.033340748070011465,0.06518797903214205,0.025620144752833827,0.01892469122038606,-0.12511808821939582,0.07669287919390456,-0.010188954256174273,-0.058198776833092825,-0.008676465210838098,-0.06751108231649704,-0.0015745349362722271,-0.023587577521607356,-0.0054559233069290175,-0.027084889000564823,-0.048316070618459696,0.03445496554666439,-0.0018221674503846655,0.08031434088802168,0.040717354274540776,0.015590319589348343,0.045698792644654734,-0.10362246899061849,0.025156859022959985,-0.0340434676781166,-0.017456057419155752,0.02098407911734734,-0.02273204064566578,-0.009139331710669637,0.04654886941035559,-0.016122744445468122,-0.023404889301307703,0.02630840920177045,0.03896822274152573,0.028487519378254913,0.017169140282569884,0.0562195694143287,0.04071506976522219,-0.006289517474869092,-0.12633436996900607,-0.08225141797195518,0.06784272402849535,0.03037142689273579,0.04224377319828733,0.028379675898588835,0.053774902245604585,0.008362855056742044,0.05299874056061661,0.016538074879676658,-0.07956315297934323
371,-0.05018082465809678,-0.04400185586378902,-0.018966517684019347,0.00013033294243880566,0.03924342876105295,-0.029888356958588606,0.0018421995986073237,-0.004544286788460732,0.02683876420502623,-0.11050390524951235,-0.054991215677248975,-0.035655908320074335,0.015685898191755924,0.06858347695533243,0.01250032066862062,-0.06893267693198575,-0.03694766268570997,0.10487993538840312,0.12643975825056566,-0.05968796378223853,-0.014775961675807211,-0.0104179371972844,0.04586689306075619,0.02830263794903252,0.004290398396082369,-0.07975429564938759,-0.13094982442953304,-0.027255507260991706,0.04053444454988857,-0.01222836289397465,-0.032912645398400935,0.09207011421597827,0.0029891454592246083,-0.041208268900643046,-0.0025961094301269172,-0.0491753572647001,-0.07222781146979315,0.13567812128093576,-0.08959877579541434,0.08232795663286002,0.09527751985976836,0.013726832500829246,0.010163958205488122,0.019922211421105285,-0.021746074784376443,-0.011885623665092942,-0.028793383751981923,-0.0707924852778403,0.0603126556452966,-0.041272611459334,0.029143430621612326,0.05936076837309349,0.11079538539940181,-0.11465633909263612,0.011902593012725983,0.04098523968893678,-0.1370381799009342,0.05071694464380067,-0.024304166193527914,0.0005768392543500043
372,0.022041348855495326,-0.02184908418172056,0.10047887699977281,-0.04102999681572826,-0.05395779307619795,-0.02956743468301929,-0.009858308598382586,-0.00374752604965524,0.0322262466835999,0.08382795479658664,-0.02167655660337325,-0.05730791015218234,0.06309246000482695,-0.0037629176191225225,-0.10668902926064608,0.0016294598601261504,0.03532090769599974,-0.012506404888489002,0.07181482357179379,0.033616417260507084,-0.07034767600110801,-0.03369754326939376,-0.005715803792465173,0.033310198189415816,-0.0746908770744271,-0.029678975461604383,0.022754473344361193,0.09465711670179396,-0.015222610655499097,-0.07603713808972876,0.09280302749545988,0.02923766536761852,-0.10664765416058662,-0.03054734579316222,-0.05579937550276241,0.016608779918779758,-0.048634710292622126,-0.030958360444453912,-0.08549012419344594,0.16627908726310037,0.01168411650162846,-0.005356287305514457,-0.05021776757171653,-0.005583617166341529,0.0012010579229909412,0.055159561446261975,-0.015029163359605198,0.0022079508239459798,-0.018654397671803206,0.010138929040308718,-0.018734250235789774,0.06208195570979175,0.06576984754755465,0.04555856087430304,-0.011134640607008755,-0.0195388180024925,-0.019041165041866127,0.037293093676172985,-0.0018254615479400185,-0.016572522626003856
373,-0.02560616527604376,-0.06603836973634218,-0.04569376866928096,-0.006532265433479113,-0.04819143030660677,0.0954647026710205,-0.024876437004983664,-0.022568130856957826,0.09613165320968027,0.0038117646912770625,0.05021355528545817,0.03729894930532475,-0.020957652212168436,0.014752218726593972,-0.02522710428075206,0.058697037012204224,0.026522226238085866,0.013413371091876626,-0.11396235063094326,0.0605538297025643,0.0008571113816557805,-0.02442326139931474,0.0666940767796541,-0.010483806478230188,0.052904693230262305,-0.045308684398845785,-0.07452494174945284,0.06711101321091965,-0.054617191744131995,-0.06792637510323622,0.08442478494485138,0.12975470413399265,0.007200827552652694,0.028364509084049586,0.022982710325607583,0.04374117711161778,0.03150301764694366,-0.04191480098078643,-0.02542927398362819,-0.029938207007969515,-0.06615322662463805,0.0003764572346506553,0.08038529183992528,-0.032851781846121204,-0.1010152731926152,0.0028571283414321625,-0.0768111027436992,0.03833277818733842,-0.011309162997409224,0.019472638169221866,-0.12789997608669368,-0.0877311445611855,-0.026329771614318372,0.02021000499701324,-0.02006058879179796,-0.01452305355804794,0.015536959530249809,-0.01448780820274174,-0.04571994710549618,0.031151282458254957
374,0.030760359985859097,-0.07850306806640214,-0.013851624128412461,-0.035211456239966035,-0.0018589406490436525,0.06436592392367205,0.013241146509472864,0.0010938255088242766,-0.13226033490873457,-0.03689897143897494,-0.08623871745124691,0.025894090887526474,0.05541386854489077,0.0019492145670302625,0.04418687788581693,0.031143546229350963,-0.08308134861177487,-0.0287632451849259,0.011201997329927051,-0.06490292771081828,-0.06265446636030737,0.03617561043652973,-0.024062821674042088,0.02193362322733952,0.001758191740009861,0.018097338328503805,-0.0010777722834875766,0.05346069723162993,-0.09355529452677287,0.010215896038373728,-0.0378694114545592,0.07279458896692244,-0.0035172068867424596,0.03902987729637967,0.01995318033239544,0.02139160753703252,-0.04348278602162655,-0.014468397154429912,-0.014834753822674861,-0.01094873172599427,-0.04446093988184391,-0.09936939888503118,0.03977797669802099,-0.08474711878761346,0.03622372342253318,0.12285880228470575,-0.10573184551391682,-0.006650654066933951,-0.10468157201547222,-0.016654617214996396,-0.0636983567252293,0.02228619704412886,-0.010439701159318845,0.03043798347611765,0.07126642213271128,-0.030764314965283777,0.00034139746204983666,0.004794999166663783,-0.010562394409240096,0.041034865983574385
375,-0.044247370416023536,0.10446194487480785,0.03684927273319973,0.0027584379247866326,-0.008546143098423418,-0.03578313226103271,0.0035495282457584407,-0.014652543441226792,0.025083331381251035,0.11951107593492041,0.004564728534362286,-0.012589197167680942,-0.029423401502999998,0.006174361070428663,0.027395416369924333,0.12944045956488492,0.04741990013375658,0.044074996446814035,0.08292615317884518,0.01146609860538251,0.0441037339559012,-0.049919318881665876,-0.01244636074227477,0.02035800872701313,0.020122747705384036,0.07277566906513727,0.06395962452329955,0.021089425414648737,0.014461210903711993,-0.05209574830852704,0.005108836764125459,0.006190549538265115,-0.04190536416293862,0.0038217312389235815,0.051764147877071016,0.01900253464470457,0.03341617173078465,-0.028137535378380783,0.0022674642802471014,-0.021028638234439706,-0.046201088564847635,-0.09386521016054068,0.018129424772438323,-0.004073490524742555,0.04092751462871795,-0.03462097852202256,-0.04524657981806157,0.03804214566877443,-0.017916020398994592,-0.05107192616510213,-0.019253193041989133,-0.03461102866854707,-0.04631003404656022,-0.01868109470214406,0.05612258398396743,0.006842737924264257,-0.026224192222681415,0.059729187538301386,-0.00919111593391655,-0.07194456640159402
376,-0.09129065608165925,0.018913432095435185,-0.04986010480769032,-0.006118274100049019,0.01307839832043643,-0.030012082935690257,-0.034240224535549875,-0.031420908249579556,-0.005033476398246867,0.1087435178768252,-0.03899307746177324,-0.03337881724868445,0.02732895358657983,0.03590864895625148,0.029393320109850785,-0.044869129869111325,0.024712052750917025,0.023743727286994098,-0.09065215278224178,0.018774109928295084,0.051973425451037294,0.09277313037827754,-0.010459764076153746,-0.08949657629320178,-0.030168104691162677,-0.011953655828190014,-0.0348382129095988,-0.02663362097111225,0.029330912723768268,0.028635342988996487,-0.01994175284003961,0.05956074546080274,-0.007788184522516235,0.013311265282971272,0.0043420160061043754,0.006735870977140588,-0.01691864192858497,-0.013918036794175487,0.07209597584986797,0.006745183292643607,-0.006165602333853644,0.09791674577299912,-0.10695293756140346,-0.05494254600618654,0.0008836844934221659,-0.0005047570871595439,-0.04222424589179482,0.03632553780963253,-0.014136204707879905,0.0919718627540063,0.015629053604363195,0.03949135845777997,0.03171997312672422,-0.019066831525258426,-0.04425209417237434,0.00756770106220283,0.020772224512661877,-0.02126415920469307,0.04390742604691607,0.024993188476056537
377,0.05073026378339497,-0.08335657709122103,-0.10385535918591393,-0.021631076005330704,0.03416071803136088,0.04587398895974428,-0.03826638380475763,0.0525661146354842,-0.012054367948064948,0.011847447240623614,0.02191570421449117,-0.012669975575252722,-0.01362775899057863,0.036953873007624025,-0.023911900612241254,-0.010238273678160374,0.053749093444870145,-0.07037474722129525,0.03210678182831879,-0.03664511498267543,-0.04898051323693381,0.013232076380022967,-0.04489475442808186,-0.09109597414221282,-0.021094798323790007,-0.01825734663950573,0.01041210198100136,0.035405566234473315,0.004243349909112186,-0.00470062039183078,-0.013562981778931853,0.008087847285225958,0.012885901698815969,0.0020036290823093918,-0.044519338749182714,0.07593619212656245,-0.054534286172242784,-0.1475369332614354,0.013051333535364681,-0.03737684788895624,-0.036950453435884226,0.050378440233123704,-0.017404672551058913,0.03196192502252592,-0.008941315503147678,0.009260055432784317,0.05856807460580608,0.025839049587848946,-0.030228663301781908,-0.07593189317665172,-0.04983364283953371,0.02636791743594443,0.010588467961506125,-0.021852439231563558,-0.03096436289798485,0.03165610405444503,0.020245713738198022,0.01828951164026607,-0.045492416549910736,-0.01563704137179564
378,-0.10028836919496656,0.014028935527817653,0.02665987474284932,0.03905619884405386,-0.048278015522531414,0.0529193622164611,-0.027298908023198773,-0.04038104040486482,-0.02049215680458028,-0.06017119531439247,-0.01776150656079473,-0.03162254353613527,-0.04185529208311187,-0.05757206003164074,-0.04517037267557823,0.04435337240200237,0.011146707458727784,0.06671806684623505,0.04344700844232415,-0.02593557709540794,0.04093384162868221,-0.009252262032668733,-0.013717007670955355,-0.08936458680170759,0.013268876559539296,0.005364212545069423,-0.035879443775024215,0.043545455851168466,0.028086401780023508,0.05288332835628886,0.013718472424465689,0.033594592506839036,-0.03948652804631009,-0.011241791176961165,-0.023856370026255163,0.01438350244879808,-0.0921829675988745,0.008442132073761061,-0.01530646464163975,-0.028092659304276825,0.043279808864523824,-0.08392998772264951,-0.026421768302769176,0.07127550122954321,0.044383392468189335,0.03653872682287114,-0.004204502709911231,0.03038287117966862,-0.033892114050798894,-0.02815331618750514,-0.002057482752060213,0.051155733532709656,0.030900432876189193,-0.011194791329781366,-0.009273791717415466,-0.03334548236378317,-0.055162496840175684,-0.053482930250648625,0.05551710144656352,0.0253766693608261
379,0.0553041044659883,-0.02790189645436294,-0.025731521278795518,0.006079091612752927,0.017161918580317286,-0.05581553964132552,0.0288321567877233,0.00286585175804572,-0.07002401257134232,-0.1108197166754072,-0.05524521953413795,0.08722894534409854,0.03232940481303952,-0.07119814317536595,-0.10142136245573852,-0.008340717697733004,-0.02641163954960955,-0.01569458371258741,-0.013968943563316662,0.009554598224020206,-0.0514827566654625,0.01167355079802989,-0.08215894074544126,0.028686088568640904,-0.049683573111293546,-0.012928533342046708,0.13583267904816976,0.07719966985970585,0.026142923716561794,0.038762161421290395,0.050963785246223615,0.04820293176420789,-0.024585964399297226,0.028017721321249193,-0.028732210661535713,-0.05542738596539174,-0.0376951179427782,-0.043551391481835455,0.07849528355911804,0.0669002562184001,0.042084412426575346,-0.020029523146072058,0.05199958340450826,0.0011564335260542218,-0.06190133362426015,-0.012139364566563376,-0.036609200315916836,-0.02185813777211748,-0.006542704485378699,-0.06468314941455071,0.021382264602340398,-0.019423727566167105,-0.06237842466846383,0.11785424690409026,0.023063803603717473,0.005284495735468593,0.02340712858299736,-0.08811281770947284,-0.045017884970680155,-0.016309231541735844
380,0.05233580982818876,-0.013174248943815556,-0.06864674885241324,0.05652210793962102,-0.07015655576641895,-0.033299917569508626,-0.005385589726079148,0.029867059606960025,0.0020832476948859403,0.013989755415279574,-0.05751829609409834,0.06579948125381904,-0.021359904109440442,0.0549894600740395,0.06132409326417326,0.09965372519041811,0.010173923945388607,-0.07084233066036855,-0.0011930828392997977,0.028340757392359854,0.07282578454414866,0.07203447023416511,-0.035906824089637704,0.11736614871703246,-0.03910272314696386,-0.04281465889671873,0.024912692395595005,0.020901350604231112,-0.005443762264536605,0.06944478435898001,0.006804684150533557,0.07139856480922846,-0.008313191640126338,-0.03121456970496466,-0.03366764698246711,-0.0628407712313847,0.13258248402650671,-0.07917366799449688,-0.0452683329505661,0.07845495825298891,-0.044719327958691116,0.006011390212741933,-0.03202492755563477,0.01455575187253277,0.022560912589157683,0.02400871150336616,-0.09160894444087024,0.009170629237530582,0.07762161388112912,-0.027169184713500757,-0.0006831812905770816,0.047847158149467856,0.037043794792292195,-0.06551368797377648,0.03146573398731484,-0.06948294561606853,0.0848110736953456,-0.008565538922258755,-0.003388777691947528,0.031180229570375955
381,-0.06564060462873089,0.0514341225063913,0.08421306757267168,0.043556488508772556,-0.010744028342967246,0.05923590893750945,-0.032282316007623525,-0.03298569248422179,-0.00501717082127348,-0.012028528932020487,0.03476236240692774,-0.03716002986668259,0.07322348737997794,0.024290403546047515,-0.006471824125111654,0.00765453018896323,-0.029116801374747422,-0.021580553270337307,0.013521051300764177,-0.06854535132628345,-0.09401954941889053,-0.017799448283426264,0.058240541620560686,-0.05322857562555723,-0.048573786008002245,-0.05909180564320772,0.08051514417635655,0.019596558808008445,-0.03984672694912069,-0.09547546542471295,-0.01641767439566987,0.015331427760309676,0.06016710851563517,-0.0632762255831302,0.053944181116389975,-0.08812872750096432,-0.02745576549088583,-0.06867583873668016,-0.03506951227656985,-0.07782778241295489,-0.053631763204530954,0.018006065262623744,0.008036774300560184,0.0036223437109750333,-0.01068114259071913,0.034124945344979174,-0.0495350760148532,-0.010313046100413975,-0.014160231495964917,-0.04198011625864583,-0.10528785811463781,0.129000628588155,-0.03451981138130981,-0.01814788883900462,0.07394775913048611,0.0037800507740602136,-0.04561263109036127,-0.03218756624756818,-0.010052512433431198,0.018114353359632858
382,-0.0873876308496425,-0.00895794807879725,-0.015389365769641814,-0.09154835316951632,0.05025070719040477,-0.0262909156254693,-0.04469033463111117,0.017756586142022156,0.0011298525494258557,0.023317105226936936,-0.005271164000898474,0.01071239384555715,0.012191024506628085,-0.0578846670969932,0.05432579921570666,0.024684353388206216,0.12376848690244559,0.025895330131986534,-0.014298681648454539,-0.01945231496264542,-0.02813685591372697,-0.0040090385178971006,-0.011532742072380376,0.019704963712408728,0.03271656497221886,0.07030976730412336,-0.030299018695378124,0.06495399930581726,0.0601932095814267,0.0004904363744329687,0.02262812280889584,-0.03873562361245894,0.011970215122625485,-0.0256725426496958,0.02425399256744703,0.004297788542191658,-0.08381729528344885,-0.06581090221891879,0.09187980378783496,-0.02230363698364148,-0.009520603979098503,-0.06680751915798244,-0.01425698632283424,0.027621968033551967,0.0889508517710273,-0.023373852582061656,-0.08351334672103694,-0.10032280559225802,0.010773841091676025,-0.03717906513405265,-0.0979171149211017,-0.021178128221974422,0.04959110174588975,-0.003125584594966766,0.0028605507591955705,0.06459827008999489,-0.10272027937107095,-0.04837290755668925,-0.06662702421143493,-0.06455474907551545
383,0.030123306320650682,0.05141437267607447,-0.06967340142704849,0.006961090364561045,-0.06014326803327019,-0.024836263784074285,-0.0045967160666518965,0.12765565128050974,-0.03992142264229074,0.008679070014597922,-0.002293121898721362,-0.012383477380472931,-0.03930515835696156,-0.02383495831053568,-0.016055569126362856,-0.043626601420268904,-0.009567206595664015,0.021644855305082443,0.08619194269744797,0.06391206380929709,-0.04117186186587943,0.007967908010580468,-0.04404720221150316,-0.03061179858947027,0.048583426435857065,0.031114893278827424,-0.0014899771807422094,0.0006990486407484164,0.04059861320157,-0.04891822217953059,0.07228473505604693,-0.024972298771942392,0.016503712787526024,-0.20922619988976543,-0.0012624091756328743,-0.06889424413456688,-0.06392965401082278,0.09231594546083853,0.06872052125551431,-0.0701844645974464,0.021781582906259,0.044787233378818445,0.08254108160386553,-0.09846455964792379,0.10861051781662867,-0.058669307011718644,0.0032392882517023594,-0.029792294154517947,-0.005631047566308828,0.028852412025014457,-0.027207811930693833,-0.06731737295867941,-0.08450662821796415,-0.09504486912614397,0.029756581749790317,-0.025380260815834672,0.02662217572247469,0.004662652454586494,0.007719585338502678,-0.0446366750522925
384,-0.002313902976439297,-0.03762713133850088,-0.021493014356649368,-0.046056514960471875,-0.07825532015740702,0.022099980472672313,0.07649763588790412,0.0765271621070968,0.020873407132536523,-0.02696743532072508,0.028910793566820973,0.029001383742280035,0.13972025574707753,-0.02199982673161341,0.06451197474708457,-0.07055024342252261,-0.024692226228672676,0.07267712308158758,-0.01109000540440058,-0.026468417392373444,0.005212418332680702,-0.033400498813149174,-0.05028140074108419,0.03707407422456021,0.10429483232802973,0.06766083302211463,-0.11187539815844005,-0.0882988645830828,0.002060025779725789,-0.0421795018119435,-0.03170329766589503,-0.04714292216563526,-0.04643334405710856,0.041684926821674656,-0.0001177193545922578,0.0034207180231996346,-0.027057705431743954,0.005235172512115284,-0.023543437714251735,-0.10131624364537745,0.02311641320109376,0.04318878241449493,0.03623147347020587,0.023985640840128587,0.021303118538189576,0.05273242634308944,-0.07225691292206142,-0.059857750879040716,0.051989618181496375,-0.02594355109655068,0.10292701362798405,-0.028198076632444235,-0.04563275635680198,-0.03589811496012939,0.008694439074874749,0.08947269957423477,-0.0239495325956971,-0.019048485929913164,0.08075806470399288,-0.024989570027863603
